title,year,release_date,total_gross_domestic,max_theaters,genre,budget_chart,detail_url
Bad Boys for Life,2020,Jan 17,206305244.0,3775.0,-,,https://www.boxofficemojo.com/release/rl1182631425/?ref_=bo_yld_table_1
1917,2020,Dec 25,159227644.0,3987.0,-,,https://www.boxofficemojo.com/release/rl2969994753/?ref_=bo_yld_table_2
Sonic the Hedgehog,2020,Feb 14,148974665.0,4198.0,-,,https://www.boxofficemojo.com/release/rl4244997633/?ref_=bo_yld_table_3
Jumanji: The Next Level,2020,Dec 13,320314960.0,4227.0,-,,https://www.boxofficemojo.com/release/rl755467777/?ref_=bo_yld_table_4
Star Wars: Episode IX - The Rise of Skywalker,2020,Dec 20,515202542.0,4406.0,-,,https://www.boxofficemojo.com/release/rl3305145857/?ref_=bo_yld_table_5
Birds of Prey and the Fantabulous Emancipation of One Harley Quinn,2020,Feb 7,84158461.0,4236.0,-,,https://www.boxofficemojo.com/release/rl3640886785/?ref_=bo_yld_table_6
Dolittle,2020,Jan 17,77047065.0,4155.0,-,,https://www.boxofficemojo.com/release/rl2164295169/?ref_=bo_yld_table_7
Little Women,2020,Dec 25,108101214.0,3308.0,-,,https://www.boxofficemojo.com/release/rl218596865/?ref_=bo_yld_table_8
The Invisible Man,2020,Feb 28,70410000.0,3636.0,-,,https://www.boxofficemojo.com/release/rl50628097/?ref_=bo_yld_table_9
The Call of the Wild,2020,Feb 21,62342368.0,3914.0,-,,https://www.boxofficemojo.com/release/rl2533524993/?ref_=bo_yld_table_10
Onward,2020,Mar 6,61555145.0,4310.0,-,,https://www.boxofficemojo.com/release/rl3433267713/?ref_=bo_yld_table_11
Tenet,2020,Sep 3,58504105.0,2930.0,-,,https://www.boxofficemojo.com/release/rl1442940417/?ref_=bo_yld_table_12
Knives Out,2020,Nov 27,165363234.0,3461.0,-,,https://www.boxofficemojo.com/release/rl3204875777/?ref_=bo_yld_table_13
Frozen II,2020,Nov 22,477373578.0,4440.0,-,,https://www.boxofficemojo.com/release/rl2424210945/?ref_=bo_yld_table_14
Spies in Disguise,2020,Dec 25,66757013.0,3502.0,-,,https://www.boxofficemojo.com/release/rl1333691905/?ref_=bo_yld_table_15
The Gentlemen,2020,Jan 24,36471795.0,2675.0,-,,https://www.boxofficemojo.com/release/rl3473442305/?ref_=bo_yld_table_16
Just Mercy,2020,Dec 25,36001502.0,2457.0,-,,https://www.boxofficemojo.com/release/rl419792385/?ref_=bo_yld_table_17
The Croods: A New Age,2020,Nov 25,58568815.0,2211.0,-,,https://www.boxofficemojo.com/release/rl3209528833/?ref_=bo_yld_table_18
Parasite,2020,Oct 11,53369749.0,2001.0,-,,https://www.boxofficemojo.com/release/rl1258849793/?ref_=bo_yld_table_19
Fantasy Island,2020,Feb 14,27309289.0,2784.0,-,,https://www.boxofficemojo.com/release/rl1611040257/?ref_=bo_yld_table_20
Uncut Gems,2020,Dec 13,50023780.0,2686.0,-,,https://www.boxofficemojo.com/release/rl3825763841/?ref_=bo_yld_table_21
The New Mutants,2020,Aug 28,23852659.0,2754.0,-,,https://www.boxofficemojo.com/release/rl1098876417/?ref_=bo_yld_table_22
Wonder Woman 1984,2020,Dec 25,46801036.0,2218.0,-,,https://www.boxofficemojo.com/release/rl3624109569/?ref_=bo_yld_table_23
Like a Boss,2020,Jan 10,22169514.0,3081.0,-,,https://www.boxofficemojo.com/release/rl4278486529/?ref_=bo_yld_table_24
The Grudge,2020,Jan 3,21221803.0,2642.0,-,,https://www.boxofficemojo.com/release/rl1745126913/?ref_=bo_yld_table_25
Unhinged,2020,Aug 14,20831465.0,2402.0,-,,https://www.boxofficemojo.com/release/rl2141815297/?ref_=bo_yld_table_26
The Photograph,2020,Feb 14,20578185.0,2516.0,-,,https://www.boxofficemojo.com/release/rl1655931393/?ref_=bo_yld_table_27
The War with Grandpa,2020,Oct 9,21277892.0,2365.0,-,,https://www.boxofficemojo.com/release/rl1078166273/?ref_=bo_yld_table_28
Underwater,2020,Jan 10,17291078.0,2791.0,-,,https://www.boxofficemojo.com/release/rl302548481/?ref_=bo_yld_table_29
The Turning,2020,Jan 24,15472775.0,2571.0,-,,https://www.boxofficemojo.com/release/rl3020195329/?ref_=bo_yld_table_30
Gretel & Hansel,2020,Jan 31,15347654.0,3007.0,-,,https://www.boxofficemojo.com/release/rl3842541057/?ref_=bo_yld_table_31
Honest Thief,2020,Oct 9,14163574.0,2502.0,-,,https://www.boxofficemojo.com/release/rl565543425/?ref_=bo_yld_table_32
My Hero Academia: Heroes Rising,2020,Feb 26,13304000.0,1231.0,-,,https://www.boxofficemojo.com/release/rl867926529/?ref_=bo_yld_table_33
Bombshell,2020,Dec 13,31762808.0,1721.0,-,,https://www.boxofficemojo.com/release/rl2550760961/?ref_=bo_yld_table_34
The Way Back,2020,-,13590514.0,2718.0,-,,https://www.boxofficemojo.com/release/rl4127819265/?ref_=bo_yld_table_35
Brahms: The Boy II,2020,Feb 21,12611536.0,2151.0,-,,https://www.boxofficemojo.com/release/rl2567538177/?ref_=bo_yld_table_36
Jojo Rabbit,2020,Oct 18,33370906.0,1173.0,-,,https://www.boxofficemojo.com/release/rl2030601729/?ref_=bo_yld_table_37
Impractical Jokers: The Movie,2020,Feb 21,10691091.0,1900.0,-,,https://www.boxofficemojo.com/release/rl2998501889/?ref_=bo_yld_table_38
Ford v Ferrari,2020,Nov 15,117624357.0,3746.0,-,,https://www.boxofficemojo.com/release/rl990348801/?ref_=bo_yld_table_39
Emma.,2020,Feb 21,10055355.0,1732.0,-,,https://www.boxofficemojo.com/release/rl3221784065/?ref_=bo_yld_table_40
Bloodshot,2020,Mar 13,12561824.0,2861.0,-,,https://www.boxofficemojo.com/release/rl235374081/?ref_=bo_yld_table_41
I Still Believe,2020,Mar 13,9868521.0,3250.0,-,,https://www.boxofficemojo.com/release/rl1628014081/?ref_=bo_yld_table_42
Come Play,2020,Oct 30,10475990.0,2183.0,-,,https://www.boxofficemojo.com/release/rl2773844737/?ref_=bo_yld_table_43
Let Him Go,2020,Nov 6,9358025.0,2458.0,-,,https://www.boxofficemojo.com/release/rl2393408001/?ref_=bo_yld_table_44
Freaky,2020,Nov 13,9030855.0,2472.0,-,,https://www.boxofficemojo.com/release/rl1699840769/?ref_=bo_yld_table_45
Downhill,2020,Feb 14,8287061.0,2311.0,-,,https://www.boxofficemojo.com/release/rl2611249665/?ref_=bo_yld_table_46
Weathering with You,2020,Jan 15,8056636.0,1020.0,-,,https://www.boxofficemojo.com/release/rl3669066241/?ref_=bo_yld_table_47
Cats,2020,Dec 20,27166770.0,3380.0,-,,https://www.boxofficemojo.com/release/rl2684847617/?ref_=bo_yld_table_48
The Hunt,2020,Mar 13,5812500.0,3028.0,-,,https://www.boxofficemojo.com/release/rl1459979777/?ref_=bo_yld_table_49
The Rhythm Section,2020,Jan 31,5437971.0,3049.0,-,,https://www.boxofficemojo.com/release/rl3775038977/?ref_=bo_yld_table_50
Monster Hunter,2020,Dec 18,15162470.0,1817.0,-,,https://www.boxofficemojo.com/release/rl1862895105/?ref_=bo_yld_table_51
A Beautiful Day in the Neighborhood,2020,Nov 22,61704055.0,3491.0,-,,https://www.boxofficemojo.com/release/rl2651096577/?ref_=bo_yld_table_52
Hocus Pocus,2020,Oct 2,43846.0,2570.0,-,,https://www.boxofficemojo.com/release/rl1331004161/?ref_=bo_yld_table_53
Richard Jewell,2020,Dec 13,22345542.0,2502.0,-,,https://www.boxofficemojo.com/release/rl2903213569/?ref_=bo_yld_table_54
The SpongeBob Movie: Sponge on the Run,2020,Aug 14,4810790.0,326.0,-,,https://www.boxofficemojo.com/release/rl2558297601/?ref_=bo_yld_table_55
The Broken Hearts Gallery,2020,Sep 11,4067442.0,2221.0,-,,https://www.boxofficemojo.com/release/rl742425345/?ref_=bo_yld_table_56
Infidel,2020,Sep 18,4051990.0,1885.0,-,,https://www.boxofficemojo.com/release/rl314475009/?ref_=bo_yld_table_57
News of the World,2020,Dec 25,12668325.0,1986.0,-,,https://www.boxofficemojo.com/release/rl3054208513/?ref_=bo_yld_table_58
Portrait of a Lady on Fire,2020,Dec 6,3759854.0,334.0,-,,https://www.boxofficemojo.com/release/rl1325958657/?ref_=bo_yld_table_59
Bill & Ted Face the Music,2020,Aug 28,3439660.0,1007.0,-,,https://www.boxofficemojo.com/release/rl3926492673/?ref_=bo_yld_table_60
2020 Oscar Nominated Short Films,2020,Jan 31,3306611.0,536.0,-,,https://www.boxofficemojo.com/release/rl615875073/?ref_=bo_yld_table_61
Queen & Slim,2020,Nov 27,43808310.0,1715.0,-,,https://www.boxofficemojo.com/release/rl50824705/?ref_=bo_yld_table_62
The Empty Man,2020,Oct 23,2992948.0,2051.0,-,,https://www.boxofficemojo.com/release/rl168527361/?ref_=bo_yld_table_63
My Boyfriend's Meds,2020,Feb 21,2971116.0,350.0,-,,https://www.boxofficemojo.com/release/rl537298433/?ref_=bo_yld_table_64
The Last Full Measure,2020,Jan 24,2949212.0,617.0,-,,https://www.boxofficemojo.com/release/rl1617987073/?ref_=bo_yld_table_65
Words on Bathroom Walls,2020,Aug 21,2542518.0,1395.0,-,,https://www.boxofficemojo.com/release/rl2437120769/?ref_=bo_yld_table_66
Star Wars: Episode V - The Empire Strikes Back,2020,Jul 10,2482000.0,2097.0,-,,https://www.boxofficemojo.com/release/rl172327681/?ref_=bo_yld_table_67
Fatale,2020,Dec 18,6306897.0,1222.0,-,,https://www.boxofficemojo.com/release/rl1846248961/?ref_=bo_yld_table_68
The Nightmare Before Christmas,2020,Oct 16,2286000.0,2194.0,-,,https://www.boxofficemojo.com/release/rl3260515073/?ref_=bo_yld_table_69
Ip Man 4: The Finale,2020,Dec 25,3956031.0,125.0,-,,https://www.boxofficemojo.com/release/rl1386316289/?ref_=bo_yld_table_70
Half Brothers,2020,Dec 4,2241980.0,1386.0,-,,https://www.boxofficemojo.com/release/rl760382209/?ref_=bo_yld_table_71
Elf,2020,Nov 13,2182679.0,850.0,-,,https://www.boxofficemojo.com/release/rl3042738945/?ref_=bo_yld_table_72
The Personal History of David Copperfield,2020,Aug 28,1876298.0,1550.0,-,,https://www.boxofficemojo.com/release/rl413237761/?ref_=bo_yld_table_73
The Wretched,2020,May 1,1814193.0,101.0,-,,https://www.boxofficemojo.com/release/rl716997121/?ref_=bo_yld_table_74
The Lodge,2020,Feb 7,2138907.0,395.0,-,,https://www.boxofficemojo.com/release/rl2517140993/?ref_=bo_yld_table_75
Joker,2020,Oct 4,335451311.0,4374.0,-,,https://www.boxofficemojo.com/release/rl252151297/?ref_=bo_yld_table_76
The Rental,2020,Jul 24,1637548.0,250.0,-,,https://www.boxofficemojo.com/release/rl1857978881/?ref_=bo_yld_table_77
Once Upon a Time... in Hollywood,2020,Jul 26,142502728.0,3659.0,-,,https://www.boxofficemojo.com/release/rl520455681/?ref_=bo_yld_table_78
Jurassic Park,2020,Jun 19,1386600.0,316.0,-,,https://www.boxofficemojo.com/release/rl54887169/?ref_=bo_yld_table_79
2 Hearts,2020,Oct 16,1349286.0,1683.0,-,,https://www.boxofficemojo.com/release/rl4282483457/?ref_=bo_yld_table_80
Promising Young Woman,2020,Dec 25,6460965.0,1448.0,-,,https://www.boxofficemojo.com/release/rl3852829185/?ref_=bo_yld_table_81
True to the Game 2,2020,Nov 6,1200871.0,281.0,-,,https://www.boxofficemojo.com/release/rl4267213569/?ref_=bo_yld_table_82
Peninsula,2020,Aug 7,1231407.0,151.0,-,,https://www.boxofficemojo.com/release/rl2722267905/?ref_=bo_yld_table_83
The Assistant,2020,Jan 31,1100313.0,25.0,-,,https://www.boxofficemojo.com/release/rl1554088449/?ref_=bo_yld_table_84
Love and Monsters,2020,Oct 16,1070714.0,387.0,-,,https://www.boxofficemojo.com/release/rl4043867649/?ref_=bo_yld_table_85
Relic,2020,Jul 3,1047083.0,133.0,-,,https://www.boxofficemojo.com/release/rl1807647233/?ref_=bo_yld_table_86
The Tax Collector,2020,Aug 7,1044212.0,138.0,-,,https://www.boxofficemojo.com/release/rl390497025/?ref_=bo_yld_table_87
The Last Shift,2020,Sep 25,1034467.0,886.0,-,,https://www.boxofficemojo.com/release/rl106070785/?ref_=bo_yld_table_88
Becky,2020,Jun 5,1004574.0,54.0,-,,https://www.boxofficemojo.com/release/rl826311425/?ref_=bo_yld_table_89
The Song of Names,2020,Dec 25,1077584.0,182.0,-,,https://www.boxofficemojo.com/release/rl2953545217/?ref_=bo_yld_table_90
All My Life,2020,Dec 4,913935.0,970.0,-,,https://www.boxofficemojo.com/release/rl3495330561/?ref_=bo_yld_table_91
Mafia Inc,2020,Feb 14,889863.0,85.0,-,,https://www.boxofficemojo.com/release/rl3702948353/?ref_=bo_yld_table_92
National Lampoon's Christmas Vacation,2020,Nov 25,871000.0,620.0,-,,https://www.boxofficemojo.com/release/rl3864953601/?ref_=bo_yld_table_93
Jay and Silent Bob Reboot,2020,Oct 15,4589490.0,788.0,-,,https://www.boxofficemojo.com/release/rl3406333441/?ref_=bo_yld_table_94
A Hidden Life,2020,Dec 13,1730597.0,151.0,-,,https://www.boxofficemojo.com/release/rl2500363777/?ref_=bo_yld_table_95
Cut Throat City,2020,Aug 21,855894.0,389.0,-,,https://www.boxofficemojo.com/release/rl2243396097/?ref_=bo_yld_table_96
The Goonies,2020,Jul 10,825000.0,457.0,-,,https://www.boxofficemojo.com/release/rl2051375873/?ref_=bo_yld_table_97
Sarileru Neekevvaru,2020,Jan 10,821000.0,300.0,-,,https://www.boxofficemojo.com/release/rl565084673/?ref_=bo_yld_table_98
Vanguard,2020,Nov 20,793525.0,1375.0,-,,https://www.boxofficemojo.com/release/rl1465352961/?ref_=bo_yld_table_99
21 Bridges,2020,Nov 22,28539757.0,2665.0,-,,https://www.boxofficemojo.com/release/rl2886174209/?ref_=bo_yld_table_100
Jaws,2020,Jun 19,758300.0,187.0,-,,https://www.boxofficemojo.com/release/rl2084930305/?ref_=bo_yld_table_101
Possessor,2020,Oct 2,752885.0,320.0,-,,https://www.boxofficemojo.com/release/rl3192554241/?ref_=bo_yld_table_102
After We Collided,2020,Oct 23,2386483.0,546.0,-,,https://www.boxofficemojo.com/release/rl726762241/?ref_=bo_yld_table_103
Coco,2020,Nov 22,210460015.0,3987.0,-,,https://www.boxofficemojo.com/release/rl3983050241/?ref_=bo_yld_table_104
Toy Story,2020,Nov 6,727000.0,2102.0,-,,https://www.boxofficemojo.com/release/rl1700430593/?ref_=bo_yld_table_105
"Monsters, Inc.",2020,Oct 23,726000.0,1875.0,-,,https://www.boxofficemojo.com/release/rl2270790401/?ref_=bo_yld_table_106
Baaghi 3,2020,Mar 6,721439.0,265.0,-,,https://www.boxofficemojo.com/release/rl397902337/?ref_=bo_yld_table_107
The Santa Clause,2020,Nov 20,706000.0,1581.0,-,,https://www.boxofficemojo.com/release/rl1482654465/?ref_=bo_yld_table_108
Patterns of Evidence: The Red Sea Miracle,2020,Feb 18,696191.0,807.0,-,,https://www.boxofficemojo.com/release/rl1874035201/?ref_=bo_yld_table_109
Pain and Glory,2020,Oct 4,4567338.0,266.0,-,,https://www.boxofficemojo.com/release/rl1980270081/?ref_=bo_yld_table_110
The Polar Express,2020,Dec 4,711000.0,450.0,-,,https://www.boxofficemojo.com/release/rl3210904321/?ref_=bo_yld_table_111
The Last Vermeer,2020,Nov 20,685380.0,912.0,-,,https://www.boxofficemojo.com/release/rl3048374785/?ref_=bo_yld_table_112
The Addams Family,2020,Oct 23,678926.0,1307.0,-,,https://www.boxofficemojo.com/release/rl190350081/?ref_=bo_yld_table_113
Merci pour tout,2020,Dec 25,1073969.0,76.0,-,,https://www.boxofficemojo.com/release/rl3232530945/?ref_=bo_yld_table_114
Maleficent: Mistress of Evil,2020,Oct 18,113929605.0,3820.0,-,,https://www.boxofficemojo.com/release/rl939755009/?ref_=bo_yld_table_115
Ghostbusters,2020,Jul 3,605000.0,622.0,-,,https://www.boxofficemojo.com/release/rl423985921/?ref_=bo_yld_table_116
Chhapaak,2020,Jan 10,604334.0,100.0,-,,https://www.boxofficemojo.com/release/rl3316417025/?ref_=bo_yld_table_117
Shortcut,2020,Sep 25,588869.0,704.0,-,,https://www.boxofficemojo.com/release/rl1833927425/?ref_=bo_yld_table_118
Panga,2020,Jan 24,582720.0,102.0,-,,https://www.boxofficemojo.com/release/rl951026177/?ref_=bo_yld_table_119
Midway,2020,Nov 8,56846802.0,3242.0,-,,https://www.boxofficemojo.com/release/rl2634515969/?ref_=bo_yld_table_120
Black Christmas,2020,Dec 13,10429730.0,2625.0,-,,https://www.boxofficemojo.com/release/rl1308788225/?ref_=bo_yld_table_121
Synchronic,2020,Oct 23,636673.0,327.0,-,,https://www.boxofficemojo.com/release/rl3075572481/?ref_=bo_yld_table_122
Guardians of the Galaxy,2020,Nov 13,542000.0,1560.0,-,,https://www.boxofficemojo.com/release/rl526156545/?ref_=bo_yld_table_123
Color Out of Space,2020,Jan 24,765561.0,81.0,-,,https://www.boxofficemojo.com/release/rl3182658049/?ref_=bo_yld_table_124
Followed,2020,Jun 19,538179.0,100.0,-,,https://www.boxofficemojo.com/release/rl792756993/?ref_=bo_yld_table_125
Alone,2020,Sep 18,537589.0,173.0,-,,https://www.boxofficemojo.com/release/rl1565754113/?ref_=bo_yld_table_126
Harriet,2020,Nov 1,43082155.0,2186.0,-,,https://www.boxofficemojo.com/release/rl369657345/?ref_=bo_yld_table_127
Kajillionaire,2020,Sep 25,531430.0,547.0,-,,https://www.boxofficemojo.com/release/rl1639809537/?ref_=bo_yld_table_128
The Addams Family,2020,Oct 11,100044905.0,4107.0,-,,https://www.boxofficemojo.com/release/rl101025281/?ref_=bo_yld_table_129
Madagascar,2020,Dec 25,516210.0,,-,,https://www.boxofficemojo.com/release/rl1938456577/?ref_=bo_yld_table_130
100% Wolf,2020,Oct 9,658764.0,124.0,-,,https://www.boxofficemojo.com/release/rl1700365057/?ref_=bo_yld_table_131
The Big Ugly,2020,Jul 24,514107.0,68.0,-,,https://www.boxofficemojo.com/release/rl843416321/?ref_=bo_yld_table_132
The Call,2020,Oct 2,516521.0,195.0,-,,https://www.boxofficemojo.com/release/rl2874508033/?ref_=bo_yld_table_133
The Grinch,2020,Nov 27,473781.0,450.0,-,,https://www.boxofficemojo.com/release/rl3177349889/?ref_=bo_yld_table_134
Dark Waters,2020,Nov 22,11136084.0,2112.0,-,,https://www.boxofficemojo.com/release/rl2047575553/?ref_=bo_yld_table_135
The Forgotten Carols,2020,Nov 20,502252.0,70.0,-,,https://www.boxofficemojo.com/release/rl1700299521/?ref_=bo_yld_table_136
Spell,2020,Oct 30,500104.0,369.0,-,,https://www.boxofficemojo.com/release/rl3255338497/?ref_=bo_yld_table_137
Ava,2020,Sep 25,497747.0,252.0,-,,https://www.boxofficemojo.com/release/rl1649509121/?ref_=bo_yld_table_138
Pinocchio,2020,Dec 25,1831718.0,824.0,-,,https://www.boxofficemojo.com/release/rl3428745985/?ref_=bo_yld_table_139
Beauty and the Beast,2020,Jul 17,467000.0,527.0,-,,https://www.boxofficemojo.com/release/rl21660417/?ref_=bo_yld_table_140
Once Were Brothers,2020,Feb 21,449561.0,152.0,-,,https://www.boxofficemojo.com/release/rl2662957569/?ref_=bo_yld_table_141
Seberg,2020,Feb 21,434702.0,373.0,-,,https://www.boxofficemojo.com/release/rl2584446465/?ref_=bo_yld_table_142
Iron Man,2020,Jul 17,430000.0,462.0,-,,https://www.boxofficemojo.com/release/rl71992065/?ref_=bo_yld_table_143
Fantastic Fungi,2020,Sep 20,1788322.0,37.0,-,,https://www.boxofficemojo.com/release/rl2886436353/?ref_=bo_yld_table_144
Infamous,2020,Jun 12,429148.0,58.0,-,,https://www.boxofficemojo.com/release/rl3124855553/?ref_=bo_yld_table_145
Tulsa,2020,Aug 21,413378.0,192.0,-,,https://www.boxofficemojo.com/release/rl4216161025/?ref_=bo_yld_table_146
Stevie Nicks 24 Karat Gold the Concert,2020,Oct 21,410265.0,413.0,-,,https://www.boxofficemojo.com/release/rl2102952705/?ref_=bo_yld_table_147
Buddy Games,2020,Nov 20,405904.0,401.0,-,,https://www.boxofficemojo.com/release/rl1180664577/?ref_=bo_yld_table_148
Black Panther,2020,Jul 10,367000.0,421.0,-,,https://www.boxofficemojo.com/release/rl222659329/?ref_=bo_yld_table_149
The Kid Detective,2020,Oct 16,364138.0,865.0,-,,https://www.boxofficemojo.com/release/rl4099244801/?ref_=bo_yld_table_150
She Dies Tomorrow,2020,Jul 31,398663.0,24.0,-,,https://www.boxofficemojo.com/release/rl2470609665/?ref_=bo_yld_table_151
Greed,2020,Feb 28,355308.0,596.0,-,,https://www.boxofficemojo.com/release/rl3785392641/?ref_=bo_yld_table_152
Yellow Rose,2020,Oct 9,367849.0,900.0,-,,https://www.boxofficemojo.com/release/rl5735169/?ref_=bo_yld_table_153
Ride Your Wave,2020,Feb 19,332432.0,605.0,-,,https://www.boxofficemojo.com/release/rl1168998913/?ref_=bo_yld_table_154
The Eight Hundred,2020,Aug 28,372755.0,142.0,-,,https://www.boxofficemojo.com/release/rl1464500993/?ref_=bo_yld_table_155
Les Misérables,2020,Jan 10,330181.0,69.0,-,,https://www.boxofficemojo.com/release/rl615416321/?ref_=bo_yld_table_156
Die Hard,2020,Dec 4,325000.0,1172.0,-,,https://www.boxofficemojo.com/release/rl3412165377/?ref_=bo_yld_table_157
Clemency,2020,Dec 27,364716.0,127.0,-,,https://www.boxofficemojo.com/release/rl721978881/?ref_=bo_yld_table_158
Ordinary Love,2020,Feb 14,323688.0,22.0,-,,https://www.boxofficemojo.com/release/rl1604420097/?ref_=bo_yld_table_159
Casper,2020,May 26,100836847.0,2757.0,-,,https://www.boxofficemojo.com/release/rl2923988481/?ref_=bo_yld_table_160
The Informer,2020,Nov 6,300460.0,283.0,-,,https://www.boxofficemojo.com/release/rl2483193345/?ref_=bo_yld_table_161
Playing with Fire,2020,Nov 8,44451847.0,3185.0,-,,https://www.boxofficemojo.com/release/rl604603905/?ref_=bo_yld_table_162
Save Yourselves!,2020,Oct 2,301162.0,388.0,-,,https://www.boxofficemojo.com/release/rl1195475713/?ref_=bo_yld_table_163
Judy,2020,Sep 27,24313888.0,1627.0,-,,https://www.boxofficemojo.com/release/rl470189569/?ref_=bo_yld_table_164
The Traitor,2020,Jan 31,296027.0,45.0,-,,https://www.boxofficemojo.com/release/rl2970322433/?ref_=bo_yld_table_165
Gremlins,2020,Jul 10,295000.0,64.0,-,,https://www.boxofficemojo.com/release/rl2068153089/?ref_=bo_yld_table_166
How the Grinch Stole Christmas,2020,Dec 4,420180.0,300.0,-,,https://www.boxofficemojo.com/release/rl3127018241/?ref_=bo_yld_table_167
Mystify: Michael Hutchence,2020,Jan 7,289573.0,597.0,-,,https://www.boxofficemojo.com/release/rl4262168065/?ref_=bo_yld_table_168
Created Equal: Clarence Thomas in His Own Words,2020,Jan 31,282149.0,53.0,-,,https://www.boxofficemojo.com/release/rl1538490881/?ref_=bo_yld_table_169
Fatman,2020,Nov 13,278378.0,259.0,-,,https://www.boxofficemojo.com/release/rl1532789505/?ref_=bo_yld_table_170
An American in Paris,2020,Jan 19,267824.0,651.0,-,,https://www.boxofficemojo.com/release/rl1102283265/?ref_=bo_yld_table_171
Wonder Woman,2020,Dec 11,252000.0,560.0,-,,https://www.boxofficemojo.com/release/rl2959246081/?ref_=bo_yld_table_172
Back to the Future,2020,Jul 31,247000.0,258.0,-,,https://www.boxofficemojo.com/release/rl340361985/?ref_=bo_yld_table_173
Bohemian Rhapsody,2020,Jul 17,240000.0,,-,,https://www.boxofficemojo.com/release/rl88769281/?ref_=bo_yld_table_174
63 Up,2020,Nov 27,483684.0,28.0,-,,https://www.boxofficemojo.com/release/rl1386709505/?ref_=bo_yld_table_175
Tokyo Godfathers,2020,Mar 9,237571.0,519.0,-,,https://www.boxofficemojo.com/release/rl682525185/?ref_=bo_yld_table_176
Blind Eyes Opened,2020,Jan 23,234505.0,534.0,-,,https://www.boxofficemojo.com/release/rl2735441409/?ref_=bo_yld_table_177
The Climb,2020,Nov 13,234429.0,408.0,-,,https://www.boxofficemojo.com/release/rl2987099649/?ref_=bo_yld_table_178
Doctor Who Live Q&A And Screening,2020,Jan 5,228615.0,692.0,-,,https://www.boxofficemojo.com/release/rl2511241729/?ref_=bo_yld_table_179
CatVideoFest 2020,2020,Feb 21,437625.0,84.0,-,,https://www.boxofficemojo.com/release/rl3954082305/?ref_=bo_yld_table_180
Wild Mountain Thyme,2020,Dec 11,213440.0,450.0,-,,https://www.boxofficemojo.com/release/rl3680338689/?ref_=bo_yld_table_181
The Secrets We Keep,2020,Sep 16,207928.0,471.0,-,,https://www.boxofficemojo.com/release/rl289571585/?ref_=bo_yld_table_182
Jiang Ziya,2020,Oct 1,214670.0,55.0,-,,https://www.boxofficemojo.com/release/rl783188481/?ref_=bo_yld_table_183
Fate/stay night [Heaven's Feel] III. spring song,2020,Nov 18,200000.0,304.0,-,,https://www.boxofficemojo.com/release/rl1690141185/?ref_=bo_yld_table_184
Ashfall,2020,Dec 19,372562.0,18.0,-,,https://www.boxofficemojo.com/release/rl3031073281/?ref_=bo_yld_table_185
National Theater Live: Cyrano de Bergerac,2020,Feb 20,198352.0,472.0,-,,https://www.boxofficemojo.com/release/rl2091483649/?ref_=bo_yld_table_186
Zombieland: Double Tap,2020,Oct 18,73123082.0,3468.0,-,,https://www.boxofficemojo.com/release/rl201819649/?ref_=bo_yld_table_187
Cunningham,2020,Dec 13,265102.0,23.0,-,,https://www.boxofficemojo.com/release/rl369853953/?ref_=bo_yld_table_188
The Doors: Break On Thru - A Celebration Of Ray Manzarek,2020,Feb 12,190160.0,330.0,-,,https://www.boxofficemojo.com/release/rl4238639617/?ref_=bo_yld_table_189
The Outpost,2020,Jul 3,186635.0,81.0,-,,https://www.boxofficemojo.com/release/rl1145144065/?ref_=bo_yld_table_190
The Wolf of Snow Hollow,2020,Oct 9,185026.0,112.0,-,,https://www.boxofficemojo.com/release/rl1247052545/?ref_=bo_yld_table_191
Come Away,2020,Nov 13,184477.0,475.0,-,,https://www.boxofficemojo.com/release/rl509379329/?ref_=bo_yld_table_192
The Good Liar,2020,Nov 15,17156058.0,2454.0,-,,https://www.boxofficemojo.com/release/rl201754113/?ref_=bo_yld_table_193
And Then We Danced,2020,Feb 7,177262.0,23.0,-,,https://www.boxofficemojo.com/release/rl632128001/?ref_=bo_yld_table_194
Beanpole,2020,Jan 29,196258.0,35.0,-,,https://www.boxofficemojo.com/release/rl632652289/?ref_=bo_yld_table_195
Follow Me,2020,Sep 18,167962.0,50.0,-,,https://www.boxofficemojo.com/release/rl1632731905/?ref_=bo_yld_table_196
Extra Ordinary,2020,Mar 6,164346.0,80.0,-,,https://www.boxofficemojo.com/release/rl2562359809/?ref_=bo_yld_table_197
Palm Springs,2020,Jul 10,164000.0,66.0,-,,https://www.boxofficemojo.com/release/rl3175187201/?ref_=bo_yld_table_198
A Call to Spy,2020,Oct 2,159014.0,79.0,-,,https://www.boxofficemojo.com/release/rl3796140801/?ref_=bo_yld_table_199
Love Story,2020,Feb 9,153504.0,650.0,-,,https://www.boxofficemojo.com/release/rl934707713/?ref_=bo_yld_table_200
Spider-Man: No Way Home,2021,Dec 17,804793477.0,4336.0,-,,https://www.boxofficemojo.com/release/rl2869659137/?ref_=bo_yld_table_1
Shang-Chi and the Legend of the Ten Rings,2021,Sep 3,224543292.0,4300.0,-,,https://www.boxofficemojo.com/release/rl3490022913/?ref_=bo_yld_table_2
Venom: Let There Be Carnage,2021,Oct 1,213550366.0,4225.0,-,,https://www.boxofficemojo.com/release/rl1908310529/?ref_=bo_yld_table_3
Black Widow,2021,Jul 9,183651655.0,4275.0,-,,https://www.boxofficemojo.com/release/rl2122089985/?ref_=bo_yld_table_4
F9: The Fast Saga,2021,Jun 25,173005945.0,4203.0,-,,https://www.boxofficemojo.com/release/rl192906753/?ref_=bo_yld_table_5
Eternals,2021,Nov 5,164870234.0,4090.0,-,,https://www.boxofficemojo.com/release/rl2138867201/?ref_=bo_yld_table_6
No Time to Die,2021,Oct 8,160891007.0,4407.0,-,,https://www.boxofficemojo.com/release/rl4077159937/?ref_=bo_yld_table_7
A Quiet Place Part II,2021,May 28,160072261.0,3744.0,-,,https://www.boxofficemojo.com/release/rl2819065345/?ref_=bo_yld_table_8
Ghostbusters: Afterlife,2021,Nov 19,129360575.0,4315.0,-,,https://www.boxofficemojo.com/release/rl319391233/?ref_=bo_yld_table_9
Free Guy,2021,Aug 13,121626598.0,4165.0,-,,https://www.boxofficemojo.com/release/rl1158252033/?ref_=bo_yld_table_10
Jungle Cruise,2021,Jul 30,116987516.0,4310.0,-,,https://www.boxofficemojo.com/release/rl3657795073/?ref_=bo_yld_table_11
Godzilla vs. Kong,2021,Mar 31,100916094.0,3084.0,-,,https://www.boxofficemojo.com/release/rl1383892481/?ref_=bo_yld_table_12
Dune: Part One,2021,Oct 22,108327830.0,4125.0,-,,https://www.boxofficemojo.com/release/rl3162015233/?ref_=bo_yld_table_13
Halloween Kills,2021,Oct 15,92002155.0,3727.0,-,,https://www.boxofficemojo.com/release/rl319063553/?ref_=bo_yld_table_14
Encanto,2021,Nov 24,96093622.0,3980.0,-,,https://www.boxofficemojo.com/release/rl1887208961/?ref_=bo_yld_table_15
Cruella,2021,May 28,86103234.0,3922.0,-,,https://www.boxofficemojo.com/release/rl3708126721/?ref_=bo_yld_table_16
Sing 2,2021,Dec 22,162790990.0,3892.0,-,,https://www.boxofficemojo.com/release/rl302024193/?ref_=bo_yld_table_17
Space Jam: A New Legacy,2021,Jul 16,70592228.0,4002.0,-,,https://www.boxofficemojo.com/release/rl973374977/?ref_=bo_yld_table_18
The Conjuring: The Devil Made Me Do It,2021,Jun 4,65631050.0,3280.0,-,,https://www.boxofficemojo.com/release/rl3842475521/?ref_=bo_yld_table_19
Candyman,2021,Aug 27,61186570.0,3569.0,-,,https://www.boxofficemojo.com/release/rl1913030145/?ref_=bo_yld_table_20
The Boss Baby 2: Family Business,2021,Jul 2,57300280.0,3688.0,-,,https://www.boxofficemojo.com/release/rl1594066433/?ref_=bo_yld_table_21
The Addams Family 2,2021,Oct 1,56489153.0,4207.0,-,,https://www.boxofficemojo.com/release/rl1465156353/?ref_=bo_yld_table_22
The Suicide Squad,2021,Aug 6,55817425.0,4019.0,-,,https://www.boxofficemojo.com/release/rl84510209/?ref_=bo_yld_table_23
Raya and the Last Dragon,2021,Mar 5,54723032.0,2375.0,-,,https://www.boxofficemojo.com/release/rl3781723649/?ref_=bo_yld_table_24
Demon Slayer: Kimetsu no Yaiba - The Movie: Mugen Train,2021,Apr 23,49505008.0,2087.0,-,,https://www.boxofficemojo.com/release/rl3648226049/?ref_=bo_yld_table_25
Clifford the Big Red Dog,2021,Nov 10,48947356.0,3700.0,-,,https://www.boxofficemojo.com/release/rl642418177/?ref_=bo_yld_table_26
House of Gucci,2021,Nov 24,53809574.0,3477.0,-,,https://www.boxofficemojo.com/release/rl2182841089/?ref_=bo_yld_table_27
Old,2021,Jul 23,48276510.0,3379.0,-,,https://www.boxofficemojo.com/release/rl2097710593/?ref_=bo_yld_table_28
Tom & Jerry,2021,Feb 26,46536687.0,2563.0,-,,https://www.boxofficemojo.com/release/rl2399766017/?ref_=bo_yld_table_29
The Forever Purge,2021,Jul 2,44539245.0,3058.0,-,,https://www.boxofficemojo.com/release/rl84444673/?ref_=bo_yld_table_30
Peter Rabbit 2: The Runaway,2021,Jun 11,40501717.0,3346.0,-,,https://www.boxofficemojo.com/release/rl2869200385/?ref_=bo_yld_table_31
PAW Patrol: The Movie,2021,Aug 20,40127371.0,3189.0,-,,https://www.boxofficemojo.com/release/rl1757315585/?ref_=bo_yld_table_32
Hitman's Wife's Bodyguard,2021,Jun 16,38014727.0,3361.0,-,,https://www.boxofficemojo.com/release/rl2544534017/?ref_=bo_yld_table_33
Mortal Kombat,2021,Apr 23,42326031.0,3114.0,-,,https://www.boxofficemojo.com/release/rl1862829569/?ref_=bo_yld_table_34
Don't Breathe 2,2021,Aug 13,32712950.0,3005.0,-,,https://www.boxofficemojo.com/release/rl1180271361/?ref_=bo_yld_table_35
In the Heights,2021,Jun 11,29975167.0,3509.0,-,,https://www.boxofficemojo.com/release/rl3674506753/?ref_=bo_yld_table_36
Snake Eyes,2021,Jul 23,28264325.0,3540.0,-,,https://www.boxofficemojo.com/release/rl2114291201/?ref_=bo_yld_table_37
West Side Story,2021,Dec 10,38530322.0,2820.0,-,,https://www.boxofficemojo.com/release/rl319325697/?ref_=bo_yld_table_38
The Matrix Resurrections,2021,Dec 22,37686805.0,3552.0,-,,https://www.boxofficemojo.com/release/rl2175304193/?ref_=bo_yld_table_39
Wrath of Man,2021,May 7,27466489.0,3007.0,-,,https://www.boxofficemojo.com/release/rl2976809729/?ref_=bo_yld_table_40
Nobody,2021,Mar 26,27568035.0,2567.0,-,,https://www.boxofficemojo.com/release/rl604276225/?ref_=bo_yld_table_41
The Croods: A New Age,2021,Nov 25,58568815.0,2211.0,-,,https://www.boxofficemojo.com/release/rl3209528833/?ref_=bo_yld_table_42
Escape Room: Tournament of Champions,2021,Jul 16,25314753.0,2815.0,-,,https://www.boxofficemojo.com/release/rl3205072385/?ref_=bo_yld_table_43
Respect,2021,Aug 13,24278399.0,3207.0,-,,https://www.boxofficemojo.com/release/rl4039082497/?ref_=bo_yld_table_44
Wonder Woman 1984,2021,Dec 25,46801036.0,2218.0,-,,https://www.boxofficemojo.com/release/rl3624109569/?ref_=bo_yld_table_45
Spiral,2021,May 14,23216862.0,2991.0,-,,https://www.boxofficemojo.com/release/rl1745389057/?ref_=bo_yld_table_46
Ron's Gone Wrong,2021,Oct 22,23009270.0,3560.0,-,,https://www.boxofficemojo.com/release/rl2516747777/?ref_=bo_yld_table_47
Spirit Untamed,2021,Jun 4,17716215.0,3394.0,-,,https://www.boxofficemojo.com/release/rl2450228737/?ref_=bo_yld_table_48
The Green Knight,2021,Jul 30,17173321.0,2798.0,-,,https://www.boxofficemojo.com/release/rl4222779905/?ref_=bo_yld_table_49
Resident Evil: Welcome to Raccoon City,2021,Nov 24,17000612.0,2803.0,-,,https://www.boxofficemojo.com/release/rl829063937/?ref_=bo_yld_table_50
The King's Man,2021,Dec 22,37176373.0,3180.0,-,,https://www.boxofficemojo.com/release/rl2181531137/?ref_=bo_yld_table_51
The French Dispatch,2021,Oct 22,16124375.0,1225.0,-,,https://www.boxofficemojo.com/release/rl1085440513/?ref_=bo_yld_table_52
The Marksman,2021,Jan 15,15566093.0,2018.0,-,,https://www.boxofficemojo.com/release/rl3412361985/?ref_=bo_yld_table_53
The Unholy,2021,Apr 2,15532137.0,2057.0,-,,https://www.boxofficemojo.com/release/rl460292865/?ref_=bo_yld_table_54
The Little Things,2021,Jan 29,15342746.0,2206.0,-,,https://www.boxofficemojo.com/release/rl918258177/?ref_=bo_yld_table_55
Dear Evan Hansen,2021,Sep 24,15002646.0,3364.0,-,,https://www.boxofficemojo.com/release/rl3127608065/?ref_=bo_yld_table_56
King Richard,2021,Nov 19,15129285.0,3302.0,-,,https://www.boxofficemojo.com/release/rl1191740929/?ref_=bo_yld_table_57
Stillwater,2021,Jul 30,14465535.0,2611.0,-,,https://www.boxofficemojo.com/release/rl1863026177/?ref_=bo_yld_table_58
Christmas with the Chosen: The Messengers,2021,Dec 1,13728000.0,1700.0,-,,https://www.boxofficemojo.com/release/rl2048426753/?ref_=bo_yld_table_59
Malignant,2021,Sep 10,13391791.0,3501.0,-,,https://www.boxofficemojo.com/release/rl4288512513/?ref_=bo_yld_table_60
Chaos Walking,2021,Mar 5,13287908.0,2132.0,-,,https://www.boxofficemojo.com/release/rl157647617/?ref_=bo_yld_table_61
My Hero Academia: World Heroes' Mission,2021,Oct 29,12271658.0,1585.0,-,,https://www.boxofficemojo.com/release/rl1494057729/?ref_=bo_yld_table_62
American Underdog,2021,Dec 25,26514814.0,2813.0,-,,https://www.boxofficemojo.com/release/rl1035239937/?ref_=bo_yld_table_63
The Last Duel,2021,Oct 15,10853945.0,3065.0,-,,https://www.boxofficemojo.com/release/rl3819143681/?ref_=bo_yld_table_64
Antlers,2021,Oct 29,10619670.0,2800.0,-,,https://www.boxofficemojo.com/release/rl3483599361/?ref_=bo_yld_table_65
Cry Macho,2021,Sep 17,10310734.0,4022.0,-,,https://www.boxofficemojo.com/release/rl477004545/?ref_=bo_yld_table_66
Monster Hunter,2021,Dec 18,15162470.0,1817.0,-,,https://www.boxofficemojo.com/release/rl1862895105/?ref_=bo_yld_table_67
Last Night in Soho,2021,Oct 29,10127625.0,3016.0,-,,https://www.boxofficemojo.com/release/rl839616001/?ref_=bo_yld_table_68
News of the World,2021,Dec 25,12668325.0,1986.0,-,,https://www.boxofficemojo.com/release/rl3054208513/?ref_=bo_yld_table_69
The Many Saints of Newark,2021,Oct 1,8237403.0,3181.0,-,,https://www.boxofficemojo.com/release/rl2164884993/?ref_=bo_yld_table_70
The Protégé,2021,Aug 20,7446823.0,2577.0,-,,https://www.boxofficemojo.com/release/rl1555988993/?ref_=bo_yld_table_71
The Night House,2021,Aug 20,7100581.0,2240.0,-,,https://www.boxofficemojo.com/release/rl1550353153/?ref_=bo_yld_table_72
Spencer,2021,Nov 5,7086632.0,1265.0,-,,https://www.boxofficemojo.com/release/rl2065335041/?ref_=bo_yld_table_73
Belfast,2021,Nov 12,9250870.0,1255.0,-,,https://www.boxofficemojo.com/release/rl4000285441/?ref_=bo_yld_table_74
Nightmare Alley,2021,Dec 17,11338107.0,2145.0,-,,https://www.boxofficemojo.com/release/rl1382580993/?ref_=bo_yld_table_75
Those Who Wish Me Dead,2021,May 14,7407200.0,3379.0,-,,https://www.boxofficemojo.com/release/rl2909504257/?ref_=bo_yld_table_76
The Courier,2021,Mar 19,6613432.0,1641.0,-,,https://www.boxofficemojo.com/release/rl3082715649/?ref_=bo_yld_table_77
Judas and the Black Messiah,2021,Feb 12,5478009.0,1906.0,-,,https://www.boxofficemojo.com/release/rl782991873/?ref_=bo_yld_table_78
Licorice Pizza,2021,Nov 26,17318007.0,1977.0,-,,https://www.boxofficemojo.com/release/rl2233172737/?ref_=bo_yld_table_79
Promising Young Woman,2021,Dec 25,6460965.0,1448.0,-,,https://www.boxofficemojo.com/release/rl3852829185/?ref_=bo_yld_table_80
Roadrunner: A Film About Anthony Bourdain,2021,Jul 16,5354970.0,954.0,-,,https://www.boxofficemojo.com/release/rl3782378241/?ref_=bo_yld_table_81
Copshop,2021,Sep 17,5213243.0,3005.0,-,,https://www.boxofficemojo.com/release/rl2667676417/?ref_=bo_yld_table_82
Zola,2021,Jun 30,4844399.0,1468.0,-,,https://www.boxofficemojo.com/release/rl358974209/?ref_=bo_yld_table_83
Separation,2021,Apr 30,4509143.0,1911.0,-,,https://www.boxofficemojo.com/release/rl1383105281/?ref_=bo_yld_table_84
Boogie,2021,Mar 5,4178620.0,1272.0,-,,https://www.boxofficemojo.com/release/rl677610241/?ref_=bo_yld_table_85
Fatale,2021,Dec 18,6306897.0,1222.0,-,,https://www.boxofficemojo.com/release/rl1846248961/?ref_=bo_yld_table_86
A Journal for Jordan,2021,Dec 25,6545174.0,2500.0,-,,https://www.boxofficemojo.com/release/rl1886552833/?ref_=bo_yld_table_87
Reminiscence,2021,Aug 20,3900193.0,3265.0,-,,https://www.boxofficemojo.com/release/rl2076082689/?ref_=bo_yld_table_88
12 Mighty Orphans,2021,Jun 11,3689637.0,1047.0,-,,https://www.boxofficemojo.com/release/rl4050879233/?ref_=bo_yld_table_89
Sooryavanshi,2021,Nov 5,3547776.0,491.0,-,,https://www.boxofficemojo.com/release/rl4078338817/?ref_=bo_yld_table_90
Pig,2021,Jul 16,3186668.0,588.0,-,,https://www.boxofficemojo.com/release/rl2718204673/?ref_=bo_yld_table_91
The Girl Who Believes in Miracles,2021,Apr 2,3163362.0,1012.0,-,,https://www.boxofficemojo.com/release/rl1685029633/?ref_=bo_yld_table_92
Voyagers,2021,Apr 9,3149935.0,1996.0,-,,https://www.boxofficemojo.com/release/rl1505657345/?ref_=bo_yld_table_93
Minari,2021,Feb 12,3110580.0,912.0,-,,https://www.boxofficemojo.com/release/rl3731849985/?ref_=bo_yld_table_94
'83,2021,Dec 23,4055660.0,486.0,-,,https://www.boxofficemojo.com/release/rl3882713857/?ref_=bo_yld_table_95
Dream Horse,2021,May 21,2913328.0,1284.0,-,,https://www.boxofficemojo.com/release/rl648774145/?ref_=bo_yld_table_96
The House Next Door: Meet the Blacks 2,2021,Jun 11,2893660.0,539.0,-,,https://www.boxofficemojo.com/release/rl1383564033/?ref_=bo_yld_table_97
Here Today,2021,May 7,2807494.0,1230.0,-,,https://www.boxofficemojo.com/release/rl1551074049/?ref_=bo_yld_table_98
Finding You,2021,May 14,2753985.0,1447.0,-,,https://www.boxofficemojo.com/release/rl2941289217/?ref_=bo_yld_table_99
Lamb,2021,Oct 8,2676410.0,865.0,-,,https://www.boxofficemojo.com/release/rl3725492993/?ref_=bo_yld_table_100
The Card Counter,2021,Sep 10,2657850.0,739.0,-,,https://www.boxofficemojo.com/release/rl1165460225/?ref_=bo_yld_table_101
Land,2021,Feb 12,2577830.0,1349.0,-,,https://www.boxofficemojo.com/release/rl3798106881/?ref_=bo_yld_table_102
The War with Grandpa,2021,Oct 9,21277892.0,2365.0,-,,https://www.boxofficemojo.com/release/rl1078166273/?ref_=bo_yld_table_103
The Eyes of Tammy Faye,2021,Sep 17,2404127.0,1352.0,-,,https://www.boxofficemojo.com/release/rl1600684801/?ref_=bo_yld_table_104
"Summer of Soul (...Or, When the Revolution Could Not Be Televised)",2021,Jun 25,2320649.0,752.0,-,,https://www.boxofficemojo.com/release/rl1786741505/?ref_=bo_yld_table_105
After We Fell,2021,Sep 10,2170750.0,1294.0,-,,https://www.boxofficemojo.com/release/rl3121709825/?ref_=bo_yld_table_106
Queen Bees,2021,Jun 11,1926706.0,600.0,-,,https://www.boxofficemojo.com/release/rl3010495233/?ref_=bo_yld_table_107
The Father,2021,Feb 26,2122771.0,933.0,-,,https://www.boxofficemojo.com/release/rl4290478593/?ref_=bo_yld_table_108
Show Me the Father,2021,Sep 10,1803226.0,1073.0,-,,https://www.boxofficemojo.com/release/rl8028929/?ref_=bo_yld_table_109
C'mon C'mon,2021,Nov 19,1863674.0,569.0,-,,https://www.boxofficemojo.com/release/rl2048033537/?ref_=bo_yld_table_110
Profile,2021,May 14,1744740.0,2104.0,-,,https://www.boxofficemojo.com/release/rl1080984321/?ref_=bo_yld_table_111
Titane,2021,Oct 1,1442988.0,562.0,-,,https://www.boxofficemojo.com/release/rl1947370241/?ref_=bo_yld_table_112
Together Together,2021,Apr 23,1437938.0,665.0,-,,https://www.boxofficemojo.com/release/rl1802732289/?ref_=bo_yld_table_113
Joe Bell,2021,Jul 23,1405488.0,1094.0,-,,https://www.boxofficemojo.com/release/rl1935442689/?ref_=bo_yld_table_114
Nomadland,2021,Feb 19,3700000.0,1200.0,-,,https://www.boxofficemojo.com/release/rl1414169345/?ref_=bo_yld_table_115
Pinocchio,2021,Dec 25,1831718.0,824.0,-,,https://www.boxofficemojo.com/release/rl3428745985/?ref_=bo_yld_table_116
Pushpa: The Rise - Part 1,2021,Dec 17,1320000.0,400.0,-,,https://www.boxofficemojo.com/release/rl405046017/?ref_=bo_yld_table_117
Scott Pilgrim vs. the World,2021,-,1867625.0,448.0,-,,https://www.boxofficemojo.com/release/rl3027141377/?ref_=bo_yld_table_118
Wrong Turn,2021,Jan 26,1251184.0,259.0,-,,https://www.boxofficemojo.com/release/rl1147962113/?ref_=bo_yld_table_119
Honsla Rakh,2021,Oct 15,1800000.0,100.0,-,,https://www.boxofficemojo.com/release/rl2736161537/?ref_=bo_yld_table_120
God's Not Dead: We the People,2021,Oct 4,1170367.0,565.0,-,,https://www.boxofficemojo.com/release/rl1529840385/?ref_=bo_yld_table_121
In the Earth,2021,Apr 16,1113723.0,571.0,-,,https://www.boxofficemojo.com/release/rl242385665/?ref_=bo_yld_table_122
The Rescue,2021,Oct 8,1060556.0,561.0,-,,https://www.boxofficemojo.com/release/rl4010574593/?ref_=bo_yld_table_123
Sword Art Online: Progressive - Aria of a Starless Night,2021,Dec 3,1050000.0,840.0,-,,https://www.boxofficemojo.com/release/rl589529857/?ref_=bo_yld_table_124
True to the Game 3,2021,Dec 3,1038255.0,440.0,-,,https://www.boxofficemojo.com/release/rl3799024385/?ref_=bo_yld_table_125
Long Weekend,2021,Mar 12,1018532.0,821.0,-,,https://www.boxofficemojo.com/release/rl2305655553/?ref_=bo_yld_table_126
The Jesus Music,2021,Oct 1,1016725.0,270.0,-,,https://www.boxofficemojo.com/release/rl469992193/?ref_=bo_yld_table_127
Love Story,2021,Sep 24,971000.0,300.0,-,,https://www.boxofficemojo.com/release/rl1997701889/?ref_=bo_yld_table_128
Come Play,2021,Oct 30,10475990.0,2183.0,-,,https://www.boxofficemojo.com/release/rl2773844737/?ref_=bo_yld_table_129
Little Eggs: An African Rescue,2021,Aug 27,927154.0,320.0,-,,https://www.boxofficemojo.com/release/rl2970387201/?ref_=bo_yld_table_130
Witnesses,2021,Jun 4,855765.0,90.0,-,,https://www.boxofficemojo.com/release/rl595428097/?ref_=bo_yld_table_131
Scoob!,2021,May 21,2188425.0,,-,,https://www.boxofficemojo.com/release/rl3816785409/?ref_=bo_yld_table_132
The Alpinist,2021,Sep 10,844743.0,245.0,-,,https://www.boxofficemojo.com/release/rl620921601/?ref_=bo_yld_table_133
Four Good Days,2021,Apr 30,837849.0,489.0,-,,https://www.boxofficemojo.com/release/rl1265861377/?ref_=bo_yld_table_134
The Mauritanian,2021,Feb 12,836536.0,287.0,-,,https://www.boxofficemojo.com/release/rl3395388161/?ref_=bo_yld_table_135
Lamb of God: The Concert Film,2021,Mar 12,744813.0,138.0,-,,https://www.boxofficemojo.com/release/rl527270657/?ref_=bo_yld_table_136
Blue Bayou,2021,Sep 17,788675.0,487.0,-,,https://www.boxofficemojo.com/release/rl777749249/?ref_=bo_yld_table_137
French Exit,2021,Feb 12,741895.0,493.0,-,,https://www.boxofficemojo.com/release/rl273449729/?ref_=bo_yld_table_138
L'Arracheuse de temps,2021,Nov 19,750623.0,72.0,-,,https://www.boxofficemojo.com/release/rl3486745345/?ref_=bo_yld_table_139
Nine Days,2021,Jul 30,694849.0,443.0,-,,https://www.boxofficemojo.com/release/rl491553537/?ref_=bo_yld_table_140
Our Friend,2021,Jan 22,663725.0,818.0,-,,https://www.boxofficemojo.com/release/rl2321515265/?ref_=bo_yld_table_141
Chal Mera Putt 3,2021,Oct 1,644000.0,90.0,-,,https://www.boxofficemojo.com/release/rl2316665601/?ref_=bo_yld_table_142
The Sparks Brothers,2021,Jun 18,648665.0,534.0,-,,https://www.boxofficemojo.com/release/rl3715072769/?ref_=bo_yld_table_143
"If I Can't Have Love, I Want Power",2021,Aug 25,626946.0,122.0,-,,https://www.boxofficemojo.com/release/rl2920055553/?ref_=bo_yld_table_144
Aline,2021,Nov 26,667815.0,72.0,-,,https://www.boxofficemojo.com/release/rl2048754433/?ref_=bo_yld_table_145
Werewolves Within,2021,Jun 25,575783.0,270.0,-,,https://www.boxofficemojo.com/release/rl1785496321/?ref_=bo_yld_table_146
City of Lies,2021,Mar 19,572493.0,502.0,-,,https://www.boxofficemojo.com/release/rl3664741121/?ref_=bo_yld_table_147
Anita,2021,Nov 12,556632.0,15.0,-,,https://www.boxofficemojo.com/release/rl404718337/?ref_=bo_yld_table_148
Courageous,2021,Sep 24,504855.0,1023.0,-,,https://www.boxofficemojo.com/release/rl226132737/?ref_=bo_yld_table_149
The Truffle Hunters,2021,Mar 5,521202.0,105.0,-,,https://www.boxofficemojo.com/release/rl441221889/?ref_=bo_yld_table_150
For the Love of Money,2021,Nov 24,480774.0,519.0,-,,https://www.boxofficemojo.com/release/rl3155919617/?ref_=bo_yld_table_151
National Champions,2021,Dec 10,475488.0,1197.0,-,,https://www.boxofficemojo.com/release/rl3472917249/?ref_=bo_yld_table_152
Jathi Ratnalu,2021,Mar 12,470000.0,130.0,-,,https://www.boxofficemojo.com/release/rl2725217025/?ref_=bo_yld_table_153
Most Eligible Bachelor,2021,Oct 15,470000.0,195.0,-,,https://www.boxofficemojo.com/release/rl2786493185/?ref_=bo_yld_table_154
Tenet,2021,Sep 3,58504105.0,2930.0,-,,https://www.boxofficemojo.com/release/rl1442940417/?ref_=bo_yld_table_155
World War Z,2021,May 28,448000.0,80.0,-,,https://www.boxofficemojo.com/release/rl2658894593/?ref_=bo_yld_table_156
The Lost Leonardo,2021,Aug 13,445740.0,217.0,-,,https://www.boxofficemojo.com/release/rl1970766593/?ref_=bo_yld_table_157
2021 Oscar Nominated Short Films: Live Action,2021,Apr 2,443050.0,184.0,-,,https://www.boxofficemojo.com/release/rl3178267393/?ref_=bo_yld_table_158
Flag Day,2021,Aug 20,424667.0,196.0,-,,https://www.boxofficemojo.com/release/rl3758850817/?ref_=bo_yld_table_159
Willy's Wonderland,2021,Feb 12,418286.0,171.0,-,,https://www.boxofficemojo.com/release/rl879395585/?ref_=bo_yld_table_160
Top Gun,2021,May 14,457577.0,153.0,-,,https://www.boxofficemojo.com/release/rl3061285633/?ref_=bo_yld_table_161
Dutch,2021,Mar 12,404371.0,202.0,-,,https://www.boxofficemojo.com/release/rl2573632257/?ref_=bo_yld_table_162
Ghostbusters,2021,Oct 29,391718.0,774.0,-,,https://www.boxofficemojo.com/release/rl1830322945/?ref_=bo_yld_table_163
The Metropolitan Opera HD Live: Mussorgsky: Boris Godunov,2021,Oct 8,387000.0,791.0,-,,https://www.boxofficemojo.com/release/rl890733313/?ref_=bo_yld_table_164
Crisis,2021,Feb 26,404738.0,216.0,-,,https://www.boxofficemojo.com/release/rl2808578817/?ref_=bo_yld_table_165
Red Rocket,2021,Dec 10,1023086.0,385.0,-,,https://www.boxofficemojo.com/release/rl2098365185/?ref_=bo_yld_table_166
Julia,2021,Nov 12,399811.0,288.0,-,,https://www.boxofficemojo.com/release/rl2550956801/?ref_=bo_yld_table_167
Ghost in the Shell,2021,Sep 17,373169.0,124.0,-,,https://www.boxofficemojo.com/release/rl185434881/?ref_=bo_yld_table_168
The Dry,2021,May 21,364237.0,186.0,-,,https://www.boxofficemojo.com/release/rl393052929/?ref_=bo_yld_table_169
"Dad, I'm Sorry",2021,May 28,350000.0,,-,,https://www.boxofficemojo.com/release/rl3950740225/?ref_=bo_yld_table_170
The Battle at Lake Changjin,2021,Nov 19,342411.0,20.0,-,,https://www.boxofficemojo.com/release/rl673088257/?ref_=bo_yld_table_171
The Emperor's New Groove,2021,Jan 15,334000.0,744.0,-,,https://www.boxofficemojo.com/release/rl3194585857/?ref_=bo_yld_table_172
Benedetta,2021,Dec 3,354481.0,201.0,-,,https://www.boxofficemojo.com/release/rl3825959681/?ref_=bo_yld_table_173
Freaky,2021,Nov 13,9030855.0,2472.0,-,,https://www.boxofficemojo.com/release/rl1699840769/?ref_=bo_yld_table_174
Drive My Car,2021,Nov 24,2352240.0,213.0,-,,https://www.boxofficemojo.com/release/rl404194049/?ref_=bo_yld_table_175
Final Account,2021,May 21,308976.0,308.0,-,,https://www.boxofficemojo.com/release/rl309035777/?ref_=bo_yld_table_176
The Water Man,2021,May 7,383234.0,311.0,-,,https://www.boxofficemojo.com/release/rl3194913537/?ref_=bo_yld_table_177
New Order,2021,May 21,303556.0,236.0,-,,https://www.boxofficemojo.com/release/rl2742518529/?ref_=bo_yld_table_178
India Sweets and Spices,2021,Nov 19,288714.0,343.0,-,,https://www.boxofficemojo.com/release/rl2333901569/?ref_=bo_yld_table_179
Blithe Spirit,2021,Feb 19,282500.0,239.0,-,,https://www.boxofficemojo.com/release/rl2874442497/?ref_=bo_yld_table_180
American Skin,2021,Jan 15,282332.0,72.0,-,,https://www.boxofficemojo.com/release/rl1785103105/?ref_=bo_yld_table_181
I'm Your Man,2021,Sep 24,275155.0,122.0,-,,https://www.boxofficemojo.com/release/rl638747393/?ref_=bo_yld_table_182
Escape from Mogadishu,2021,Aug 6,346271.0,42.0,-,,https://www.boxofficemojo.com/release/rl4144333569/?ref_=bo_yld_table_183
Raging Fire,2021,Aug 13,385305.0,59.0,-,,https://www.boxofficemojo.com/release/rl2114487041/?ref_=bo_yld_table_184
A Mouthful of Air,2021,Oct 29,269435.0,816.0,-,,https://www.boxofficemojo.com/release/rl2081522433/?ref_=bo_yld_table_185
Rita Moreno: Just a Girl Who Decided to Go for It,2021,Jun 18,264626.0,227.0,-,,https://www.boxofficemojo.com/release/rl3077669633/?ref_=bo_yld_table_186
Weathering with You,2021,Jan 15,8056636.0,1020.0,-,,https://www.boxofficemojo.com/release/rl3669066241/?ref_=bo_yld_table_187
Once I Was Engaged,2021,Jul 21,254775.0,32.0,-,,https://www.boxofficemojo.com/release/rl1644593921/?ref_=bo_yld_table_188
Supernova,2021,Jan 29,234220.0,330.0,-,,https://www.boxofficemojo.com/release/rl3512894209/?ref_=bo_yld_table_189
Becoming Cousteau,2021,Oct 22,231687.0,319.0,-,,https://www.boxofficemojo.com/release/rl1846182657/?ref_=bo_yld_table_190
Half Brothers,2021,Dec 4,2241980.0,1386.0,-,,https://www.boxofficemojo.com/release/rl760382209/?ref_=bo_yld_table_191
Limbo,2021,Apr 30,224405.0,213.0,-,,https://www.boxofficemojo.com/release/rl1735361281/?ref_=bo_yld_table_192
Promare,2021,Sep 17,2529324.0,701.0,-,,https://www.boxofficemojo.com/release/rl3104540161/?ref_=bo_yld_table_193
Together,2021,Aug 27,214390.0,250.0,-,,https://www.boxofficemojo.com/release/rl252543745/?ref_=bo_yld_table_194
The Swimming Pool,2021,May 14,211467.0,10.0,-,,https://www.boxofficemojo.com/release/rl2658632449/?ref_=bo_yld_table_195
Ailey,2021,Jul 23,204513.0,88.0,-,,https://www.boxofficemojo.com/release/rl2332459777/?ref_=bo_yld_table_196
The Lady of Heaven,2021,Dec 10,291597.0,59.0,-,,https://www.boxofficemojo.com/release/rl2943123457/?ref_=bo_yld_table_197
Groundhog Day,2021,Jan 29,200989.0,845.0,-,,https://www.boxofficemojo.com/release/rl3177939713/?ref_=bo_yld_table_198
The Resort,2021,Apr 30,191996.0,114.0,-,,https://www.boxofficemojo.com/release/rl1316193025/?ref_=bo_yld_table_199
Kaamelott: First Installment,2021,Jul 23,188000.0,26.0,-,,https://www.boxofficemojo.com/release/rl3691414273/?ref_=bo_yld_table_200
Top Gun: Maverick,2022,May 27,718732821.0,4751.0,-,,https://www.boxofficemojo.com/release/rl2500036097/?ref_=bo_yld_table_1
Black Panther: Wakanda Forever,2022,Nov 11,453829060.0,4396.0,-,,https://www.boxofficemojo.com/release/rl3573908993/?ref_=bo_yld_table_2
Doctor Strange in the Multiverse of Madness,2022,May 6,411331607.0,4534.0,-,,https://www.boxofficemojo.com/release/rl3724903937/?ref_=bo_yld_table_3
Avatar: The Way of Water,2022,Dec 16,684075767.0,4340.0,-,,https://www.boxofficemojo.com/release/rl3372254721/?ref_=bo_yld_table_4
Jurassic World: Dominion,2022,Jun 10,376851080.0,4697.0,-,,https://www.boxofficemojo.com/release/rl4043671041/?ref_=bo_yld_table_5
Minions: The Rise of Gru,2022,Jul 1,370549695.0,4427.0,-,,https://www.boxofficemojo.com/release/rl1736214017/?ref_=bo_yld_table_6
The Batman,2022,Mar 4,369345583.0,4417.0,-,,https://www.boxofficemojo.com/release/rl67732993/?ref_=bo_yld_table_7
Thor: Love and Thunder,2022,Jul 8,343256830.0,4375.0,-,,https://www.boxofficemojo.com/release/rl3523577345/?ref_=bo_yld_table_8
Spider-Man: No Way Home,2022,Dec 17,804793477.0,4336.0,-,,https://www.boxofficemojo.com/release/rl2869659137/?ref_=bo_yld_table_9
Sonic the Hedgehog 2,2022,Apr 8,190872904.0,4258.0,-,,https://www.boxofficemojo.com/release/rl1363641089/?ref_=bo_yld_table_10
Black Adam,2022,Oct 21,168152111.0,4402.0,-,,https://www.boxofficemojo.com/release/rl2728624641/?ref_=bo_yld_table_11
Elvis,2022,Jun 24,151040048.0,3932.0,-,,https://www.boxofficemojo.com/release/rl2869528065/?ref_=bo_yld_table_12
Uncharted,2022,Feb 18,148648820.0,4275.0,-,,https://www.boxofficemojo.com/release/rl2977334785/?ref_=bo_yld_table_13
Nope,2022,Jul 22,123277080.0,3807.0,-,,https://www.boxofficemojo.com/release/rl3562898177/?ref_=bo_yld_table_14
Lightyear,2022,Jun 17,118307188.0,4255.0,-,,https://www.boxofficemojo.com/release/rl6456065/?ref_=bo_yld_table_15
Smile,2022,Sep 30,105935048.0,3659.0,-,,https://www.boxofficemojo.com/release/rl2982445825/?ref_=bo_yld_table_16
The Lost City,2022,Mar 25,105344029.0,4283.0,-,,https://www.boxofficemojo.com/release/rl795706113/?ref_=bo_yld_table_17
Bullet Train,2022,Aug 5,103368602.0,4357.0,-,,https://www.boxofficemojo.com/release/rl192905985/?ref_=bo_yld_table_18
The Bad Guys,2022,Apr 22,97459240.0,4042.0,-,,https://www.boxofficemojo.com/release/rl2467005953/?ref_=bo_yld_table_19
Fantastic Beasts: The Secrets of Dumbledore,2022,Apr 15,95850844.0,4245.0,-,,https://www.boxofficemojo.com/release/rl2886305281/?ref_=bo_yld_table_20
DC League of Super-Pets,2022,Jul 29,93657117.0,4332.0,-,,https://www.boxofficemojo.com/release/rl470124033/?ref_=bo_yld_table_21
Where the Crawdads Sing,2022,Jul 15,90230760.0,3650.0,-,,https://www.boxofficemojo.com/release/rl2457109249/?ref_=bo_yld_table_22
The Black Phone,2022,Jun 24,90123230.0,3156.0,-,,https://www.boxofficemojo.com/release/rl3849487105/?ref_=bo_yld_table_23
Sing 2,2022,Dec 22,162790990.0,3892.0,-,,https://www.boxofficemojo.com/release/rl302024193/?ref_=bo_yld_table_24
Scream,2022,Jan 14,81641405.0,3666.0,-,,https://www.boxofficemojo.com/release/rl307200769/?ref_=bo_yld_table_25
Morbius,2022,Apr 1,73865530.0,4268.0,-,,https://www.boxofficemojo.com/release/rl2064025089/?ref_=bo_yld_table_26
Everything Everywhere All at Once,2022,Mar 25,77191785.0,2220.0,-,,https://www.boxofficemojo.com/release/rl3861218049/?ref_=bo_yld_table_27
Ticket to Paradise,2022,Oct 21,68275985.0,4066.0,-,,https://www.boxofficemojo.com/release/rl3949822721/?ref_=bo_yld_table_28
The Woman King,2022,Sep 16,67328130.0,3765.0,-,,https://www.boxofficemojo.com/release/rl2551874305/?ref_=bo_yld_table_29
Halloween Ends,2022,Oct 14,64079860.0,3901.0,-,,https://www.boxofficemojo.com/release/rl2047247873/?ref_=bo_yld_table_30
Dog,2022,Feb 18,61778069.0,3827.0,-,,https://www.boxofficemojo.com/release/rl1831174913/?ref_=bo_yld_table_31
Jackass Forever,2022,Feb 4,57743451.0,3653.0,-,,https://www.boxofficemojo.com/release/rl1688896001/?ref_=bo_yld_table_32
Puss in Boots: The Last Wish,2022,Dec 21,186090535.0,4121.0,-,,https://www.boxofficemojo.com/release/rl3899622145/?ref_=bo_yld_table_33
Violent Night,2022,Dec 2,50057405.0,3723.0,-,,https://www.boxofficemojo.com/release/rl4179395329/?ref_=bo_yld_table_34
"Lyle, Lyle, Crocodile",2022,Oct 7,46888441.0,4350.0,-,,https://www.boxofficemojo.com/release/rl2323088129/?ref_=bo_yld_table_35
Death on the Nile,2022,Feb 11,45630104.0,3420.0,-,,https://www.boxofficemojo.com/release/rl2416281089/?ref_=bo_yld_table_36
Don't Worry Darling,2022,Sep 23,45309403.0,4121.0,-,,https://www.boxofficemojo.com/release/rl3021046529/?ref_=bo_yld_table_37
Downton Abbey: A New Era,2022,May 20,44141550.0,3830.0,-,,https://www.boxofficemojo.com/release/rl24281857/?ref_=bo_yld_table_38
Barbarian,2022,Sep 9,40842944.0,2890.0,-,,https://www.boxofficemojo.com/release/rl919241473/?ref_=bo_yld_table_39
Dragon Ball Super: Super Hero,2022,Aug 19,38112140.0,3018.0,-,,https://www.boxofficemojo.com/release/rl349471489/?ref_=bo_yld_table_40
Strange World,2022,Nov 23,37968963.0,4174.0,-,,https://www.boxofficemojo.com/release/rl3422914049/?ref_=bo_yld_table_41
The Menu,2022,Nov 18,38501125.0,3228.0,-,,https://www.boxofficemojo.com/release/rl2839380737/?ref_=bo_yld_table_42
Jujutsu Kaisen 0,2022,Mar 18,34542754.0,2418.0,-,,https://www.boxofficemojo.com/release/rl3458958081/?ref_=bo_yld_table_43
The Northman,2022,Apr 22,34233110.0,3284.0,-,,https://www.boxofficemojo.com/release/rl3195503361/?ref_=bo_yld_table_44
The Bob's Burgers Movie,2022,May 27,31933830.0,3425.0,-,,https://www.boxofficemojo.com/release/rl2852292097/?ref_=bo_yld_table_45
Beast,2022,Aug 19,31846530.0,3754.0,-,,https://www.boxofficemojo.com/release/rl2222424833/?ref_=bo_yld_table_46
The Invitation,2022,Aug 26,25100080.0,3117.0,-,,https://www.boxofficemojo.com/release/rl690324225/?ref_=bo_yld_table_47
Avatar,2022,Sep 23,24714024.0,2040.0,-,,https://www.boxofficemojo.com/release/rl2319418113/?ref_=bo_yld_table_48
Ambulance,2022,Apr 8,22781115.0,3412.0,-,,https://www.boxofficemojo.com/release/rl1432912641/?ref_=bo_yld_table_49
Marry Me,2022,Feb 11,22438180.0,3643.0,-,,https://www.boxofficemojo.com/release/rl877691649/?ref_=bo_yld_table_50
The King's Man,2022,Dec 22,37176373.0,3180.0,-,,https://www.boxofficemojo.com/release/rl2181531137/?ref_=bo_yld_table_51
Father Stu,2022,Apr 13,20884796.0,2705.0,-,,https://www.boxofficemojo.com/release/rl3291185921/?ref_=bo_yld_table_52
The Unbearable Weight of Massive Talent,2022,Apr 22,20300157.0,3036.0,-,,https://www.boxofficemojo.com/release/rl2763358721/?ref_=bo_yld_table_53
Devotion,2022,Nov 23,20511938.0,3458.0,-,,https://www.boxofficemojo.com/release/rl1211925249/?ref_=bo_yld_table_54
Prey for the Devil,2022,Oct 28,19802293.0,2980.0,-,,https://www.boxofficemojo.com/release/rl3938025985/?ref_=bo_yld_table_55
Moonfall,2022,Feb 4,19060660.0,3446.0,-,,https://www.boxofficemojo.com/release/rl1478001409/?ref_=bo_yld_table_56
Paws of Fury: The Legend of Hank,2022,Jul 15,17811382.0,3481.0,-,,https://www.boxofficemojo.com/release/rl3979051777/?ref_=bo_yld_table_57
Amsterdam,2022,Oct 7,14947969.0,3005.0,-,,https://www.boxofficemojo.com/release/rl3406136833/?ref_=bo_yld_table_58
The Chosen Season 3: Episode 1 & 2,2022,Nov 18,14612089.0,2021.0,-,,https://www.boxofficemojo.com/release/rl2834137857/?ref_=bo_yld_table_59
The 355,2022,Jan 7,14570455.0,3145.0,-,,https://www.boxofficemojo.com/release/rl2572518145/?ref_=bo_yld_table_60
American Underdog,2022,Dec 25,26514814.0,2813.0,-,,https://www.boxofficemojo.com/release/rl1035239937/?ref_=bo_yld_table_61
Glass Onion,2022,Nov 23,13280000.0,696.0,-,,https://www.boxofficemojo.com/release/rl3907814145/?ref_=bo_yld_table_62
Whitney Houston: I Wanna Dance with Somebody,2022,Dec 23,23708080.0,3625.0,-,,https://www.boxofficemojo.com/release/rl101810945/?ref_=bo_yld_table_63
Easter Sunday,2022,Aug 5,13013690.0,3176.0,-,,https://www.boxofficemojo.com/release/rl2332525313/?ref_=bo_yld_table_64
One Piece Film: Red,2022,Nov 4,12775324.0,2367.0,-,,https://www.boxofficemojo.com/release/rl1474003713/?ref_=bo_yld_table_65
Licorice Pizza,2022,Nov 26,17318007.0,1977.0,-,,https://www.boxofficemojo.com/release/rl2233172737/?ref_=bo_yld_table_66
The Fabelmans,2022,Nov 11,17348945.0,1962.0,-,,https://www.boxofficemojo.com/release/rl337871617/?ref_=bo_yld_table_67
X,2022,Mar 18,11769469.0,2920.0,-,,https://www.boxofficemojo.com/release/rl1713931009/?ref_=bo_yld_table_68
Bros,2022,Sep 30,11628165.0,3356.0,-,,https://www.boxofficemojo.com/release/rl2674688769/?ref_=bo_yld_table_69
Bodies Bodies Bodies,2022,Aug 5,11446602.0,2541.0,-,,https://www.boxofficemojo.com/release/rl3502801665/?ref_=bo_yld_table_70
RRR,2022,Mar 25,14500000.0,1200.0,-,,https://www.boxofficemojo.com/release/rl641303297/?ref_=bo_yld_table_71
Terrifier 2,2022,Oct 6,10640105.0,1550.0,-,,https://www.boxofficemojo.com/release/rl585073409/?ref_=bo_yld_table_72
Mrs. Harris Goes to Paris,2022,Jul 15,10433915.0,1001.0,-,,https://www.boxofficemojo.com/release/rl1819771649/?ref_=bo_yld_table_73
West Side Story,2022,Dec 10,38530322.0,2820.0,-,,https://www.boxofficemojo.com/release/rl319325697/?ref_=bo_yld_table_74
Firestarter,2022,May 13,9739250.0,3413.0,-,,https://www.boxofficemojo.com/release/rl2917121/?ref_=bo_yld_table_75
Blacklight,2022,Feb 11,9591094.0,2772.0,-,,https://www.boxofficemojo.com/release/rl2469102337/?ref_=bo_yld_table_76
See How They Run,2022,Sep 16,9586237.0,2502.0,-,,https://www.boxofficemojo.com/release/rl3838411521/?ref_=bo_yld_table_77
The Matrix Resurrections,2022,Dec 22,37686805.0,3552.0,-,,https://www.boxofficemojo.com/release/rl2175304193/?ref_=bo_yld_table_78
Pearl,2022,Sep 16,9423445.0,2982.0,-,,https://www.boxofficemojo.com/release/rl2094039809/?ref_=bo_yld_table_79
Spider-Man: No Way Home,2022,Sep 2,9321593.0,3935.0,-,,https://www.boxofficemojo.com/release/rl735478529/?ref_=bo_yld_table_80
Redeeming Love,2022,Jan 21,9214020.0,1963.0,-,,https://www.boxofficemojo.com/release/rl3492250369/?ref_=bo_yld_table_81
Babylon,2022,Dec 23,15658225.0,3351.0,-,,https://www.boxofficemojo.com/release/rl2308997633/?ref_=bo_yld_table_82
The Banshees of Inisherin,2022,Oct 21,10582266.0,1205.0,-,,https://www.boxofficemojo.com/release/rl925926145/?ref_=bo_yld_table_83
Till,2022,Oct 14,9000202.0,2136.0,-,,https://www.boxofficemojo.com/release/rl1042187009/?ref_=bo_yld_table_84
Three Thousand Years of Longing,2022,Aug 26,8286741.0,2436.0,-,,https://www.boxofficemojo.com/release/rl2436662017/?ref_=bo_yld_table_85
Brahmastra Part One: Shiva,2022,Sep 9,7839108.0,810.0,-,,https://www.boxofficemojo.com/release/rl4181689089/?ref_=bo_yld_table_86
Bones and All,2022,Nov 23,7834907.0,2727.0,-,,https://www.boxofficemojo.com/release/rl734495489/?ref_=bo_yld_table_87
Memory,2022,Apr 29,7329043.0,2555.0,-,,https://www.boxofficemojo.com/release/rl2301330177/?ref_=bo_yld_table_88
Fall,2022,Aug 12,7240521.0,1548.0,-,,https://www.boxofficemojo.com/release/rl2982773505/?ref_=bo_yld_table_89
Men,2022,May 20,7587853.0,2212.0,-,,https://www.boxofficemojo.com/release/rl70025985/?ref_=bo_yld_table_90
Ghostbusters: Afterlife,2022,Nov 19,129360575.0,4315.0,-,,https://www.boxofficemojo.com/release/rl319391233/?ref_=bo_yld_table_91
BTS Permission to Dance on Stage - Seoul: Live Viewing,2022,Mar 12,6840000.0,803.0,-,,https://www.boxofficemojo.com/release/rl3660940033/?ref_=bo_yld_table_92
Marcel the Shell with Shoes On,2022,Jun 24,6333702.0,821.0,-,,https://www.boxofficemojo.com/release/rl566919937/?ref_=bo_yld_table_93
She Said,2022,Nov 18,5825995.0,2023.0,-,,https://www.boxofficemojo.com/release/rl2768536321/?ref_=bo_yld_table_94
Tár,2022,Oct 7,6773650.0,1090.0,-,,https://www.boxofficemojo.com/release/rl605979393/?ref_=bo_yld_table_95
I Heard the Bells,2022,Dec 1,5644104.0,1204.0,-,,https://www.boxofficemojo.com/release/rl3184820993/?ref_=bo_yld_table_96
Encanto,2022,Nov 24,96093622.0,3980.0,-,,https://www.boxofficemojo.com/release/rl1887208961/?ref_=bo_yld_table_97
Orphan: First Kill,2022,Aug 19,5413227.0,557.0,-,,https://www.boxofficemojo.com/release/rl81036033/?ref_=bo_yld_table_98
House of Gucci,2022,Nov 24,53809574.0,3477.0,-,,https://www.boxofficemojo.com/release/rl2182841089/?ref_=bo_yld_table_99
The Whale,2022,Dec 9,17463630.0,1721.0,-,,https://www.boxofficemojo.com/release/rl4040786689/?ref_=bo_yld_table_100
Lifemark,2022,Sep 9,5180537.0,1531.0,-,,https://www.boxofficemojo.com/release/rl1859879681/?ref_=bo_yld_table_101
Jaws,2022,Sep 2,5809280.0,1246.0,-,,https://www.boxofficemojo.com/release/rl550863617/?ref_=bo_yld_table_102
The Cursed,2022,Feb 18,4588389.0,1695.0,-,,https://www.boxofficemojo.com/release/rl3542975233/?ref_=bo_yld_table_103
Nightmare Alley,2022,Dec 17,11338107.0,2145.0,-,,https://www.boxofficemojo.com/release/rl1382580993/?ref_=bo_yld_table_104
Vengeance,2022,Jul 29,4330720.0,1003.0,-,,https://www.boxofficemojo.com/release/rl2485945089/?ref_=bo_yld_table_105
Ponniyin Selvan: Part I,2022,Sep 30,4282000.0,500.0,-,,https://www.boxofficemojo.com/release/rl350126849/?ref_=bo_yld_table_106
Moonage Daydream,2022,Sep 16,4218925.0,733.0,-,,https://www.boxofficemojo.com/release/rl1037533953/?ref_=bo_yld_table_107
Triangle of Sadness,2022,Oct 7,4608096.0,610.0,-,,https://www.boxofficemojo.com/release/rl3722543873/?ref_=bo_yld_table_108
Belle,2022,Jan 14,4018313.0,1338.0,-,,https://www.boxofficemojo.com/release/rl4095116033/?ref_=bo_yld_table_109
Family Camp,2022,May 13,3973263.0,1057.0,-,,https://www.boxofficemojo.com/release/rl3291251457/?ref_=bo_yld_table_110
Cyrano,2022,Feb 25,3873124.0,797.0,-,,https://www.boxofficemojo.com/release/rl2115666689/?ref_=bo_yld_table_111
Laal Singh Chaddha,2022,Aug 11,3401324.0,517.0,-,,https://www.boxofficemojo.com/release/rl3217982209/?ref_=bo_yld_table_112
The Outfit,2022,Mar 18,3344040.0,1328.0,-,,https://www.boxofficemojo.com/release/rl4262822657/?ref_=bo_yld_table_113
Clerks III,2022,Sep 16,4663106.0,5.0,-,,https://www.boxofficemojo.com/release/rl869958401/?ref_=bo_yld_table_114
The Worst Person in the World,2022,Feb 4,3034775.0,554.0,-,,https://www.boxofficemojo.com/release/rl3744301825/?ref_=bo_yld_table_115
K.G.F: Chapter 2,2022,Apr 15,2874000.0,,-,,https://www.boxofficemojo.com/release/rl322798337/?ref_=bo_yld_table_116
Breaking,2022,Aug 26,2806359.0,909.0,-,,https://www.boxofficemojo.com/release/rl449807105/?ref_=bo_yld_table_117
A Journal for Jordan,2022,Dec 25,6545174.0,2500.0,-,,https://www.boxofficemojo.com/release/rl1886552833/?ref_=bo_yld_table_118
Honk for Jesus. Save Your Soul.,2022,Sep 2,2561270.0,1882.0,-,,https://www.boxofficemojo.com/release/rl2989654785/?ref_=bo_yld_table_119
Mack & Rita,2022,Aug 12,2540965.0,1930.0,-,,https://www.boxofficemojo.com/release/rl2520744705/?ref_=bo_yld_table_120
Studio 666,2022,Feb 25,2513963.0,2306.0,-,,https://www.boxofficemojo.com/release/rl2519433985/?ref_=bo_yld_table_121
Crimes of the Future,2022,Jun 3,2452882.0,773.0,-,,https://www.boxofficemojo.com/release/rl1489470209/?ref_=bo_yld_table_122
Belfast,2022,Nov 12,9250870.0,1255.0,-,,https://www.boxofficemojo.com/release/rl4000285441/?ref_=bo_yld_table_123
Gigi & Nate,2022,Sep 2,2280814.0,1220.0,-,,https://www.boxofficemojo.com/release/rl617251585/?ref_=bo_yld_table_124
The Good House,2022,Sep 30,2219760.0,1061.0,-,,https://www.boxofficemojo.com/release/rl1036550913/?ref_=bo_yld_table_125
Parallel Mothers,2022,Dec 24,2297501.0,684.0,-,,https://www.boxofficemojo.com/release/rl2718728961/?ref_=bo_yld_table_126
Emily the Criminal,2022,Aug 12,2156296.0,483.0,-,,https://www.boxofficemojo.com/release/rl3325788929/?ref_=bo_yld_table_127
Umma,2022,Mar 18,2121025.0,805.0,-,,https://www.boxofficemojo.com/release/rl2653848321/?ref_=bo_yld_table_128
The Wolf and the Lion,2022,Feb 4,2072173.0,1005.0,-,,https://www.boxofficemojo.com/release/rl186680065/?ref_=bo_yld_table_129
E.T. the Extra-Terrestrial,2022,Aug 12,2234590.0,793.0,-,,https://www.boxofficemojo.com/release/rl2882765569/?ref_=bo_yld_table_130
Drive My Car,2022,Nov 24,2352240.0,213.0,-,,https://www.boxofficemojo.com/release/rl404194049/?ref_=bo_yld_table_131
Jeepers Creepers: Reborn,2022,Sep 19,2033057.0,996.0,-,,https://www.boxofficemojo.com/release/rl1725006593/?ref_=bo_yld_table_132
Watcher,2022,Jun 3,1961207.0,764.0,-,,https://www.boxofficemojo.com/release/rl3576791809/?ref_=bo_yld_table_133
Mr. Malcolm's List,2022,Jul 1,1885718.0,1384.0,-,,https://www.boxofficemojo.com/release/rl2630124289/?ref_=bo_yld_table_134
Armageddon Time,2022,Oct 28,1872625.0,1006.0,-,,https://www.boxofficemojo.com/release/rl2295104257/?ref_=bo_yld_table_135
Radhe Shyam,2022,Mar 11,1860000.0,800.0,-,,https://www.boxofficemojo.com/release/rl3828712193/?ref_=bo_yld_table_136
Vikram,2022,Jun 3,1770000.0,465.0,-,,https://www.boxofficemojo.com/release/rl1539801857/?ref_=bo_yld_table_137
The King's Daughter,2022,Jan 21,1758963.0,2170.0,-,,https://www.boxofficemojo.com/release/rl3541795585/?ref_=bo_yld_table_138
2022 Oscar Nominated Short Films: Live Action/2022 Oscar Nominated Short Films: Animation/2022 Oscar Nominated Short Films: Documentary,2022,Feb 25,1801646.0,355.0,-,,https://www.boxofficemojo.com/release/rl489718529/?ref_=bo_yld_table_139
Infinite Storm,2022,Mar 25,1600543.0,1525.0,-,,https://www.boxofficemojo.com/release/rl758153985/?ref_=bo_yld_table_140
Vikram Vedha,2022,Sep 30,1589362.0,558.0,-,,https://www.boxofficemojo.com/release/rl81691393/?ref_=bo_yld_table_141
The Duke,2022,Apr 22,1526970.0,353.0,-,,https://www.boxofficemojo.com/release/rl3540026113/?ref_=bo_yld_table_142
Running the Bases,2022,Sep 16,1511980.0,1080.0,-,,https://www.boxofficemojo.com/release/rl4241457921/?ref_=bo_yld_table_143
¿Y cómo es él?,2022,Apr 22,1500636.0,325.0,-,,https://www.boxofficemojo.com/release/rl3249242625/?ref_=bo_yld_table_144
The Kashmir Files,2022,Mar 18,1485000.0,230.0,-,,https://www.boxofficemojo.com/release/rl1077379841/?ref_=bo_yld_table_145
2000 Mules,2022,May 20,1465513.0,415.0,-,,https://www.boxofficemojo.com/release/rl2915074817/?ref_=bo_yld_table_146
It's a Wonderful Life,2022,Dec 18,1439643.0,960.0,-,,https://www.boxofficemojo.com/release/rl2046132993/?ref_=bo_yld_table_147
The Godfather,2022,Feb 25,1414662.0,596.0,-,,https://www.boxofficemojo.com/release/rl3240854273/?ref_=bo_yld_table_148
Spoiler Alert,2022,Dec 2,1384003.0,783.0,-,,https://www.boxofficemojo.com/release/rl415793921/?ref_=bo_yld_table_149
Medieval,2022,Sep 9,1374325.0,1311.0,-,,https://www.boxofficemojo.com/release/rl969835265/?ref_=bo_yld_table_150
Rogue One: A Star Wars Story,2022,Aug 26,1362667.0,255.0,-,,https://www.boxofficemojo.com/release/rl785810177/?ref_=bo_yld_table_151
Decision to Leave,2022,Oct 14,2179864.0,169.0,-,,https://www.boxofficemojo.com/release/rl2514715393/?ref_=bo_yld_table_152
Howl's Moving Castle,2022,Sep 23,1212525.0,868.0,-,,https://www.boxofficemojo.com/release/rl1423737601/?ref_=bo_yld_table_153
F3: Fun and Frustration,2022,May 27,1195000.0,400.0,-,,https://www.boxofficemojo.com/release/rl2344911617/?ref_=bo_yld_table_154
Dune: Part One,2022,Oct 22,108327830.0,4125.0,-,,https://www.boxofficemojo.com/release/rl3162015233/?ref_=bo_yld_table_155
Aftersun,2022,Oct 21,1658790.0,97.0,-,,https://www.boxofficemojo.com/release/rl2866774785/?ref_=bo_yld_table_156
After Ever Happy,2022,Sep 7,1072750.0,1144.0,-,,https://www.boxofficemojo.com/release/rl1876656897/?ref_=bo_yld_table_157
Fire of Love,2022,Jul 6,1120412.0,191.0,-,,https://www.boxofficemojo.com/release/rl4274815745/?ref_=bo_yld_table_158
"Hallelujah: Leonard Cohen, a Journey, a Song",2022,Jul 1,1062603.0,168.0,-,,https://www.boxofficemojo.com/release/rl289309441/?ref_=bo_yld_table_159
The Contractor,2022,Apr 1,1035265.0,489.0,-,,https://www.boxofficemojo.com/release/rl3254813441/?ref_=bo_yld_table_160
Jug Jugg Jeeyo,2022,Jun 24,1033000.0,318.0,-,,https://www.boxofficemojo.com/release/rl415924993/?ref_=bo_yld_table_161
'83,2022,Dec 23,4055660.0,486.0,-,,https://www.boxofficemojo.com/release/rl3882713857/?ref_=bo_yld_table_162
Coldplay Music of The Spheres Live Broadcast from Buenos Aires,2022,Oct 28,1015000.0,833.0,-,,https://www.boxofficemojo.com/release/rl635863809/?ref_=bo_yld_table_163
The Beatles: Get Back - The Rooftop Concert,2022,Jan 30,976712.0,179.0,-,,https://www.boxofficemojo.com/release/rl2703917825/?ref_=bo_yld_table_164
Venom: Let There Be Carnage,2022,Oct 1,213550366.0,4225.0,-,,https://www.boxofficemojo.com/release/rl1908310529/?ref_=bo_yld_table_165
Man of God,2022,Mar 21,920561.0,830.0,-,,https://www.boxofficemojo.com/release/rl2683470593/?ref_=bo_yld_table_166
Empire of Light,2022,Dec 9,1177577.0,436.0,-,,https://www.boxofficemojo.com/release/rl4291789569/?ref_=bo_yld_table_167
Johnny Cash: The Redemption of an American Icon,2022,Dec 5,840580.0,1087.0,-,,https://www.boxofficemojo.com/release/rl4293952257/?ref_=bo_yld_table_168
The Tiger Rising,2022,Jan 21,835162.0,872.0,-,,https://www.boxofficemojo.com/release/rl3894772481/?ref_=bo_yld_table_169
Hansan: Rising Dragon,2022,Jul 29,865888.0,32.0,-,,https://www.boxofficemojo.com/release/rl1909293825/?ref_=bo_yld_table_170
Acharya,2022,Apr 29,832000.0,396.0,-,,https://www.boxofficemojo.com/release/rl1128170241/?ref_=bo_yld_table_171
Petite Maman,2022,Apr 22,829065.0,224.0,-,,https://www.boxofficemojo.com/release/rl2654765825/?ref_=bo_yld_table_172
Evangelion: 3.0+1.0 Thrice Upon a Time,2022,Dec 6,810744.0,745.0,-,,https://www.boxofficemojo.com/release/rl3051324161/?ref_=bo_yld_table_173
The Roundup,2022,May 19,812859.0,22.0,-,,https://www.boxofficemojo.com/release/rl2110096129/?ref_=bo_yld_table_174
Star Trek II: The Wrath of Khan,2022,Sep 4,794943.0,967.0,-,,https://www.boxofficemojo.com/release/rl1624998657/?ref_=bo_yld_table_175
"The Metropolitan Opera HD Live: Kevin Puts: The Hours, Libretto by Greg Pierce",2022,Dec 10,791374.0,826.0,-,,https://www.boxofficemojo.com/release/rl2297660161/?ref_=bo_yld_table_176
The Phantom of the Open,2022,Jun 3,748695.0,501.0,-,,https://www.boxofficemojo.com/release/rl4114318081/?ref_=bo_yld_table_177
Saint Michael Meet the Angel,2022,Sep 29,643828.0,811.0,-,,https://www.boxofficemojo.com/release/rl4091118337/?ref_=bo_yld_table_178
Ante Sundharaniki,2022,Jun 10,620000.0,350.0,-,,https://www.boxofficemojo.com/release/rl2580120321/?ref_=bo_yld_table_179
Unsilenced,2022,Jan 21,613621.0,186.0,-,,https://www.boxofficemojo.com/release/rl2599977729/?ref_=bo_yld_table_180
HIT: The 2nd Case,2022,Dec 2,600000.0,280.0,-,,https://www.boxofficemojo.com/release/rl2884731649/?ref_=bo_yld_table_181
Official Competition,2022,Jun 17,593790.0,173.0,-,,https://www.boxofficemojo.com/release/rl3224732417/?ref_=bo_yld_table_182
Gangubai Kathiawadi,2022,Mar 4,592000.0,,-,,https://www.boxofficemojo.com/release/rl3006432001/?ref_=bo_yld_table_183
When I'm Young,2022,Sep 23,588028.0,315.0,-,,https://www.boxofficemojo.com/release/rl853312257/?ref_=bo_yld_table_184
The Mean One,2022,Dec 8,612260.0,162.0,-,,https://www.boxofficemojo.com/release/rl3170075393/?ref_=bo_yld_table_185
"Confess, Fletch",2022,Sep 16,538842.0,516.0,-,,https://www.boxofficemojo.com/release/rl3688530689/?ref_=bo_yld_table_186
Call Jane,2022,Oct 28,512770.0,1068.0,-,,https://www.boxofficemojo.com/release/rl960135937/?ref_=bo_yld_table_187
The Quintessential Quintuplets Movie,2022,Dec 2,502000.0,910.0,-,,https://www.boxofficemojo.com/release/rl2146272001/?ref_=bo_yld_table_188
God's Country,2022,Sep 16,493679.0,785.0,-,,https://www.boxofficemojo.com/release/rl4107043585/?ref_=bo_yld_table_189
Deep in the Heart: A Texas Wildlife Story,2022,Jun 3,480240.0,69.0,-,,https://www.boxofficemojo.com/release/rl372671233/?ref_=bo_yld_table_190
The Railway Children Return,2022,Sep 23,466391.0,923.0,-,,https://www.boxofficemojo.com/release/rl64258817/?ref_=bo_yld_table_191
Vivo,2022,Apr 25,454807.0,705.0,-,,https://www.boxofficemojo.com/release/rl3611263745/?ref_=bo_yld_table_192
Selena,2022,Apr 7,444681.0,427.0,-,,https://www.boxofficemojo.com/release/rl3946545921/?ref_=bo_yld_table_193
Eiffel,2022,Apr 29,444814.0,308.0,-,,https://www.boxofficemojo.com/release/rl3039724289/?ref_=bo_yld_table_194
Brian and Charles,2022,Jun 17,430635.0,279.0,-,,https://www.boxofficemojo.com/release/rl3912401665/?ref_=bo_yld_table_195
King Richard,2022,Nov 19,15129285.0,3302.0,-,,https://www.boxofficemojo.com/release/rl1191740929/?ref_=bo_yld_table_196
Superspreader,2022,Sep 30,399370.0,235.0,-,,https://www.boxofficemojo.com/release/rl2061402881/?ref_=bo_yld_table_197
The Inspection,2022,Nov 18,390429.0,144.0,-,,https://www.boxofficemojo.com/release/rl3486810881/?ref_=bo_yld_table_198
Alice,2022,Mar 18,373043.0,169.0,-,,https://www.boxofficemojo.com/release/rl3945104129/?ref_=bo_yld_table_199
Emergency Declaration,2022,Aug 12,412196.0,42.0,-,,https://www.boxofficemojo.com/release/rl2496430849/?ref_=bo_yld_table_200
Barbie,2023,Jul 21,636238421.0,4337.0,-,,https://www.boxofficemojo.com/release/rl1077904129/?ref_=bo_yld_table_1
The Super Mario Bros. Movie,2023,Apr 5,574934330.0,4371.0,-,,https://www.boxofficemojo.com/release/rl1930593025/?ref_=bo_yld_table_2
Spider-Man: Across the Spider-Verse,2023,Jun 2,381311319.0,4332.0,-,,https://www.boxofficemojo.com/release/rl2812183041/?ref_=bo_yld_table_3
Guardians of the Galaxy Vol. 3,2023,May 5,358995815.0,4450.0,-,,https://www.boxofficemojo.com/release/rl2977202945/?ref_=bo_yld_table_4
Oppenheimer,2023,Jul 21,330078895.0,3761.0,-,,https://www.boxofficemojo.com/release/rl3725886209/?ref_=bo_yld_table_5
The Little Mermaid,2023,May 26,298172056.0,4320.0,-,,https://www.boxofficemojo.com/release/rl1913750273/?ref_=bo_yld_table_6
Avatar: The Way of Water,2023,Dec 16,684075767.0,4340.0,-,,https://www.boxofficemojo.com/release/rl3372254721/?ref_=bo_yld_table_7
Ant-Man and the Wasp: Quantumania,2023,Feb 17,214504909.0,4345.0,-,,https://www.boxofficemojo.com/release/rl3195306753/?ref_=bo_yld_table_8
John Wick: Chapter 4,2023,Mar 24,187131806.0,3855.0,-,,https://www.boxofficemojo.com/release/rl1644725761/?ref_=bo_yld_table_9
Sound of Freedom,2023,Jul 4,184178046.0,3411.0,-,,https://www.boxofficemojo.com/release/rl4254237441/?ref_=bo_yld_table_10
Taylor Swift: The Eras Tour,2023,Oct 13,180756269.0,3855.0,-,,https://www.boxofficemojo.com/release/rl4054352641/?ref_=bo_yld_table_11
Indiana Jones and the Dial of Destiny,2023,Jun 30,174480468.0,4600.0,-,,https://www.boxofficemojo.com/release/rl2776598017/?ref_=bo_yld_table_12
Mission: Impossible - Dead Reckoning Part One,2023,Jul 12,172640980.0,4327.0,-,,https://www.boxofficemojo.com/release/rl1896449537/?ref_=bo_yld_table_13
The Hunger Games: The Ballad of Songbirds & Snakes,2023,Nov 17,166350594.0,3776.0,-,,https://www.boxofficemojo.com/release/rl1262387969/?ref_=bo_yld_table_14
Transformers: Rise of the Beasts,2023,Jun 9,157341749.0,3680.0,-,,https://www.boxofficemojo.com/release/rl1606320641/?ref_=bo_yld_table_15
Creed III,2023,Mar 3,156248615.0,4007.0,-,,https://www.boxofficemojo.com/release/rl1713734401/?ref_=bo_yld_table_16
Elemental,2023,Jun 16,154426697.0,4035.0,-,,https://www.boxofficemojo.com/release/rl1811383041/?ref_=bo_yld_table_17
Fast X,2023,May 19,146126015.0,4088.0,-,,https://www.boxofficemojo.com/release/rl209683969/?ref_=bo_yld_table_18
Five Nights at Freddy's,2023,Oct 27,137275620.0,3789.0,-,,https://www.boxofficemojo.com/release/rl764248833/?ref_=bo_yld_table_19
Wonka,2023,Dec 15,218402312.0,4213.0,-,,https://www.boxofficemojo.com/release/rl2942927617/?ref_=bo_yld_table_20
Puss in Boots: The Last Wish,2023,Dec 21,186090535.0,4121.0,-,,https://www.boxofficemojo.com/release/rl3899622145/?ref_=bo_yld_table_21
Teenage Mutant Ninja Turtles: Mutant Mayhem,2023,Aug 2,118700272.0,3950.0,-,,https://www.boxofficemojo.com/release/rl393904897/?ref_=bo_yld_table_22
Scream VI,2023,Mar 10,108391107.0,3676.0,-,,https://www.boxofficemojo.com/release/rl1714914049/?ref_=bo_yld_table_23
The Flash,2023,Jun 16,108133313.0,4256.0,-,,https://www.boxofficemojo.com/release/rl2225635841/?ref_=bo_yld_table_24
Trolls Band Together,2023,Nov 17,103270155.0,3893.0,-,,https://www.boxofficemojo.com/release/rl577798913/?ref_=bo_yld_table_25
M3GAN,2023,Jan 6,95159005.0,3628.0,-,,https://www.boxofficemojo.com/release/rl1110147841/?ref_=bo_yld_table_26
Dungeons & Dragons: Honor Among Thieves,2023,Mar 31,93549650.0,3856.0,-,,https://www.boxofficemojo.com/release/rl1879410177/?ref_=bo_yld_table_27
The Equalizer 3,2023,Sep 1,92373751.0,3965.0,-,,https://www.boxofficemojo.com/release/rl1430029057/?ref_=bo_yld_table_28
The Nun II,2023,Sep 8,86267073.0,3743.0,-,,https://www.boxofficemojo.com/release/rl1339523841/?ref_=bo_yld_table_29
The Marvels,2023,Nov 10,84500223.0,4030.0,-,,https://www.boxofficemojo.com/release/rl247366145/?ref_=bo_yld_table_30
Meg 2: The Trench,2023,Aug 4,82600317.0,3604.0,-,,https://www.boxofficemojo.com/release/rl3090514689/?ref_=bo_yld_table_31
Insidious: The Red Door,2023,Jul 7,82156962.0,3188.0,-,,https://www.boxofficemojo.com/release/rl1137607425/?ref_=bo_yld_table_32
Aquaman and the Lost Kingdom,2023,Dec 22,124481226.0,3787.0,-,,https://www.boxofficemojo.com/release/rl3003745793/?ref_=bo_yld_table_33
Blue Beetle,2023,Aug 18,72488072.0,3871.0,-,,https://www.boxofficemojo.com/release/rl3693445889/?ref_=bo_yld_table_34
Haunted Mansion,2023,Jul 28,67653287.0,3740.0,-,,https://www.boxofficemojo.com/release/rl707822337/?ref_=bo_yld_table_35
Killers of the Flower Moon,2023,Oct 20,68035488.0,3786.0,-,,https://www.boxofficemojo.com/release/rl629703425/?ref_=bo_yld_table_36
Evil Dead Rise,2023,Apr 21,67233054.0,3417.0,-,,https://www.boxofficemojo.com/release/rl1289192193/?ref_=bo_yld_table_37
The Exorcist: Believer,2023,Oct 6,65537395.0,3684.0,-,,https://www.boxofficemojo.com/release/rl2047378177/?ref_=bo_yld_table_38
PAW Patrol: The Mighty Movie,2023,Sep 29,65343309.0,4027.0,-,,https://www.boxofficemojo.com/release/rl3038479105/?ref_=bo_yld_table_39
Cocaine Bear,2023,Feb 24,64670240.0,3571.0,-,,https://www.boxofficemojo.com/release/rl2503901953/?ref_=bo_yld_table_40
A Man Called Otto,2023,Dec 30,64267657.0,3957.0,-,,https://www.boxofficemojo.com/release/rl3442377473/?ref_=bo_yld_table_41
Wish,2023,Nov 22,63973821.0,3900.0,-,,https://www.boxofficemojo.com/release/rl3097657857/?ref_=bo_yld_table_42
Napoleon,2023,Nov 22,61524375.0,3500.0,-,,https://www.boxofficemojo.com/release/rl2710274817/?ref_=bo_yld_table_43
Shazam! Fury of the Gods,2023,Mar 17,57638006.0,4071.0,-,,https://www.boxofficemojo.com/release/rl162234881/?ref_=bo_yld_table_44
Migration,2023,Dec 22,127630880.0,3839.0,-,,https://www.boxofficemojo.com/release/rl83920385/?ref_=bo_yld_table_45
Saw X,2023,Sep 29,53607898.0,3262.0,-,,https://www.boxofficemojo.com/release/rl1926595329/?ref_=bo_yld_table_46
Air,2023,Apr 5,52460106.0,3507.0,-,,https://www.boxofficemojo.com/release/rl2106295041/?ref_=bo_yld_table_47
Jesus Revolution,2023,Feb 24,52102987.0,2575.0,-,,https://www.boxofficemojo.com/release/rl466125569/?ref_=bo_yld_table_48
No Hard Feelings,2023,Jun 23,50452282.0,3208.0,-,,https://www.boxofficemojo.com/release/rl4174349057/?ref_=bo_yld_table_49
Talk to Me,2023,Jul 28,48299436.0,2379.0,-,,https://www.boxofficemojo.com/release/rl3548742401/?ref_=bo_yld_table_50
Godzilla Minus One,2023,Dec 1,57144669.0,2622.0,-,,https://www.boxofficemojo.com/release/rl1285456641/?ref_=bo_yld_table_51
Gran Turismo,2023,Aug 25,44428554.0,3856.0,-,,https://www.boxofficemojo.com/release/rl3788079873/?ref_=bo_yld_table_52
The Color Purple,2023,Dec 25,60619191.0,3218.0,-,,https://www.boxofficemojo.com/release/rl577012481/?ref_=bo_yld_table_53
The Boogeyman,2023,Jun 2,43244282.0,3205.0,-,,https://www.boxofficemojo.com/release/rl3958932225/?ref_=bo_yld_table_54
A Haunting in Venice,2023,Sep 15,42471412.0,3305.0,-,,https://www.boxofficemojo.com/release/rl216040193/?ref_=bo_yld_table_55
The Creator,2023,Sep 29,40774679.0,3680.0,-,,https://www.boxofficemojo.com/release/rl3888743169/?ref_=bo_yld_table_56
80 for Brady,2023,Feb 3,39448525.0,3939.0,-,,https://www.boxofficemojo.com/release/rl3470820097/?ref_=bo_yld_table_57
The Boy and the Heron,2023,Dec 8,46832867.0,2325.0,-,,https://www.boxofficemojo.com/release/rl4222321409/?ref_=bo_yld_table_58
Knock at the Cabin,2023,Feb 3,35397980.0,3657.0,-,,https://www.boxofficemojo.com/release/rl3793191681/?ref_=bo_yld_table_59
Renaissance: A Film by Beyoncé,2023,Dec 1,33889684.0,2542.0,-,,https://www.boxofficemojo.com/release/rl347177729/?ref_=bo_yld_table_60
Missing,2023,Jan 20,32502025.0,3025.0,-,,https://www.boxofficemojo.com/release/rl3403318017/?ref_=bo_yld_table_61
Plane,2023,Jan 13,32111181.0,3060.0,-,,https://www.boxofficemojo.com/release/rl1992983297/?ref_=bo_yld_table_62
65,2023,Mar 10,32062904.0,3405.0,-,,https://www.boxofficemojo.com/release/rl4235821825/?ref_=bo_yld_table_63
Thanksgiving,2023,Nov 17,31908884.0,3204.0,-,,https://www.boxofficemojo.com/release/rl2760606465/?ref_=bo_yld_table_64
My Big Fat Greek Wedding 3,2023,Sep 8,28496030.0,3678.0,-,,https://www.boxofficemojo.com/release/rl780174081/?ref_=bo_yld_table_65
Asteroid City,2023,Jun 16,28153025.0,1901.0,-,,https://www.boxofficemojo.com/release/rl1592820481/?ref_=bo_yld_table_66
Magic Mike's Last Dance,2023,Feb 10,26005156.0,3034.0,-,,https://www.boxofficemojo.com/release/rl503218945/?ref_=bo_yld_table_67
Anyone But You,2023,Dec 22,88319668.0,3055.0,-,,https://www.boxofficemojo.com/release/rl3616572161/?ref_=bo_yld_table_68
Strays,2023,Aug 18,23988885.0,3232.0,-,,https://www.boxofficemojo.com/release/rl3174007553/?ref_=bo_yld_table_69
The Boys in the Boat,2023,Dec 25,52641306.0,2687.0,-,,https://www.boxofficemojo.com/release/rl43614977/?ref_=bo_yld_table_70
Priscilla,2023,Oct 27,20960939.0,2361.0,-,,https://www.boxofficemojo.com/release/rl1218675457/?ref_=bo_yld_table_71
"Are You There God? It's Me, Margaret.",2023,Apr 28,20372406.0,3343.0,-,,https://www.boxofficemojo.com/release/rl4079649537/?ref_=bo_yld_table_72
The Pope's Exorcist,2023,Apr 14,20009380.0,3178.0,-,,https://www.boxofficemojo.com/release/rl1187939073/?ref_=bo_yld_table_73
The Holdovers,2023,Oct 27,20355375.0,1601.0,-,,https://www.boxofficemojo.com/release/rl92504833/?ref_=bo_yld_table_74
The Blackening,2023,Jun 16,17707207.0,1775.0,-,,https://www.boxofficemojo.com/release/rl2565833473/?ref_=bo_yld_table_75
Book Club: The Next Chapter,2023,May 12,17581565.0,3513.0,-,,https://www.boxofficemojo.com/release/rl1943044865/?ref_=bo_yld_table_76
Pathaan,2023,Jan 25,17487476.0,697.0,-,,https://www.boxofficemojo.com/release/rl1474921217/?ref_=bo_yld_table_77
Black Panther: Wakanda Forever,2023,Nov 11,453829060.0,4396.0,-,,https://www.boxofficemojo.com/release/rl3573908993/?ref_=bo_yld_table_78
Renfield,2023,Apr 14,17297895.0,3378.0,-,,https://www.boxofficemojo.com/release/rl590381825/?ref_=bo_yld_table_79
The Blind,2023,Sep 28,17265487.0,1715.0,-,,https://www.boxofficemojo.com/release/rl2123662081/?ref_=bo_yld_table_80
The Covenant,2023,Apr 21,16938039.0,2631.0,-,,https://www.boxofficemojo.com/release/rl1928692481/?ref_=bo_yld_table_81
The Expendables 4,2023,Sep 22,16710153.0,3518.0,-,,https://www.boxofficemojo.com/release/rl2783019777/?ref_=bo_yld_table_82
Champions,2023,Mar 10,16397335.0,3039.0,-,,https://www.boxofficemojo.com/release/rl2395767553/?ref_=bo_yld_table_83
The Iron Claw,2023,Dec 22,35070296.0,2794.0,-,,https://www.boxofficemojo.com/release/rl1537442561/?ref_=bo_yld_table_84
Ruby Gillman: Teenage Kraken,2023,Jun 30,15753600.0,3408.0,-,,https://www.boxofficemojo.com/release/rl176587521/?ref_=bo_yld_table_85
Jawan,2023,Sep 7,15198530.0,826.0,-,,https://www.boxofficemojo.com/release/rl2106360577/?ref_=bo_yld_table_86
Titanic,2023,Feb 10,15096069.0,2464.0,-,,https://www.boxofficemojo.com/release/rl3167650561/?ref_=bo_yld_table_87
Animal,2023,Dec 1,15004482.0,698.0,-,,https://www.boxofficemojo.com/release/rl3300557569/?ref_=bo_yld_table_88
Dumb Money,2023,Sep 15,13925356.0,2837.0,-,,https://www.boxofficemojo.com/release/rl3028583169/?ref_=bo_yld_table_89
The Last Voyage of the Demeter,2023,Aug 11,13637180.0,2715.0,-,,https://www.boxofficemojo.com/release/rl2382856961/?ref_=bo_yld_table_90
Joy Ride,2023,Jul 7,12897789.0,2820.0,-,,https://www.boxofficemojo.com/release/rl2732688129/?ref_=bo_yld_table_91
His Only Son,2023,Mar 31,12392740.0,1930.0,-,,https://www.boxofficemojo.com/release/rl528515841/?ref_=bo_yld_table_92
The Whale,2023,Dec 9,17463630.0,1721.0,-,,https://www.boxofficemojo.com/release/rl4040786689/?ref_=bo_yld_table_93
About My Father,2023,May 26,12089391.0,2464.0,-,,https://www.boxofficemojo.com/release/rl2950791937/?ref_=bo_yld_table_94
Bottoms,2023,Aug 25,12036071.0,1265.0,-,,https://www.boxofficemojo.com/release/rl93946625/?ref_=bo_yld_table_95
The Shift,2023,Dec 1,12118219.0,2450.0,-,,https://www.boxofficemojo.com/release/rl2219016193/?ref_=bo_yld_table_96
After Death,2023,Oct 27,11478326.0,2730.0,-,,https://www.boxofficemojo.com/release/rl1236108033/?ref_=bo_yld_table_97
Saltburn,2023,Nov 17,11425829.0,1566.0,-,,https://www.boxofficemojo.com/release/rl104955905/?ref_=bo_yld_table_98
Past Lives,2023,Jun 2,11331983.0,906.0,-,,https://www.boxofficemojo.com/release/rl3498410753/?ref_=bo_yld_table_99
Suzume,2023,Apr 14,10932037.0,2170.0,-,,https://www.boxofficemojo.com/release/rl2163311361/?ref_=bo_yld_table_100
Ferrari,2023,Dec 25,18550028.0,2386.0,-,,https://www.boxofficemojo.com/release/rl390496257/?ref_=bo_yld_table_101
The Machine,2023,May 26,10458331.0,2409.0,-,,https://www.boxofficemojo.com/release/rl3287778049/?ref_=bo_yld_table_102
Whitney Houston: I Wanna Dance with Somebody,2023,Dec 23,23708080.0,3625.0,-,,https://www.boxofficemojo.com/release/rl101810945/?ref_=bo_yld_table_103
Poor Things,2023,Dec 8,34553225.0,2300.0,-,,https://www.boxofficemojo.com/release/rl3566306049/?ref_=bo_yld_table_104
The Nightmare Before Christmas,2023,Oct 20,10251956.0,2185.0,-,,https://www.boxofficemojo.com/release/rl2880799489/?ref_=bo_yld_table_105
Demon Slayer: Kimetsu No Yaiba - To the Swordsmith Village,2023,Mar 3,10117806.0,1774.0,-,,https://www.boxofficemojo.com/release/rl3313664769/?ref_=bo_yld_table_106
House Party,2023,Jan 13,9002247.0,1400.0,-,,https://www.boxofficemojo.com/release/rl1456964353/?ref_=bo_yld_table_107
Radical,2023,Nov 3,8702731.0,534.0,-,,https://www.boxofficemojo.com/release/rl1335788289/?ref_=bo_yld_table_108
Salaar,2023,Dec 22,8929282.0,802.0,-,,https://www.boxofficemojo.com/release/rl2487451649/?ref_=bo_yld_table_109
Silent Night,2023,Dec 1,8012103.0,1873.0,-,,https://www.boxofficemojo.com/release/rl1018987265/?ref_=bo_yld_table_110
Beau Is Afraid,2023,Apr 14,8176562.0,2125.0,-,,https://www.boxofficemojo.com/release/rl1022984961/?ref_=bo_yld_table_111
The Hill,2023,Aug 25,7665865.0,1703.0,-,,https://www.boxofficemojo.com/release/rl1476166401/?ref_=bo_yld_table_112
Sisu,2023,Apr 28,7265622.0,1006.0,-,,https://www.boxofficemojo.com/release/rl2306900737/?ref_=bo_yld_table_113
Star Wars: Episode VI - Return of the Jedi,2023,Apr 28,7259924.0,475.0,-,,https://www.boxofficemojo.com/release/rl1133413121/?ref_=bo_yld_table_114
Everything Everywhere All at Once,2023,Mar 25,77191785.0,2220.0,-,,https://www.boxofficemojo.com/release/rl3861218049/?ref_=bo_yld_table_115
Dunki,2023,Dec 21,7460159.0,650.0,-,,https://www.boxofficemojo.com/release/rl2847769345/?ref_=bo_yld_table_116
Coraline,2023,Aug 14,7149366.0,1469.0,-,,https://www.boxofficemojo.com/release/rl3214443265/?ref_=bo_yld_table_117
Retribution,2023,Aug 25,6937696.0,1750.0,-,,https://www.boxofficemojo.com/release/rl178029313/?ref_=bo_yld_table_118
Journey to Bethlehem,2023,Nov 10,6820796.0,2002.0,-,,https://www.boxofficemojo.com/release/rl330924801/?ref_=bo_yld_table_119
Next Goal Wins,2023,Nov 17,6713826.0,2240.0,-,,https://www.boxofficemojo.com/release/rl3805971201/?ref_=bo_yld_table_120
Operation Fortune: Ruse de Guerre,2023,Mar 3,6496125.0,2168.0,-,,https://www.boxofficemojo.com/release/rl3305145089/?ref_=bo_yld_table_121
BTS: Yet to Come in Cinemas,2023,Feb 1,8481053.0,1210.0,-,,https://www.boxofficemojo.com/release/rl1828487937/?ref_=bo_yld_table_122
Babylon,2023,Dec 23,15658225.0,3351.0,-,,https://www.boxofficemojo.com/release/rl2308997633/?ref_=bo_yld_table_123
Love Again,2023,May 5,6230837.0,2703.0,-,,https://www.boxofficemojo.com/release/rl4031233/?ref_=bo_yld_table_124
Dream Scenario,2023,Nov 10,5742193.0,1578.0,-,,https://www.boxofficemojo.com/release/rl2292482817/?ref_=bo_yld_table_125
The Fabelmans,2023,Nov 11,17348945.0,1962.0,-,,https://www.boxofficemojo.com/release/rl337871617/?ref_=bo_yld_table_126
The Chosen Season 3 Finale,2023,Feb 2,5525069.0,1979.0,-,,https://www.boxofficemojo.com/release/rl1308394241/?ref_=bo_yld_table_127
Nefarious,2023,Apr 14,5433685.0,933.0,-,,https://www.boxofficemojo.com/release/rl1073644289/?ref_=bo_yld_table_128
Big George Foreman,2023,Apr 28,5426772.0,3054.0,-,,https://www.boxofficemojo.com/release/rl135365377/?ref_=bo_yld_table_129
Waitress: The Musical,2023,Dec 7,5402148.0,1214.0,-,,https://www.boxofficemojo.com/release/rl306479105/?ref_=bo_yld_table_130
Tiger 3,2023,Nov 11,5365263.0,779.0,-,,https://www.boxofficemojo.com/release/rl2410840833/?ref_=bo_yld_table_131
Women Talking,2023,Dec 23,5456531.0,707.0,-,,https://www.boxofficemojo.com/release/rl784827137/?ref_=bo_yld_table_132
Freelance,2023,Oct 27,5314136.0,2057.0,-,,https://www.boxofficemojo.com/release/rl329679617/?ref_=bo_yld_table_133
Infinity Pool,2023,Jan 27,5078400.0,1835.0,-,,https://www.boxofficemojo.com/release/rl4009329409/?ref_=bo_yld_table_134
Hocus Pocus,2023,Oct 6,4929004.0,1430.0,-,,https://www.boxofficemojo.com/release/rl1018200833/?ref_=bo_yld_table_135
You Hurt My Feelings,2023,May 26,4830788.0,912.0,-,,https://www.boxofficemojo.com/release/rl3699737345/?ref_=bo_yld_table_136
Kandahar,2023,May 26,4813132.0,2105.0,-,,https://www.boxofficemojo.com/release/rl1375503105/?ref_=bo_yld_table_137
Golda,2023,Aug 25,4801781.0,883.0,-,,https://www.boxofficemojo.com/release/rl3656090369/?ref_=bo_yld_table_138
It Lives Inside,2023,Sep 22,4675092.0,2005.0,-,,https://www.boxofficemojo.com/release/rl1487897345/?ref_=bo_yld_table_139
Hypnotic,2023,May 12,4500169.0,2118.0,-,,https://www.boxofficemojo.com/release/rl982024961/?ref_=bo_yld_table_140
Stop Making Sense,2023,Sep 22,5211310.0,786.0,-,,https://www.boxofficemojo.com/release/rl933921537/?ref_=bo_yld_table_141
Marlowe,2023,Feb 15,4350243.0,2281.0,-,,https://www.boxofficemojo.com/release/rl1593606913/?ref_=bo_yld_table_142
The Amazing Maurice,2023,Feb 3,4303645.0,1717.0,-,,https://www.boxofficemojo.com/release/rl317883137/?ref_=bo_yld_table_143
Mummies,2023,Feb 24,4275970.0,384.0,-,,https://www.boxofficemojo.com/release/rl2532410113/?ref_=bo_yld_table_144
Theater Camp,2023,Jul 14,4009945.0,555.0,-,,https://www.boxofficemojo.com/release/rl1652851457/?ref_=bo_yld_table_145
Ponniyin Selvan: Part Two,2023,Apr 28,3813000.0,,-,,https://www.boxofficemojo.com/release/rl848331521/?ref_=bo_yld_table_146
Anatomy of a Fall,2023,Oct 13,5076369.0,583.0,-,,https://www.boxofficemojo.com/release/rl1739752193/?ref_=bo_yld_table_147
Left Behind: Rise of the Antichrist,2023,Jan 26,3649422.0,1407.0,-,,https://www.boxofficemojo.com/release/rl3337192193/?ref_=bo_yld_table_148
The Journey: A Music Special from Andrea Bocelli,2023,Apr 2,3574915.0,1074.0,-,,https://www.boxofficemojo.com/release/rl1049461505/?ref_=bo_yld_table_149
Chevalier,2023,Apr 21,3541159.0,1281.0,-,,https://www.boxofficemojo.com/release/rl165708545/?ref_=bo_yld_table_150
Mafia Mamma,2023,Apr 14,3496761.0,2002.0,-,,https://www.boxofficemojo.com/release/rl646087425/?ref_=bo_yld_table_151
The Wandering Earth II,2023,Jan 22,5023132.0,172.0,-,,https://www.boxofficemojo.com/release/rl1190560513/?ref_=bo_yld_table_152
A Thousand and One,2023,Mar 31,3400020.0,926.0,-,,https://www.boxofficemojo.com/release/rl3773006593/?ref_=bo_yld_table_153
Violent Night,2023,Dec 2,50057405.0,3723.0,-,,https://www.boxofficemojo.com/release/rl4179395329/?ref_=bo_yld_table_154
What Happens Later,2023,Nov 3,3273895.0,1492.0,-,,https://www.boxofficemojo.com/release/rl2931196673/?ref_=bo_yld_table_155
2023 Oscar Nominated Short Films: Live Action,2023,Feb 17,3025631.0,357.0,-,,https://www.boxofficemojo.com/release/rl2357232385/?ref_=bo_yld_table_156
Living,2023,Dec 23,3038113.0,644.0,-,,https://www.boxofficemojo.com/release/rl3218244353/?ref_=bo_yld_table_157
Jurassic Park,2023,Aug 25,2970355.0,1224.0,-,,https://www.boxofficemojo.com/release/rl94995201/?ref_=bo_yld_table_158
The Menu,2023,Nov 18,38501125.0,3228.0,-,,https://www.boxofficemojo.com/release/rl2839380737/?ref_=bo_yld_table_159
Tu Jhoothi Main Makkaar,2023,Mar 8,2503604.0,400.0,-,,https://www.boxofficemojo.com/release/rl3657270017/?ref_=bo_yld_table_160
Come Out in Jesus Name,2023,Mar 13,2500574.0,1047.0,-,,https://www.boxofficemojo.com/release/rl4035412737/?ref_=bo_yld_table_161
The Miracle Club,2023,Jul 14,2402780.0,677.0,-,,https://www.boxofficemojo.com/release/rl983663361/?ref_=bo_yld_table_162
A Good Person,2023,Mar 24,2210465.0,687.0,-,,https://www.boxofficemojo.com/release/rl566723329/?ref_=bo_yld_table_163
Spirited Away: Live on Stage,2023,Apr 23,1455081.0,1046.0,-,,https://www.boxofficemojo.com/release/rl3001450497/?ref_=bo_yld_table_164
Moving On,2023,Mar 17,2136832.0,794.0,-,,https://www.boxofficemojo.com/release/rl1374716673/?ref_=bo_yld_table_165
Skinamarink,2023,Jan 13,2052272.0,809.0,-,,https://www.boxofficemojo.com/release/rl2767291137/?ref_=bo_yld_table_166
Die Hard,2023,Dec 8,2048453.0,1355.0,-,,https://www.boxofficemojo.com/release/rl3108274177/?ref_=bo_yld_table_167
Jules,2023,Aug 11,1924922.0,780.0,-,,https://www.boxofficemojo.com/release/rl2325447425/?ref_=bo_yld_table_168
Somewhere in Queens,2023,Apr 21,1802442.0,602.0,-,,https://www.boxofficemojo.com/release/rl1978434305/?ref_=bo_yld_table_169
The Marsh King's Daughter,2023,Nov 3,1792905.0,1055.0,-,,https://www.boxofficemojo.com/release/rl280265473/?ref_=bo_yld_table_170
Oldboy,2023,Aug 16,1750719.0,250.0,-,,https://www.boxofficemojo.com/release/rl2460451585/?ref_=bo_yld_table_171
Winnie-the-Pooh: Blood and Honey,2023,Feb 15,2082898.0,1652.0,-,,https://www.boxofficemojo.com/release/rl3925050113/?ref_=bo_yld_table_172
Fear,2023,Jan 27,2090261.0,974.0,-,,https://www.boxofficemojo.com/release/rl772702977/?ref_=bo_yld_table_173
Lost in the Stars,2023,Jul 7,1721446.0,,-,,https://www.boxofficemojo.com/release/rl883393281/?ref_=bo_yld_table_174
Creation of the Gods I: Kingdom of Storms,2023,Sep 22,1706355.0,115.0,-,,https://www.boxofficemojo.com/release/rl1487569665/?ref_=bo_yld_table_175
American Fiction,2023,Dec 15,21098470.0,1902.0,-,,https://www.boxofficemojo.com/release/rl2073330433/?ref_=bo_yld_table_176
The Retirement Plan,2023,Sep 15,1607344.0,1175.0,-,,https://www.boxofficemojo.com/release/rl4267671553/?ref_=bo_yld_table_177
Polite Society,2023,Apr 28,1595585.0,927.0,-,,https://www.boxofficemojo.com/release/rl1407615745/?ref_=bo_yld_table_178
That Time I Got Reincarnated as a Slime the Movie: Scarlet Bond,2023,Jan 20,2500000.0,1473.0,-,,https://www.boxofficemojo.com/release/rl3522724609/?ref_=bo_yld_table_179
The Banshees of Inisherin,2023,Oct 21,10582266.0,1205.0,-,,https://www.boxofficemojo.com/release/rl925926145/?ref_=bo_yld_table_180
The Quiet Girl,2023,Feb 24,1500014.0,244.0,-,,https://www.boxofficemojo.com/release/rl3213067009/?ref_=bo_yld_table_181
BlackBerry,2023,May 12,1476597.0,449.0,-,,https://www.boxofficemojo.com/release/rl3388965633/?ref_=bo_yld_table_182
Dicks: The Musical,2023,Oct 6,1453012.0,635.0,-,,https://www.boxofficemojo.com/release/rl1084523265/?ref_=bo_yld_table_183
Eileen,2023,Dec 1,1435007.0,558.0,-,,https://www.boxofficemojo.com/release/rl893747201/?ref_=bo_yld_table_184
Maybe I Do,2023,Jan 27,1293722.0,465.0,-,,https://www.boxofficemojo.com/release/rl1240236801/?ref_=bo_yld_table_185
The First Slam Dunk,2023,Jul 28,1291869.0,581.0,-,,https://www.boxofficemojo.com/release/rl1587315457/?ref_=bo_yld_table_186
Billie Eilish: Live at the O2 (Extended Cut),2023,Jan 27,1290000.0,600.0,-,,https://www.boxofficemojo.com/release/rl2331673345/?ref_=bo_yld_table_187
The Big Lebowski,2023,Mar 6,18718818.0,1235.0,-,,https://www.boxofficemojo.com/release/rl239568385/?ref_=bo_yld_table_188
Back to the Future,2023,Jul 3,212326307.0,1550.0,-,,https://www.boxofficemojo.com/release/rl2974385665/?ref_=bo_yld_table_189
Tár,2023,Oct 7,6773650.0,1090.0,-,,https://www.boxofficemojo.com/release/rl605979393/?ref_=bo_yld_table_190
The Lost King,2023,Mar 24,1188032.0,753.0,-,,https://www.boxofficemojo.com/release/rl2749203201/?ref_=bo_yld_table_191
The Lord of the Rings: The Return of the King,2023,Apr 13,1176085.0,1107.0,-,,https://www.boxofficemojo.com/release/rl3984687873/?ref_=bo_yld_table_192
Camp Hideout,2023,Sep 15,1125010.0,848.0,-,,https://www.boxofficemojo.com/release/rl530678529/?ref_=bo_yld_table_193
Strange World,2023,Nov 23,37968963.0,4174.0,-,,https://www.boxofficemojo.com/release/rl3422914049/?ref_=bo_yld_table_194
Close,2023,Jan 27,1100113.0,233.0,-,,https://www.boxofficemojo.com/release/rl2079163137/?ref_=bo_yld_table_195
Emily,2023,Feb 17,1097067.0,579.0,-,,https://www.boxofficemojo.com/release/rl2666693377/?ref_=bo_yld_table_196
Knights of the Zodiac,2023,May 12,1090155.0,588.0,-,,https://www.boxofficemojo.com/release/rl4203184897/?ref_=bo_yld_table_197
Broker,2023,Dec 23,1046899.0,271.0,-,,https://www.boxofficemojo.com/release/rl586646273/?ref_=bo_yld_table_198
Showing Up,2023,Apr 7,754483.0,115.0,-,,https://www.boxofficemojo.com/release/rl956203777/?ref_=bo_yld_table_199
Inside,2023,Mar 17,918415.0,357.0,-,,https://www.boxofficemojo.com/release/rl132023041/?ref_=bo_yld_table_200
Inside Out 2,2024,Jun 14,652980194.0,4440.0,-,,https://www.boxofficemojo.com/release/rl3638199041/?ref_=bo_yld_table_1
Deadpool & Wolverine,2024,Jul 26,636745858.0,4330.0,-,,https://www.boxofficemojo.com/release/rl4108092161/?ref_=bo_yld_table_2
Wicked,2024,Nov 22,474983975.0,3888.0,-,,https://www.boxofficemojo.com/release/rl1199474177/?ref_=bo_yld_table_3
Moana 2,2024,Nov 27,460405297.0,4200.0,-,,https://www.boxofficemojo.com/release/rl862748673/?ref_=bo_yld_table_4
Despicable Me 4,2024,Jul 3,361004205.0,4449.0,-,,https://www.boxofficemojo.com/release/rl2603516673/?ref_=bo_yld_table_5
Beetlejuice Beetlejuice,2024,Sep 6,294100435.0,4575.0,-,,https://www.boxofficemojo.com/release/rl3365110529/?ref_=bo_yld_table_6
Dune: Part Two,2024,Mar 1,282144358.0,4074.0,-,,https://www.boxofficemojo.com/release/rl68715265/?ref_=bo_yld_table_7
Twisters,2024,Jul 19,267762265.0,4170.0,-,,https://www.boxofficemojo.com/release/rl1324712705/?ref_=bo_yld_table_8
Godzilla X Kong: The New Empire,2024,Mar 29,196350016.0,3948.0,-,,https://www.boxofficemojo.com/release/rl3351937793/?ref_=bo_yld_table_9
Kung Fu Panda 4,2024,Mar 8,193590620.0,4067.0,-,,https://www.boxofficemojo.com/release/rl601195265/?ref_=bo_yld_table_10
Bad Boys: Ride or Die,2024,Jun 7,193573217.0,3885.0,-,,https://www.boxofficemojo.com/release/rl1386447617/?ref_=bo_yld_table_11
Kingdom of the Planet of the Apes,2024,May 10,171130165.0,4075.0,-,,https://www.boxofficemojo.com/release/rl1678869249/?ref_=bo_yld_table_12
Gladiator II,2024,Nov 22,172438016.0,3580.0,-,,https://www.boxofficemojo.com/release/rl1778156289/?ref_=bo_yld_table_13
Sonic the Hedgehog 3,2024,Dec 20,236115100.0,3769.0,-,,https://www.boxofficemojo.com/release/rl886211329/?ref_=bo_yld_table_14
It Ends with Us,2024,Aug 9,148518266.0,3839.0,-,,https://www.boxofficemojo.com/release/rl3818881793/?ref_=bo_yld_table_15
The Wild Robot,2024,Sep 27,143901945.0,3997.0,-,,https://www.boxofficemojo.com/release/rl3443949569/?ref_=bo_yld_table_16
Venom: The Last Dance,2024,Oct 25,139755882.0,4131.0,-,,https://www.boxofficemojo.com/release/rl3290006273/?ref_=bo_yld_table_17
A Quiet Place: Day One,2024,Jun 28,139051884.0,3708.0,-,,https://www.boxofficemojo.com/release/rl545096449/?ref_=bo_yld_table_18
Mufasa: The Lion King,2024,Dec 20,254567693.0,4100.0,-,,https://www.boxofficemojo.com/release/rl1511097089/?ref_=bo_yld_table_19
Ghostbusters: Frozen Empire,2024,Mar 22,113376590.0,4345.0,-,,https://www.boxofficemojo.com/release/rl1436779265/?ref_=bo_yld_table_20
IF,2024,May 17,111375918.0,4068.0,-,,https://www.boxofficemojo.com/release/rl3731915521/?ref_=bo_yld_table_21
Alien: Romulus,2024,Aug 16,105313091.0,3915.0,-,,https://www.boxofficemojo.com/release/rl654017281/?ref_=bo_yld_table_22
Bob Marley: One Love,2024,Feb 14,96981216.0,3597.0,-,,https://www.boxofficemojo.com/release/rl1496810241/?ref_=bo_yld_table_23
Red One,2024,Nov 15,97000759.0,4032.0,-,,https://www.boxofficemojo.com/release/rl2841083905/?ref_=bo_yld_table_24
The Fall Guy,2024,May 3,92900355.0,4008.0,-,,https://www.boxofficemojo.com/release/rl752190209/?ref_=bo_yld_table_25
The Garfield Movie,2024,May 24,91956547.0,4108.0,-,,https://www.boxofficemojo.com/release/rl382960385/?ref_=bo_yld_table_26
Wonka,2024,Dec 15,218402312.0,4213.0,-,,https://www.boxofficemojo.com/release/rl2942927617/?ref_=bo_yld_table_27
Longlegs,2024,Jul 12,74346140.0,2850.0,-,,https://www.boxofficemojo.com/release/rl1733394433/?ref_=bo_yld_table_28
Migration,2024,Dec 22,127630880.0,3839.0,-,,https://www.boxofficemojo.com/release/rl83920385/?ref_=bo_yld_table_29
Mean Girls,2024,Jan 12,72581770.0,3826.0,-,,https://www.boxofficemojo.com/release/rl615482113/?ref_=bo_yld_table_30
Smile 2,2024,Oct 18,69012586.0,3624.0,-,,https://www.boxofficemojo.com/release/rl665813761/?ref_=bo_yld_table_31
Civil War,2024,Apr 12,68756072.0,3929.0,-,,https://www.boxofficemojo.com/release/rl172392449/?ref_=bo_yld_table_32
Furiosa: A Mad Max Saga,2024,May 24,67475791.0,3864.0,-,,https://www.boxofficemojo.com/release/rl627344129/?ref_=bo_yld_table_33
The Beekeeper,2024,Jan 12,66220535.0,3337.0,-,,https://www.boxofficemojo.com/release/rl2912715521/?ref_=bo_yld_table_34
Anyone But You,2024,Dec 22,88319668.0,3055.0,-,,https://www.boxofficemojo.com/release/rl3616572161/?ref_=bo_yld_table_35
Transformers One,2024,Sep 20,59098421.0,3978.0,-,,https://www.boxofficemojo.com/release/rl3760947969/?ref_=bo_yld_table_36
Joker: Folie à Deux,2024,Oct 4,58300287.0,4102.0,-,,https://www.boxofficemojo.com/release/rl2339995649/?ref_=bo_yld_table_37
Terrifier 3,2024,Oct 11,53981071.0,2762.0,-,,https://www.boxofficemojo.com/release/rl2221441025/?ref_=bo_yld_table_38
Challengers,2024,Apr 26,50119408.0,3477.0,-,,https://www.boxofficemojo.com/release/rl2915664641/?ref_=bo_yld_table_39
Nosferatu,2024,Dec 25,95608235.0,3132.0,-,,https://www.boxofficemojo.com/release/rl2537783297/?ref_=bo_yld_table_40
Aquaman and the Lost Kingdom,2024,Dec 22,124481226.0,3787.0,-,,https://www.boxofficemojo.com/release/rl3003745793/?ref_=bo_yld_table_41
Argylle,2024,Feb 2,45207275.0,3647.0,-,,https://www.boxofficemojo.com/release/rl4071392001/?ref_=bo_yld_table_42
Madame Web,2024,Feb 14,43817106.0,4013.0,-,,https://www.boxofficemojo.com/release/rl1379697409/?ref_=bo_yld_table_43
Trap,2024,Aug 2,42777281.0,3181.0,-,,https://www.boxofficemojo.com/release/rl562070273/?ref_=bo_yld_table_44
The Best Christmas Pageant Ever,2024,Nov 8,40048808.0,3020.0,-,,https://www.boxofficemojo.com/release/rl457277441/?ref_=bo_yld_table_45
Speak No Evil,2024,Sep 13,36931420.0,3375.0,-,,https://www.boxofficemojo.com/release/rl999260929/?ref_=bo_yld_table_46
The Strangers: Chapter 1,2024,May 17,35202562.0,2856.0,-,,https://www.boxofficemojo.com/release/rl793346049/?ref_=bo_yld_table_47
Coraline,2024,Aug 15,33626425.0,1564.0,-,,https://www.boxofficemojo.com/release/rl2607513601/?ref_=bo_yld_table_48
Night Swim,2024,Jan 5,32494740.0,3257.0,-,,https://www.boxofficemojo.com/release/rl2046198529/?ref_=bo_yld_table_49
Conclave,2024,Oct 25,32580655.0,2377.0,-,,https://www.boxofficemojo.com/release/rl3898179585/?ref_=bo_yld_table_50
The Boys in the Boat,2024,Dec 25,52641306.0,2687.0,-,,https://www.boxofficemojo.com/release/rl43614977/?ref_=bo_yld_table_51
Reagan,2024,Aug 30,30047417.0,2770.0,-,,https://www.boxofficemojo.com/release/rl4133781505/?ref_=bo_yld_table_52
The Forge,2024,Aug 23,29123632.0,1921.0,-,,https://www.boxofficemojo.com/release/rl1795064577/?ref_=bo_yld_table_53
Horizon: An American Saga - Chapter 1,2024,Jun 28,29035702.0,3334.0,-,,https://www.boxofficemojo.com/release/rl3484517121/?ref_=bo_yld_table_54
A Complete Unknown,2024,Dec 25,75001720.0,2835.0,-,,https://www.boxofficemojo.com/release/rl2843508737/?ref_=bo_yld_table_55
Imaginary,2024,Mar 8,28009161.0,3118.0,-,,https://www.boxofficemojo.com/release/rl3180495617/?ref_=bo_yld_table_56
Heretic,2024,Nov 8,27986380.0,3230.0,-,,https://www.boxofficemojo.com/release/rl2876014593/?ref_=bo_yld_table_57
Abigail,2024,Apr 19,25867515.0,3393.0,-,,https://www.boxofficemojo.com/release/rl1488880385/?ref_=bo_yld_table_58
Monkey Man,2024,Apr 5,25116955.0,3037.0,-,,https://www.boxofficemojo.com/release/rl290357249/?ref_=bo_yld_table_59
Arthur the King,2024,Mar 15,25049006.0,3003.0,-,,https://www.boxofficemojo.com/release/rl1589609217/?ref_=bo_yld_table_60
We Live in Time,2024,Oct 11,24692924.0,2964.0,-,,https://www.boxofficemojo.com/release/rl2825682945/?ref_=bo_yld_table_61
Poor Things,2024,Dec 8,34553225.0,2300.0,-,,https://www.boxofficemojo.com/release/rl3566306049/?ref_=bo_yld_table_62
Blink Twice,2024,Aug 23,23093906.0,3067.0,-,,https://www.boxofficemojo.com/release/rl4082008065/?ref_=bo_yld_table_63
Kraven the Hunter,2024,Dec 13,25026310.0,3211.0,-,,https://www.boxofficemojo.com/release/rl259556097/?ref_=bo_yld_table_64
The Bikeriders,2024,Jun 21,21746895.0,2692.0,-,,https://www.boxofficemojo.com/release/rl620462849/?ref_=bo_yld_table_65
The Ministry of Ungentlemanly Warfare,2024,Apr 19,20535053.0,2845.0,-,,https://www.boxofficemojo.com/release/rl3964305409/?ref_=bo_yld_table_66
Fly Me to the Moon,2024,Jul 12,20532222.0,3356.0,-,,https://www.boxofficemojo.com/release/rl810057729/?ref_=bo_yld_table_67
Unsung Hero,2024,Apr 26,20335239.0,2832.0,-,,https://www.boxofficemojo.com/release/rl832733953/?ref_=bo_yld_table_68
The First Omen,2024,Apr 5,20092802.0,3375.0,-,,https://www.boxofficemojo.com/release/rl591495169/?ref_=bo_yld_table_69
Cabrini,2024,Mar 8,19512134.0,2850.0,-,,https://www.boxofficemojo.com/release/rl776962049/?ref_=bo_yld_table_70
American Fiction,2024,Dec 15,21098470.0,1902.0,-,,https://www.boxofficemojo.com/release/rl2073330433/?ref_=bo_yld_table_71
Ordinary Angels,2024,Feb 23,19174421.0,3020.0,-,,https://www.boxofficemojo.com/release/rl226919169/?ref_=bo_yld_table_72
The Iron Claw,2024,Dec 22,35070296.0,2794.0,-,,https://www.boxofficemojo.com/release/rl1537442561/?ref_=bo_yld_table_73
The Watchers,2024,Jun 7,19071404.0,3351.0,-,,https://www.boxofficemojo.com/release/rl2180940545/?ref_=bo_yld_table_74
Tarot,2024,May 3,18771004.0,3104.0,-,,https://www.boxofficemojo.com/release/rl3080028929/?ref_=bo_yld_table_75
Demon Slayer: Kimetsu No Yaiba - To the Hashira Training,2024,Feb 23,17657658.0,1949.0,-,,https://www.boxofficemojo.com/release/rl709394433/?ref_=bo_yld_table_76
Harold and the Purple Crayon,2024,Aug 2,17640924.0,3325.0,-,,https://www.boxofficemojo.com/release/rl2031190785/?ref_=bo_yld_table_77
The Color Purple,2024,Dec 25,60619191.0,3218.0,-,,https://www.boxofficemojo.com/release/rl577012481/?ref_=bo_yld_table_78
The Substance,2024,Sep 20,17584795.0,1949.0,-,,https://www.boxofficemojo.com/release/rl2684977153/?ref_=bo_yld_table_79
Immaculate,2024,Mar 22,15671307.0,2362.0,-,,https://www.boxofficemojo.com/release/rl2219802625/?ref_=bo_yld_table_80
Borderlands,2024,Aug 9,15482668.0,3125.0,-,,https://www.boxofficemojo.com/release/rl3466691329/?ref_=bo_yld_table_81
Interstellar,2024,Dec 6,15207563.0,321.0,-,,https://www.boxofficemojo.com/release/rl1231060993/?ref_=bo_yld_table_82
MaXXXine,2024,Jul 5,15097632.0,2450.0,-,,https://www.boxofficemojo.com/release/rl4208624385/?ref_=bo_yld_table_83
The Chosen: S4 Episodes 1-3,2024,Feb 1,14409169.0,2280.0,-,,https://www.boxofficemojo.com/release/rl2209514241/?ref_=bo_yld_table_84
Anora,2024,Oct 18,20474295.0,1938.0,-,,https://www.boxofficemojo.com/release/rl779911169/?ref_=bo_yld_table_85
Homestead,2024,Dec 20,20811864.0,1886.0,-,,https://www.boxofficemojo.com/release/rl2557247489/?ref_=bo_yld_table_86
Star Wars: Episode I - The Phantom Menace,2024,May 3,13029994.0,2700.0,-,,https://www.boxofficemojo.com/release/rl1901887489/?ref_=bo_yld_table_87
Kalki 2898 AD,2024,Jun 27,18289575.0,1049.0,-,,https://www.boxofficemojo.com/release/rl2876276737/?ref_=bo_yld_table_88
Am I Racist?,2024,Sep 13,12311598.0,1600.0,-,,https://www.boxofficemojo.com/release/rl3329982465/?ref_=bo_yld_table_89
Here,2024,Nov 1,12237270.0,2732.0,-,,https://www.boxofficemojo.com/release/rl2858385409/?ref_=bo_yld_table_90
Bonhoeffer,2024,Nov 22,12222383.0,1900.0,-,,https://www.boxofficemojo.com/release/rl2775351297/?ref_=bo_yld_table_91
Sound of Hope: The Story of Possum Trot,2024,Jul 4,11647099.0,2200.0,-,,https://www.boxofficemojo.com/release/rl812417025/?ref_=bo_yld_table_92
Godzilla Minus One,2024,Dec 1,57144669.0,2622.0,-,,https://www.boxofficemojo.com/release/rl1285456641/?ref_=bo_yld_table_93
The Boy and the Heron,2024,Dec 8,46832867.0,2325.0,-,,https://www.boxofficemojo.com/release/rl4222321409/?ref_=bo_yld_table_94
The Chosen: S4 Episodes 4-6,2024,Feb 15,9482744.0,2272.0,-,,https://www.boxofficemojo.com/release/rl2259845889/?ref_=bo_yld_table_95
Never Let Go,2024,Sep 20,10306106.0,2667.0,-,,https://www.boxofficemojo.com/release/rl3160506369/?ref_=bo_yld_table_96
Late Night with the Devil,2024,Mar 22,10001000.0,1442.0,-,,https://www.boxofficemojo.com/release/rl2353299457/?ref_=bo_yld_table_97
Lisa Frankenstein,2024,Feb 9,9774285.0,3144.0,-,,https://www.boxofficemojo.com/release/rl1722974977/?ref_=bo_yld_table_98
Piece by Piece,2024,Oct 11,9756635.0,1873.0,-,,https://www.boxofficemojo.com/release/rl508461057/?ref_=bo_yld_table_99
Saturday Night,2024,Sep 27,9511315.0,2336.0,-,,https://www.boxofficemojo.com/release/rl1736278017/?ref_=bo_yld_table_100
The Crow,2024,Aug 23,9275659.0,2752.0,-,,https://www.boxofficemojo.com/release/rl3110174721/?ref_=bo_yld_table_101
Babygirl,2024,Dec 25,28196732.0,2164.0,-,,https://www.boxofficemojo.com/release/rl2926346241/?ref_=bo_yld_table_102
Thelma,2024,Jun 21,9002073.0,1290.0,-,,https://www.boxofficemojo.com/release/rl4050812929/?ref_=bo_yld_table_103
The Lord of the Rings: The War of the Rohirrim,2024,Dec 13,9158572.0,2602.0,-,,https://www.boxofficemojo.com/release/rl3123675905/?ref_=bo_yld_table_104
Love Lies Bleeding,2024,Mar 8,8335797.0,1828.0,-,,https://www.boxofficemojo.com/release/rl3578626049/?ref_=bo_yld_table_105
The Zone of Interest,2024,Dec 8,8659464.0,598.0,-,,https://www.boxofficemojo.com/release/rl1134854913/?ref_=bo_yld_table_106
Spy x Family Code: White,2024,Apr 19,8110042.0,2009.0,-,,https://www.boxofficemojo.com/release/rl3075571713/?ref_=bo_yld_table_107
Ferrari,2024,Dec 25,18550028.0,2386.0,-,,https://www.boxofficemojo.com/release/rl390496257/?ref_=bo_yld_table_108
The Chosen: S4 Episodes 7-8,2024,Feb 29,7729152.0,2215.0,-,,https://www.boxofficemojo.com/release/rl4189225729/?ref_=bo_yld_table_109
A Real Pain,2024,Nov 1,8344978.0,1185.0,-,,https://www.boxofficemojo.com/release/rl3277815809/?ref_=bo_yld_table_110
Megalopolis,2024,Sep 27,7629085.0,1854.0,-,,https://www.boxofficemojo.com/release/rl2238742529/?ref_=bo_yld_table_111
Sight,2024,May 24,7206741.0,2118.0,-,,https://www.boxofficemojo.com/release/rl3532423937/?ref_=bo_yld_table_112
Haikyu!! The Dumpster Battle,2024,May 31,7071622.0,1119.0,-,,https://www.boxofficemojo.com/release/rl1130463233/?ref_=bo_yld_table_113
Afraid,2024,Aug 30,6725687.0,3003.0,-,,https://www.boxofficemojo.com/release/rl183862017/?ref_=bo_yld_table_114
The Hunger Games: The Ballad of Songbirds & Snakes,2024,Nov 17,166350594.0,3776.0,-,,https://www.boxofficemojo.com/release/rl1262387969/?ref_=bo_yld_table_115
I.S.S.,2024,Jan 19,6573799.0,2518.0,-,,https://www.boxofficemojo.com/release/rl2101706753/?ref_=bo_yld_table_116
Pushpa: The Rule - Part 2,2024,Dec 5,13000000.0,1245.0,-,,https://www.boxofficemojo.com/release/rl471760897/?ref_=bo_yld_table_117
Cuckoo,2024,Aug 9,6217733.0,1503.0,-,,https://www.boxofficemojo.com/release/rl693927937/?ref_=bo_yld_table_118
Back to Black,2024,May 17,6178165.0,2013.0,-,,https://www.boxofficemojo.com/release/rl4114907137/?ref_=bo_yld_table_119
The Book of Clarence,2024,Jan 12,6132813.0,2010.0,-,,https://www.boxofficemojo.com/release/rl3598877441/?ref_=bo_yld_table_120
The Nightmare Before Christmas,2024,Oct 11,6124705.0,1860.0,-,,https://www.boxofficemojo.com/release/rl2634973185/?ref_=bo_yld_table_121
Columbia 100th Anniversary Series,2024,Apr 15,6013515.0,466.0,-,,https://www.boxofficemojo.com/release/rl4217536513/?ref_=bo_yld_table_122
Someone Like You,2024,Apr 5,5937306.0,1802.0,-,,https://www.boxofficemojo.com/release/rl1029799937/?ref_=bo_yld_table_123
Trolls Band Together,2024,Nov 17,103270155.0,3893.0,-,,https://www.boxofficemojo.com/release/rl577798913/?ref_=bo_yld_table_124
One Life,2024,Mar 15,5716885.0,1009.0,-,,https://www.boxofficemojo.com/release/rl1045987329/?ref_=bo_yld_table_125
Devara Part 1,2024,Sep 26,5600000.0,1040.0,-,,https://www.boxofficemojo.com/release/rl537755649/?ref_=bo_yld_table_126
The Killer's Game,2024,Sep 13,5404378.0,2623.0,-,,https://www.boxofficemojo.com/release/rl1584037889/?ref_=bo_yld_table_127
My Old Ass,2024,Sep 13,5372282.0,1390.0,-,,https://www.boxofficemojo.com/release/rl1534951425/?ref_=bo_yld_table_128
White Bird,2024,Oct 4,5069171.0,1038.0,-,,https://www.boxofficemojo.com/release/rl3681714945/?ref_=bo_yld_table_129
My Hero Academia: You're Next,2024,Oct 11,5041781.0,1845.0,-,,https://www.boxofficemojo.com/release/rl1735819265/?ref_=bo_yld_table_130
Kinds of Kindness,2024,Jun 21,5038931.0,920.0,-,,https://www.boxofficemojo.com/release/rl1784381441/?ref_=bo_yld_table_131
Drive-Away Dolls,2024,Feb 23,5028215.0,2280.0,-,,https://www.boxofficemojo.com/release/rl948929281/?ref_=bo_yld_table_132
The Fire Inside,2024,Dec 25,8093190.0,2032.0,-,,https://www.boxofficemojo.com/release/rl2778432257/?ref_=bo_yld_table_133
I Saw the TV Glow,2024,May 3,5017817.0,469.0,-,,https://www.boxofficemojo.com/release/rl660111361/?ref_=bo_yld_table_134
Wicked Little Letters,2024,Mar 29,5008179.0,1009.0,-,,https://www.boxofficemojo.com/release/rl2539618305/?ref_=bo_yld_table_135
Dìdi,2024,Jul 26,4839360.0,435.0,-,,https://www.boxofficemojo.com/release/rl4266885121/?ref_=bo_yld_table_136
Origin,2024,Dec 8,4689830.0,664.0,-,,https://www.boxofficemojo.com/release/rl2705620993/?ref_=bo_yld_table_137
Land of Bad,2024,Feb 16,4620045.0,1317.0,-,,https://www.boxofficemojo.com/release/rl3091824641/?ref_=bo_yld_table_138
The Exorcism,2024,Jun 21,4530418.0,2240.0,-,,https://www.boxofficemojo.com/release/rl3916201985/?ref_=bo_yld_table_139
Y2K,2024,Dec 6,4446596.0,2108.0,-,,https://www.boxofficemojo.com/release/rl4218716161/?ref_=bo_yld_table_140
In a Violent Nature,2024,May 31,4229999.0,1426.0,-,,https://www.boxofficemojo.com/release/rl2237497345/?ref_=bo_yld_table_141
For King + Country: A Drummer Boy Christmas - Live,2024,Dec 5,4227406.0,1540.0,-,,https://www.boxofficemojo.com/release/rl2098823169/?ref_=bo_yld_table_142
The Apprentice,2024,Oct 11,4001904.0,1740.0,-,,https://www.boxofficemojo.com/release/rl3423567873/?ref_=bo_yld_table_143
Babes,2024,May 17,3800038.0,1118.0,-,,https://www.boxofficemojo.com/release/rl3328147457/?ref_=bo_yld_table_144
Perfect Days,2024,Feb 7,3766668.0,271.0,-,,https://www.boxofficemojo.com/release/rl1380614145/?ref_=bo_yld_table_145
Oppenheimer,2024,Jul 21,330078895.0,3761.0,-,,https://www.boxofficemojo.com/release/rl3725886209/?ref_=bo_yld_table_146
All of Us Strangers,2024,Dec 22,4050103.0,295.0,-,,https://www.boxofficemojo.com/release/rl4171596545/?ref_=bo_yld_table_147
Shrek 2,2024,Apr 12,3427910.0,1512.0,-,,https://www.boxofficemojo.com/release/rl3143663617/?ref_=bo_yld_table_148
Wish,2024,Nov 22,63973821.0,3900.0,-,,https://www.boxofficemojo.com/release/rl3097657857/?ref_=bo_yld_table_149
Solo Leveling: ReAwakening,2024,Dec 6,3350693.0,846.0,-,,https://www.boxofficemojo.com/release/rl1091076097/?ref_=bo_yld_table_150
Queer,2024,Nov 27,3736813.0,460.0,-,,https://www.boxofficemojo.com/release/rl806191105/?ref_=bo_yld_table_151
God's Not Dead: In God We Trust,2024,Sep 12,3269322.0,1392.0,-,,https://www.boxofficemojo.com/release/rl359956481/?ref_=bo_yld_table_152
The Lord of the Rings: The Fellowship of the Ring,2024,Jun 7,3256658.0,1529.0,-,,https://www.boxofficemojo.com/release/rl1515814913/?ref_=bo_yld_table_153
2024 Oscar Nominated Short Films: Documentary,2024,Feb 16,3162293.0,367.0,-,,https://www.boxofficemojo.com/release/rl3427958785/?ref_=bo_yld_table_154
The Front Room,2024,Sep 6,3092269.0,2095.0,-,,https://www.boxofficemojo.com/release/rl2993455105/?ref_=bo_yld_table_155
Strange Darling,2024,Aug 23,3083595.0,1135.0,-,,https://www.boxofficemojo.com/release/rl3875766273/?ref_=bo_yld_table_156
The Long Game,2024,Apr 12,3060040.0,1030.0,-,,https://www.boxofficemojo.com/release/rl1080066049/?ref_=bo_yld_table_157
Jesus Thirsts: The Miracle of the Eucharist,2024,Jun 4,2927121.0,1112.0,-,,https://www.boxofficemojo.com/release/rl1666940929/?ref_=bo_yld_table_158
1992,2024,Aug 30,2906073.0,875.0,-,,https://www.boxofficemojo.com/release/rl1916895233/?ref_=bo_yld_table_159
The Fabulous Four,2024,Jul 26,2854291.0,1045.0,-,,https://www.boxofficemojo.com/release/rl2239397889/?ref_=bo_yld_table_160
My Penguin Friend,2024,Aug 16,2769460.0,1083.0,-,,https://www.boxofficemojo.com/release/rl526942209/?ref_=bo_yld_table_161
Absolution,2024,Nov 1,2716343.0,1500.0,-,,https://www.boxofficemojo.com/release/rl4128407553/?ref_=bo_yld_table_162
The Taste of Things,2024,Feb 9,2654510.0,505.0,-,,https://www.boxofficemojo.com/release/rl3267265281/?ref_=bo_yld_table_163
GHOST: Rite Here Rite Now,2024,Jun 20,2647702.0,755.0,-,,https://www.boxofficemojo.com/release/rl4268916737/?ref_=bo_yld_table_164
Ezra,2024,May 31,2631460.0,1320.0,-,,https://www.boxofficemojo.com/release/rl3211558913/?ref_=bo_yld_table_165
Sight & Sound Presents: Daniel LIVE,2024,Aug 30,2629933.0,851.0,-,,https://www.boxofficemojo.com/release/rl3607461889/?ref_=bo_yld_table_166
Boy Kills World,2024,Apr 26,2626127.0,1993.0,-,,https://www.boxofficemojo.com/release/rl3579478017/?ref_=bo_yld_table_167
"Hello, Love, Again",2024,Nov 14,2625000.0,248.0,-,,https://www.boxofficemojo.com/release/rl119046145/?ref_=bo_yld_table_168
Escape from Germany,2024,Apr 12,2616475.0,131.0,-,,https://www.boxofficemojo.com/release/rl190087169/?ref_=bo_yld_table_169
Jung Kook: I Am Still,2024,Sep 18,2574318.0,769.0,-,,https://www.boxofficemojo.com/release/rl1929478145/?ref_=bo_yld_table_170
The Lord of the Rings: The Two Towers,2024,Jun 7,2566412.0,1549.0,-,,https://www.boxofficemojo.com/release/rl1566146561/?ref_=bo_yld_table_171
The Blue Angels,2024,May 17,2560945.0,450.0,-,,https://www.boxofficemojo.com/release/rl2657845249/?ref_=bo_yld_table_172
Problemista,2024,Mar 1,2503154.0,379.0,-,,https://www.boxofficemojo.com/release/rl647529217/?ref_=bo_yld_table_173
The American Society of Magical Negroes,2024,Mar 15,2480645.0,1153.0,-,,https://www.boxofficemojo.com/release/rl2143191809/?ref_=bo_yld_table_174
The Lord of the Rings: The Return of the King,2024,Jun 10,2450927.0,1172.0,-,,https://www.boxofficemojo.com/release/rl1348042753/?ref_=bo_yld_table_175
Summer Camp,2024,May 31,2403638.0,1787.0,-,,https://www.boxofficemojo.com/release/rl308838401/?ref_=bo_yld_table_176
Sing Sing,2024,Jul 12,2403211.0,191.0,-,,https://www.boxofficemojo.com/release/rl794591233/?ref_=bo_yld_table_177
Howl's Moving Castle,2024,Sep 26,2384690.0,1592.0,-,,https://www.boxofficemojo.com/release/rl2539094017/?ref_=bo_yld_table_178
Interstella 5555: The 5tory of the 5ecret 5tar 5ystem,2024,Dec 12,2328339.0,641.0,-,,https://www.boxofficemojo.com/release/rl1897168897/?ref_=bo_yld_table_179
Hitpig!,2024,Nov 1,2324019.0,2107.0,-,,https://www.boxofficemojo.com/release/rl2189066241/?ref_=bo_yld_table_180
Elevation,2024,Nov 8,2321801.0,1416.0,-,,https://www.boxofficemojo.com/release/rl2826403841/?ref_=bo_yld_table_181
Alien,2024,Apr 26,2305647.0,1750.0,-,,https://www.boxofficemojo.com/release/rl3362095105/?ref_=bo_yld_table_182
Exhuma,2024,Mar 15,2310900.0,70.0,-,,https://www.boxofficemojo.com/release/rl123305985/?ref_=bo_yld_table_183
Flow,2024,Nov 22,4844117.0,377.0,-,,https://www.boxofficemojo.com/release/rl922845185/?ref_=bo_yld_table_184
In the Land of Saints and Sinners,2024,Mar 29,2258795.0,896.0,-,,https://www.boxofficemojo.com/release/rl1012891649/?ref_=bo_yld_table_185
Bhool Bhulaiyaa 3,2024,Nov 1,2230000.0,754.0,-,,https://www.boxofficemojo.com/release/rl4111826945/?ref_=bo_yld_table_186
The Lion King,2024,Jul 12,2195943.0,1330.0,-,,https://www.boxofficemojo.com/release/rl628719617/?ref_=bo_yld_table_187
Singham Again,2024,Nov 1,2190000.0,749.0,-,,https://www.boxofficemojo.com/release/rl3893723137/?ref_=bo_yld_table_188
Stree 2,2024,Aug 16,2570000.0,666.0,-,,https://www.boxofficemojo.com/release/rl2332131329/?ref_=bo_yld_table_189
The Holdovers,2024,Oct 27,20355375.0,1601.0,-,,https://www.boxofficemojo.com/release/rl92504833/?ref_=bo_yld_table_190
Average Joe,2024,Oct 11,2106965.0,1713.0,-,,https://www.boxofficemojo.com/release/rl2407038977/?ref_=bo_yld_table_191
The Ark and the Darkness,2024,Mar 20,2097560.0,1030.0,-,,https://www.boxofficemojo.com/release/rl71991297/?ref_=bo_yld_table_192
Between the Temples,2024,Aug 23,2084122.0,576.0,-,,https://www.boxofficemojo.com/release/rl1778614273/?ref_=bo_yld_table_193
Lee,2024,Sep 27,2005488.0,854.0,-,,https://www.boxofficemojo.com/release/rl157843457/?ref_=bo_yld_table_194
Look Back,2024,Oct 4,2002270.0,531.0,-,,https://www.boxofficemojo.com/release/rl2063826945/?ref_=bo_yld_table_195
Yolo,2024,Mar 8,2001584.0,200.0,-,,https://www.boxofficemojo.com/release/rl4250501121/?ref_=bo_yld_table_196
Queen Rock Montreal,2024,Jan 18,2000000.0,387.0,-,,https://www.boxofficemojo.com/release/rl2169470977/?ref_=bo_yld_table_197
The Order,2024,Dec 6,2010901.0,603.0,-,,https://www.boxofficemojo.com/release/rl612139009/?ref_=bo_yld_table_198
SUGA: Agust D Tour 'D-DAY' the Movie,2024,Apr 10,1951896.0,787.0,-,,https://www.boxofficemojo.com/release/rl459309057/?ref_=bo_yld_table_199
Out of Darkness,2024,Feb 9,1951547.0,897.0,-,,https://www.boxofficemojo.com/release/rl911245313/?ref_=bo_yld_table_200
A Minecraft Movie,2025,Apr 4,424087780.0,4289.0,-,,https://www.boxofficemojo.com/release/rl746096129/?ref_=bo_yld_table_1
Lilo & Stitch,2025,May 23,423778855.0,4410.0,-,,https://www.boxofficemojo.com/release/rl3104735233/?ref_=bo_yld_table_2
Superman,2025,Jul 11,354223803.0,4275.0,-,,https://www.boxofficemojo.com/release/rl1543340801/?ref_=bo_yld_table_3
Jurassic World: Rebirth,2025,Jul 2,339640400.0,4324.0,-,,https://www.boxofficemojo.com/release/rl3058794497/?ref_=bo_yld_table_4
Zootopia 2,2025,Nov 26,428130160.0,4000.0,-,,https://www.boxofficemojo.com/release/rl2303754241/?ref_=bo_yld_table_5
Wicked: For Good,2025,Nov 17,342915090.0,4115.0,-,,https://www.boxofficemojo.com/release/rl2185003777/?ref_=bo_yld_table_6
Sinners,2025,Apr 18,279989632.0,3518.0,-,,https://www.boxofficemojo.com/release/rl2153611265/?ref_=bo_yld_table_7
The Fantastic Four: First Steps,2025,Jul 25,274286610.0,4125.0,-,,https://www.boxofficemojo.com/release/rl2429649665/?ref_=bo_yld_table_8
How to Train Your Dragon,2025,Jun 13,262958100.0,4373.0,-,,https://www.boxofficemojo.com/release/rl1921090305/?ref_=bo_yld_table_9
Avatar: Fire and Ash,2025,Dec 19,404340010.0,3835.0,-,,https://www.boxofficemojo.com/release/rl3389031937/?ref_=bo_yld_table_10
Captain America: Brave New World,2025,Feb 14,200500001.0,4105.0,-,,https://www.boxofficemojo.com/release/rl2597421825/?ref_=bo_yld_table_11
Mission: Impossible - The Final Reckoning,2025,May 23,197413515.0,3861.0,-,,https://www.boxofficemojo.com/release/rl1913226753/?ref_=bo_yld_table_12
Thunderbolts*,2025,May 2,190274328.0,4330.0,-,,https://www.boxofficemojo.com/release/rl2647753473/?ref_=bo_yld_table_13
F1: The Movie,2025,Jun 27,189642436.0,3732.0,-,,https://www.boxofficemojo.com/release/rl2507374593/?ref_=bo_yld_table_14
The Conjuring: Last Rites,2025,Sep 5,177756445.0,3802.0,-,,https://www.boxofficemojo.com/release/rl987791361/?ref_=bo_yld_table_15
Weapons,2025,Aug 8,151572492.0,3631.0,-,,https://www.boxofficemojo.com/release/rl3882385409/?ref_=bo_yld_table_16
Final Destination: Bloodlines,2025,May 16,138254739.0,3523.0,-,,https://www.boxofficemojo.com/release/rl1478393857/?ref_=bo_yld_table_17
Demon Slayer: Kimetsu No Yaiba Infinity Castle,2025,Sep 12,136950340.0,3342.0,-,,https://www.boxofficemojo.com/release/rl53837825/?ref_=bo_yld_table_18
Mufasa: The Lion King,2025,Dec 20,254567693.0,4100.0,-,,https://www.boxofficemojo.com/release/rl1511097089/?ref_=bo_yld_table_19
Five Nights at Freddy's 2,2025,Dec 5,127730290.0,3579.0,-,,https://www.boxofficemojo.com/release/rl2490073089/?ref_=bo_yld_table_20
Dog Man,2025,Jan 31,97970355.0,3887.0,-,,https://www.boxofficemojo.com/release/rl3942942209/?ref_=bo_yld_table_21
Freakier Friday,2025,Aug 8,94186236.0,3975.0,-,,https://www.boxofficemojo.com/release/rl443908097/?ref_=bo_yld_table_22
Predator: Badlands,2025,Nov 7,91083631.0,3725.0,-,,https://www.boxofficemojo.com/release/rl2417000449/?ref_=bo_yld_table_23
Snow White,2025,Mar 21,87203963.0,4200.0,-,,https://www.boxofficemojo.com/release/rl3856302849/?ref_=bo_yld_table_24
Sonic the Hedgehog 3,2025,Dec 20,236115100.0,3769.0,-,,https://www.boxofficemojo.com/release/rl886211329/?ref_=bo_yld_table_25
The Bad Guys 2,2025,Aug 1,82593605.0,3860.0,-,,https://www.boxofficemojo.com/release/rl1472103169/?ref_=bo_yld_table_26
Black Phone 2,2025,Oct 17,77378880.0,3460.0,-,,https://www.boxofficemojo.com/release/rl2813821697/?ref_=bo_yld_table_27
Tron: Ares,2025,Oct 10,73161014.0,4000.0,-,,https://www.boxofficemojo.com/release/rl979468289/?ref_=bo_yld_table_28
Elio,2025,Jun 20,72987454.0,3750.0,-,,https://www.boxofficemojo.com/release/rl1561428737/?ref_=bo_yld_table_29
One Battle After Another,2025,Sep 26,72918884.0,3634.0,-,,https://www.boxofficemojo.com/release/rl1784184833/?ref_=bo_yld_table_30
28 Years Later,2025,Jun 20,70446897.0,3444.0,-,,https://www.boxofficemojo.com/release/rl375947265/?ref_=bo_yld_table_31
The Accountant 2,2025,Apr 25,65523366.0,3610.0,-,,https://www.boxofficemojo.com/release/rl1178501121/?ref_=bo_yld_table_32
Now You See Me: Now You Don't,2025,Nov 14,61882396.0,3403.0,-,,https://www.boxofficemojo.com/release/rl3768321/?ref_=bo_yld_table_33
The King of Kings,2025,Apr 11,60270106.0,3535.0,-,,https://www.boxofficemojo.com/release/rl4231757825/?ref_=bo_yld_table_34
David,2025,Dec 19,80382774.0,3118.0,-,,https://www.boxofficemojo.com/release/rl1710063617/?ref_=bo_yld_table_35
Ballerina,2025,Jun 6,58051327.0,3409.0,-,,https://www.boxofficemojo.com/release/rl965378817/?ref_=bo_yld_table_36
Moana 2,2025,Nov 27,460405297.0,4200.0,-,,https://www.boxofficemojo.com/release/rl862748673/?ref_=bo_yld_table_37
The Housemaid,2025,Dec 19,126432462.0,3123.0,-,,https://www.boxofficemojo.com/release/rl1512275969/?ref_=bo_yld_table_38
The Naked Gun,2025,Aug 1,52647396.0,3363.0,-,,https://www.boxofficemojo.com/release/rl3528753153/?ref_=bo_yld_table_39
Karate Kid: Legends,2025,May 30,52547391.0,3859.0,-,,https://www.boxofficemojo.com/release/rl3470426881/?ref_=bo_yld_table_40
One of Them Days,2025,Jan 17,50054690.0,2675.0,-,,https://www.boxofficemojo.com/release/rl4110974977/?ref_=bo_yld_table_41
Regretting You,2025,Oct 24,48852948.0,3425.0,-,,https://www.boxofficemojo.com/release/rl4079190017/?ref_=bo_yld_table_42
Nosferatu,2025,Dec 25,95608235.0,3132.0,-,,https://www.boxofficemojo.com/release/rl2537783297/?ref_=bo_yld_table_43
A Complete Unknown,2025,Dec 25,75001720.0,2835.0,-,,https://www.boxofficemojo.com/release/rl2843508737/?ref_=bo_yld_table_44
The SpongeBob Movie: Search for SquarePants,2025,Dec 19,71068170.0,3570.0,-,,https://www.boxofficemojo.com/release/rl1743487745/?ref_=bo_yld_table_45
Mickey 17,2025,Mar 7,46142263.0,3807.0,-,,https://www.boxofficemojo.com/release/rl2465301249/?ref_=bo_yld_table_46
Paddington in Peru,2025,Feb 14,45800000.0,3890.0,-,,https://www.boxofficemojo.com/release/rl431260417/?ref_=bo_yld_table_47
Downton Abbey: The Grand Finale,2025,Sep 12,44996590.0,3711.0,-,,https://www.boxofficemojo.com/release/rl1014267905/?ref_=bo_yld_table_48
Chainsaw Man - The Movie: Reze Arc,2025,Oct 24,43438461.0,3003.0,-,,https://www.boxofficemojo.com/release/rl3728441345/?ref_=bo_yld_table_49
Wicked,2025,Nov 22,474983975.0,3888.0,-,,https://www.boxofficemojo.com/release/rl1199474177/?ref_=bo_yld_table_50
Marty Supreme,2025,Dec 19,96040064.0,2887.0,-,,https://www.boxofficemojo.com/release/rl1411612673/?ref_=bo_yld_table_51
The Amateur,2025,Apr 11,40759635.0,3400.0,-,,https://www.boxofficemojo.com/release/rl2241364737/?ref_=bo_yld_table_52
The Monkey,2025,Feb 21,39724909.0,3227.0,-,,https://www.boxofficemojo.com/release/rl2385608705/?ref_=bo_yld_table_53
The Running Man,2025,Nov 14,37815641.0,3534.0,-,,https://www.boxofficemojo.com/release/rl2165080065/?ref_=bo_yld_table_54
A Working Man,2025,Mar 28,37000711.0,3262.0,-,,https://www.boxofficemojo.com/release/rl3457581057/?ref_=bo_yld_table_55
Materialists,2025,Jun 13,36521973.0,2844.0,-,,https://www.boxofficemojo.com/release/rl3442638849/?ref_=bo_yld_table_56
Den of Thieves: Pantera,2025,Jan 10,36015016.0,3008.0,-,,https://www.boxofficemojo.com/release/rl1416265729/?ref_=bo_yld_table_57
The Long Walk,2025,Sep 12,35163573.0,2845.0,-,,https://www.boxofficemojo.com/release/rl624590849/?ref_=bo_yld_table_58
Star Wars: Episode III - Revenge of the Sith,2025,Apr 25,34107714.0,2800.0,-,,https://www.boxofficemojo.com/release/rl2905833473/?ref_=bo_yld_table_59
Taylor Swift: The Official Release Party of a Showgirl,2025,Oct 3,34062774.0,3702.0,-,,https://www.boxofficemojo.com/release/rl451575809/?ref_=bo_yld_table_60
I Know What You Did Last Summer,2025,Jul 18,32165634.0,3206.0,-,,https://www.boxofficemojo.com/release/rl2372632577/?ref_=bo_yld_table_61
Gabby's Dollhouse: The Movie,2025,Sep 26,32011820.0,3507.0,-,,https://www.boxofficemojo.com/release/rl845447169/?ref_=bo_yld_table_62
Anaconda,2025,Dec 25,65098148.0,3509.0,-,,https://www.boxofficemojo.com/release/rl2499444737/?ref_=bo_yld_table_63
Smurfs,2025,Jul 18,31075170.0,3504.0,-,,https://www.boxofficemojo.com/release/rl3459023617/?ref_=bo_yld_table_64
Heart Eyes,2025,Feb 7,30415738.0,3102.0,-,,https://www.boxofficemojo.com/release/rl2533982209/?ref_=bo_yld_table_65
Flight Risk,2025,Jan 24,29783527.0,3161.0,-,,https://www.boxofficemojo.com/release/rl1365934081/?ref_=bo_yld_table_66
Warfare,2025,Apr 11,26000309.0,2670.0,-,,https://www.boxofficemojo.com/release/rl1613266945/?ref_=bo_yld_table_67
Him,2025,Sep 19,25009605.0,3168.0,-,,https://www.boxofficemojo.com/release/rl3446243329/?ref_=bo_yld_table_68
M3GAN 2.0,2025,Jun 27,24101280.0,3133.0,-,,https://www.boxofficemojo.com/release/rl1392018177/?ref_=bo_yld_table_69
Ne Zha 2,2025,Feb 14,23308176.0,2228.0,-,,https://www.boxofficemojo.com/release/rl1613856769/?ref_=bo_yld_table_70
KPop Demon Hunters,2025,Aug 23,24300000.0,2890.0,-,,https://www.boxofficemojo.com/release/rl2363392001/?ref_=bo_yld_table_71
Roofman,2025,Oct 10,22739882.0,3370.0,-,,https://www.boxofficemojo.com/release/rl1561493505/?ref_=bo_yld_table_72
Springsteen: Deliver Me from Nowhere,2025,Oct 24,22638297.0,3460.0,-,,https://www.boxofficemojo.com/release/rl717651969/?ref_=bo_yld_table_73
The Woman in the Yard,2025,Mar 28,22405985.0,2845.0,-,,https://www.boxofficemojo.com/release/rl4048781313/?ref_=bo_yld_table_74
Nobody 2,2025,Aug 15,21604985.0,3282.0,-,,https://www.boxofficemojo.com/release/rl511016961/?ref_=bo_yld_table_75
Black Bag,2025,Mar 14,21474035.0,2713.0,-,,https://www.boxofficemojo.com/release/rl1400602625/?ref_=bo_yld_table_76
Death of a Unicorn,2025,Mar 28,12899252.0,3050.0,-,,https://www.boxofficemojo.com/release/rl1646755841/?ref_=bo_yld_table_77
Together,2025,Jul 30,21273159.0,2302.0,-,,https://www.boxofficemojo.com/release/rl1641644033/?ref_=bo_yld_table_78
Last Breath,2025,Feb 28,21051180.0,3090.0,-,,https://www.boxofficemojo.com/release/rl4101275649/?ref_=bo_yld_table_79
Companion,2025,Jan 31,20869122.0,3285.0,-,,https://www.boxofficemojo.com/release/rl3781722113/?ref_=bo_yld_table_80
Wolf Man,2025,Jan 17,20707280.0,3354.0,-,,https://www.boxofficemojo.com/release/rl3494150145/?ref_=bo_yld_table_81
The Chosen: Last Supper,2025,Mar 28,20257290.0,2272.0,-,,https://www.boxofficemojo.com/release/rl2486599681/?ref_=bo_yld_table_82
Until Dawn,2025,Apr 25,20172192.0,3055.0,-,,https://www.boxofficemojo.com/release/rl923893761/?ref_=bo_yld_table_83
Novocaine,2025,Mar 14,19861854.0,3369.0,-,,https://www.boxofficemojo.com/release/rl3662970881/?ref_=bo_yld_table_84
The Phoenician Scheme,2025,May 30,19555015.0,1731.0,-,,https://www.boxofficemojo.com/release/rl2620358657/?ref_=bo_yld_table_85
Bring Her Back,2025,May 30,19333305.0,2449.0,-,,https://www.boxofficemojo.com/release/rl3492904961/?ref_=bo_yld_table_86
Babygirl,2025,Dec 25,28196732.0,2164.0,-,,https://www.boxofficemojo.com/release/rl2926346241/?ref_=bo_yld_table_87
Caught Stealing,2025,Aug 29,19005242.0,3578.0,-,,https://www.boxofficemojo.com/release/rl1210810369/?ref_=bo_yld_table_88
Bugonia,2025,Oct 24,17692390.0,2043.0,-,,https://www.boxofficemojo.com/release/rl2053799937/?ref_=bo_yld_table_89
Hamilton,2025,Sep 5,16946377.0,1850.0,-,,https://www.boxofficemojo.com/release/rl1457225729/?ref_=bo_yld_table_90
Song Sung Blue,2025,Dec 25,39185290.0,2705.0,-,,https://www.boxofficemojo.com/release/rl1119977473/?ref_=bo_yld_table_91
Drop,2025,Apr 11,16600805.0,3089.0,-,,https://www.boxofficemojo.com/release/rl2439741441/?ref_=bo_yld_table_92
Good Fortune,2025,Oct 17,16585758.0,2990.0,-,,https://www.boxofficemojo.com/release/rl3524624385/?ref_=bo_yld_table_93
Jujutsu Kaisen: Execution,2025,Dec 5,16583133.0,1935.0,-,,https://www.boxofficemojo.com/release/rl4276322305/?ref_=bo_yld_table_94
Friendship,2025,May 9,16252948.0,1293.0,-,,https://www.boxofficemojo.com/release/rl3543236609/?ref_=bo_yld_table_95
Eternity,2025,Nov 26,16210244.0,2386.0,-,,https://www.boxofficemojo.com/release/rl316178433/?ref_=bo_yld_table_96
Love Hurts,2025,Feb 7,15683090.0,3055.0,-,,https://www.boxofficemojo.com/release/rl1868267521/?ref_=bo_yld_table_97
The Brutalist,2025,Dec 20,16279129.0,1612.0,-,,https://www.boxofficemojo.com/release/rl856522753/?ref_=bo_yld_table_98
The Roses,2025,Aug 29,15298844.0,2700.0,-,,https://www.boxofficemojo.com/release/rl2537062401/?ref_=bo_yld_table_99
The Last Rodeo,2025,May 23,15201659.0,2205.0,-,,https://www.boxofficemojo.com/release/rl1523089409/?ref_=bo_yld_table_100
The Strangers: Chapter 2,2025,Sep 26,15153346.0,2690.0,-,,https://www.boxofficemojo.com/release/rl825786369/?ref_=bo_yld_table_101
Nuremberg,2025,Nov 7,14524692.0,1830.0,-,,https://www.boxofficemojo.com/release/rl1139048449/?ref_=bo_yld_table_102
Jaws,2025,Aug 29,12819675.0,3200.0,-,,https://www.boxofficemojo.com/release/rl1825800193/?ref_=bo_yld_table_103
The Chosen: Last Supper Part 2,2025,Apr 4,12372228.0,2313.0,-,,https://www.boxofficemojo.com/release/rl3124461569/?ref_=bo_yld_table_104
The Chosen: Last Supper Part 3,2025,Apr 11,11742410.0,2297.0,-,,https://www.boxofficemojo.com/release/rl3174793217/?ref_=bo_yld_table_105
Sarah's Oil,2025,Nov 7,11675627.0,2410.0,-,,https://www.boxofficemojo.com/release/rl1239121921/?ref_=bo_yld_table_106
The Smashing Machine,2025,Oct 3,11411388.0,3345.0,-,,https://www.boxofficemojo.com/release/rl2453307393/?ref_=bo_yld_table_107
Hamnet,2025,Nov 26,24208900.0,1996.0,-,,https://www.boxofficemojo.com/release/rl1421901825/?ref_=bo_yld_table_108
Becoming Led Zeppelin,2025,Feb 7,10403353.0,1039.0,-,,https://www.boxofficemojo.com/release/rl1362067457/?ref_=bo_yld_table_109
Eddington,2025,Jul 18,10223277.0,2111.0,-,,https://www.boxofficemojo.com/release/rl1111392257/?ref_=bo_yld_table_110
Rental Family,2025,Nov 21,10047429.0,1925.0,-,,https://www.boxofficemojo.com/release/rl3587538945/?ref_=bo_yld_table_111
The Day the Earth Blew Up: A Looney Tunes Movie,2025,Mar 14,8875344.0,2827.0,-,,https://www.boxofficemojo.com/release/rl305627137/?ref_=bo_yld_table_112
Sketch,2025,Aug 6,8129808.0,2157.0,-,,https://www.boxofficemojo.com/release/rl3788275713/?ref_=bo_yld_table_113
Back to the Future,2025,Oct 31,7923545.0,2290.0,-,,https://www.boxofficemojo.com/release/rl468746241/?ref_=bo_yld_table_114
Gladiator II,2025,Nov 22,172438016.0,3580.0,-,,https://www.boxofficemojo.com/release/rl1778156289/?ref_=bo_yld_table_115
Soul on Fire,2025,Oct 10,7448606.0,1720.0,-,,https://www.boxofficemojo.com/release/rl1094680577/?ref_=bo_yld_table_116
Clown in a Cornfield,2025,May 9,7251799.0,2277.0,-,,https://www.boxofficemojo.com/release/rl605847553/?ref_=bo_yld_table_117
Presence,2025,Jan 24,6900044.0,1750.0,-,,https://www.boxofficemojo.com/release/rl4127621121/?ref_=bo_yld_table_118
Princess Mononoke,2025,Mar 28,6851056.0,630.0,-,,https://www.boxofficemojo.com/release/rl339312641/?ref_=bo_yld_table_119
Homestead,2025,Dec 20,20811864.0,1886.0,-,,https://www.boxofficemojo.com/release/rl2557247489/?ref_=bo_yld_table_120
Toy Story,2025,Sep 12,6721383.0,2375.0,-,,https://www.boxofficemojo.com/release/rl3856695297/?ref_=bo_yld_table_121
The Life of Chuck,2025,Jun 6,6712600.0,1072.0,-,,https://www.boxofficemojo.com/release/rl4207640577/?ref_=bo_yld_table_122
A Big Bold Beautiful Journey,2025,Sep 19,6671082.0,3330.0,-,,https://www.boxofficemojo.com/release/rl2281799681/?ref_=bo_yld_table_123
Good Boy,2025,Oct 3,6624062.0,1650.0,-,,https://www.boxofficemojo.com/release/rl4158357505/?ref_=bo_yld_table_124
The Last Supper,2025,Mar 14,6564857.0,1575.0,-,,https://www.boxofficemojo.com/release/rl2523137/?ref_=bo_yld_table_125
The Unbreakable Boy,2025,Feb 21,6443813.0,1717.0,-,,https://www.boxofficemojo.com/release/rl520323841/?ref_=bo_yld_table_126
Anora,2025,Oct 18,20474295.0,1938.0,-,,https://www.boxofficemojo.com/release/rl779911169/?ref_=bo_yld_table_127
I'm Still Here,2025,Jan 17,6233517.0,762.0,-,,https://www.boxofficemojo.com/release/rl505839617/?ref_=bo_yld_table_128
Pride & Prejudice,2025,Apr 20,6193658.0,1393.0,-,,https://www.boxofficemojo.com/release/rl2050457601/?ref_=bo_yld_table_129
The Alto Knights,2025,Mar 21,6125566.0,2651.0,-,,https://www.boxofficemojo.com/release/rl713917185/?ref_=bo_yld_table_130
Truth & Treason,2025,Oct 17,6044364.0,2106.0,-,,https://www.boxofficemojo.com/release/rl1205829633/?ref_=bo_yld_table_131
Kill Bill: The Whole Bloody Affair,2025,Dec 5,6002538.0,1204.0,-,,https://www.boxofficemojo.com/release/rl3018555393/?ref_=bo_yld_table_132
Honey Don't!,2025,Aug 22,5810510.0,1338.0,-,,https://www.boxofficemojo.com/release/rl1589673985/?ref_=bo_yld_table_133
Dan Da Dan: Evil Eye,2025,Jun 6,5637078.0,1085.0,-,,https://www.boxofficemojo.com/release/rl2168094721/?ref_=bo_yld_table_134
Die My Love,2025,Nov 7,5515263.0,1983.0,-,,https://www.boxofficemojo.com/release/rl955351041/?ref_=bo_yld_table_135
The Senior,2025,Sep 19,5295949.0,2405.0,-,,https://www.boxofficemojo.com/release/rl1691713537/?ref_=bo_yld_table_136
Hurry Up Tomorrow,2025,May 16,5215357.0,2020.0,-,,https://www.boxofficemojo.com/release/rl1327726593/?ref_=bo_yld_table_137
Light of the World,2025,Sep 5,5213377.0,2075.0,-,,https://www.boxofficemojo.com/release/rl3206709249/?ref_=bo_yld_table_138
The Last Showgirl,2025,Dec 13,4799804.0,946.0,-,,https://www.boxofficemojo.com/release/rl3491856385/?ref_=bo_yld_table_139
Stitch Head,2025,Oct 29,4562943.0,2162.0,-,,https://www.boxofficemojo.com/release/rl1859813377/?ref_=bo_yld_table_140
Sisu: Road to Revenge,2025,Nov 21,4544481.0,2222.0,-,,https://www.boxofficemojo.com/release/rl2277539841/?ref_=bo_yld_table_141
Brave the Dark,2025,Jan 24,4525443.0,2230.0,-,,https://www.boxofficemojo.com/release/rl1730707457/?ref_=bo_yld_table_142
Shelby Oaks,2025,Oct 24,4500051.0,1823.0,-,,https://www.boxofficemojo.com/release/rl2482077697/?ref_=bo_yld_table_143
Avatar: The Way of Water,2025,Oct 3,4383734.0,2140.0,-,,https://www.boxofficemojo.com/release/rl315129857/?ref_=bo_yld_table_144
Keeper,2025,Nov 14,4200165.0,1950.0,-,,https://www.boxofficemojo.com/release/rl3438903297/?ref_=bo_yld_table_145
Shin Godzilla,2025,Aug 14,4042146.0,1290.0,-,,https://www.boxofficemojo.com/release/rl2345369601/?ref_=bo_yld_table_146
Ella McCay,2025,Dec 12,4033242.0,2500.0,-,,https://www.boxofficemojo.com/release/rl4029579265/?ref_=bo_yld_table_147
The Friend,2025,Mar 28,3941217.0,1237.0,-,,https://www.boxofficemojo.com/release/rl1731756033/?ref_=bo_yld_table_148
Shadow Force,2025,May 9,3933483.0,2170.0,-,,https://www.boxofficemojo.com/release/rl1160806401/?ref_=bo_yld_table_149
Sentimental Value,2025,Nov 7,5338580.0,334.0,-,,https://www.boxofficemojo.com/release/rl3858071553/?ref_=bo_yld_table_150
Colorful Stage! The Movie: A Miku Who Can't Sing,2025,Apr 18,3661284.0,800.0,-,,https://www.boxofficemojo.com/release/rl2200862721/?ref_=bo_yld_table_151
Chhaava,2025,Feb 14,4800000.0,497.0,-,,https://www.boxofficemojo.com/release/rl1664188417/?ref_=bo_yld_table_152
Dhurandhar,2025,Dec 5,19702994.0,400.0,-,,https://www.boxofficemojo.com/release/rl2558623745/?ref_=bo_yld_table_153
Fight or Flight,2025,May 9,3522025.0,2153.0,-,,https://www.boxofficemojo.com/release/rl1680572417/?ref_=bo_yld_table_154
The Penguin Lessons,2025,Mar 28,3294990.0,1017.0,-,,https://www.boxofficemojo.com/release/rl3191570433/?ref_=bo_yld_table_155
2025 Oscar Nominated Short Films: Live Action,2025,Feb 14,3275477.0,500.0,-,,https://www.boxofficemojo.com/release/rl2988605441/?ref_=bo_yld_table_156
After the Hunt,2025,Oct 10,3258830.0,1238.0,-,,https://www.boxofficemojo.com/release/rl4247683073/?ref_=bo_yld_table_157
Jujutsu Kaisen: Hidden Inventory / Premature Death - The Movie,2025,Jul 16,3257365.0,1187.0,-,,https://www.boxofficemojo.com/release/rl3301408769/?ref_=bo_yld_table_158
Hell of a Summer,2025,Apr 4,3182678.0,1255.0,-,,https://www.boxofficemojo.com/release/rl1111130113/?ref_=bo_yld_table_159
Relay,2025,Aug 22,3164481.0,1483.0,-,,https://www.boxofficemojo.com/release/rl1356824577/?ref_=bo_yld_table_160
Kraven the Hunter,2025,Dec 13,25026310.0,3211.0,-,,https://www.boxofficemojo.com/release/rl259556097/?ref_=bo_yld_table_161
War 2,2025,Aug 14,3087065.0,875.0,-,,https://www.boxofficemojo.com/release/rl2496036865/?ref_=bo_yld_table_162
The Fire Inside,2025,Dec 25,8093190.0,2032.0,-,,https://www.boxofficemojo.com/release/rl2778432257/?ref_=bo_yld_table_163
How the Grinch Stole Christmas,2025,Dec 12,3063665.0,2250.0,-,,https://www.boxofficemojo.com/release/rl1283686401/?ref_=bo_yld_table_164
Rule Breakers,2025,Mar 7,2969825.0,2044.0,-,,https://www.boxofficemojo.com/release/rl104169473/?ref_=bo_yld_table_165
Attack on Titan: The Last Attack,2025,Feb 10,3638404.0,525.0,-,,https://www.boxofficemojo.com/release/rl4130111489/?ref_=bo_yld_table_166
The Toxic Avenger,2025,Aug 29,2866783.0,1995.0,-,,https://www.boxofficemojo.com/release/rl3695017985/?ref_=bo_yld_table_167
Dangerous Animals,2025,Jun 6,2738137.0,1636.0,-,,https://www.boxofficemojo.com/release/rl2335277057/?ref_=bo_yld_table_168
Nickel Boys,2025,Dec 13,2858346.0,540.0,-,,https://www.boxofficemojo.com/release/rl677871617/?ref_=bo_yld_table_169
Pink Floyd: Live at Pompeii,2025,Apr 24,2620076.0,678.0,-,,https://www.boxofficemojo.com/release/rl4089479169/?ref_=bo_yld_table_170
Eleanor the Great,2025,Sep 26,2607002.0,892.0,-,,https://www.boxofficemojo.com/release/rl1340375041/?ref_=bo_yld_table_171
Flow,2025,Nov 22,4844117.0,377.0,-,,https://www.boxofficemojo.com/release/rl922845185/?ref_=bo_yld_table_172
No Other Land,2025,Jan 31,2549422.0,140.0,-,,https://www.boxofficemojo.com/release/rl1630044161/?ref_=bo_yld_table_173
Spinal Tap II: The End Continues,2025,Sep 12,2508554.0,1920.0,-,,https://www.boxofficemojo.com/release/rl1658028033/?ref_=bo_yld_table_174
The Legend of Ochi,2025,Apr 18,2475373.0,1153.0,-,,https://www.boxofficemojo.com/release/rl2802876417/?ref_=bo_yld_table_175
Merrily We Roll Along,2025,Dec 5,2508329.0,1084.0,-,,https://www.boxofficemojo.com/release/rl1189380097/?ref_=bo_yld_table_176
Coolie,2025,Aug 15,2450000.0,800.0,-,,https://www.boxofficemojo.com/release/rl3688660993/?ref_=bo_yld_table_177
"Sorry, Baby",2025,Jun 27,2418280.0,338.0,-,,https://www.boxofficemojo.com/release/rl171540481/?ref_=bo_yld_table_178
September 5,2025,Dec 13,2508723.0,398.0,-,,https://www.boxofficemojo.com/release/rl2383183873/?ref_=bo_yld_table_179
The Room Next Door,2025,Dec 20,2519488.0,861.0,-,,https://www.boxofficemojo.com/release/rl1327661057/?ref_=bo_yld_table_180
Spider-Man/Spider-Man 2/Spider-Man 3,2025,Sep 26,2250977.0,1485.0,-,,https://www.boxofficemojo.com/release/rl2547023873/?ref_=bo_yld_table_181
Detective Chinatown 1900,2025,Jan 29,2229946.0,229.0,-,,https://www.boxofficemojo.com/release/rl875593729/?ref_=bo_yld_table_182
Dogma,2025,Jun 5,2193805.0,1039.0,-,,https://www.boxofficemojo.com/release/rl3812458497/?ref_=bo_yld_table_183
The Wedding Banquet,2025,Apr 18,2090228.0,1142.0,-,,https://www.boxofficemojo.com/release/rl3996286977/?ref_=bo_yld_table_184
"Oh, Hi!",2025,Jul 25,2082113.0,866.0,-,,https://www.boxofficemojo.com/release/rl2329313281/?ref_=bo_yld_table_185
Game Changer,2025,Jan 10,2100000.0,800.0,-,,https://www.boxofficemojo.com/release/rl3559358465/?ref_=bo_yld_table_186
Sight & Sound Presents: NOAH Live,2025,Sep 18,2059719.0,933.0,-,,https://www.boxofficemojo.com/release/rl1424392193/?ref_=bo_yld_table_187
Blue Moon,2025,Oct 17,2170688.0,689.0,-,,https://www.boxofficemojo.com/release/rl1088716801/?ref_=bo_yld_table_188
Opus,2025,Mar 14,1993397.0,1764.0,-,,https://www.boxofficemojo.com/release/rl1461944321/?ref_=bo_yld_table_189
Christy,2025,Nov 7,1952677.0,2184.0,-,,https://www.boxofficemojo.com/release/rl3288039425/?ref_=bo_yld_table_190
Better Man,2025,Dec 25,1983648.0,1291.0,-,,https://www.boxofficemojo.com/release/rl3881074689/?ref_=bo_yld_table_191
Pets on a Train,2025,Oct 17,1902241.0,1350.0,-,,https://www.boxofficemojo.com/release/rl3084156929/?ref_=bo_yld_table_192
Jane Austen Wrecked My Life,2025,May 23,1900978.0,526.0,-,,https://www.boxofficemojo.com/release/rl1741193217/?ref_=bo_yld_table_193
Splitsville,2025,Aug 22,1900750.0,800.0,-,,https://www.boxofficemojo.com/release/rl985825281/?ref_=bo_yld_table_194
In the Lost Lands,2025,Mar 7,1870305.0,1370.0,-,,https://www.boxofficemojo.com/release/rl4246241281/?ref_=bo_yld_table_195
Riff Raff,2025,Feb 27,1862519.0,1004.0,-,,https://www.boxofficemojo.com/release/rl2603843585/?ref_=bo_yld_table_196
Night of the Zoopocalypse,2025,Mar 7,2108907.0,1425.0,-,,https://www.boxofficemojo.com/release/rl4195123201/?ref_=bo_yld_table_197
Creation of the Gods II: Demon Force,2025,Jan 31,1853487.0,200.0,-,,https://www.boxofficemojo.com/release/rl338067457/?ref_=bo_yld_table_198
Casper,2025,Oct 3,1840230.0,1100.0,-,,https://www.boxofficemojo.com/release/rl3270213633/?ref_=bo_yld_table_199
Kuberaa,2025,Jun 20,1750000.0,500.0,-,,https://www.boxofficemojo.com/release/rl1070694401/?ref_=bo_yld_table_200
The Super Mario Galaxy Movie,2026,Apr 1,427591910.0,4284.0,-,,https://www.boxofficemojo.com/release/rl3344662529/?ref_=bo_yld_table_1
Michael,2026,Apr 24,343731914.0,3955.0,-,,https://www.boxofficemojo.com/release/rl1246593025/?ref_=bo_yld_table_2
Project Hail Mary,2026,Mar 20,342676106.0,4077.0,-,,https://www.boxofficemojo.com/release/rl1993768961/?ref_=bo_yld_table_3
The Devil Wears Prada 2,2026,May 1,210946269.0,4200.0,-,,https://www.boxofficemojo.com/release/rl365461505/?ref_=bo_yld_table_4
Hoppers,2026,Mar 6,166005131.0,4000.0,-,,https://www.boxofficemojo.com/release/rl284918529/?ref_=bo_yld_table_5
Avatar: Fire and Ash,2026,Dec 19,404340010.0,3835.0,-,,https://www.boxofficemojo.com/release/rl3389031937/?ref_=bo_yld_table_6
Star Wars: The Mandalorian and Grogu,2026,May 22,142248523.0,4300.0,-,,https://www.boxofficemojo.com/release/rl3294527489/?ref_=bo_yld_table_7
Scream 7,2026,Feb 27,121935967.0,3540.0,-,,https://www.boxofficemojo.com/release/rl1359839233/?ref_=bo_yld_table_8
Obsession,2026,May 15,116757055.0,2781.0,-,,https://www.boxofficemojo.com/release/rl1660846081/?ref_=bo_yld_table_9
GOAT,2026,Feb 13,103316898.0,3863.0,-,,https://www.boxofficemojo.com/release/rl2725019649/?ref_=bo_yld_table_10
Backrooms,2026,May 29,97848566.0,3565.0,-,,https://www.boxofficemojo.com/release/rl747929601/?ref_=bo_yld_table_11
Zootopia 2,2026,Nov 26,428130160.0,4000.0,-,,https://www.boxofficemojo.com/release/rl2303754241/?ref_=bo_yld_table_12
Wuthering Heights,2026,Feb 13,84001072.0,3682.0,-,,https://www.boxofficemojo.com/release/rl723550209/?ref_=bo_yld_table_13
Mortal Kombat II,2026,May 8,78312564.0,3534.0,-,,https://www.boxofficemojo.com/release/rl3832053761/?ref_=bo_yld_table_14
The Housemaid,2026,Dec 19,126432462.0,3123.0,-,,https://www.boxofficemojo.com/release/rl1512275969/?ref_=bo_yld_table_15
Send Help,2026,Jan 30,64734795.0,3475.0,-,,https://www.boxofficemojo.com/release/rl4147019777/?ref_=bo_yld_table_16
Marty Supreme,2026,Dec 19,96040064.0,2887.0,-,,https://www.boxofficemojo.com/release/rl1411612673/?ref_=bo_yld_table_17
The Sheep Detectives,2026,May 8,56086813.0,3554.0,-,,https://www.boxofficemojo.com/release/rl1601339393/?ref_=bo_yld_table_18
Reminders of Him,2026,Mar 13,48559430.0,3441.0,-,,https://www.boxofficemojo.com/release/rl2970583041/?ref_=bo_yld_table_19
The Drama,2026,Apr 3,48062006.0,3151.0,-,,https://www.boxofficemojo.com/release/rl1676574721/?ref_=bo_yld_table_20
Crime 101,2026,Feb 13,36588336.0,3161.0,-,,https://www.boxofficemojo.com/release/rl797671425/?ref_=bo_yld_table_21
Anaconda,2026,Dec 25,65098148.0,3509.0,-,,https://www.boxofficemojo.com/release/rl2499444737/?ref_=bo_yld_table_22
Lee Cronin's The Mummy,2026,Apr 17,29152113.0,3304.0,-,,https://www.boxofficemojo.com/release/rl3315499009/?ref_=bo_yld_table_23
Dhurandhar: The Revenge,2026,Mar 19,28100759.0,987.0,-,,https://www.boxofficemojo.com/release/rl3281551361/?ref_=bo_yld_table_24
Iron Lung,2026,Jan 30,40851941.0,3015.0,-,,https://www.boxofficemojo.com/release/rl3918299137/?ref_=bo_yld_table_25
Solo Mio,2026,Feb 6,25736278.0,3052.0,-,,https://www.boxofficemojo.com/release/rl2967437313/?ref_=bo_yld_table_26
Primate,2026,Jan 9,25635665.0,2964.0,-,,https://www.boxofficemojo.com/release/rl1406959617/?ref_=bo_yld_table_27
28 Years Later: The Bone Temple,2026,Jan 16,25147583.0,3506.0,-,,https://www.boxofficemojo.com/release/rl1562607617/?ref_=bo_yld_table_28
The SpongeBob Movie: Search for SquarePants,2026,Dec 19,71068170.0,3570.0,-,,https://www.boxofficemojo.com/release/rl1743487745/?ref_=bo_yld_table_29
Mercy,2026,Jan 23,24390303.0,3468.0,-,,https://www.boxofficemojo.com/release/rl1781235713/?ref_=bo_yld_table_30
Ready or Not 2: Here I Come,2026,Mar 20,22986054.0,3010.0,-,,https://www.boxofficemojo.com/release/rl2429190145/?ref_=bo_yld_table_31
Song Sung Blue,2026,Dec 25,39185290.0,2705.0,-,,https://www.boxofficemojo.com/release/rl1119977473/?ref_=bo_yld_table_32
David,2026,Dec 19,80382774.0,3118.0,-,,https://www.boxofficemojo.com/release/rl1710063617/?ref_=bo_yld_table_33
Undertone,2026,Mar 13,20001151.0,2570.0,-,,https://www.boxofficemojo.com/release/rl1978564609/?ref_=bo_yld_table_34
"You, Me & Tuscany",2026,Apr 10,18723685.0,3157.0,-,,https://www.boxofficemojo.com/release/rl599818241/?ref_=bo_yld_table_35
I Can Only Imagine 2,2026,Feb 20,18588615.0,3105.0,-,,https://www.boxofficemojo.com/release/rl221872129/?ref_=bo_yld_table_36
Greenland 2: Migration,2026,Jan 9,17770308.0,2718.0,-,,https://www.boxofficemojo.com/release/rl2715320321/?ref_=bo_yld_table_37
Hokum,2026,May 1,16834886.0,1900.0,-,,https://www.boxofficemojo.com/release/rl1066958849/?ref_=bo_yld_table_38
Melania,2026,Jan 30,16357453.0,2003.0,-,,https://www.boxofficemojo.com/release/rl4287397889/?ref_=bo_yld_table_39
Passenger,2026,May 22,16286519.0,2534.0,-,,https://www.boxofficemojo.com/release/rl4253450241/?ref_=bo_yld_table_40
EPiC: Elvis Presley in Concert,2026,Feb 20,13571883.0,1965.0,-,,https://www.boxofficemojo.com/release/rl1535148033/?ref_=bo_yld_table_41
Hamnet,2026,Nov 26,24208900.0,1996.0,-,,https://www.boxofficemojo.com/release/rl1421901825/?ref_=bo_yld_table_42
Dracula,2026,Feb 6,13053400.0,2050.0,-,,https://www.boxofficemojo.com/release/rl2934341633/?ref_=bo_yld_table_43
Shelter,2026,Jan 30,12805541.0,2726.0,-,,https://www.boxofficemojo.com/release/rl2951446529/?ref_=bo_yld_table_44
The Bride!,2026,Mar 6,12744025.0,3304.0,-,,https://www.boxofficemojo.com/release/rl1985511425/?ref_=bo_yld_table_45
They Will Kill You,2026,Mar 27,10882152.0,2778.0,-,,https://www.boxofficemojo.com/release/rl3572334593/?ref_=bo_yld_table_46
Billie Eilish: Hit Me Hard and Soft,2026,May 8,9901485.0,2613.0,-,,https://www.boxofficemojo.com/release/rl2650767361/?ref_=bo_yld_table_47
The Breadwinner,2026,May 29,9234865.0,3252.0,-,,https://www.boxofficemojo.com/release/rl4181426177/?ref_=bo_yld_table_48
No Other Choice,2026,Dec 25,10011860.0,697.0,-,,https://www.boxofficemojo.com/release/rl2298445825/?ref_=bo_yld_table_49
The Strangers: Chapter 3,2026,Feb 6,8560986.0,2565.0,-,,https://www.boxofficemojo.com/release/rl754941953/?ref_=bo_yld_table_50
"Good Luck, Have Fun, Don't Die",2026,Feb 13,8431443.0,1672.0,-,,https://www.boxofficemojo.com/release/rl1088585729/?ref_=bo_yld_table_51
A Great Awakening,2026,Apr 3,8133679.0,1289.0,-,,https://www.boxofficemojo.com/release/rl3751116801/?ref_=bo_yld_table_52
How to Make a Killing,2026,Feb 20,7851600.0,1726.0,-,,https://www.boxofficemojo.com/release/rl4143808513/?ref_=bo_yld_table_53
Wicked: For Good,2026,Nov 17,342915090.0,4115.0,-,,https://www.boxofficemojo.com/release/rl2185003777/?ref_=bo_yld_table_54
I Love Boosters,2026,May 22,7332794.0,1750.0,-,,https://www.boxofficemojo.com/release/rl2627698689/?ref_=bo_yld_table_55
Stray Kids: The Dominate Experience,2026,Feb 6,7232818.0,1724.0,-,,https://www.boxofficemojo.com/release/rl697401345/?ref_=bo_yld_table_56
Pressure,2026,May 29,7194970.0,1829.0,-,,https://www.boxofficemojo.com/release/rl1418493953/?ref_=bo_yld_table_57
Top Gun/Top Gun: Maverick,2026,May 13,6528326.0,2295.0,-,,https://www.boxofficemojo.com/release/rl78348289/?ref_=bo_yld_table_58
Five Nights at Freddy's 2,2026,Dec 5,127730290.0,3579.0,-,,https://www.boxofficemojo.com/release/rl2490073089/?ref_=bo_yld_table_59
The Lord of the Rings: The Fellowship of the Ring,2026,Jan 16,5940331.0,1674.0,-,,https://www.boxofficemojo.com/release/rl871530497/?ref_=bo_yld_table_60
In the Grey,2026,May 15,5710888.0,2018.0,-,,https://www.boxofficemojo.com/release/rl3210838017/?ref_=bo_yld_table_61
Return to Silent Hill,2026,Jan 23,5544971.0,2000.0,-,,https://www.boxofficemojo.com/release/rl3922296833/?ref_=bo_yld_table_62
Animal Farm,2026,May 1,5530772.0,2600.0,-,,https://www.boxofficemojo.com/release/rl528646145/?ref_=bo_yld_table_63
Is This Thing On?,2026,Dec 19,6185385.0,1495.0,-,,https://www.boxofficemojo.com/release/rl3151921153/?ref_=bo_yld_table_64
Normal,2026,Apr 17,5071290.0,2153.0,-,,https://www.boxofficemojo.com/release/rl1084325889/?ref_=bo_yld_table_65
Is God Is,2026,May 15,4857896.0,1510.0,-,,https://www.boxofficemojo.com/release/rl383418369/?ref_=bo_yld_table_66
Deep Water,2026,May 1,4326381.0,1675.0,-,,https://www.boxofficemojo.com/release/rl2141618177/?ref_=bo_yld_table_67
Twenty One Pilots: More Than We Ever Imagined,2026,Feb 26,4300000.0,833.0,-,,https://www.boxofficemojo.com/release/rl2542370817/?ref_=bo_yld_table_68
The Lord of the Rings: The Two Towers,2026,Jan 17,4093642.0,1655.0,-,,https://www.boxofficemojo.com/release/rl921862145/?ref_=bo_yld_table_69
Nirvanna: The Band - The Show - The Movie,2026,Feb 13,4044418.0,384.0,-,,https://www.boxofficemojo.com/release/rl2565570561/?ref_=bo_yld_table_70
The Lord of the Rings: The Return of the King,2026,Jan 18,3971340.0,1655.0,-,,https://www.boxofficemojo.com/release/rl703758337/?ref_=bo_yld_table_71
The Moment,2026,Jan 30,3925376.0,1119.0,-,,https://www.boxofficemojo.com/release/rl1845329921/?ref_=bo_yld_table_72
Pillion,2026,Feb 6,3852823.0,369.0,-,,https://www.boxofficemojo.com/release/rl1106214913/?ref_=bo_yld_table_73
2026 Oscar Nominated Short Films,2026,Feb 20,3754480.0,391.0,-,,https://www.boxofficemojo.com/release/rl2274721793/?ref_=bo_yld_table_74
Exit 8,2026,Apr 10,3735090.0,510.0,-,,https://www.boxofficemojo.com/release/rl3147857921/?ref_=bo_yld_table_75
We Bury the Dead,2026,Jan 2,3711918.0,1172.0,-,,https://www.boxofficemojo.com/release/rl2491842561/?ref_=bo_yld_table_76
Bendito Corazon,2026,Feb 6,2997508.0,455.0,-,,https://www.boxofficemojo.com/release/rl378634241/?ref_=bo_yld_table_77
The Pout-Pout Fish,2026,Mar 20,2925502.0,1854.0,-,,https://www.boxofficemojo.com/release/rl585400321/?ref_=bo_yld_table_78
Kiki's Delivery Service,2026,Mar 13,2697212.0,388.0,-,,https://www.boxofficemojo.com/release/rl3533012993/?ref_=bo_yld_table_79
The Secret Agent,2026,Nov 26,4282051.0,312.0,-,,https://www.boxofficemojo.com/release/rl2835120129/?ref_=bo_yld_table_80
Clika,2026,Jan 23,2644377.0,540.0,-,,https://www.boxofficemojo.com/release/rl3744628737/?ref_=bo_yld_table_81
Faces of Death,2026,Apr 10,2609598.0,1600.0,-,,https://www.boxofficemojo.com/release/rl2072936449/?ref_=bo_yld_table_82
Mother Mary,2026,Apr 17,2565507.0,1103.0,-,,https://www.boxofficemojo.com/release/rl1837858817/?ref_=bo_yld_table_83
Psycho Killer,2026,Feb 20,2555070.0,1100.0,-,,https://www.boxofficemojo.com/release/rl3369435137/?ref_=bo_yld_table_84
Demon Slayer: Kimetsu No Yaiba Infinity Castle,2026,Sep 12,136950340.0,3342.0,-,,https://www.boxofficemojo.com/release/rl53837825/?ref_=bo_yld_table_85
BTS WORLD TOUR 'ARIRANG' in GOYANG: LIVE VIEWING,2026,Apr 11,2440000.0,1189.0,-,,https://www.boxofficemojo.com/release/rl2895282177/?ref_=bo_yld_table_86
The Testament of Ann Lee,2026,Dec 25,2515020.0,500.0,-,,https://www.boxofficemojo.com/release/rl871006209/?ref_=bo_yld_table_87
Forbidden Fruits,2026,Mar 27,2322616.0,1525.0,-,,https://www.boxofficemojo.com/release/rl2257813505/?ref_=bo_yld_table_88
Dead Man's Wire,2026,Jan 9,2236813.0,1101.0,-,,https://www.boxofficemojo.com/release/rl982089729/?ref_=bo_yld_table_89
Tuner,2026,May 22,2222671.0,452.0,-,,https://www.boxofficemojo.com/release/rl1233682433/?ref_=bo_yld_table_90
Busboys,2026,Apr 17,2607503.0,800.0,-,,https://www.boxofficemojo.com/release/rl2913107969/?ref_=bo_yld_table_91
Over Your Dead Body,2026,Apr 24,2154696.0,1550.0,-,,https://www.boxofficemojo.com/release/rl3683418113/?ref_=bo_yld_table_92
2026 Oscar Nominated Short Films: Animation,2026,Feb 20,2087582.0,349.0,-,,https://www.boxofficemojo.com/release/rl4069752833/?ref_=bo_yld_table_93
I Was a Stranger,2026,Jan 9,2008686.0,1400.0,-,,https://www.boxofficemojo.com/release/rl3185541121/?ref_=bo_yld_table_94
Charlie the Wonderdog,2026,Jan 16,2003436.0,1230.0,-,,https://www.boxofficemojo.com/release/rl434405377/?ref_=bo_yld_table_95
The Story of Everything,2026,Apr 30,1947962.0,513.0,-,,https://www.boxofficemojo.com/release/rl4254433281/?ref_=bo_yld_table_96
The Christophers,2026,Apr 10,1807376.0,368.0,-,,https://www.boxofficemojo.com/release/rl3198189569/?ref_=bo_yld_table_97
BTS WORLD TOUR 'ARIRANG' in JAPAN: LIVE VIEWING,2026,Apr 18,1800000.0,1189.0,-,,https://www.boxofficemojo.com/release/rl2945613825/?ref_=bo_yld_table_98
Shrek,2026,May 15,1790365.0,1370.0,-,,https://www.boxofficemojo.com/release/rl3131604993/?ref_=bo_yld_table_99
Sirat,2026,Feb 6,1711698.0,174.0,-,,https://www.boxofficemojo.com/release/rl3163455489/?ref_=bo_yld_table_100
Blades of the Guardians,2026,Feb 17,1606672.0,184.0,-,,https://www.boxofficemojo.com/release/rl1468825601/?ref_=bo_yld_table_101
Dhurandhar,2026,Dec 5,19702994.0,400.0,-,,https://www.boxofficemojo.com/release/rl2558623745/?ref_=bo_yld_table_102
Cold Storage,2026,Feb 13,1529234.0,1041.0,-,,https://www.boxofficemojo.com/release/rl2626387969/?ref_=bo_yld_table_103
Fuze,2026,Apr 24,1485756.0,1164.0,-,,https://www.boxofficemojo.com/release/rl2795864065/?ref_=bo_yld_table_104
Teenage Mutant Ninja Turtles II: The Secret of the Ooze,2026,Mar 13,1476000.0,1372.0,-,,https://www.boxofficemojo.com/release/rl4137254913/?ref_=bo_yld_table_105
Bhooth Bangla,2026,Apr 16,2168456.0,500.0,-,,https://www.boxofficemojo.com/release/rl379224065/?ref_=bo_yld_table_106
That Time I Got Reincarnated as a Slime the Movie: Tears of the Azure Sea,2026,May 1,1423753.0,837.0,-,,https://www.boxofficemojo.com/release/rl2593423361/?ref_=bo_yld_table_107
Sentimental Value,2026,Nov 7,5338580.0,334.0,-,,https://www.boxofficemojo.com/release/rl3858071553/?ref_=bo_yld_table_108
A Private Life,2026,Jan 16,1421315.0,420.0,-,,https://www.boxofficemojo.com/release/rl3169091585/?ref_=bo_yld_table_109
The King’s Warden,2026,Feb 12,3574531.0,121.0,-,,https://www.boxofficemojo.com/release/rl3030089729/?ref_=bo_yld_table_110
One Battle After Another,2026,Sep 26,72918884.0,3634.0,-,,https://www.boxofficemojo.com/release/rl1784184833/?ref_=bo_yld_table_111
Rabb Da Radio 3,2026,Apr 3,1854645.0,,-,,https://www.boxofficemojo.com/release/rl446922753/?ref_=bo_yld_table_112
Beast,2026,Apr 10,1290388.0,1160.0,-,,https://www.boxofficemojo.com/release/rl3315630081/?ref_=bo_yld_table_113
Protector,2026,Mar 6,1290170.0,1007.0,-,,https://www.boxofficemojo.com/release/rl1352237057/?ref_=bo_yld_table_114
Uma Musume: Pretty Derby - Beginning of a New Era,2026,Feb 27,1275499.0,600.0,-,,https://www.boxofficemojo.com/release/rl3146285057/?ref_=bo_yld_table_115
The AI Doc: Or How I Became an Apocaloptimist,2026,Mar 27,1271825.0,786.0,-,,https://www.boxofficemojo.com/release/rl2306899969/?ref_=bo_yld_table_116
Back to the Past,2026,Jan 30,1949379.0,124.0,-,,https://www.boxofficemojo.com/release/rl2139652097/?ref_=bo_yld_table_117
Whistle,2026,Feb 6,1250972.0,1200.0,-,,https://www.boxofficemojo.com/release/rl428769281/?ref_=bo_yld_table_118
American Youngboy,2026,Apr 22,1194000.0,583.0,-,,https://www.boxofficemojo.com/release/rl2376368129/?ref_=bo_yld_table_119
Drishyam 3,2026,May 22,1650583.0,284.0,-,,https://www.boxofficemojo.com/release/rl1051820033/?ref_=bo_yld_table_120
Mobile Suit Gundam Hathaway: The Sorcery of Nymph Circe,2026,May 15,1165491.0,894.0,-,,https://www.boxofficemojo.com/release/rl1067220993/?ref_=bo_yld_table_121
Time Hoppers: The Silk Road,2026,Feb 7,1114850.0,,-,,https://www.boxofficemojo.com/release/rl1250131969/?ref_=bo_yld_table_122
Karuppu,2026,May 15,1290823.0,83.0,-,,https://www.boxofficemojo.com/release/rl1185710081/?ref_=bo_yld_table_123
Pegasus 3,2026,Feb 27,1374946.0,315.0,-,,https://www.boxofficemojo.com/release/rl2123988993/?ref_=bo_yld_table_124
I Swear,2026,Apr 24,1055955.0,701.0,-,,https://www.boxofficemojo.com/release/rl2594471937/?ref_=bo_yld_table_125
Kokuho,2026,Nov 14,1119136.0,261.0,-,,https://www.boxofficemojo.com/release/rl3180232705/?ref_=bo_yld_table_126
Midwinter Break,2026,Feb 20,1002905.0,808.0,-,,https://www.boxofficemojo.com/release/rl3355017217/?ref_=bo_yld_table_127
The Choral,2026,Dec 25,1020176.0,506.0,-,,https://www.boxofficemojo.com/release/rl3118759937/?ref_=bo_yld_table_128
Fight Club,2026,Apr 22,972937.0,1625.0,-,,https://www.boxofficemojo.com/release/rl1805549569/?ref_=bo_yld_table_129
Arco,2026,Jan 23,1000913.0,302.0,-,,https://www.boxofficemojo.com/release/rl1888124929/?ref_=bo_yld_table_130
Slanted,2026,Mar 13,906216.0,588.0,-,,https://www.boxofficemojo.com/release/rl848855041/?ref_=bo_yld_table_131
Father Mother Sister Brother,2026,Dec 24,964544.0,253.0,-,,https://www.boxofficemojo.com/release/rl2508685313/?ref_=bo_yld_table_132
The Voice of Hind Rajab,2026,Dec 17,955679.0,125.0,-,,https://www.boxofficemojo.com/release/rl2012381185/?ref_=bo_yld_table_133
He Calls Me Daughter,2026,Mar 17,802849.0,819.0,-,,https://www.boxofficemojo.com/release/rl2324267009/?ref_=bo_yld_table_134
The Mummy Returns,2026,Mar 27,785110.0,1430.0,-,,https://www.boxofficemojo.com/release/rl3718021121/?ref_=bo_yld_table_135
Attack on Titan: The Last Attack,2026,Feb 10,3638404.0,525.0,-,,https://www.boxofficemojo.com/release/rl4130111489/?ref_=bo_yld_table_136
One Spoon of Chocolate,2026,May 1,743092.0,636.0,-,,https://www.boxofficemojo.com/release/rl1519943681/?ref_=bo_yld_table_137
Dolly,2026,Mar 6,725979.0,810.0,-,,https://www.boxofficemojo.com/release/rl3582361601/?ref_=bo_yld_table_138
Madagascar,2026,Jan 16,708665.0,1083.0,-,,https://www.boxofficemojo.com/release/rl2659811329/?ref_=bo_yld_table_139
Desert Warrior,2026,Apr 24,704280.0,1010.0,-,,https://www.boxofficemojo.com/release/rl93880321/?ref_=bo_yld_table_140
Stand by Me,2026,Mar 27,700349.0,624.0,-,,https://www.boxofficemojo.com/release/rl3667689473/?ref_=bo_yld_table_141
Enhypen: Walk the Line Summer Edition - In Cinemas,2026,Mar 5,1149451.0,,-,,https://www.boxofficemojo.com/release/rl2056028161/?ref_=bo_yld_table_142
All You Need Is Kill,2026,Jan 16,695290.0,768.0,-,,https://www.boxofficemojo.com/release/rl2525003777/?ref_=bo_yld_table_143
MET Opera: Eugene Onegin,2026,May 2,690540.0,,-,,https://www.boxofficemojo.com/release/rl2745729025/?ref_=bo_yld_table_144
Mile End Kicks,2026,Apr 17,679591.0,380.0,-,,https://www.boxofficemojo.com/release/rl1956741121/?ref_=bo_yld_table_145
Bunny!!,2026,Mar 26,669093.0,,-,,https://www.boxofficemojo.com/release/rl1285652481/?ref_=bo_yld_table_146
The Wizard of the Kremlin,2026,May 15,652300.0,582.0,-,,https://www.boxofficemojo.com/release/rl3282403329/?ref_=bo_yld_table_147
Standout: The Ben Kjar Story,2026,Jan 23,646615.0,92.0,-,,https://www.boxofficemojo.com/release/rl2676719617/?ref_=bo_yld_table_148
Revolutionary America,2026,May 31,644141.0,762.0,-,,https://www.boxofficemojo.com/release/rl1353809921/?ref_=bo_yld_table_149
The Plague,2026,Dec 24,685153.0,590.0,-,,https://www.boxofficemojo.com/release/rl3940253697/?ref_=bo_yld_table_150
Scarlet,2026,Dec 12,629038.0,530.0,-,,https://www.boxofficemojo.com/release/rl1791197185/?ref_=bo_yld_table_151
Fantasy Life,2026,Mar 27,618602.0,215.0,-,,https://www.boxofficemojo.com/release/rl3398008833/?ref_=bo_yld_table_152
Palestine 36,2026,Mar 20,608945.0,75.0,-,,https://www.boxofficemojo.com/release/rl1084063745/?ref_=bo_yld_table_153
Hunting Matthew Nichols,2026,Apr 10,710532.0,,-,,https://www.boxofficemojo.com/release/rl126124033/?ref_=bo_yld_table_154
"Steal This Story, Please!",2026,Apr 10,580484.0,55.0,-,,https://www.boxofficemojo.com/release/rl1151369217/?ref_=bo_yld_table_155
Dacoit: A Love Story,2026,Apr 10,904531.0,,-,,https://www.boxofficemojo.com/release/rl2812444673/?ref_=bo_yld_table_156
Blue Heron,2026,Apr 17,529252.0,106.0,-,,https://www.boxofficemojo.com/release/rl647659521/?ref_=bo_yld_table_157
Eternity,2026,Nov 26,16210244.0,2386.0,-,,https://www.boxofficemojo.com/release/rl316178433/?ref_=bo_yld_table_158
All That's Left of You,2026,Jan 9,514374.0,52.0,-,,https://www.boxofficemojo.com/release/rl3632889857/?ref_=bo_yld_table_159
Youngblood,2026,Mar 6,511351.0,440.0,-,,https://www.boxofficemojo.com/release/rl1132560385/?ref_=bo_yld_table_160
The Mortuary Assistant,2026,Feb 13,454776.0,208.0,-,,https://www.boxofficemojo.com/release/rl1367441409/?ref_=bo_yld_table_161
Bonolota Express,2026,Apr 3,450376.0,48.0,-,,https://www.boxofficemojo.com/release/rl4003561473/?ref_=bo_yld_table_162
Lorne,2026,Apr 17,449135.0,415.0,-,,https://www.boxofficemojo.com/release/rl4187193345/?ref_=bo_yld_table_163
Resurrection,2026,Dec 12,627175.0,86.0,-,,https://www.boxofficemojo.com/release/rl1224114177/?ref_=bo_yld_table_164
The Revenant,2026,Feb 27,609500.0,900.0,-,,https://www.boxofficemojo.com/release/rl2224324609/?ref_=bo_yld_table_165
Patriot,2026,May 1,418228.0,,-,,https://www.boxofficemojo.com/release/rl2762506241/?ref_=bo_yld_table_166
The Trouble with Terkel,2026,Feb 13,415518.0,153.0,-,,https://www.boxofficemojo.com/release/rl377651201/?ref_=bo_yld_table_167
Whisper of the Heart,2026,Apr 17,402389.0,208.0,-,,https://www.boxofficemojo.com/release/rl2040823809/?ref_=bo_yld_table_168
The Silence of the Lambs,2026,Apr 26,395396.0,,-,,https://www.boxofficemojo.com/release/rl1787658241/?ref_=bo_yld_table_169
Hard Boiled,2026,Jan 25,392742.0,620.0,-,,https://www.boxofficemojo.com/release/rl3766517761/?ref_=bo_yld_table_170
BTS: Yet to Come in Cinemas,2026,Feb 1,8481053.0,1210.0,-,,https://www.boxofficemojo.com/release/rl1828487937/?ref_=bo_yld_table_171
Night Patrol,2026,Jan 16,372115.0,800.0,-,,https://www.boxofficemojo.com/release/rl1256620033/?ref_=bo_yld_table_172
H Is for Hawk,2026,Jan 23,342239.0,476.0,-,,https://www.boxofficemojo.com/release/rl713588737/?ref_=bo_yld_table_173
The Stranger,2026,Apr 3,313125.0,33.0,-,,https://www.boxofficemojo.com/release/rl445677569/?ref_=bo_yld_table_174
Silent Friend,2026,May 8,307144.0,57.0,-,,https://www.boxofficemojo.com/release/rl4170612737/?ref_=bo_yld_table_175
Aadu 3,2026,Mar 19,306973.0,,-,,https://www.boxofficemojo.com/release/rl1235320833/?ref_=bo_yld_table_176
Bershama,2026,Mar 20,388104.0,,-,,https://www.boxofficemojo.com/release/rl1268875265/?ref_=bo_yld_table_177
Vaazha II: Biopic of a Billion Bros,2026,Apr 3,301888.0,,-,,https://www.boxofficemojo.com/release/rl463699969/?ref_=bo_yld_table_178
The Killer,2026,Apr 5,301638.0,600.0,-,,https://www.boxofficemojo.com/release/rl3984621569/?ref_=bo_yld_table_179
Hamlet,2026,Apr 10,300088.0,325.0,-,,https://www.boxofficemojo.com/release/rl3012263937/?ref_=bo_yld_table_180
Tow,2026,Mar 20,291795.0,180.0,-,,https://www.boxofficemojo.com/release/rl479100929/?ref_=bo_yld_table_181
Marc by Sofia,2026,Mar 20,283345.0,128.0,-,,https://www.boxofficemojo.com/release/rl2157215745/?ref_=bo_yld_table_182
A Poet,2026,Jan 30,275987.0,38.0,-,,https://www.boxofficemojo.com/release/rl3280764929/?ref_=bo_yld_table_183
The Secret World of Arrietty,2026,May 19,274136.0,205.0,-,,https://www.boxofficemojo.com/release/rl380403713/?ref_=bo_yld_table_184
The Chronology of Water,2026,Dec 5,302825.0,37.0,-,,https://www.boxofficemojo.com/release/rl2676064257/?ref_=bo_yld_table_185
Mr. Nobody Against Putin,2026,Jan 21,266122.0,53.0,-,,https://www.boxofficemojo.com/release/rl2441707521/?ref_=bo_yld_table_186
Tommy,2026,Mar 17,260759.0,121.0,-,,https://www.boxofficemojo.com/release/rl3499786241/?ref_=bo_yld_table_187
The President's Cake,2026,Feb 6,256542.0,188.0,-,,https://www.boxofficemojo.com/release/rl428965889/?ref_=bo_yld_table_188
Cold War 1994,2026,May 8,361156.0,,-,,https://www.boxofficemojo.com/release/rl1168932865/?ref_=bo_yld_table_189
"Our Hero, Balthazar",2026,Mar 27,247607.0,20.0,-,,https://www.boxofficemojo.com/release/rl1234534401/?ref_=bo_yld_table_190
Raakaasa,2026,Apr 3,246076.0,,-,,https://www.boxofficemojo.com/release/rl480477185/?ref_=bo_yld_table_191
A Better Tomorrow,2026,Mar 1,240938.0,618.0,-,,https://www.boxofficemojo.com/release/rl3934289921/?ref_=bo_yld_table_192
Erupcja,2026,Apr 17,230936.0,88.0,-,,https://www.boxofficemojo.com/release/rl999325697/?ref_=bo_yld_table_193
Nuremberg,2026,Nov 7,14524692.0,1830.0,-,,https://www.boxofficemojo.com/release/rl1139048449/?ref_=bo_yld_table_194
Magellan,2026,Jan 9,231318.0,23.0,-,,https://www.boxofficemojo.com/release/rl3884548097/?ref_=bo_yld_table_195
Shera,2026,May 15,226894.0,,-,,https://www.boxofficemojo.com/release/rl1202487297/?ref_=bo_yld_table_196
Aag Lagay Basti Mein,2026,Mar 20,454890.0,,-,,https://www.boxofficemojo.com/release/rl1302429697/?ref_=bo_yld_table_197
Miroirs No. 3,2026,Mar 20,218695.0,49.0,-,,https://www.boxofficemojo.com/release/rl2727116801/?ref_=bo_yld_table_198
Aida: The Movie,2026,Jan 30,217000.0,27.0,-,,https://www.boxofficemojo.com/release/rl3095953409/?ref_=bo_yld_table_199
Buffalo Kids,2026,Feb 6,214534.0,750.0,-,,https://www.boxofficemojo.com/release/rl652509185/?ref_=bo_yld_table_200
