title,year,numbers_slug,thu_preview,fri,sat,sun,weekend_total_daily,fri_sat_sun_total,fri_to_weekend_mult,fri_sat_sun_mult,sat_to_remaining_mult,opening_rank,opening_theaters,per_theater
Star Wars: Episode IX - The Rise of Skywalker,2020,Star-Wars-Episode-IX-The-Rise-of-Skywalker-(2020),,,,,,,,,,,,
Sonic the Hedgehog,2020,Sonic-the-Hedgehog-(2020),,,,,,,,,,,,
Bad Boys for Life,2020,Bad-Boys-for-Life-(2020),,,,,,,,,,,,
Jumanji: The Next Level,2020,Jumanji-The-Next-Level-(2020),,,,,,,,,,,,
1917,2020,1917-(2020),,,,,,,,,,,,
Birds of Prey and the Fantabulous Emancipation of One Harley Quinn,2020,Birds-of-Prey-and-the-Fantabulous-Emancipation-of-One-Harley-Quinn-(2020),,,,,,,,,,,,
Little Women,2020,Little-Women-(2020),,,,,,,,,,,,
The Invisible Man,2020,The-Invisible-Man-(2020),,,,,,,,,,,,
The Call of the Wild,2020,The-Call-of-the-Wild-(2020),,,,,,,,,,,,
Dolittle,2020,Dolittle-(2020),925000.0,6210110.0,8841885.0,6792050.0,22769045.0,21844045.0,3.6664,3.5175,1.7682,3,4155.0,1495.0
Tenet,2020,Tenet-(2020),,,,,,,,,,,,
Onward,2020,Onward-(2020),2000000.0,12096726.0,16514193.0,10508942.0,41119861.0,39119861.0,3.3993,3.2339,1.6364,1,4310.0,2807.0
Knives Out,2020,Knives-Out-(2020),,,,,,,,,,,,
Frozen II,2020,Frozen-II-(2020),,,,,,,,,,,,
Spies in Disguise,2020,Spies-in-Disguise-(2020),,,,,,,,,,,,
The Gentlemen,2020,The-Gentlemen-(2020),,,,,,,,,,,,
Just Mercy,2020,Just-Mercy-(2020),,81072.0,37318.0,36633.0,155023.0,155023.0,1.9122,1.9122,1.9816,-,4.0,20268.0
Fantasy Island,2020,Fantasy-Island-(2020),,5410273.0,4104353.0,2795794.0,12310420.0,12310420.0,2.2754,2.2754,1.6812,4,2784.0,1943.0
The Croods: A New Age,2020,The-Croods-A-New-Age-(2020),,,,,,,,,,,,
Parasite,2020,Parasite-(2020),,,,,,,,,,,,
Wonder Woman 1984,2020,Wonder-Woman-1984-(2020),,200000.0,,,,,,,,-,1681.0,119.0
The New Mutants,2020,The-New-Mutants-(2020),,,,,,,,,,,,
Uncut Gems,2020,Uncut-Gems-(2020),,212201.0,172168.0,152873.0,537242.0,537242.0,2.5318,2.5318,1.8879,12,5.0,42440.0
The Grudge,2020,The-Grudge-(2020),,,,,,,,,,,,
Unhinged,2020,Unhinged-(2020),,230000.0,1480282.0,1650312.0,3360594.0,3360594.0,14.6113,14.6113,2.1149,2,299.0,769.0
Like a Boss,2020,Like-a-Boss-(2020),,3900185.0,3780873.0,2330214.0,10011272.0,10011272.0,2.5669,2.5669,1.6163,2,3078.0,1267.0
The Photograph,2020,The-Photograph-(2020),,,,,,,,,,,,
Underwater,2020,Underwater-(2020),500000.0,2497331.0,2767282.0,1743684.0,7508297.0,7008297.0,3.0065,2.8063,1.6301,6,2791.0,895.0
The War with Grandpa,2020,The-War-with-Grandpa-(2020),,,,,,,,,,,,
Gretel & Hansel,2020,Gretel-and-Hansel-(2020),475000.0,2344557.0,2775454.0,1033996.0,6629007.0,6154007.0,2.8274,2.6248,1.3726,3,3007.0,780.0
The Turning,2020,The-Turning-(2020),,,,,,,,,,,,
Brahms: The Boy II,2020,Brahms-The-Boy-II-(2020),375000.0,2210191.0,2334829.0,1277986.0,6198006.0,5823006.0,2.8043,2.6346,1.5474,3,2151.0,1028.0
My Hero Academia: Heroes Rising,2020,My-Hero-Academia-Heroes-Rising-(2020),,,,,,,,,,,,
The Way Back,2020,The-Way-Back-(2020),,,,,,,,,,,,
Bombshell,2020,Bombshell-(2020),,136953.0,104975.0,77229.0,319157.0,319157.0,2.3304,2.3304,1.7357,-,4.0,34238.0
Jojo Rabbit,2020,Jojo-Rabbit-(2020),,,,,,,,,,,,
Bloodshot,2020,Bloodshot-(2020),1200000.0,3801099.0,3290187.0,2085409.0,10376695.0,9176695.0,2.7299,2.4142,1.6338,2,1329.0,3801099.0
Ford v Ferrari,2020,Ford-v-Ferrari-(2020),,,,,,,,,,,,
Impractical Jokers: The Movie,2020,Impractical-Jokers-The-Movie-(2020),,950007.0,1011295.0,645747.0,2607049.0,2607049.0,2.7442,2.7442,1.6385,8,357.0,2661.0
I Still Believe,2020,I-Still-Believe-(2020),780000.0,3993234.0,3141562.0,1968818.0,9883614.0,9103614.0,2.4751,2.2798,1.6267,1,3250.0,1229.0
Emma.,2020,Emma-(2020),,,,,,,,,,,,
Come Play,2020,Come-Play-(2020),150000.0,1094030.0,1331245.0,694600.0,3269875.0,3119875.0,2.9888,2.8517,1.5218,1,2183.0,501.0
Let Him Go,2020,Let-Him-Go-(2020),150000.0,1479580.0,1620470.0,900420.0,4150470.0,4000470.0,2.8052,2.7038,1.5557,1,2454.0,603.0
Freaky,2020,Freaky-(2020),,1486810.0,1397115.0,716430.0,3600355.0,3600355.0,2.4215,2.4215,1.5128,1,2472.0,601.0
Weathering with You,2020,Weathering-with-You-(2020),,,,,,,,,,,,
Downhill,2020,Downhill-(2020),,2098824.0,1545286.0,977908.0,4622018.0,4622018.0,2.2022,2.2022,1.6328,7,2301.0,912.0
Cats,2020,Cats-(2020),,,,,,,,,,,,
The Hunt,2020,The-Hunt-(2020),,,,,,,,,,,,
The Rhythm Section,2020,The-Rhythm-Section-(2020),,,,,,,,,,,,
Monster Hunter,2020,Monster-Hunter-(2020),,824964.0,796432.0,579873.0,2201269.0,2201269.0,2.6683,2.6683,1.7281,1,1736.0,475.0
A Beautiful Day in the Neighborhood,2020,A-Beautiful-Day-in-the-Neighborhood-(2020),,,,,,,,,,,,
Hocus Pocus,2020,Hocus-Pocus-(2020),,,,,,,,,,,,
The SpongeBob Movie: Sponge on the Run,2020,The-SpongeBob-Movie-Sponge-on-the-Run-(2020),,,,,,,,,,,,
Richard Jewell,2020,Richard-Jewell-(2020),,1557411.0,1951821.0,1196033.0,4705265.0,4705265.0,3.0212,3.0212,1.6128,5,2502.0,622.0
The Broken Hearts Gallery,2020,The-Broken-Hearts-Gallery-(2020),,,,,,,,,,,,
Infidel,2020,Infidel-(2020),,528056.0,526097.0,330143.0,1384296.0,1384296.0,2.6215,2.6215,1.6275,-,1724.0,306.0
Bill & Ted Face the Music,2020,Bill-and-Ted-Face-the-Music-(2020),,452170.0,417113.0,255724.0,1125007.0,1125007.0,2.488,2.488,1.6131,3,1007.0,449.0
Portrait of a Lady on Fire,2020,Portrait-of-a-Lady-on-Fire-(2020),,,,,,,,,,,,
News of the World,2020,News-of-the-World-(2020),,1000325.0,769880.0,480225.0,2250430.0,2250430.0,2.2497,2.2497,1.6238,-,1900.0,526.0
2020 Oscar Nominated Short Films,2020,2020-Oscar-Nominated-Short-Films-(2020),,,,,,,,,,,,
Queen & Slim,2020,Queen-and-Slim-(2020),,,,,,,,,,,,
The Empty Man,2020,The-Empty-Man-(2020),,,,,,,,,,,,
My Boyfriend's Meds,2020,My-Boyfriends-Meds-(2020),,,,,,,,,,,,
The Last Full Measure,2020,The-Last-Full-Measure-(2020),,,,,,,,,,,,
Star Wars: Episode V - The Empire Strikes Back,2020,Star-Wars-Episode-V-The-Empire-Strikes-Back-(2020),,,,,,,,,,,,
Words on Bathroom Walls,2020,Words-on-Bathroom-Walls-(2020),,148288.0,174743.0,109937.0,432968.0,432968.0,2.9198,2.9198,1.6291,-,924.0,160.0
Fatale,2020,Fatale-(2020),,339495.0,345657.0,232960.0,918112.0,918112.0,2.7043,2.7043,1.674,3,1107.0,307.0
Half Brothers,2020,Half-Brothers-(2020),,237450.0,287560.0,175150.0,700160.0,700160.0,2.9487,2.9487,1.6091,2,1369.0,173.0
The Nightmare Before Christmas,2020,The-Nightmare-Before-Christmas-(2020),,,,,,,,,,,,
Ip Man 4: The Finale,2020,Ip-Man-4-The-Finale-(2020),,,,,,,,,,,,
Elf,2020,Elf-(2020),,,,,,,,,,,,
The Personal History of David Copperfield,2020,The-Personal-History-of-David-Copperfield-(2020),,,,,,,,,,,,
The Wretched,2020,The-Wretched-(2020),,,,,,,,,,,,
The Lodge,2020,The-Lodge-(2020),,,,,,,,,,,,
Joker,2020,Joker-(2020),,29141.0,36920.0,39305.0,105366.0,105366.0,3.6157,3.6157,2.0646,-,73.0,399.0
The Rental,2020,The-Rental-(2020),,,,,,,,,,,,
2 Hearts,2020,2-Hearts-(2020),,196029.0,209494.0,117414.0,522937.0,522937.0,2.6677,2.6677,1.5605,-,1683.0,116.0
Once Upon a Time... in Hollywood,2020,Once-Upon-a-Time-in-Hollywood-(2020),,,,,,,,,,,,
Jurassic Park,2020,Jurassic-Park-(2020),,,,,,,,,,,,
Love and Monsters,2020,Love-and-Monsters-(2020),,90216.0,120062.0,60024.0,270302.0,270302.0,2.9962,2.9962,1.4999,-,387.0,233.0
Promising Young Woman,2020,Promising-Young-Woman-(2020),,256800.0,262785.0,199720.0,719305.0,719305.0,2.801,2.801,1.76,-,1310.0,196.0
True to the Game 2,2020,True-to-the-Game-2-(2020),,,,,,,,,,,,
Peninsula,2020,Peninsula-(2020),,,,,,,,,,,,
The Assistant,2020,The-Assistant-(2020),,,,,,,,,,,,
Relic,2020,Relic-(2020),,,,,,,,,,,,
The Tax Collector,2020,The-Tax-Collector-(2020),,,,,,,,,,,,
The Last Shift,2020,The-Last-Shift-(2020),,,,,,,,,,,,
Becky,2020,Becky-(2020),,67641.0,90542.0,47614.0,205797.0,205797.0,3.0425,3.0425,1.5259,-,45.0,1503.0
The Song of Names,2020,The-Song-of-Names-(2020),,,,,,,,,,,,
All My Life,2020,All-My-Life-(2020),,141710.0,146815.0,81790.0,370315.0,370315.0,2.6132,2.6132,1.5571,4,970.0,146.0
Mafia Inc,2020,Mafia-Inc-(2020),,,,,,,,,,,,
National Lampoon's Christmas Vacation,2020,National-Lampoons-Christmas-Vacation-(2020),,,,,,,,,,,,
Jay and Silent Bob Reboot,2020,Jay-and-Silent-Bob-Reboot-(2020),,691418.0,319887.0,,,,,,,5,877.0,691418.0
A Hidden Life,2020,A-Hidden-Life-(2020),,,,,,,,,,,,
Cut Throat City,2020,Cut-Throat-City-(2020),,8132.0,,,,,,,,-,25.0,325.0
The Goonies,2020,The-Goonies-(2020),,,,,,,,,,,,
Sarileru Neekevvaru,2020,Sarileru-Neekevvaru-(2020),,,,,,,,,,,,
21 Bridges,2020,21-Bridges-(2020),,,,,,,,,,,,
Vanguard,2020,Vanguard-(2020),,,,,,,,,,,,
Jaws,2020,Jaws-(2020),,,,,,,,,,,,
After We Collided,2020,After-We-Collided-(2020),,206101.0,138088.0,78710.0,422899.0,422899.0,2.0519,2.0519,1.57,-,460.0,448.0
Possessor,2020,Possessor-(2020),,,,,,,,,,,,
Coco,2020,Coco-(2020),,,,,,,,,,,,
Toy Story,2020,Toy-Story-(2020),,161000.0,233000.0,111000.0,505000.0,505000.0,3.1366,3.1366,1.4764,-,2102.0,77.0
Baaghi 3,2020,Baaghi-3-(2020),,,,,,,,,,,,
"Monsters, Inc.",2020,Monsters-Inc-(2020),,17390000.0,26270000.0,18140000.0,61800000.0,61800000.0,3.5538,3.5538,1.6905,1,3237.0,5372.0
The Santa Clause,2020,The-Santa-Clause-(2020),,,,,,,,,,,,
Pain and Glory,2020,Pain-and-Glory-(2020),,,,,,,,,,,,
The Polar Express,2020,The-Polar-Express-(2020),,,,,,,,,,,,
The Last Vermeer,2020,The-Last-Vermeer-(2020),,,,,,,,,,,,
The Addams Family,2020,The-Addams-Family-(2020),,,,,,,,,,,,
Merci pour tout,2020,Merci-pour-tout-(2020),,,,,,,,,,,,
Maleficent: Mistress of Evil,2020,Maleficent-Mistress-of-Evil-(2020),,,,,,,,,,,,
Ghostbusters,2020,Ghostbusters-(2020),,,,,,,,,,,,
Chhapaak,2020,Chhapaak-(2020),,,,,,,,,,,,
Shortcut,2020,Shortcut-(2020),,,,,,,,,,,,
Panga,2020,Panga-(2020),,,,,,,,,,,,
Midway,2020,Midway-(2020),,,,,,,,,,,,
Black Christmas,2020,Black-Christmas-(2020),,3307602.0,1763413.0,1149644.0,6220659.0,6220659.0,1.8807,1.8807,1.6519,6,1278.0,2588.0
Synchronic,2020,Synchronic-(2020),,,,,,,,,,,,
Color Out of Space,2020,Color-Out-of-Space-(2020),,,,,,,,,,,,
Guardians of the Galaxy,2020,Guardians-of-the-Galaxy-(2020),11200000.0,37845336.0,30989857.0,25485690.0,105520883.0,94320883.0,2.7882,2.4923,1.8224,1,4080.0,9276.0
Followed,2020,Followed-(2020),,57963.0,66232.0,28630.0,152825.0,152825.0,2.6366,2.6366,1.4323,-,44.0,1317.0
Alone,2020,Alone-(2020),,,,,,,,,,,,
Harriet,2020,Harriet-(2020),,,,,,,,,,,,
Kajillionaire,2020,Kajillionaire-(2020),,88310.0,77900.0,49465.0,215675.0,215675.0,2.4422,2.4422,1.635,-,529.0,167.0
The Addams Family,2020,The-Addams-Family-(2020),,,,,,,,,,,,
The Big Ugly,2020,The-Big-Ugly-(2020),,,,,,,,,,,,
The Grinch,2020,The-Grinch-(2020),,,,,,,,,,,,
The Call,2020,The-Call-(2020),,,,,,,,,,,,
Spell,2020,Spell-(2020),,71434.0,89321.0,45836.0,206591.0,206591.0,2.8921,2.8921,1.5132,-,369.0,194.0
Ava,2020,Ava-(2020),,68652.0,64499.0,37198.0,170349.0,170349.0,2.4813,2.4813,1.5767,-,222.0,309.0
The Forgotten Carols,2020,The-Forgotten-Carols-(2020),,,,,,,,,,,,
Dark Waters,2020,Dark-Waters-(2020),,38324.0,38674.0,25608.0,102606.0,102606.0,2.6773,2.6773,1.6622,-,4.0,9581.0
Pinocchio,2020,Pinocchio-(2020),,,,,,,,,,,,
Beauty and the Beast,2020,Beauty-and-the-Beast-(2020),,,,,,,,,,,,
Once Were Brothers,2020,Once-Were-Brothers-(2020),,,,,,,,,,,,
Seberg,2020,Seberg-(2020),,,,,,,,,,,,
Infamous,2020,Infamous-(2020),,58175.0,71973.0,30223.0,160371.0,160371.0,2.7567,2.7567,1.4199,-,58.0,1003.0
Iron Man,2020,Iron-Man-(2020),,38734361.0,37350099.0,26034208.0,102118668.0,102118668.0,2.6364,2.6364,1.697,1,4105.0,9436.0
Fantastic Fungi,2020,Fantastic-Fungi-(2020),,67096.0,,,,,,,,-,17.0,3947.0
Stevie Nicks 24 Karat Gold the Concert,2020,Stevie-Nicks-24-Karat-Gold-the-Concert-(2020),,,,,,,,,,,,
Tulsa,2020,Tulsa-(2020),,28424.0,28662.0,21306.0,78392.0,78392.0,2.758,2.758,1.7434,-,191.0,149.0
Buddy Games,2020,Buddy-Games-(2020),,54987.0,60465.0,35045.0,150497.0,150497.0,2.737,2.737,1.5796,-,401.0,137.0
Black Panther,2020,Black-Panther-(2020),,,,,,,,,,,,
The Kid Detective,2020,The-Kid-Detective-(2020),,,,,,,,,,,,
She Dies Tomorrow,2020,She-Dies-Tomorrow-(2020),,,,,,,,,,,,
Greed,2020,Greed-(2020),,,,,,,,,,,,
Yellow Rose,2020,Yellow-Rose-(2020),,,,,,,,,,,,
Ride Your Wave,2020,Ride-Your-Wave-(2020),,,,,,,,,,,,
The Eight Hundred,2020,The-Eight-Hundred-(2020),,,,,,,,,,,,
Die Hard,2020,Die-Hard-(2020),,,,,,,,,,,,
Clemency,2020,Clemency-(2020),,,,,,,,,,,,
Les Misérables,2020,Les-Misérables-(2020),,,,,,,,,,,,
Ordinary Love,2020,Ordinary-Love-(2020),,,,,,,,,,,,
Casper,2020,Casper-(2020),,,,,,,,,,,,
The Informer,2020,The-Informer-(2020),,,,,,,,,,,,
Playing with Fire,2020,Playing-with-Fire-(2020),,,,,,,,,,,,
Save Yourselves!,2020,Save-Yourselves-(2020),,48657.0,58966.0,35071.0,142694.0,142694.0,2.9327,2.9327,1.5948,-,388.0,125.0
Judy,2020,Judy-(2020),,,,,,,,,,,,
The Traitor,2020,The-Traitor-(2020),,,,,,,,,,,,
Gremlins,2020,Gremlins-(2020),,,,,,,,,,,,
Created Equal: Clarence Thomas in His Own Words,2020,Created-Equal-Clarence-Thomas-in-His-Own-Words-(2020),,,,,,,,,,,,
Fatman,2020,Fatman-(2020),,,,,,,,,,,,
An American in Paris,2020,An-American-in-Paris-(2020),,,,,,,,,,,,
Wonder Woman,2020,Wonder-Woman-(2020),,,,,,,,,,,,
Back to the Future,2020,Back-to-the-Future-(2020),,,,,,,,,,,,
Bohemian Rhapsody,2020,Bohemian-Rhapsody-(2020),,,,,,,,,,,,
63 Up,2020,63-Up-(2020),,,,,,,,,,,,
Tokyo Godfathers,2020,Tokyo-Godfathers-(2020),,7868.0,131297.0,100461.0,239626.0,239626.0,30.4558,30.4558,1.7651,49,8.0,984.0
The Climb,2020,The-Climb-(2020),,,,,,,,,,,,
Doctor Who Live Q&A And Screening,2020,Doctor-Who-Live-QandA-And-Screening-(2020),,,,,,,,,,,,
CatVideoFest 2020,2020,CatVideoFest-2020-(2020),,,,,,,,,,,,
Wild Mountain Thyme,2020,Wild-Mountain-Thyme-(2020),,37030.0,36623.0,21336.0,94989.0,94989.0,2.5652,2.5652,1.5826,-,450.0,82.0
The Secrets We Keep,2020,The-Secrets-We-Keep-(2020),,,,,,,,,,,,
Ashfall,2020,Ashfall-(2020),,,,,,,,,,,,
Zombieland: Double Tap,2020,Zombieland-Double-Tap-(2020),,,,,,,,,,,,
Fate/stay night [Heaven's Feel] III. spring song,2020,Fate/stay-night-[Heavens-Feel]-III-spring-song-(2020),,,,,,,,,,,,
The Doors: Break On Thru - A Celebration Of Ray Manzarek,2020,The-Doors-Break-On-Thru-A-Celebration-Of-Ray-Manzarek-(2020),,,,,,,,,,,,
Cunningham,2020,Cunningham-(2020),,,,,,,,,,,,
The Outpost,2020,The-Outpost-(2020),,,,,,,,,,,,
The Wolf of Snow Hollow,2020,The-Wolf-of-Snow-Hollow-(2020),,,,,,,,,,,,
Come Away,2020,Come-Away-(2020),,30330.0,47885.0,27869.0,106084.0,106084.0,3.4977,3.4977,1.582,-,475.0,64.0
The Good Liar,2020,The-Good-Liar-(2020),,,,,,,,,,,,
And Then We Danced,2020,And-Then-We-Danced-(2020),,,,,,,,,,,,
Follow Me,2020,Follow-Me-(2020),,32338.0,32828.0,14016.0,79182.0,79182.0,2.4486,2.4486,1.427,-,45.0,719.0
Beanpole,2020,Beanpole-(2020),,,,,,,,,,,,
Extra Ordinary,2020,Extra-Ordinary-(2020),,,,,,,,,,,,
Palm Springs,2020,Palm-Springs-(2020),,,,,,,,,,,,
A Call to Spy,2020,A-Call-to-Spy-(2020),,,,,,,,,,,,
Love Story,2020,Love-Story-(2020),,,,,,,,,,,,
Spider-Man: No Way Home,2021,Spider-Man-No-Way-Home-(2021),50000000.0,121964712.0,73941279.0,64232578.0,310138569.0,260138569.0,2.5429,2.1329,1.8687,1,4336.0,28128.0
Shang-Chi and the Legend of the Ten Rings,2021,Shang-Chi-and-the-Legend-of-the-Ten-Rings-(2021),8800000.0,29502259.0,23190043.0,22696386.0,84188688.0,75388688.0,2.8536,2.5554,1.9787,1,4300.0,6861.0
Black Widow,2021,Black-Widow-(2021),13200000.0,39510446.0,23305929.0,17549937.0,93566312.0,80366312.0,2.3681,2.0341,1.753,1,4160.0,9498.0
F9: The Fast Saga,2021,F9-The-Fast-Saga-(2021),7100000.0,29858750.0,22348525.0,17835890.0,77143165.0,70043165.0,2.5836,2.3458,1.7981,1,4179.0,7145.0
Eternals,2021,Eternals-(2021),9500000.0,30844219.0,24124504.0,16328496.0,80797219.0,71297219.0,2.6195,2.3115,1.6768,1,4090.0,7541.0
No Time to Die,2021,No-Time-to-Die-(2021),6300000.0,23310401.0,18154289.0,13760317.0,61525007.0,55225007.0,2.6394,2.3691,1.758,1,4407.0,5289.0
Venom: Let There Be Carnage,2021,Venom-Let-There-Be-Carnage-(2021),11600000.0,37417184.0,31630397.0,20985629.0,101633210.0,90033210.0,2.7162,2.4062,1.6635,1,4225.0,8856.0
Jungle Cruise,2021,Jungle-Cruise-(2021),2700000.0,13459236.0,12320282.0,9239213.0,37718731.0,35018731.0,2.8024,2.6018,1.7499,1,4310.0,3123.0
A Quiet Place Part II,2021,A-Quiet-Place-Part-II-(2021),,,,,,,,,,,,
Ghostbusters: Afterlife,2021,Ghostbusters-Afterlife-(2021),4500000.0,16652383.0,16437835.0,10918188.0,48508406.0,44008406.0,2.913,2.6428,1.6642,1,4315.0,3859.0
Free Guy,2021,Free-Guy-(2021),,,,,,,,,,,,
Godzilla vs. Kong,2021,Godzilla-vs-Kong-(2021),,,,,,,,,,,,
Halloween Kills,2021,Halloween-Kills-(2021),4850000.0,22830935.0,17324690.0,9249355.0,54254980.0,49404980.0,2.3764,2.1639,1.5339,1,3705.0,6162.0
Dune: Part One,2021,Dune-Part-One-(2021),,,,,,,,,,,,
Encanto,2021,Encanto-(2021),1500000.0,7553221.0,5807558.0,11075133.0,25935912.0,24435912.0,3.4338,3.2352,2.907,1,3980.0,1898.0
Cruella,2021,Cruella-(2021),1400000.0,7707778.0,7280524.0,6508695.0,22896997.0,21496997.0,2.9706,2.789,1.894,2,3892.0,1980.0
Sing 2,2021,Sing-2-(2021),,8134635.0,7491085.0,5237010.0,20862730.0,20862730.0,2.5647,2.5647,1.6991,2,3892.0,2090.0
Space Jam: A New Legacy,2021,Space-Jam-A-New-Legacy-(2021),,13100000.0,3050000.0,1305000.0,17455000.0,17455000.0,1.3324,1.3324,1.4279,1,3965.0,3304.0
The Conjuring: The Devil Made Me Do It,2021,The-Conjuring-The-Devil-Made-Me-Do-It-(2021),,,,,,,,,,,,
The Boss Baby 2: Family Business,2021,The-Boss-Baby-2-Family-Business-(2021),,,,,,,,,,,,
Candyman,2021,Candyman-(2021),,,,,,,,,,,,
The Addams Family 2,2021,The-Addams-Family-2-(2021),,,,,,,,,,,,
Raya and the Last Dragon,2021,Raya-and-the-Last-Dragon-(2021),,2603122.0,3699362.0,2200014.0,8502498.0,8502498.0,3.2663,3.2663,1.5947,1,2045.0,1273.0
House of Gucci,2021,House-of-Gucci-(2021),1300000.0,4204526.0,3385978.0,5732694.0,14623198.0,13323198.0,3.478,3.1688,2.6931,3,3441.0,1222.0
The Suicide Squad,2021,The-Suicide-Squad-(2021),,,,,,,,,,,,
Demon Slayer: Kimetsu no Yaiba - The Movie: Mugen Train,2021,Demon-Slayer-Kimetsu-no-Yaiba-The-Movie-Mugen-Train-(2021),,,,,,,,,,,,
Clifford the Big Red Dog,2021,Clifford-the-Big-Red-Dog-(2021),,,,,,,,,,,,
Old,2021,Old-(2021),1500000.0,6897470.0,5616385.0,4340880.0,18354735.0,16854735.0,2.6611,2.4436,1.7729,1,3355.0,2056.0
The Forever Purge,2021,The-Forever-Purge-(2021),,,,,,,,,,,,
Tom & Jerry,2021,Tom-and-Jerry-(2021),,,,,,,,,,,,
PAW Patrol: The Movie,2021,PAW-Patrol-The-Movie-(2021),,,,,,,,,,,,
Peter Rabbit 2: The Runaway,2021,Peter-Rabbit-2-The-Runaway-(2021),900000.0,3987943.0,3662526.0,2450597.0,11001066.0,10101066.0,2.7586,2.5329,1.6691,2,3346.0,1192.0
Hitman's Wife's Bodyguard,2021,Hitmans-Wifes-Bodyguard-(2021),,,,,,,,,,,,
Mortal Kombat,2021,Mortal-Kombat-(2021),,9090000.0,8675000.0,5535000.0,23300000.0,23300000.0,2.5633,2.5633,1.638,2,3073.0,2958.0
In the Heights,2021,In-the-Heights-(2021),,5000000.0,1375000.0,650000.0,7025000.0,7025000.0,1.405,1.405,1.4727,1,3456.0,1447.0
Don't Breathe 2,2021,Dont-Breathe-2-(2021),965000.0,4393857.0,3669786.0,2558830.0,11587473.0,10622473.0,2.6372,2.4176,1.6973,2,3005.0,1462.0
West Side Story,2021,West-Side-Story-(2021),800000.0,4133219.0,3759798.0,2681601.0,11374618.0,10574618.0,2.752,2.5584,1.7132,1,2820.0,1466.0
Snake Eyes,2021,Snake-Eyes-(2021),,,,,,,,,,,,
Nobody,2021,Nobody-(2021),,2508415.0,2538515.0,1773170.0,6820100.0,6820100.0,2.7189,2.7189,1.6985,1,2460.0,1020.0
Wrath of Man,2021,Wrath-of-Man-(2021),500000.0,2972375.0,3003411.0,2333221.0,8809007.0,8309007.0,2.9636,2.7954,1.7769,1,2875.0,1034.0
The Matrix Resurrections,2021,The-Matrix-Resurrections-(2021),,,,,,,,,,,,
Escape Room: Tournament of Champions,2021,Escape-Room-Tournament-of-Champions-(2021),1200000.0,3850310.0,2797584.0,2153497.0,10001391.0,8801391.0,2.5976,2.2859,1.7698,3,2815.0,1368.0
The Croods: A New Age,2021,The-Croods-A-New-Age-(2021),,,,,,,,,,,,
Spiral,2021,Spiral-(2021),760000.0,3728976.0,3036987.0,1984071.0,9510034.0,8750034.0,2.5503,2.3465,1.6533,1,2811.0,1327.0
Respect,2021,Respect-(2021),,,,,,,,,,,,
Wonder Woman 1984,2021,Wonder-Woman-1984-(2021),,,,,,,,,,,,
Spirit Untamed,2021,Spirit-Untamed-(2021),,2458025.0,2103920.0,1539105.0,6101050.0,6101050.0,2.4821,2.4821,1.7315,4,3211.0,766.0
Ron's Gone Wrong,2021,Rons-Gone-Wrong-(2021),,,,,,,,,,,,
Resident Evil: Welcome to Raccoon City,2021,Resident-Evil-Welcome-to-Raccoon-City-(2021),935000.0,2505531.0,1025808.0,1964527.0,6430866.0,5495866.0,2.5667,2.1935,2.9151,4,2803.0,894.0
The Green Knight,2021,The-Green-Knight-(2021),,,,,,,,,,,,
The King's Man,2021,The-Kings-Man-(2021),,,,,,,,,,,,
The French Dispatch,2021,The-French-Dispatch-(2021),,,,,,,,,,,,
The Marksman,2021,The-Marksman-(2021),,,,,,,,,,,,
The Unholy,2021,The-Unholy-(2021),,,,,,,,,,,,
The Little Things,2021,The-Little-Things-(2021),,,,,,,,,,,,
Dear Evan Hansen,2021,Dear-Evan-Hansen-(2021),800000.0,3280865.0,2558795.0,1604170.0,8243830.0,7443830.0,2.5127,2.2689,1.6269,-,3364.0,975.0
Christmas with the Chosen: The Messengers,2021,Christmas-with-the-Chosen-The-Messengers-(2021),,2700000.0,2200000.0,1200000.0,6100000.0,6100000.0,2.2593,2.2593,1.5455,1,1700.0,1588.0
King Richard,2021,King-Richard-(2021),,,,,,,,,,,,
Stillwater,2021,Stillwater-(2021),280000.0,1854155.0,1934780.0,1399215.0,5468150.0,5188150.0,2.9491,2.7981,1.7232,5,2531.0,733.0
Malignant,2021,Malignant-(2021),,,,,,,,,,,,
My Hero Academia: World Heroes' Mission,2021,My-Hero-Academia-World-Heroes-Mission-(2021),,,,,,,,,,,,
American Underdog,2021,American-Underdog-(2021),,,,,,,,,,,,
Chaos Walking,2021,Chaos-Walking-(2021),,1326427.0,1586984.0,861939.0,3775350.0,3775350.0,2.8463,2.8463,1.5431,-,1980.0,670.0
The Last Duel,2021,The-Last-Duel-(2021),,,,,,,,,,,,
Cry Macho,2021,Cry-Macho-(2021),,1600000.0,3864.0,5445.0,1609309.0,1609309.0,1.0058,1.0058,2.4092,2,3967.0,403.0
Antlers,2021,Antlers-(2021),,,,,,,,,,,,
Monster Hunter,2021,Monster-Hunter-(2021),,,,,,,,,,,,
Last Night in Soho,2021,Last-Night-in-Soho-(2021),,,,,,,,,,,,
The Many Saints of Newark,2021,The-Many-Saints-of-Newark-(2021),,,,,,,,,,,,
News of the World,2021,News-of-the-World-(2021),,1000325.0,769880.0,480225.0,2250430.0,2250430.0,2.2497,2.2497,1.6238,-,1900.0,526.0
Spencer,2021,Spencer-(2021),,,,,,,,,,,,
The Protégé,2021,The-Protégé-(2021),,,,,,,,,,,,
The Night House,2021,The-Night-House-(2021),,,,,,,,,,,,
Nightmare Alley,2021,Nightmare-Alley-(2021),,1195749.0,941145.0,674809.0,2811703.0,2811703.0,2.3514,2.3514,1.717,3,2145.0,557.0
Belfast,2021,Belfast-(2021),,,,,,,,,,,,
Licorice Pizza,2021,Licorice-Pizza-(2021),,141595.0,104764.0,98798.0,345157.0,345157.0,2.4376,2.4376,1.9431,13,4.0,35399.0
The Courier,2021,The-Courier-(2021),,,,,,,,,,,,
Judas and the Black Messiah,2021,Judas-and-the-Black-Messiah-(2021),,,,,,,,,,,,
Those Who Wish Me Dead,2021,Those-Who-Wish-Me-Dead-(2021),,,,,,,,,,,,
Promising Young Woman,2021,Promising-Young-Woman-(2021),,256800.0,262785.0,199720.0,719305.0,719305.0,2.801,2.801,1.76,-,1310.0,196.0
Roadrunner: A Film About Anthony Bourdain,2021,Roadrunner-A-Film-About-Anthony-Bourdain-(2021),,781675.0,665450.0,541670.0,1988795.0,1988795.0,2.5443,2.5443,1.814,7,927.0,843.0
Copshop,2021,Copshop-(2021),,950116.0,848879.0,516643.0,2315638.0,2315638.0,2.4372,2.4372,1.6086,5,3005.0,316.0
Zola,2021,Zola-(2021),,504992.0,292260.0,454008.0,1251260.0,1251260.0,2.4778,2.4778,2.5534,6,1468.0,344.0
Separation,2021,Separation-(2021),,684608.0,693936.0,421618.0,1800162.0,1800162.0,2.6295,2.6295,1.6076,-,1751.0,391.0
Boogie,2021,Boogie-(2021),,441050.0,470180.0,288935.0,1200165.0,1200165.0,2.7212,2.7212,1.6145,-,1252.0,352.0
A Journal for Jordan,2021,A-Journal-for-Jordan-(2021),,,,,,,,,,,,
Fatale,2021,Fatale-(2021),,,,,,,,,,,,
12 Mighty Orphans,2021,12-Mighty-Orphans-(2021),,,,,,,,,,,,
Reminiscence,2021,Reminiscence-(2021),,,,,,,,,,,,
Pig,2021,Pig-(2021),,376043.0,331320.0,263572.0,970935.0,970935.0,2.582,2.582,1.7955,9,552.0,681.0
Sooryavanshi,2021,Sooryavanshi-(2021),,,,,,,,,,,,
The Girl Who Believes in Miracles,2021,The-Girl-Who-Believes-in-Miracles-(2021),,,,,,,,,,,,
Dream Horse,2021,Dream-Horse-(2021),,260429.0,327698.0,206614.0,794741.0,794741.0,3.0517,3.0517,1.6305,-,1254.0,208.0
Minari,2021,Minari-(2021),,,,,,,,,,,,
'83,2021,83-(2021),,,,,,,,,,,,
Voyagers,2021,Voyagers-(2021),,518397.0,536045.0,325546.0,1379988.0,1379988.0,2.662,2.662,1.6073,5,1972.0,263.0
The House Next Door: Meet the Blacks 2,2021,The-House-Next-Door-Meet-the-Blacks-2-(2021),,,,,,,,,,,,
Finding You,2021,Finding-You-(2021),,326433.0,368726.0,225317.0,920476.0,920476.0,2.8198,2.8198,1.6111,-,1312.0,249.0
Here Today,2021,Here-Today-(2021),,257913.0,367783.0,416475.0,1042171.0,1042171.0,4.0408,4.0408,2.1324,7,1200.0,215.0
Lamb,2021,Lamb-(2021),,,,,,,,,,,,
The Card Counter,2021,The-Card-Counter-(2021),,,,,,,,,,,,
Land,2021,Land-(2021),,259585.0,338105.0,302120.0,899810.0,899810.0,3.4663,3.4663,1.8936,-,1231.0,211.0
The War with Grandpa,2021,The-War-with-Grandpa-(2021),,,,,,,,,,,,
After We Fell,2021,After-We-Fell-(2021),,219326.0,130134.0,76997.0,426457.0,426457.0,1.9444,1.9444,1.5917,-,246.0,892.0
Queen Bees,2021,Queen-Bees-(2021),,119309.0,136003.0,119920.0,375232.0,375232.0,3.145,3.145,1.8817,-,500.0,239.0
The Eyes of Tammy Faye,2021,The-Eyes-of-Tammy-Faye-(2021),,,,,,,,,,,,
"Summer of Soul (...Or, When the Revolution Could Not Be Televised)",2021,Summer-of-Soul-(Or-When-the-Revolution-Could-Not-Be-Televised)-(2021),,,,,,,,,,,,
Show Me the Father,2021,Show-Me-the-Father-(2021),,291162.0,221824.0,187195.0,700181.0,700181.0,2.4048,2.4048,1.8439,-,1073.0,271.0
C'mon C'mon,2021,Cmon-Cmon-(2021),,47948.0,48055.0,38444.0,134447.0,134447.0,2.804,2.804,1.8,-,5.0,9590.0
Profile,2021,Profile-(2021),,261895.0,266645.0,201750.0,730290.0,730290.0,2.7885,2.7885,1.7566,-,2033.0,129.0
Together Together,2021,Together-Together-(2021),,182712.0,212925.0,137136.0,532773.0,532773.0,2.9159,2.9159,1.6441,-,665.0,275.0
Joe Bell,2021,Joe-Bell-(2021),,245645.0,280593.0,223397.0,749635.0,749635.0,3.0517,3.0517,1.7962,-,1094.0,225.0
Titane,2021,Titane-(2021),,,,,,,,,,,,
Nomadland,2021,Nomadland-(2021),,99000.0,150000.0,92000.0,341000.0,341000.0,3.4444,3.4444,1.6133,-,1200.0,83.0
Pinocchio,2021,Pinocchio-(2021),,,,,,,,,,,,
Pushpa: The Rise - Part 1,2021,Pushpa-The-Rise-Part-1-(2021),,,,,,,,,,,,
Scott Pilgrim vs. the World,2021,Scott-Pilgrim-vs-the-World-(2021),,4522890.0,3381625.0,2705280.0,10609795.0,10609795.0,2.3458,2.3458,1.8,4,2818.0,1605.0
Wrong Turn,2021,Wrong-Turn-(2021),,1653479.0,2059467.0,1448552.0,5161498.0,5161498.0,3.1216,3.1216,1.7034,6,1615.0,1024.0
Honsla Rakh,2021,Honsla-Rakh-(2021),,,,,,,,,,,,
In the Earth,2021,In-the-Earth-(2021),,,,,,,,,,,,
True to the Game 3,2021,True-to-the-Game-3-(2021),,200513.0,227806.0,144712.0,573031.0,573031.0,2.8578,2.8578,1.6352,-,440.0,456.0
The Rescue,2021,The-Rescue-(2021),,,,,,,,,,,,
Sword Art Online: Progressive - Aria of a Starless Night,2021,Sword-Art-Online-Progressive-Aria-of-a-Starless-Night-(2021),,,,,,,,,,,,
Long Weekend,2021,Long-Weekend-(2021),,,,,,,,,,,,
The Jesus Music,2021,The-Jesus-Music-(2021),,,,,,,,,,,,
Love Story,2021,Love-Story-(2021),,,,,,,,,,,,
Come Play,2021,Come-Play-(2021),,,,,,,,,,,,
Witnesses,2021,Witnesses-(2021),,72670.0,54896.0,6924.0,134490.0,134490.0,1.8507,1.8507,1.1261,-,84.0,865.0
Little Eggs: An African Rescue,2021,Little-Eggs-An-African-Rescue-(2021),,,,,,,,,,,,
Scoob!,2021,Scoob-(2021),,,,,,,,,,,,
The Alpinist,2021,The-Alpinist-(2021),,,,,,,,,,,,
Lamb of God: The Concert Film,2021,Lamb-of-God-The-Concert-Film-(2021),,70322.0,50625.0,8962.0,129909.0,129909.0,1.8473,1.8473,1.177,-,104.0,676.0
Four Good Days,2021,Four-Good-Days-(2021),,99804.0,115735.0,82819.0,298358.0,298358.0,2.9894,2.9894,1.7156,-,298.0,335.0
The Mauritanian,2021,The-Mauritanian-(2021),,,,,,,,,,,,
Blue Bayou,2021,Blue-Bayou-(2021),,,,,,,,,,,,
L'Arracheuse de temps,2021,LArracheuse-de-temps-(2021),,,,,,,,,,,,
Nine Days,2021,Nine-Days-(2021),,,,,,,,,,,,
Our Friend,2021,Our-Friend-(2021),,,,,,,,,,,,
Chal Mera Putt 3,2021,Chal-Mera-Putt-3-(2021),,,,,,,,,,,,
"If I Can't Have Love, I Want Power",2021,If-I-Cant-Have-Love-I-Want-Power-(2021),,,,,,,,,,,,
The Sparks Brothers,2021,The-Sparks-Brothers-(2021),,,,,,,,,,,,
Aline,2021,Aline-(2021),,,,,,,,,,,,
Werewolves Within,2021,Werewolves-Within-(2021),,93879.0,91482.0,65450.0,250811.0,250811.0,2.6716,2.6716,1.7154,-,270.0,348.0
City of Lies,2021,City-of-Lies-(2021),,,,,,,,,,,,
Anita,2021,Anita-(2021),,,,,,,,,,,,
For the Love of Money,2021,For-the-Love-of-Money-(2021),,27335.0,47334.0,76005.0,150674.0,150674.0,5.5121,5.5121,2.6057,-,519.0,53.0
National Champions,2021,National-Champions-(2021),,121311.0,111838.0,67879.0,301028.0,301028.0,2.4815,2.4815,1.6069,-,1197.0,101.0
Courageous,2021,Courageous-(2021),,3127940.0,3261491.0,2723408.0,9112839.0,9112839.0,2.9134,2.9134,1.835,4,1161.0,2694.0
Most Eligible Bachelor,2021,Most-Eligible-Bachelor-(2021),,,,,,,,,,,,
Jathi Ratnalu,2021,Jathi-Ratnalu-(2021),,,,,,,,,,,,
Tenet,2021,Tenet-(2021),,,,,,,,,,,,
The Lost Leonardo,2021,The-Lost-Leonardo-(2021),,,,,,,,,,,,
World War Z,2021,World-War-Z-(2021),,25196879.0,22619334.0,18595621.0,66411834.0,66411834.0,2.6357,2.6357,1.8221,2,3607.0,6986.0
Willy's Wonderland,2021,Willys-Wonderland-(2021),,,,,,,,,,,,
2021 Oscar Nominated Short Films: Live Action,2021,2021-Oscar-Nominated-Short-Films-Live-Action-(2021),,,,,,,,,,,,
Flag Day,2021,Flag-Day-(2021),,11959.0,18690.0,12304.0,42953.0,42953.0,3.5917,3.5917,1.6583,-,24.0,498.0
Dutch,2021,Dutch-(2021),,,,,,,,,,,,
Top Gun,2021,Top-Gun-(2021),,,,,,,,,,,,
Ghostbusters,2021,Ghostbusters-(2021),,,,,,,,,,,,
The Metropolitan Opera HD Live: Mussorgsky: Boris Godunov,2021,The-Metropolitan-Opera-HD-Live-Mussorgsky-Boris-Godunov-(2021),,,,,,,,,,,,
Red Rocket,2021,Red-Rocket-(2021),,39660.0,31282.0,25651.0,96593.0,96593.0,2.4355,2.4355,1.82,-,6.0,6610.0
Crisis,2021,Crisis-(2021),,,,,,,,,,,,
Julia,2021,Julia-(2021),,,,,,,,,,,,
Ghost in the Shell,2021,Ghost-in-the-Shell-(2021),1800000.0,7660626.0,6683215.0,4332192.0,20476033.0,18676033.0,2.6729,2.4379,1.6482,3,3440.0,2227.0
The Dry,2021,The-Dry-(2021),,,,,,,,,,,,
"Dad, I'm Sorry",2021,Dad-Im-Sorry-(2021),,,,,,,,,,,,
The Battle at Lake Changjin,2021,The-Battle-at-Lake-Changjin-(2021),,,,,,,,,,,,
The Emperor's New Groove,2021,The-Emperors-New-Groove-(2021),,,,,,,,,,,,
Freaky,2021,Freaky-(2021),,,,,,,,,,,,
Benedetta,2021,Benedetta-(2021),,,,,,,,,,,,
Drive My Car,2021,Drive-My-Car-(2021),,,,,,,,,,,,
Final Account,2021,Final-Account-(2021),,,,,,,,,,,,
The Water Man,2021,The-Water-Man-(2021),,,,,,,,,,,,
India Sweets and Spices,2021,India-Sweets-and-Spices-(2021),,59379.0,62486.0,48764.0,170629.0,170629.0,2.8736,2.8736,1.7804,-,343.0,173.0
American Skin,2021,American-Skin-(2021),,15587.0,18259.0,12564.0,46410.0,46410.0,2.9775,2.9775,1.6881,-,51.0,306.0
New Order,2021,New-Order-(2021),,,,,,,,,,,,
Blithe Spirit,2021,Blithe-Spirit-(2021),,,,,,,,,,,,
I'm Your Man,2021,Im-Your-Man-(2021),,,,,,,,,,,,
Escape from Mogadishu,2021,Escape-from-Mogadishu-(2021),,,,,,,,,,,,
Raging Fire,2021,Raging-Fire-(2021),,,,,,,,,,,,
A Mouthful of Air,2021,A-Mouthful-of-Air-(2021),,,,,,,,,,,,
Once I Was Engaged,2021,Once-I-Was-Engaged-(2021),,34322.0,8898.0,17402.0,60622.0,60622.0,1.7663,1.7663,2.9557,-,28.0,1226.0
Rita Moreno: Just a Girl Who Decided to Go for It,2021,Rita-Moreno-Just-a-Girl-Who-Decided-to-Go-for-It-(2021),,,,,,,,,,,,
Weathering with You,2021,Weathering-with-You-(2021),,,,,,,,,,,,
Becoming Cousteau,2021,Becoming-Cousteau-(2021),,,,,,,,,,,,
Half Brothers,2021,Half-Brothers-(2021),,,,,,,,,,,,
Supernova,2021,Supernova-(2021),,1789000.0,2293000.0,1696639.0,5778639.0,5778639.0,3.2301,3.2301,1.7399,5,2280.0,785.0
Limbo,2021,Limbo-(2021),,17381.0,15434.0,70000.0,102815.0,102815.0,5.9154,5.9154,5.5354,20,15.0,1159.0
Promare,2021,Promare-(2021),,,,,,,,,,,,
Together,2021,Together-(2021),,,,,,,,,,,,
Ailey,2021,Ailey-(2021),,,,,,,,,,,,
The Swimming Pool,2021,The-Swimming-Pool-(2021),,,,,,,,,,,,
The Resort,2021,The-Resort-(2021),,,,,,,,,,,,
Groundhog Day,2021,Groundhog-Day-(2021),,2134436.0,22104.0,37895.0,2194435.0,2194435.0,1.0281,1.0281,2.7144,1,1640.0,1301.0
Black Panther: Wakanda Forever,2022,Black-Panther-Wakanda-Forever-(2022),28000000.0,84285721.0,56131051.0,40922989.0,209339761.0,181339761.0,2.4837,2.1515,1.7291,1,4396.0,19173.0
Doctor Strange in the Multiverse of Madness,2022,Doctor-Strange-in-the-Multiverse-of-Madness-(2022),36000000.0,90720784.0,57806850.0,38893364.0,223420998.0,187420998.0,2.4627,2.0659,1.6728,1,4534.0,20009.0
Kaamelott: First Installment,2021,Kaamelott-First-Installment-(2021),,,,,,,,,,,,
Top Gun: Maverick,2022,Top-Gun-Maverick-(2022),19300000.0,52012661.0,38017701.0,36677097.0,146007459.0,126707459.0,2.8072,2.4361,1.9647,1,4735.0,10985.0
Avatar: The Way of Water,2022,Avatar-The-Way-of-Water-(2022),17000000.0,53200270.0,44327887.0,36572069.0,151100226.0,134100226.0,2.8402,2.5207,1.825,1,4202.0,12661.0
Jurassic World: Dominion,2022,Jurassic-World-Dominion-(2022),18000000.0,59591515.0,46887000.0,38597110.0,163075625.0,145075625.0,2.7366,2.4345,1.8232,1,4676.0,12744.0
Thor: Love and Thunder,2022,Thor-Love-and-Thunder-(2022),29000000.0,69554073.0,42112494.0,32498540.0,173165107.0,144165107.0,2.4896,2.0727,1.7717,1,4375.0,15898.0
The Batman,2022,The-Batman-(2022),,,,,,,,,,,,
Minions: The Rise of Gru,2022,Minions-The-Rise-of-Gru-(2022),,,,,,,,,,,,
Spider-Man: No Way Home,2022,Spider-Man-No-Way-Home-(2022),,,,,,,,,,,,
Sonic the Hedgehog 2,2022,Sonic-the-Hedgehog-2-(2022),6250000.0,26381096.0,26898385.0,18825695.0,78355176.0,72105176.0,2.9701,2.7332,1.6999,1,4234.0,6231.0
Black Adam,2022,Black-Adam-(2022),7600000.0,26688324.0,23712485.0,16603514.0,74604323.0,67004323.0,2.7954,2.5106,1.7002,1,4402.0,6063.0
Uncharted,2022,Uncharted-(2022),3700000.0,15376642.0,16275559.0,12357954.0,47710155.0,44010155.0,3.1028,2.8621,1.7593,1,4275.0,3597.0
Nope,2022,Nope-(2022),6400000.0,19538690.0,13938155.0,10890065.0,50766910.0,44366910.0,2.5983,2.2707,1.7813,1,3785.0,5162.0
Lightyear,2022,Lightyear-(2022),5200000.0,20705945.0,16095675.0,13776341.0,55777961.0,50577961.0,2.6938,2.4427,1.8559,1,4255.0,4866.0
Elvis,2022,Elvis-(2022),,,,,,,,,,,,
Smile,2022,Smile-(2022),2000000.0,8234402.0,8615905.0,5759618.0,24609925.0,22609925.0,2.9887,2.7458,1.6685,1,3650.0,2256.0
Bullet Train,2022,Bullet-Train-(2022),4600000.0,12842371.0,9685911.0,7501874.0,34630156.0,30030156.0,2.6966,2.3384,1.7745,1,4357.0,2948.0
The Lost City,2022,The-Lost-City-(2022),,,,,,,,,,,,
DC League of Super-Pets,2022,DC-League-of-Super-Pets-(2022),2200000.0,9327632.0,7729632.0,5946177.0,25203441.0,23003441.0,2.702,2.4662,1.7693,1,4314.0,2162.0
The Bad Guys,2022,The-Bad-Guys-(2022),,,,,,,,,,,,
Fantastic Beasts: The Secrets of Dumbledore,2022,Fantastic-Beasts-The-Secrets-of-Dumbledore-(2022),,,,,,,,,,,,
The Black Phone,2022,The-Black-Phone-(2022),,,,,,,,,,,,
Scream,2022,Scream-(2022),3500000.0,13383642.0,10174839.0,6460324.0,33518805.0,30018805.0,2.5045,2.2429,1.6349,1,3664.0,3653.0
Sing 2,2022,Sing-2-(2022),,,,,,,,,,,,
Where the Crawdads Sing,2022,Where-the-Crawdads-Sing-(2022),2300000.0,7264581.0,5353712.0,4634934.0,19553227.0,17253227.0,2.6916,2.375,1.8657,3,3650.0,1990.0
Morbius,2022,Morbius-(2022),,,,,,,,,,,,
Ticket to Paradise,2022,Ticket-to-Paradise-(2022),1100000.0,6404995.0,6113530.0,3990570.0,17609095.0,16509095.0,2.7493,2.5775,1.6527,2,3543.0,1808.0
Everything Everywhere All at Once,2022,Everything-Everywhere-All-at-Once-(2022),,203900.0,169866.0,127539.0,501305.0,501305.0,2.4586,2.4586,1.7508,-,10.0,20390.0
Halloween Ends,2022,Halloween-Ends-(2022),5400000.0,20375495.0,13032850.0,6642010.0,45450355.0,40050355.0,2.2306,1.9656,1.5096,1,3901.0,5223.0
The Woman King,2022,The-Woman-King-(2022),,,,,,,,,,,,
Dog,2022,Dog-(2022),,,,,,,,,,,,
Puss in Boots: The Last Wish,2022,Puss-in-Boots-The-Last-Wish-(2022),,3200250.0,2902605.0,3803345.0,9906200.0,9906200.0,3.0954,3.0954,2.3103,2,4093.0,782.0
Violent Night,2022,Violent-Night-(2022),,4869770.0,5336925.0,3243545.0,13450240.0,13450240.0,2.762,2.762,1.6078,1,3682.0,1323.0
"Lyle, Lyle, Crocodile",2022,Lyle-Lyle-Crocodile-(2022),575000.0,3630915.0,4533408.0,3236859.0,11976182.0,11401182.0,3.2984,3.14,1.714,2,4350.0,835.0
Death on the Nile,2022,Death-on-the-Nile-(2022),1100000.0,5069471.0,5775755.0,2045897.0,13991123.0,12891123.0,2.7599,2.5429,1.3542,1,3280.0,1546.0
Jackass Forever,2022,Jackass-Forever-(2022),,,,,,,,,,,,
Don't Worry Darling,2022,Dont-Worry-Darling-(2022),3100000.0,9469881.0,5777095.0,4106237.0,22453213.0,19353213.0,2.371,2.0437,1.7108,1,4113.0,2302.0
Barbarian,2022,Barbarian-(2022),850000.0,3843956.0,3962988.0,2737004.0,11393948.0,10543948.0,2.9641,2.743,1.6906,1,2340.0,1643.0
Downton Abbey: A New Era,2022,Downton-Abbey-A-New-Era-(2022),,,,,,,,,,,,
Strange World,2022,Strange-World-(2022),800000.0,4192614.0,2511158.0,4968788.0,12472560.0,11672560.0,2.9749,2.7841,2.9787,2,4174.0,1004.0
Dragon Ball Super: Super Hero,2022,Dragon-Ball-Super-Super-Hero-(2022),,,,,,,,,,,,
The Menu,2022,The-Menu-(2022),,,,,,,,,,,,
Jujutsu Kaisen 0,2022,Jujutsu-Kaisen-0-(2022),,,,,,,,,,,,
The Northman,2022,The-Northman-(2022),,,,,,,,,,,,
Beast,2022,Beast-(2022),925000.0,4307590.0,4283855.0,2984410.0,12500855.0,11575855.0,2.9021,2.6873,1.6967,2,3743.0,1151.0
The Bob's Burgers Movie,2022,The-Bobs-Burgers-Movie-(2022),,,,,,,,,,,,
The Invitation,2022,The-Invitation-(2022),,,,,,,,,,,,
Ambulance,2022,Ambulance-(2022),700000.0,3202075.0,3339035.0,2158520.0,9399630.0,8699630.0,2.9355,2.7169,1.6465,2,3412.0,938.0
Marry Me,2022,Marry-Me-(2022),525000.0,2962045.0,3535785.0,1452150.0,8474980.0,7949980.0,2.8612,2.6839,1.4107,2,3642.0,813.0
Avatar,2022,Avatar-(2022),,,,,,,,,,,,
The King's Man,2022,The-Kings-Man-(2022),,,,,,,,,,,,
Father Stu,2022,Father-Stu-(2022),,1550921.0,776176.0,1682845.0,4009942.0,4009942.0,2.5855,2.5855,3.1681,2,2705.0,573.0
Devotion,2022,Devotion-(2022),615000.0,1825172.0,1276095.0,2429476.0,6145743.0,5530743.0,3.3672,3.0303,2.9038,4,3405.0,536.0
Prey for the Devil,2022,Prey-for-the-Devil-(2022),660000.0,2831066.0,2469284.0,1884776.0,7845126.0,7185126.0,2.7711,2.538,1.7633,3,2980.0,950.0
The Unbearable Weight of Massive Talent,2022,The-Unbearable-Weight-of-Massive-Talent-(2022),,,,,,,,,,,,
Moonfall,2022,Moonfall-(2022),700000.0,3404657.0,4053602.0,2410738.0,10568997.0,9868997.0,3.1043,2.8987,1.5947,2,3446.0,988.0
Paws of Fury: The Legend of Hank,2022,Paws-of-Fury-The-Legend-of-Hank-(2022),505000.0,2446696.0,2216501.0,1658226.0,6826423.0,6321423.0,2.7901,2.5837,1.7481,5,3475.0,704.0
Amsterdam,2022,Amsterdam-(2022),550000.0,2642736.0,2362478.0,1439682.0,6994896.0,6444896.0,2.6468,2.4387,1.6094,3,3005.0,879.0
The Chosen Season 3: Episode 1 & 2,2022,The-Chosen-Season-3-Episode-1-and-2-(2022),,,,,,,,,,,,
American Underdog,2022,American-Underdog-(2022),,,,,,,,,,,,
The 355,2022,The-355-(2022),,,,,,,,,,,,
Whitney Houston: I Wanna Dance with Somebody,2022,Whitney-Houston-I-Wanna-Dance-with-Somebody-(2022),730000.0,1979797.0,817263.0,1903390.0,5430450.0,4700450.0,2.7429,2.3742,3.329,3,3625.0,546.0
Glass Onion,2022,Glass-Onion-(2022),,,,,,,,,,,,
Easter Sunday,2022,Easter-Sunday-(2022),500000.0,2033045.0,1806350.0,1607735.0,5947130.0,5447130.0,2.9252,2.6793,1.89,6,3175.0,640.0
One Piece Film: Red,2022,One-Piece-Film-Red-(2022),,,,,,,,,,,,
Licorice Pizza,2022,Licorice-Pizza-(2022),,,,,,,,,,,,
Bros,2022,Bros-(2022),500000.0,1842830.0,1767590.0,1243705.0,5354125.0,4854125.0,2.9054,2.6341,1.7036,4,3350.0,550.0
X,2022,X-(2022),,,,,,,,,,,,
The Fabelmans,2022,The-Fabelmans-(2022),,,,,,,,,,,,
Terrifier 2,2022,Terrifier-2-(2022),,403900.0,275000.0,355000.0,1033900.0,1033900.0,2.5598,2.5598,2.2909,4,886.0,456.0
RRR,2022,RRR-(2022),,,,,,,,,,,,
Bodies Bodies Bodies,2022,Bodies-Bodies-Bodies-(2022),,94762.0,71256.0,60635.0,226653.0,226653.0,2.3918,2.3918,1.8509,-,6.0,15794.0
Mrs. Harris Goes to Paris,2022,Mrs-Harris-Goes-to-Paris-(2022),,,,,,,,,,,,
West Side Story,2022,West-Side-Story-(2022),,,,,,,,,,,,
Firestarter,2022,Firestarter-(2022),,1549840.0,1407675.0,870200.0,3827715.0,3827715.0,2.4697,2.4697,1.6182,3,3412.0,454.0
Blacklight,2022,Blacklight-(2022),,1235180.0,1652272.0,615023.0,3502475.0,3502475.0,2.8356,2.8356,1.3722,5,2772.0,446.0
See How They Run,2022,See-How-They-Run-(2022),,1107154.0,1172218.0,728285.0,3007657.0,3007657.0,2.7166,2.7166,1.6213,4,2404.0,461.0
The Matrix Resurrections,2022,The-Matrix-Resurrections-(2022),,,,,,,,,,,,
Pearl,2022,Pearl-(2022),,,,,,,,,,,,
Babylon,2022,Babylon-(2022),,1469479.0,591825.0,1542064.0,3603368.0,3603368.0,2.4521,2.4521,3.6056,4,3343.0,440.0
Spider-Man: No Way Home,2022,Spider-Man-No-Way-Home-(2022),,,,,,,,,,,,
Redeeming Love,2022,Redeeming-Love-(2022),,1493775.0,1248530.0,787875.0,3530180.0,3530180.0,2.3633,2.3633,1.631,3,1903.0,785.0
Till,2022,Till-(2022),,95583.0,83061.0,63625.0,242269.0,242269.0,2.5346,2.5346,1.766,-,16.0,5974.0
Three Thousand Years of Longing,2022,Three-Thousand-Years-of-Longing-(2022),,1164348.0,1011464.0,743905.0,2919717.0,2919717.0,2.5076,2.5076,1.7355,6,2436.0,478.0
The Banshees of Inisherin,2022,The-Banshees-of-Inisherin-(2022),,,,,,,,,,,,
Brahmastra Part One: Shiva,2022,Brahmastra-Part-One-Shiva-(2022),,,,,,,,,,,,
Bones and All,2022,Bones-and-All-(2022),,57887.0,35526.0,27591.0,121004.0,121004.0,2.0903,2.0903,1.7766,-,5.0,11577.0
Fall,2022,Fall-(2022),,927079.0,892698.0,692368.0,2512145.0,2512145.0,2.7097,2.7097,1.7756,9,1548.0,599.0
Memory,2022,Memory-(2022),,,,,,,,,,,,
Men,2022,Men-(2022),,,,,,,,,,,,
BTS Permission to Dance on Stage - Seoul: Live Viewing,2022,BTS-Permission-to-Dance-on-Stage-Seoul-Live-Viewing-(2022),,,,,,,,,,,,
Marcel the Shell with Shoes On,2022,Marcel-the-Shell-with-Shoes-On-(2022),,82188.0,47253.0,29962.0,159403.0,159403.0,1.9395,1.9395,1.6341,-,6.0,13698.0
She Said,2022,She-Said-(2022),160000.0,836585.0,829025.0,551400.0,2377010.0,2217010.0,2.8413,2.6501,1.6651,6,2022.0,414.0
Ghostbusters: Afterlife,2022,Ghostbusters-Afterlife-(2022),4500000.0,16652383.0,16437835.0,10918188.0,48508406.0,44008406.0,2.913,2.6428,1.6642,1,4315.0,3859.0
I Heard the Bells,2022,I-Heard-the-Bells-(2022),,772369.0,427745.0,806198.0,2006312.0,2006312.0,2.5976,2.5976,2.8848,2,1096.0,705.0
Encanto,2022,Encanto-(2022),,,,,,,,,,,,
House of Gucci,2022,House-of-Gucci-(2022),,,,,,,,,,,,
Tár,2022,Tár-(2022),,,,,,,,,,,,
Orphan: First Kill,2022,Orphan-First-Kill-(2022),,,,,,,,,,,,
Lifemark,2022,Lifemark-(2022),,861076.0,777880.0,550500.0,2189456.0,2189456.0,2.5427,2.5427,1.7077,4,1531.0,562.0
The Whale,2022,The-Whale-(2022),,,,,,,,,,,,
Jaws,2022,Jaws-(2022),,,,,,,,,,,,
Nightmare Alley,2022,Nightmare-Alley-(2022),,,,,,,,,,,,
The Cursed,2022,The-Cursed-(2022),,,,,,,,,,,,
Moonage Daydream,2022,Moonage-Daydream-(2022),,593594.0,371222.0,265329.0,1230145.0,1230145.0,2.0724,2.0724,1.7147,7,170.0,3492.0
Ponniyin Selvan: Part I,2022,Ponniyin-Selvan-Part-I-(2022),,,,,,,,,,,,
Vengeance,2022,Vengeance-(2022),,,,,,,,,,,,
Family Camp,2022,Family-Camp-(2022),,498578.0,531624.0,369171.0,1399373.0,1399373.0,2.8067,2.8067,1.6944,7,854.0,584.0
Triangle of Sadness,2022,Triangle-of-Sadness-(2022),,91700.0,68374.0,54528.0,214602.0,214602.0,2.3403,2.3403,1.7975,-,10.0,9170.0
Belle,2022,Belle-(2022),,30728.0,41765.0,34085.0,106578.0,106578.0,3.4684,3.4684,1.8161,-,4.0,7682.0
Laal Singh Chaddha,2022,Laal-Singh-Chaddha-(2022),,,,,,,,,,,,
Cyrano,2022,Cyrano-(2022),,,,,,,,,,,,
Clerks III,2022,Clerks-III-(2022),,1101386.0,166323.0,276445.0,1544154.0,1544154.0,1.402,1.402,2.6621,2,1089.0,1011.0
Breaking,2022,Breaking-(2022),,360925.0,368293.0,256703.0,985921.0,985921.0,2.7317,2.7317,1.697,14,902.0,400.0
The Outfit,2022,The-Outfit-(2022),,,,,,,,,,,,
The Worst Person in the World,2022,The-Worst-Person-in-the-World-(2022),,,,,,,,,,,,
K.G.F: Chapter 2,2022,KGF-Chapter-2-(2022),,,,,,,,,,,,
Honk for Jesus. Save Your Soul.,2022,Honk-for-Jesus-Save-Your-Soul-(2022),,430605.0,616170.0,375840.0,1422615.0,1422615.0,3.3038,3.3038,1.61,-,1882.0,229.0
Mack & Rita,2022,Mack-and-Rita-(2022),,397691.0,364759.0,275841.0,1038291.0,1038291.0,2.6108,2.6108,1.7562,14,1930.0,206.0
Studio 666,2022,Studio-666-(2022),,721421.0,506903.0,312219.0,1540543.0,1540543.0,2.1354,2.1354,1.6159,6,2306.0,313.0
A Journal for Jordan,2022,A-Journal-for-Jordan-(2022),,,,,,,,,,,,
Crimes of the Future,2022,Crimes-of-the-Future-(2022),,,,,,,,,,,,
Belfast,2022,Belfast-(2022),,,,,,,,,,,,
The Good House,2022,The-Good-House-(2022),,,,,,,,,,,,
Gigi & Nate,2022,Gigi-and-Nate-(2022),,,,,,,,,,,,
Parallel Mothers,2022,Parallel-Mothers-(2022),,,,,,,,,,,,
Umma,2022,Umma-(2022),,339301.0,352052.0,223937.0,915290.0,915290.0,2.6976,2.6976,1.6361,11,805.0,421.0
Emily the Criminal,2022,Emily-the-Criminal-(2022),,222184.0,254896.0,192081.0,669161.0,669161.0,3.0117,3.0117,1.7536,-,470.0,473.0
Watcher,2022,Watcher-(2022),,303843.0,309870.0,213062.0,826775.0,826775.0,2.7211,2.7211,1.6876,-,764.0,398.0
The Wolf and the Lion,2022,The-Wolf-and-the-Lion-(2022),,,,,,,,,,,,
Drive My Car,2022,Drive-My-Car-(2022),,,,,,,,,,,,
E.T. the Extra-Terrestrial,2022,ET-the-Extra-Terrestrial-(2022),,4704000.0,5536000.0,3670000.0,13910000.0,13910000.0,2.9571,2.9571,1.6629,3,3010.0,1563.0
Jeepers Creepers: Reborn,2022,Jeepers-Creepers-Reborn-(2022),,,,,,,,,,,,
Mr. Malcolm's List,2022,Mr-Malcolms-List-(2022),,,,,,,,,,,,
Armageddon Time,2022,Armageddon-Time-(2022),,35010.0,20050.0,15215.0,70275.0,70275.0,2.0073,2.0073,1.7589,-,6.0,5835.0
Radhe Shyam,2022,Radhe-Shyam-(2022),,,,,,,,,,,,
Vikram,2022,Vikram-(2022),,,,,,,,,,,,
The King's Daughter,2022,The-Kings-Daughter-(2022),,,,,,,,,,,,
Running the Bases,2022,Running-the-Bases-(2022),,195705.0,206063.0,136981.0,538749.0,538749.0,2.7529,2.7529,1.6648,15,1080.0,181.0
Infinite Storm,2022,Infinite-Storm-(2022),,,,,,,,,,,,
Vikram Vedha,2022,Vikram-Vedha-(2022),,,,,,,,,,,,
The Duke,2022,The-Duke-(2022),,,,,,,,,,,,
2022 Oscar Nominated Short Films: Live Action/2022 Oscar Nominated Short Films: Animation/2022 Oscar Nominated Short Films: Documentary,2022,2022-Oscar-Nominated-Short-Films-Live-Action/2022-Oscar-Nominated-Short-Films-Animation/2022-Oscar-Nominated-Short-Films-Documentary-(2022),,,,,,,,,,,,
2000 Mules,2022,2000-Mules-(2022),,299415.0,255189.0,197151.0,751755.0,751755.0,2.5107,2.5107,1.7726,10,415.0,721.0
The Kashmir Files,2022,The-Kashmir-Files-(2022),,,,,,,,,,,,
Spoiler Alert,2022,Spoiler-Alert-(2022),,45841.0,21809.0,15333.0,82983.0,82983.0,1.8102,1.8102,1.7031,-,6.0,7640.0
It's a Wonderful Life,2022,Its-a-Wonderful-Life-(2022),,,,,,,,,,,,
The Godfather,2022,The-Godfather-(2022),,,,,,,,,,,,
¿Y cómo es él?,2022,¿Y-cómo-es-él-(2022),,,,,,,,,,,,
Medieval,2022,Medieval-(2022),,,,,,,,,,,,
Decision to Leave,2022,Decision-to-Leave-(2022),,,,,,,,,,,,
Rogue One: A Star Wars Story,2022,Rogue-One-A-Star-Wars-Story-(2022),29000000.0,71094394.0,46308115.0,37679172.0,184081681.0,155081681.0,2.5893,2.1813,1.8137,1,4157.0,17102.0
Howl's Moving Castle,2022,Howls-Moving-Castle-(2022),,,,,,,,,,,,
F3: Fun and Frustration,2022,F3-Fun-and-Frustration-(2022),,,,,,,,,,,,
After Ever Happy,2022,After-Ever-Happy-(2022),,555056.0,395645.0,38387.0,989088.0,989088.0,1.782,1.782,1.097,1,485.0,555056.0
Dune: Part One,2022,Dune-Part-One-(2022),,,,,,,,,,,,
Aftersun,2022,Aftersun-(2022),,22817.0,23791.0,14144.0,60752.0,60752.0,2.6626,2.6626,1.5945,-,4.0,5704.0
Fire of Love,2022,Fire-of-Love-(2022),,6926.0,11432.0,6067.0,24425.0,24425.0,3.5266,3.5266,1.5307,-,3.0,2309.0
"Hallelujah: Leonard Cohen, a Journey, a Song",2022,Hallelujah-Leonard-Cohen-a-Journey-a-Song-(2022),,,,,,,,,,,,
The Contractor,2022,The-Contractor-(2022),,,,,,,,,,,,
'83,2022,83-(2022),,,,,,,,,,,,
Jug Jugg Jeeyo,2022,Jug-Jugg-Jeeyo-(2022),,,,,,,,,,,,
Coldplay Music of The Spheres Live Broadcast from Buenos Aires,2022,Coldplay-Music-of-The-Spheres-Live-Broadcast-from-Buenos-Aires-(2022),,,,,,,,,,,,
The Beatles: Get Back - The Rooftop Concert,2022,The-Beatles-Get-Back-The-Rooftop-Concert-(2022),,,,,,,,,,,,
Empire of Light,2022,Empire-of-Light-(2022),,67740.0,54639.0,41026.0,163405.0,163405.0,2.4122,2.4122,1.7509,-,110.0,616.0
Man of God,2022,Man-of-God-(2022),,,,,,,,,,,,
Venom: Let There Be Carnage,2022,Venom-Let-There-Be-Carnage-(2022),11600000.0,37417184.0,31630397.0,20985629.0,101633210.0,90033210.0,2.7162,2.4062,1.6635,1,4225.0,8856.0
The Tiger Rising,2022,The-Tiger-Rising-(2022),,,,,,,,,,,,
Hansan: Rising Dragon,2022,Hansan-Rising-Dragon-(2022),,,,,,,,,,,,
Acharya,2022,Acharya-(2022),,,,,,,,,,,,
Petite Maman,2022,Petite-Maman-(2022),,,,,,,,,,,,
The Roundup,2022,The-Roundup-(2022),,,,,,,,,,,,
"The Metropolitan Opera HD Live: Kevin Puts: The Hours, Libretto by Greg Pierce",2022,The-Metropolitan-Opera-HD-Live-Kevin-Puts-The-Hours-Libretto-by-Greg-Pierce-(2022),,,,,,,,,,,,
Star Trek II: The Wrath of Khan,2022,Star-Trek-II-The-Wrath-of-Khan-(2022),,,,,,,,,,,,
Evangelion: 3.0+1.0 Thrice Upon a Time,2022,Evangelion-30+10-Thrice-Upon-a-Time-(2022),,,,,,,,,,,,
The Phantom of the Open,2022,The-Phantom-of-the-Open-(2022),,,,,,,,,,,,
Ante Sundharaniki,2022,Ante-Sundharaniki-(2022),,,,,,,,,,,,
HIT: The 2nd Case,2022,HIT-The-2nd-Case-(2022),,,,,,,,,,,,
Unsilenced,2022,Unsilenced-(2022),,,,,,,,,,,,
Official Competition,2022,Official-Competition-(2022),,,,,,,,,,,,
Gangubai Kathiawadi,2022,Gangubai-Kathiawadi-(2022),,,,,,,,,,,,
When I'm Young,2022,When-Im-Young-(2022),,,,,,,,,,,,
"Confess, Fletch",2022,Confess-Fletch-(2022),,95677.0,100410.0,70657.0,266744.0,266744.0,2.788,2.788,1.7037,-,516.0,185.0
Call Jane,2022,Call-Jane-(2022),,85157.0,87915.0,71397.0,244469.0,244469.0,2.8708,2.8708,1.8121,-,1068.0,80.0
God's Country,2022,Gods-Country-(2022),,96894.0,111178.0,71856.0,279928.0,279928.0,2.889,2.889,1.6463,-,785.0,123.0
The Mean One,2022,The-Mean-One-(2022),,,,,,,,,,,,
Deep in the Heart: A Texas Wildlife Story,2022,Deep-in-the-Heart-A-Texas-Wildlife-Story-(2022),,,,,,,,,,,,
The Quintessential Quintuplets Movie,2022,The-Quintessential-Quintuplets-Movie-(2022),,,,,,,,,,,,
The Railway Children Return,2022,The-Railway-Children-Return-(2022),,,,,,,,,,,,
Eiffel,2022,Eiffel-(2022),,,,,,,,,,,,
Brian and Charles,2022,Brian-and-Charles-(2022),,,,,,,,,,,,
Selena,2022,Selena-(2022),,218084.0,12050.0,16123.0,246257.0,246257.0,1.1292,1.1292,2.338,-,308.0,708.0
King Richard,2022,King-Richard-(2022),,,,,,,,,,,,
Alice,2022,Alice-(2022),,61467.0,69266.0,42881.0,173614.0,173614.0,2.8245,2.8245,1.6191,-,169.0,364.0
Superspreader,2022,Superspreader-(2022),,,,,,,,,,,,
The Inspection,2022,The-Inspection-(2022),,,,,,,,,,,,
Emergency Declaration,2022,Emergency-Declaration-(2022),,,,,,,,,,,,
Barbie,2023,Barbie-(2023),22300000.0,70503178.0,47812356.0,43706510.0,184322044.0,162022044.0,2.6144,2.2981,1.9141,1,4243.0,16616.0
Spider-Man: Across the Spider-Verse,2023,Spider-Man-Across-the-Spider-Verse-(2023),17350000.0,51808109.0,37566658.0,31288822.0,138013589.0,120663589.0,2.6639,2.329,1.8329,1,4313.0,12012.0
The Super Mario Bros. Movie,2023,The-Super-Mario-Bros-Movie-(2023),,,,,,,,,,,,
Guardians of the Galaxy Vol. 3,2023,Guardians-of-the-Galaxy-Vol-3-(2023),17500000.0,48103839.0,38876290.0,31433892.0,135914021.0,118414021.0,2.8254,2.4616,1.8086,1,4450.0,10810.0
Oppenheimer,2023,Oppenheimer-(2023),10500000.0,33017635.0,26248140.0,23189645.0,92955420.0,82455420.0,2.8153,2.4973,1.8835,2,3610.0,9146.0
The Little Mermaid,2023,The-Little-Mermaid-(2023),,,,,,,,,,,,
Avatar: The Way of Water,2023,Avatar-The-Way-of-Water-(2023),,,,,,,,,,,,
John Wick: Chapter 4,2023,John-Wick-Chapter-4-(2023),8900000.0,29426384.0,25814836.0,18576730.0,82717950.0,73817950.0,2.811,2.5086,1.7196,1,3855.0,7633.0
Ant-Man and the Wasp: Quantumania,2023,Ant-Man-and-the-Wasp-Quantumania-(2023),17500000.0,46431851.0,33903657.0,25774142.0,123609650.0,106109650.0,2.6622,2.2853,1.7602,1,4345.0,10686.0
Sound of Freedom,2023,Sound-of-Freedom-(2023),,14242063.0,4047558.0,3697749.0,21987370.0,21987370.0,1.5438,1.5438,1.9136,1,2634.0,5407.0
Taylor Swift: The Eras Tour,2023,Taylor-Swift-The-Eras-Tour-(2023),2800000.0,37674069.0,32226846.0,23323840.0,96024755.0,93224755.0,2.5488,2.4745,1.7237,1,3855.0,9773.0
Indiana Jones and the Dial of Destiny,2023,Indiana-Jones-and-the-Dial-of-Destiny-(2023),7200000.0,23682998.0,18584093.0,18101010.0,67568101.0,60368101.0,2.853,2.549,1.974,1,4600.0,5148.0
Mission: Impossible - Dead Reckoning Part One,2023,Mission-Impossible-Dead-Reckoning-Part-One-(2023),7000000.0,15516660.0,8286890.0,16660010.0,47463560.0,40463560.0,3.0589,2.6077,3.0104,1,4049.0,3832.0
The Hunger Games: The Ballad of Songbirds & Snakes,2023,The-Hunger-Games-The-Ballad-of-Songbirds-and-Snakes-(2023),,,,,,,,,,,,
Transformers: Rise of the Beasts,2023,Transformers-Rise-of-the-Beasts-(2023),8800000.0,25649418.0,19365981.0,16030065.0,69845464.0,61045464.0,2.7231,2.38,1.8277,1,3678.0,6974.0
Creed III,2023,Creed-III-(2023),5450000.0,22089127.0,21300696.0,14980184.0,63820007.0,58370007.0,2.8892,2.6425,1.7033,1,4007.0,5513.0
Elemental,2023,Elemental-(2023),2400000.0,11704094.0,9820165.0,8078170.0,32002429.0,29602429.0,2.7343,2.5292,1.8226,2,4035.0,2901.0
Fast X,2023,Fast-X-(2023),7500000.0,28015320.0,22500515.0,16501575.0,74517410.0,67017410.0,2.6599,2.3922,1.7334,1,4046.0,6924.0
Five Nights at Freddy's,2023,Five-Nights-at-Freddys-(2023),10300000.0,39645580.0,24279905.0,16076235.0,90301720.0,80001720.0,2.2777,2.0179,1.6621,1,3675.0,10788.0
Wonka,2023,Wonka-(2023),3500000.0,14412706.0,14025741.0,10567353.0,42505800.0,39005800.0,2.9492,2.7063,1.7534,1,4203.0,3429.0
Teenage Mutant Ninja Turtles: Mutant Mayhem,2023,Teenage-Mutant-Ninja-Turtles-Mutant-Mayhem-(2023),3850000.0,10202275.0,4871193.0,9267648.0,28191116.0,24341116.0,2.7632,2.3859,2.9025,2,3513.0,2904.0
Scream VI,2023,Scream-VI-(2023),5700000.0,19293468.0,15390949.0,9762853.0,50147270.0,44447270.0,2.5992,2.3037,1.6343,1,3675.0,5250.0
Puss in Boots: The Last Wish,2023,Puss-in-Boots-The-Last-Wish-(2023),,,,,,,,,,,,
Trolls Band Together,2023,Trolls-Band-Together-(2023),2470000.0,,,,,,,,,,,
The Flash,2023,The-Flash-(2023),,,,,,,,,,,,
Dungeons & Dragons: Honor Among Thieves,2023,Dungeons-and-Dragons-Honor-Among-Thieves-(2023),5600000.0,15222358.0,12910476.0,9072950.0,42805784.0,37205784.0,2.812,2.4442,1.7028,1,3855.0,3949.0
The Equalizer 3,2023,The-Equalizer-3-(2023),,,,,,,,,,,,
M3GAN,2023,M3GAN-(2023),2750000.0,11726555.0,11703535.0,6999770.0,33179860.0,30429860.0,2.8295,2.595,1.5981,1,3509.0,3342.0
The Nun II,2023,The-Nun-II-(2023),,,,,,,,,,,,
Meg 2: The Trench,2023,Meg-2-The-Trench-(2023),3200000.0,12146883.0,9946474.0,7909378.0,33202735.0,30002735.0,2.7334,2.47,1.7952,2,3503.0,3468.0
The Marvels,2023,The-Marvels-(2023),,,,,,,,,,,,
Insidious: The Red Door,2023,Insidious-The-Red-Door-(2023),5000000.0,15203849.0,10071050.0,7738137.0,38013036.0,33013036.0,2.5002,2.1714,1.7684,1,3188.0,4769.0
Aquaman and the Lost Kingdom,2023,Aquaman-and-the-Lost-Kingdom-(2023),4500000.0,13681754.0,9003036.0,5001421.0,32186211.0,27686211.0,2.3525,2.0236,1.5555,1,3706.0,3692.0
Blue Beetle,2023,Blue-Beetle-(2023),3300000.0,10005790.0,8514055.0,6510380.0,28330225.0,25030225.0,2.8314,2.5016,1.7647,1,3871.0,2585.0
Haunted Mansion,2023,Haunted-Mansion-(2023),3100000.0,9991427.0,8035029.0,6056019.0,27182475.0,24082475.0,2.7206,2.4103,1.7537,3,3740.0,2672.0
Killers of the Flower Moon,2023,Killers-of-the-Flower-Moon-(2023),2600000.0,9401256.0,8149384.0,5703015.0,25853655.0,23253655.0,2.75,2.4735,1.6998,2,3628.0,2591.0
Evil Dead Rise,2023,Evil-Dead-Rise-(2023),2500000.0,10348229.0,8152634.0,6003452.0,27004315.0,24504315.0,2.6096,2.368,1.7364,2,3402.0,3042.0
PAW Patrol: The Mighty Movie,2023,PAW-Patrol-The-Mighty-Movie-(2023),,6828084.0,9534184.0,6402086.0,22764354.0,22764354.0,3.3339,3.3339,1.6715,2,3989.0,1712.0
The Exorcist: Believer,2023,The-Exorcist-Believer-(2023),,,,,,,,,,,,
Cocaine Bear,2023,Cocaine-Bear-(2023),2000000.0,8688985.0,8914025.0,5657780.0,25260790.0,23260790.0,2.9072,2.677,1.6347,1,3534.0,2459.0
Wish,2023,Wish-(2023),2300000.0,8117419.0,3793693.0,8095589.0,22306701.0,20006701.0,2.748,2.4647,3.134,1,3900.0,2081.0
A Man Called Otto,2023,A-Man-Called-Otto-(2023),,,,,,,,,,,,
Napoleon,2023,Napoleon-(2023),3000000.0,7733795.0,4380034.0,8390129.0,23503958.0,20503958.0,3.0391,2.6512,2.9155,2,3500.0,2210.0
Migration,2023,Migration-(2023),1500000.0,5747620.0,4162880.0,2542775.0,13953275.0,12453275.0,2.4277,2.1667,1.6108,3,3761.0,1528.0
Shazam! Fury of the Gods,2023,Shazam-Fury-of-the-Gods-(2023),,,,,,,,,,,,
Saw X,2023,Saw-X-(2023),2000000.0,7965110.0,6057287.0,4286904.0,20309301.0,18309301.0,2.5498,2.2987,1.7077,1,3262.0,2442.0
Air,2023,Air-(2023),925000.0,3294826.0,2453028.0,5020264.0,11693118.0,10768118.0,3.5489,3.2682,3.0466,2,3507.0,939.0
No Hard Feelings,2023,No-Hard-Feelings-(2023),2150000.0,6352471.0,4985795.0,3664504.0,17152770.0,15002770.0,2.7002,2.3617,1.735,1,3208.0,1980.0
Jesus Revolution,2023,Jesus-Revolution-(2023),,,,,,,,,,,,
Talk to Me,2023,Talk-to-Me-(2023),,,,,,,,,,,,
Godzilla Minus One,2023,Godzilla-Minus-One-(2023),,,,,,,,,,,,
Gran Turismo,2023,Gran-Turismo-(2023),,,,,,,,,,,,
The Color Purple,2023,The-Color-Purple-(2023),,,,,,,,,,,,
The Boogeyman,2023,The-Boogeyman-(2023),,,,,,,,,,,,
80 for Brady,2023,80-for-Brady-(2023),750000.0,4625369.0,4480357.0,3595914.0,13451640.0,12701640.0,2.9082,2.7461,1.8026,2,3912.0,1182.0
The Creator,2023,The-Creator-(2023),,,,,,,,,,,,
A Haunting in Venice,2023,A-Haunting-in-Venice-(2023),,,,,,,,,,,,
Knock at the Cabin,2023,Knock-at-the-Cabin-(2023),1450000.0,5409055.0,5488185.0,3229930.0,15577170.0,14127170.0,2.8798,2.6118,1.5885,1,3643.0,1485.0
The Boy and the Heron,2023,The-Boy-and-the-Heron-(2023),,,,,,,,,,,,
Missing,2023,Missing-(2023),760000.0,3433703.0,3678378.0,2042614.0,9914695.0,9154695.0,2.8875,2.6661,1.5553,2,3025.0,1135.0
Plane,2023,Plane-(2023),625000.0,3519013.0,3840124.0,2906189.0,10890326.0,10265326.0,3.0947,2.9171,1.7568,4,3023.0,1164.0
Thanksgiving,2023,Thanksgiving-(2023),1000000.0,3827521.0,3866984.0,2611767.0,11306272.0,10306272.0,2.9539,2.6927,1.6754,3,3204.0,1195.0
65,2023,65-(2023),,,,,,,,,,,,
My Big Fat Greek Wedding 3,2023,My-Big-Fat-Greek-Wedding-3-(2023),550000.0,3706845.0,3743615.0,2578215.0,10578675.0,10028675.0,2.8538,2.7054,1.6887,2,3650.0,1016.0
Asteroid City,2023,Asteroid-City-(2023),,360638.0,251924.0,240820.0,853382.0,853382.0,2.3663,2.3663,1.9559,-,6.0,60106.0
Renaissance: A Film by Beyoncé,2023,Renaissance-A-Film-by-Beyoncé-(2023),,,,,,,,,,,,
Magic Mike's Last Dance,2023,Magic-Mikes-Last-Dance-(2023),,4141216.0,3133298.0,1030803.0,8305317.0,8305317.0,2.0055,2.0055,1.329,1,1496.0,2768.0
Anyone But You,2023,Anyone-But-You-(2023),1200000.0,3477429.0,1768089.0,754826.0,7200344.0,6000344.0,2.0706,1.7255,1.4269,5,3055.0,1138.0
Strays,2023,Strays-(2023),1100000.0,3427540.0,2780545.0,2039725.0,9347810.0,8247810.0,2.7273,2.4063,1.7336,3,3223.0,1063.0
Priscilla,2023,Priscilla-(2023),,66643.0,37426.0,28070.0,132139.0,132139.0,1.9828,1.9828,1.75,-,4.0,16661.0
The Boys in the Boat,2023,The-Boys-in-the-Boat-(2023),,,,,,,,,,,,
The Pope's Exorcist,2023,The-Popes-Exorcist-(2023),,,,,,,,,,,,
"Are You There God? It's Me, Margaret.",2023,Are-You-There-God-Its-Me-Margaret-(2023),600000.0,2247219.0,2439078.0,2052740.0,7339037.0,6739037.0,3.2658,2.9988,1.8416,3,3343.0,672.0
Book Club: The Next Chapter,2023,Book-Club-The-Next-Chapter-(2023),550000.0,2142255.0,2021985.0,2513340.0,7227580.0,6677580.0,3.3738,3.1171,2.243,3,3508.0,611.0
The Blackening,2023,The-Blackening-(2023),,,,,,,,,,,,
The Holdovers,2023,The-Holdovers-(2023),,,,,,,,,,,,
Pathaan,2023,Pathaan-(2023),,,,,,,,,,,,
Black Panther: Wakanda Forever,2023,Black-Panther-Wakanda-Forever-(2023),,,,,,,,,,,,
The Blind,2023,The-Blind-(2023),,,,,,,,,,,,
The Covenant,2023,The-Covenant-(2023),,,,,,,,,,,,
Renfield,2023,Renfield-(2023),900000.0,3185120.0,2854715.0,1986640.0,8926475.0,8026475.0,2.8026,2.52,1.6959,3,3375.0,944.0
Champions,2023,Champions-(2023),,1820955.0,2059715.0,1268070.0,5148740.0,5148740.0,2.8275,2.8275,1.6157,4,3030.0,601.0
Ruby Gillman: Teenage Kraken,2023,Ruby-Gillman-Teenage-Kraken-(2023),725000.0,2339895.0,1620110.0,1540985.0,6225990.0,5500990.0,2.6608,2.351,1.9512,4,3400.0,688.0
The Expendables 4,2023,The-Expendables-4-(2023),,,,,,,,,,,,
The Iron Claw,2023,The-Iron-Claw-(2023),,,,,,,,,,,,
Jawan,2023,Jawan-(2023),,,,,,,,,,,,
Dumb Money,2023,Dumb-Money-(2023),,92382.0,74409.0,54156.0,220947.0,220947.0,2.3917,2.3917,1.7278,-,8.0,11548.0
Animal,2023,Animal-(2023),,,,,,,,,,,,
Titanic,2023,Titanic-(2023),,,,,,,,,,,,
Joy Ride,2023,Joy-Ride-(2023),1100000.0,2611969.0,1820420.0,1373888.0,6906277.0,5806277.0,2.6441,2.223,1.7547,5,2820.0,926.0
The Last Voyage of the Demeter,2023,The-Last-Voyage-of-the-Demeter-(2023),,,,,,,,,,,,
His Only Son,2023,His-Only-Son-(2023),,2199360.0,1784612.0,1517098.0,5501070.0,5501070.0,2.5012,2.5012,1.8501,3,1920.0,1146.0
About My Father,2023,About-My-Father-(2023),285000.0,1464923.0,1458036.0,1398189.0,4606148.0,4321148.0,3.1443,2.9497,1.959,6,2464.0,595.0
Bottoms,2023,Bottoms-(2023),,231195.0,154086.0,75771.0,461052.0,461052.0,1.9942,1.9942,1.4917,-,10.0,23120.0
The Whale,2023,The-Whale-(2023),,,,,,,,,,,,
The Shift,2023,The-Shift-(2023),,,,,,,,,,,,
Saltburn,2023,Saltburn-(2023),,167624.0,82149.0,72878.0,322651.0,322651.0,1.9248,1.9248,1.8871,14,7.0,23946.0
After Death,2023,After-Death-(2023),,,,,,,,,,,,
Past Lives,2023,Past-Lives-(2023),,80522.0,83376.0,68368.0,232266.0,232266.0,2.8845,2.8845,1.82,11,4.0,20131.0
Suzume,2023,Suzume-(2023),,,,,,,,,,,,
Ferrari,2023,Ferrari-(2023),,2876285.0,1545818.0,1229598.0,5651701.0,5651701.0,1.9649,1.9649,1.7954,6,2330.0,1234.0
Poor Things,2023,Poor-Things-(2023),,279075.0,203762.0,178393.0,661230.0,661230.0,2.3694,2.3694,1.8755,-,9.0,31008.0
The Machine,2023,The-Machine-(2023),,,,,,,,,,,,
Whitney Houston: I Wanna Dance with Somebody,2023,Whitney-Houston-I-Wanna-Dance-with-Somebody-(2023),,,,,,,,,,,,
House Party,2023,House-Party-(2023),,1409486.0,1456230.0,1120166.0,3985882.0,3985882.0,2.8279,2.8279,1.7692,6,1400.0,1007.0
The Nightmare Before Christmas,2023,The-Nightmare-Before-Christmas-(2023),,,,,,,,,,,,
Demon Slayer: Kimetsu No Yaiba - To the Swordsmith Village,2023,Demon-Slayer-Kimetsu-No-Yaiba-To-the-Swordsmith-Village-(2023),,,,,,,,,,,,
Radical,2023,Radical-(2023),,,,,,,,,,,,
Salaar,2023,Salaar-(2023),,,,,,,,,,,,
Silent Night,2023,Silent-Night-(2023),250000.0,1088202.0,1164594.0,757411.0,3260207.0,3010207.0,2.996,2.7662,1.6504,9,1870.0,582.0
Beau Is Afraid,2023,Beau-Is-Afraid-(2023),,141091.0,100733.0,78572.0,320396.0,320396.0,2.2708,2.2708,1.78,13,4.0,35273.0
The Hill,2023,The-Hill-(2023),,,,,,,,,,,,
Star Wars: Episode VI - Return of the Jedi,2023,Star-Wars-Episode-VI-Return-of-the-Jedi-(2023),,,,,,,,,,,,
Sisu,2023,Sisu-(2023),,,,,,,,,,,,
Dunki,2023,Dunki-(2023),,,,,,,,,,,,
Everything Everywhere All at Once,2023,Everything-Everywhere-All-at-Once-(2023),,,,,,,,,,,,
Retribution,2023,Retribution-(2023),,1289460.0,1084722.0,1144648.0,3518830.0,3518830.0,2.7289,2.7289,2.0552,6,1750.0,737.0
Journey to Bethlehem,2023,Journey-to-Bethlehem-(2023),250000.0,1025364.0,780119.0,594963.0,2650446.0,2400446.0,2.5849,2.3411,1.7627,7,2002.0,512.0
Next Goal Wins,2023,Next-Goal-Wins-(2023),,,,,,,,,,,,
BTS: Yet to Come in Cinemas,2023,BTS-Yet-to-Come-in-Cinemas-(2023),,,,,,,,,,,,
Operation Fortune: Ruse de Guerre,2023,Operation-Fortune-Ruse-de-Guerre-(2023),,,,,,,,,,,,
Babylon,2023,Babylon-(2023),,,,,,,,,,,,
Love Again,2023,Love-Again-(2023),240000.0,951937.0,861661.0,567364.0,2620962.0,2380962.0,2.7533,2.5012,1.6585,4,2703.0,352.0
Dream Scenario,2023,Dream-Scenario-(2023),,98638.0,66808.0,54589.0,220035.0,220035.0,2.2307,2.2307,1.8171,-,6.0,16440.0
Nefarious,2023,Nefarious-(2023),,504046.0,468198.0,344022.0,1316266.0,1316266.0,2.6114,2.6114,1.7348,9,933.0,540.0
The Chosen Season 3 Finale,2023,The-Chosen-Season-3-Finale-(2023),,,,,,,,,,,,
The Fabelmans,2023,The-Fabelmans-(2023),,,,,,,,,,,,
Big George Foreman,2023,Big-George-Foreman-(2023),,,,,,,,,,,,
Waitress: The Musical,2023,Waitress-The-Musical-(2023),,672105.0,1416231.0,1010851.0,3099187.0,3099187.0,4.6112,4.6112,1.7138,4,1214.0,554.0
Freelance,2023,Freelance-(2023),,885000.0,705000.0,496000.0,2086000.0,2086000.0,2.3571,2.3571,1.7035,6,2057.0,430.0
Tiger 3,2023,Tiger-3-(2023),,,,,,,,,,,,
Women Talking,2023,Women-Talking-(2023),,,,,,,,,,,,
Infinity Pool,2023,Infinity-Pool-(2023),,,,,,,,,,,,
You Hurt My Feelings,2023,You-Hurt-My-Feelings-(2023),,474240.0,482448.0,439760.0,1396448.0,1396448.0,2.9446,2.9446,1.9115,8,912.0,520.0
Hocus Pocus,2023,Hocus-Pocus-(2023),,,,,,,,,,,,
Kandahar,2023,Kandahar-(2023),,921019.0,730717.0,673652.0,2325388.0,2325388.0,2.5248,2.5248,1.9219,7,2105.0,438.0
It Lives Inside,2023,It-Lives-Inside-(2023),,1053340.0,930816.0,623509.0,2607665.0,2607665.0,2.4756,2.4756,1.6699,5,2005.0,525.0
Marlowe,2023,Marlowe-(2023),,548215.0,208580.0,540660.0,1297455.0,1297455.0,2.3667,2.3667,3.5921,6,2281.0,240.0
Golda,2023,Golda-(2023),,,,,,,,,,,,
Hypnotic,2023,Hypnotic-(2023),,,,,,,,,,,,
Stop Making Sense,2023,Stop-Making-Sense-(2023),,332925.0,267264.0,256608.0,856797.0,856797.0,2.5735,2.5735,1.9601,-,264.0,1261.0
Theater Camp,2023,Theater-Camp-(2023),,110336.0,96677.0,94207.0,301220.0,301220.0,2.73,2.73,1.9745,-,6.0,18389.0
The Amazing Maurice,2023,The-Amazing-Maurice-(2023),,,,,,,,,,,,
Mummies,2023,Mummies-(2023),,,,,,,,,,,,
Ponniyin Selvan: Part Two,2023,Ponniyin-Selvan-Part-Two-(2023),,,,,,,,,,,,
Chevalier,2023,Chevalier-(2023),,541000.0,572500.0,407788.0,1521288.0,1521288.0,2.812,2.812,1.7123,10,1275.0,424.0
The Journey: A Music Special from Andrea Bocelli,2023,The-Journey-A-Music-Special-from-Andrea-Bocelli-(2023),,,,,,,,,,,,
Anatomy of a Fall,2023,Anatomy-of-a-Fall-(2023),,,,,,,,,,,,
Mafia Mamma,2023,Mafia-Mamma-(2023),,868978.0,687144.0,476080.0,2032202.0,2032202.0,2.3386,2.3386,1.6928,8,2002.0,434.0
Left Behind: Rise of the Antichrist,2023,Left-Behind-Rise-of-the-Antichrist-(2023),,,,,,,,,,,,
What Happens Later,2023,What-Happens-Later-(2023),,601372.0,566252.0,355126.0,1522750.0,1522750.0,2.5321,2.5321,1.6272,8,1492.0,403.0
A Thousand and One,2023,A-Thousand-and-One-(2023),,,,,,,,,,,,
2023 Oscar Nominated Short Films: Live Action,2023,2023-Oscar-Nominated-Short-Films-Live-Action-(2023),,,,,,,,,,,,
Violent Night,2023,Violent-Night-(2023),,,,,,,,,,,,
Living,2023,Living-(2023),,,,,,,,,,,,
Jurassic Park,2023,Jurassic-Park-(2023),,,,,,,,,,,,
The Menu,2023,The-Menu-(2023),,,,,,,,,,,,
Tu Jhoothi Main Makkaar,2023,Tu-Jhoothi-Main-Makkaar-(2023),,,,,,,,,,,,
The Miracle Club,2023,The-Miracle-Club-(2023),,,,,,,,,,,,
A Good Person,2023,A-Good-Person-(2023),,,,,,,,,,,,
Moving On,2023,Moving-On-(2023),,245784.0,316523.0,259654.0,821961.0,821961.0,3.3442,3.3442,1.8203,-,794.0,310.0
Spirited Away: Live on Stage,2023,Spirited-Away-Live-on-Stage-(2023),,,,,,,,,,,,
Jules,2023,Jules-(2023),,303975.0,305546.0,230101.0,839622.0,839622.0,2.7621,2.7621,1.7531,-,780.0,390.0
Skinamarink,2023,Skinamarink-(2023),,,,,,,,,,,,
Die Hard,2023,Die-Hard-(2023),,,,,,,,,,,,
Somewhere in Queens,2023,Somewhere-in-Queens-(2023),,189128.0,289696.0,192456.0,671280.0,671280.0,3.5493,3.5493,1.6643,-,602.0,314.0
Fear,2023,Fear-(2023),132000.0,466992.0,504151.0,256651.0,1359794.0,1227794.0,2.9118,2.6292,1.5091,11,479.0,466992.0
The Marsh King's Daughter,2023,The-Marsh-Kings-Daughter-(2023),,,,,,,,,,,,
Oldboy,2023,Oldboy-(2023),,,,,,,,,,,,
Winnie-the-Pooh: Blood and Honey,2023,Winnie-the-Pooh-Blood-and-Honey-(2023),,,,,,,,,,,,
Lost in the Stars,2023,Lost-in-the-Stars-(2023),,,,,,,,,,,,
American Fiction,2023,American-Fiction-(2023),,121245.0,58819.0,44405.0,224469.0,224469.0,1.8514,1.8514,1.7549,-,7.0,17321.0
Creation of the Gods I: Kingdom of Storms,2023,Creation-of-the-Gods-I-Kingdom-of-Storms-(2023),,,,,,,,,,,,
The Retirement Plan,2023,The-Retirement-Plan-(2023),,,,,,,,,,,,
Polite Society,2023,Polite-Society-(2023),,,,,,,,,,,,
That Time I Got Reincarnated as a Slime the Movie: Scarlet Bond,2023,That-Time-I-Got-Reincarnated-as-a-Slime-the-Movie-Scarlet-Bond-(2023),,,,,,,,,,,,
The Banshees of Inisherin,2023,The-Banshees-of-Inisherin-(2023),,,,,,,,,,,,
BlackBerry,2023,BlackBerry-(2023),,172064.0,186929.0,133152.0,492145.0,492145.0,2.8602,2.8602,1.7123,13,625.0,275.0
Dicks: The Musical,2023,Dicks-The-Musical-(2023),,80806.0,81431.0,39714.0,201951.0,201951.0,2.4992,2.4992,1.4877,-,7.0,11544.0
The Quiet Girl,2023,The-Quiet-Girl-(2023),,,,,,,,,,,,
Eileen,2023,Eileen-(2023),,37863.0,30975.0,24452.0,93290.0,93290.0,2.4639,2.4639,1.7894,-,6.0,6311.0
Maybe I Do,2023,Maybe-I-Do-(2023),,,,,,,,,,,,
The First Slam Dunk,2023,The-First-Slam-Dunk-(2023),,,,,,,,,,,,
Billie Eilish: Live at the O2 (Extended Cut),2023,Billie-Eilish-Live-at-the-O2-(Extended-Cut)-(2023),,,,,,,,,,,,
Back to the Future,2023,Back-to-the-Future-(2023),,,,,,,,,,,,
The Big Lebowski,2023,The-Big-Lebowski-(2023),,,,,,,,,,,,
Camp Hideout,2023,Camp-Hideout-(2023),,158008.0,201309.0,130122.0,489439.0,489439.0,3.0976,3.0976,1.6464,-,848.0,186.0
The Lost King,2023,The-Lost-King-(2023),,,,,,,,,,,,
Close,2023,Close-(2023),,,,,,,,,,,,
Strange World,2023,Strange-World-(2023),,,,,,,,,,,,
Knights of the Zodiac,2023,Knights-of-the-Zodiac-(2023),,220991.0,186219.0,149584.0,556794.0,556794.0,2.5195,2.5195,1.8033,10,586.0,377.0
Tár,2023,Tár-(2023),,,,,,,,,,,,
Emily,2023,Emily-(2023),,,,,,,,,,,,
Showing Up,2023,Showing-Up-(2023),,23649.0,24733.0,15036.0,63418.0,63418.0,2.6816,2.6816,1.6079,-,4.0,5912.0
Inside Out 2,2024,Inside-Out-2-(2024),13000000.0,63558115.0,51175086.0,39468472.0,167201673.0,154201673.0,2.6307,2.4262,1.7712,1,4440.0,14315.0
Broker,2023,Broker-(2023),,,,,,,,,,,,
Inside,2023,Inside-(2023),,,,,,,,,,,,
Deadpool & Wolverine,2024,Deadpool-and-Wolverine-(2024),38500000.0,96189710.0,61644783.0,53600798.0,249935291.0,211435291.0,2.5984,2.1981,1.8695,1,4210.0,22848.0
Wicked,2024,Wicked-(2024),19200000.0,46210430.0,35492555.0,30805905.0,131708890.0,112508890.0,2.8502,2.4347,1.868,1,3888.0,11885.0
Moana 2,2024,Moana-2-(2024),13800000.0,57869843.0,27784598.0,54361837.0,153816278.0,140016278.0,2.658,2.4195,2.9565,1,4200.0,13779.0
Despicable Me 4,2024,Despicable-Me-4-(2024),,27202050.0,20398275.0,27050605.0,74650930.0,74650930.0,2.7443,2.7443,2.3261,1,4030.0,6750.0
Beetlejuice Beetlejuice,2024,Beetlejuice-Beetlejuice-(2024),13000000.0,41815736.0,41804322.0,27383287.0,124003345.0,111003345.0,2.9655,2.6546,1.655,1,4575.0,9140.0
Dune: Part Two,2024,Dune-Part-Two-(2024),12000000.0,32211366.0,28718894.0,21575131.0,94505391.0,82505391.0,2.9339,2.5614,1.7513,1,4071.0,7912.0
Twisters,2024,Twisters-(2024),10700000.0,32139880.0,27516920.0,21594615.0,91951415.0,81251415.0,2.861,2.5281,1.7848,1,4151.0,7743.0
Kung Fu Panda 4,2024,Kung-Fu-Panda-4-(2024),3800000.0,19448090.0,22854805.0,15687010.0,61789905.0,57989905.0,3.1772,2.9818,1.6864,1,4035.0,4820.0
Godzilla X Kong: The New Empire,2024,Godzilla-X-Kong-The-New-Empire-(2024),10000000.0,36807592.0,26414059.0,16784910.0,90006561.0,80006561.0,2.4453,2.1736,1.6355,1,3861.0,9533.0
Bad Boys: Ride or Die,2024,Bad-Boys-Ride-or-Die-(2024),5875000.0,21501365.0,19466683.0,15559276.0,62402324.0,56527324.0,2.9022,2.629,1.7993,1,3885.0,5534.0
Kingdom of the Planet of the Apes,2024,Kingdom-of-the-Planet-of-the-Apes-(2024),6600000.0,22166611.0,19969677.0,16264500.0,65000788.0,58400788.0,2.9324,2.6346,1.8145,1,4075.0,5440.0
Gladiator II,2024,Gladiator-II-(2024),6500000.0,22351240.0,19079622.0,13603853.0,61534715.0,55034715.0,2.7531,2.4623,1.713,2,3573.0,6256.0
Sonic the Hedgehog 3,2024,Sonic-the-Hedgehog-3-(2024),6500000.0,25449555.0,19320946.0,15331645.0,66602146.0,60102146.0,2.617,2.3616,1.7935,1,3761.0,6767.0
It Ends with Us,2024,It-Ends-with-Us-(2024),7000000.0,24221593.0,13849438.0,11945621.0,57016652.0,50016652.0,2.354,2.065,1.8625,1,3611.0,6708.0
Venom: The Last Dance,2024,Venom-The-Last-Dance-(2024),8500000.0,22023587.0,16820420.0,12168397.0,59512404.0,51012404.0,2.7022,2.3163,1.7234,1,4131.0,5331.0
A Quiet Place: Day One,2024,A-Quiet-Place-Day-One-(2024),,,,,,,,,,,,
Mufasa: The Lion King,2024,Mufasa-The-Lion-King-(2024),3300000.0,13340381.0,11850488.0,10218496.0,38709365.0,35409365.0,2.9017,2.6543,1.8623,2,4100.0,3254.0
Ghostbusters: Frozen Empire,2024,Ghostbusters-Frozen-Empire-(2024),4700000.0,16101687.0,17687510.0,11215476.0,49704673.0,45004673.0,3.0869,2.795,1.6341,1,4345.0,3706.0
Alien: Romulus,2024,Alien-Romulus-(2024),6500000.0,18083803.0,13591254.0,10328304.0,48503361.0,42003361.0,2.6821,2.3227,1.7599,1,3885.0,4655.0
Red One,2024,Red-One-(2024),3700000.0,10793707.0,13231325.0,8081080.0,35806112.0,32106112.0,3.3173,2.9745,1.6108,1,4032.0,2677.0
Bob Marley: One Love,2024,Bob-Marley-One-Love-(2024),,14009622.0,3861583.0,7471636.0,25342841.0,25342841.0,1.809,1.809,2.9349,1,3536.0,3962.0
IF,2024,IF-(2024),1750000.0,10423126.0,14006940.0,9285735.0,35465801.0,33715801.0,3.4026,3.2347,1.6629,1,4041.0,2579.0
Longlegs,2024,Longlegs-(2024),3000000.0,10012897.0,7201873.0,5185349.0,25400119.0,22400119.0,2.5367,2.2371,1.72,2,2510.0,3989.0
The Fall Guy,2024,The-Fall-Guy-(2024),,,,,,,,,,,,
The Garfield Movie,2024,The-Garfield-Movie-(2024),,,,,,,,,,,,
The Wild Robot,2024,The-Wild-Robot-(2024),,,,,,,,,,,,
Mean Girls,2024,Mean-Girls-(2024),3250000.0,11527268.0,9594488.0,7513551.0,31885307.0,28635307.0,2.7661,2.4841,1.7831,1,3791.0,3041.0
Civil War,2024,Civil-War-(2024),2900000.0,10817252.0,8761974.0,5958142.0,28437368.0,25537368.0,2.6289,2.3608,1.68,1,3838.0,2818.0
Migration,2024,Migration-(2024),,,,,,,,,,,,
Wonka,2024,Wonka-(2024),,,,,,,,,,,,
Furiosa: A Mad Max Saga,2024,Furiosa-A-Mad-Max-Saga-(2024),3500000.0,10356086.0,8351559.0,7618817.0,29826462.0,26326462.0,2.8801,2.5421,1.9123,1,3804.0,2722.0
Transformers One,2024,Transformers-One-(2024),3360000.0,9559726.0,9151714.0,5902530.0,27973970.0,24613970.0,2.9262,2.5748,1.645,1,3978.0,2403.0
Terrifier 3,2024,Terrifier-3-(2024),2395699.0,8199276.0,5918015.0,4810822.0,21323812.0,18928113.0,2.6007,2.3085,1.8129,1,2514.0,3261.0
Smile 2,2024,Smile-2-(2024),2500000.0,9498562.0,8121308.0,5401822.0,25521692.0,23021692.0,2.6869,2.4237,1.6651,1,3619.0,2625.0
The Beekeeper,2024,The-Beekeeper-(2024),,,,,,,,,,,,
Nosferatu,2024,Nosferatu-(2024),,11552825.0,7601650.0,7275315.0,26429790.0,26429790.0,2.2877,2.2877,1.9571,2,2911.0,3969.0
Argylle,2024,Argylle-(2024),,,,,,,,,,,,
Madame Web,2024,Madame-Web-(2024),,6051012.0,2153607.0,4284961.0,12489580.0,12489580.0,2.064,2.064,2.9897,2,4013.0,1508.0
Trap,2024,Trap-(2024),2200000.0,6614368.0,5058581.0,3781197.0,17654146.0,15454146.0,2.6691,2.3365,1.7475,2,3181.0,2079.0
The Best Christmas Pageant Ever,2024,The-Best-Christmas-Pageant-Ever-(2024),,,,,,,,,,,,
Aquaman and the Lost Kingdom,2024,Aquaman-and-the-Lost-Kingdom-(2024),,,,,,,,,,,,
Speak No Evil,2024,Speak-No-Evil-(2024),,4853485.0,3965350.0,2578760.0,11397595.0,11397595.0,2.3483,2.3483,1.6503,2,3375.0,1438.0
Anyone But You,2024,Anyone-But-You-(2024),,,,,,,,,,,,
Coraline,2024,Coraline-(2024),,4487086.0,7146009.0,5216545.0,16849640.0,16849640.0,3.7551,3.7551,1.73,3,2299.0,1952.0
Night Swim,2024,Night-Swim-(2024),1450000.0,5246275.0,4207220.0,2343660.0,13247155.0,11797155.0,2.5251,2.2487,1.5571,1,3250.0,1614.0
The Strangers: Chapter 1,2024,The-Strangers-Chapter-1-(2024),,,,,,,,,,,,
Reagan,2024,Reagan-(2024),525000.0,2700040.0,2400640.0,2550040.0,8175720.0,7650720.0,3.028,2.8336,2.0622,2,2754.0,980.0
The Boys in the Boat,2024,The-Boys-in-the-Boat-(2024),,,,,,,,,,,,
Horizon: An American Saga - Chapter 1,2024,Horizon-An-American-Saga-Chapter-1-(2024),800000.0,4091577.0,3947866.0,3013118.0,11852561.0,11052561.0,2.8968,2.7013,1.7632,3,3334.0,1227.0
Challengers,2024,Challengers-(2024),1900000.0,6255921.0,4956880.0,3798260.0,16911061.0,15011061.0,2.7032,2.3995,1.7663,1,3477.0,1799.0
A Complete Unknown,2024,A-Complete-Unknown-(2024),,,,,,,,,,,,
Heretic,2024,Heretic-(2024),1200000.0,4311230.0,3880107.0,2638473.0,12029810.0,10829810.0,2.7903,2.512,1.68,2,3221.0,1338.0
Joker: Folie à Deux,2024,Joker-Folie-à-Deux-(2024),,,,,,,,,,,,
Abigail,2024,Abigail-(2024),1000000.0,4033895.0,3768955.0,2494260.0,11297110.0,10297110.0,2.8005,2.5526,1.6618,1,3384.0,1192.0
The Forge,2024,The-Forge-(2024),,,,,,,,,,,,
We Live in Time,2024,We-Live-in-Time-(2024),,,,,,,,,,,,
Conclave,2024,Conclave-(2024),500000.0,2527720.0,2316590.0,1757685.0,7101995.0,6601995.0,2.8096,2.6118,1.7587,3,1753.0,1442.0
Blink Twice,2024,Blink-Twice-(2024),820000.0,2900405.0,2606069.0,1795420.0,8121894.0,7301894.0,2.8003,2.5175,1.6889,4,3067.0,946.0
Poor Things,2024,Poor-Things-(2024),,,,,,,,,,,,
Kraven the Hunter,2024,Kraven-the-Hunter-(2024),2000000.0,4801608.0,3749317.0,2450184.0,13001109.0,11001109.0,2.7077,2.2911,1.6535,3,3211.0,1495.0
Imaginary,2024,Imaginary-(2024),725000.0,3623574.0,3930359.0,2358780.0,10637713.0,9912713.0,2.9357,2.7356,1.6001,3,3118.0,1162.0
Fly Me to the Moon,2024,Fly-Me-to-the-Moon-(2024),875000.0,4476129.0,3000561.0,1925486.0,10277176.0,9402176.0,2.296,2.1005,1.6417,4,3356.0,1334.0
The Bikeriders,2024,The-Bikeriders-(2024),,,,,,,,,,,,
Monkey Man,2024,Monkey-Man-(2024),1400000.0,4182135.0,3570175.0,2367125.0,11519435.0,10119435.0,2.7544,2.4197,1.663,2,3029.0,1381.0
The First Omen,2024,The-First-Omen-(2024),,,,,,,,,,,,
Cabrini,2024,Cabrini-(2024),500000.0,3091042.0,2354735.0,1722743.0,7668520.0,7168520.0,2.4809,2.3191,1.7316,4,2840.0,1088.0
Ordinary Angels,2024,Ordinary-Angels-(2024),285000.0,2327954.0,2317701.0,1517945.0,6448600.0,6163600.0,2.7701,2.6476,1.6549,3,3020.0,771.0
American Fiction,2024,American-Fiction-(2024),,,,,,,,,,,,
The Ministry of Ungentlemanly Warfare,2024,The-Ministry-of-Ungentlemanly-Warfare-(2024),,,,,,,,,,,,
The Iron Claw,2024,The-Iron-Claw-(2024),,,,,,,,,,,,
The Watchers,2024,The-Watchers-(2024),,,,,,,,,,,,
Demon Slayer: Kimetsu No Yaiba - To the Hashira Training,2024,Demon-Slayer-Kimetsu-No-Yaiba-To-the-Hashira-Training-(2024),,,,,,,,,,,,
Tarot,2024,Tarot-(2024),715000.0,2550578.0,2368543.0,1583891.0,7218012.0,6503012.0,2.83,2.5496,1.6687,2,3104.0,822.0
Harold and the Purple Crayon,2024,Harold-and-the-Purple-Crayon-(2024),725000.0,2485917.0,2006693.0,1510587.0,6728197.0,6003197.0,2.7065,2.4149,1.7528,5,3325.0,748.0
The Color Purple,2024,The-Color-Purple-(2024),,,,,,,,,,,,
Arthur the King,2024,Arthur-the-King-(2024),825000.0,2994621.0,2801266.0,1838011.0,8458898.0,7633898.0,2.8247,2.5492,1.6561,3,3003.0,997.0
Immaculate,2024,Immaculate-(2024),,2032481.0,1991831.0,1314609.0,5338921.0,5338921.0,2.6268,2.6268,1.66,4,2354.0,863.0
The Substance,2024,The-Substance-(2024),,,,,,,,,,,,
Unsung Hero,2024,Unsung-Hero-(2024),1670000.0,3623796.0,2332710.0,1775033.0,9401539.0,7731539.0,2.5944,2.1335,1.7609,2,2832.0,1280.0
Borderlands,2024,Borderlands-(2024),1320000.0,3937653.0,2743126.0,1920793.0,9921572.0,8601572.0,2.5197,2.1844,1.7002,4,3125.0,1260.0
MaXXXine,2024,MaXXXine-(2024),,3185000.0,2011450.0,1508588.0,6705038.0,6705038.0,2.1052,2.1052,1.75,4,2450.0,1300.0
Interstellar,2024,Interstellar-(2024),,,,,,,,,,,,
The Chosen: S4 Episodes 1-3,2024,The-Chosen-S4-Episodes-1-3-(2024),,,,,,,,,,,,
Anora,2024,Anora-(2024),,278032.0,140694.0,131777.0,550503.0,550503.0,1.98,1.98,1.9366,-,6.0,46339.0
Homestead,2024,Homestead-(2024),,2905419.0,1709762.0,1385060.0,6000241.0,6000241.0,2.0652,2.0652,1.8101,5,1886.0,1541.0
Star Wars: Episode I - The Phantom Menace,2024,Star-Wars-Episode-I-The-Phantom-Menace-(2024),,,,,,,,,,,,
Am I Racist?,2024,Am-I-Racist-(2024),,1959873.0,1553795.0,1030395.0,4544063.0,4544063.0,2.3185,2.3185,1.6631,3,1517.0,1292.0
Kalki 2898 AD,2024,Kalki-2898-AD-(2024),,,,,,,,,,,,
Here,2024,Here-(2024),475000.0,1945003.0,1812825.0,1117367.0,5350195.0,4875195.0,2.7507,2.5065,1.6164,3,2647.0,735.0
Bonhoeffer,2024,Bonhoeffer-(2024),,,,,,,,,,,,
Sound of Hope: The Story of Possum Trot,2024,Sound-of-Hope-The-Story-of-Possum-Trot-(2024),,3591283.0,1113775.0,1102637.0,5807695.0,5807695.0,1.6172,1.6172,1.99,-,2200.0,1632.0
Godzilla Minus One,2024,Godzilla-Minus-One-(2024),,,,,,,,,,,,
The Boy and the Heron,2024,The-Boy-and-the-Heron-(2024),,,,,,,,,,,,
Never Let Go,2024,Never-Let-Go-(2024),360000.0,1660092.0,1713216.0,1075757.0,4809065.0,4449065.0,2.8969,2.68,1.6279,4,2667.0,622.0
The Chosen: S4 Episodes 4-6,2024,The-Chosen-S4-Episodes-4-6-(2024),,,,,,,,,,,,
Lisa Frankenstein,2024,Lisa-Frankenstein-(2024),,1725290.0,1375915.0,594580.0,3695785.0,3695785.0,2.1421,2.1421,1.4321,2,3144.0,549.0
Late Night with the Devil,2024,Late-Night-with-the-Devil-(2024),,,,,,,,,,,,
Piece by Piece,2024,Piece-by-Piece-(2024),,1498810.0,1309850.0,1042695.0,3851355.0,3851355.0,2.5696,2.5696,1.796,5,1865.0,804.0
Saturday Night,2024,Saturday-Night-(2024),,107663.0,87446.0,75378.0,270487.0,270487.0,2.5123,2.5123,1.862,-,5.0,21533.0
The Crow,2024,The-Crow-(2024),,,,,,,,,,,,
Thelma,2024,Thelma-(2024),,,,,,,,,,,,
Babygirl,2024,Babygirl-(2024),,1528620.0,1319220.0,1414935.0,4262775.0,4262775.0,2.7886,2.7886,2.0726,8,2094.0,730.0
The Lord of the Rings: The War of the Rohirrim,2024,The-Lord-of-the-Rings-The-War-of-the-Rohirrim-(2024),,,,,,,,,,,,
Love Lies Bleeding,2024,Love-Lies-Bleeding-(2024),,,,,,,,,,,,
Spy x Family Code: White,2024,Spy-x-Family-Code-White-(2024),,,,,,,,,,,,
Ferrari,2024,Ferrari-(2024),,,,,,,,,,,,
The Chosen: S4 Episodes 7-8,2024,The-Chosen-S4-Episodes-7-8-(2024),,,,,,,,,,,,
Megalopolis,2024,Megalopolis-(2024),770000.0,1853074.0,1266732.0,887991.0,4777797.0,4007797.0,2.5783,2.1628,1.701,5,1854.0,1000.0
A Real Pain,2024,A-Real-Pain-(2024),,,,,,,,,,,,
Sight,2024,Sight-(2024),,1100125.0,886677.0,808645.0,2795447.0,2795447.0,2.541,2.541,1.912,7,2100.0,524.0
Afraid,2024,Afraid-(2024),400000.0,1309482.0,1225529.0,1130653.0,4065664.0,3665664.0,3.1048,2.7993,1.9226,7,3003.0,436.0
Haikyu!! The Dumpster Battle,2024,Haikyu-The-Dumpster-Battle-(2024),,,,,,,,,,,,
The Hunger Games: The Ballad of Songbirds & Snakes,2024,The-Hunger-Games-The-Ballad-of-Songbirds-and-Snakes-(2024),,,,,,,,,,,,
I.S.S.,2024,ISS-(2024),,,,,,,,,,,,
Pushpa: The Rule - Part 2,2024,Pushpa-The-Rule-Part-2-(2024),,,,,,,,,,,,
Cuckoo,2024,Cuckoo-(2024),,,,,,,,,,,,
Back to Black,2024,Back-to-Black-(2024),,,,,,,,,,,,
The Book of Clarence,2024,The-Book-of-Clarence-(2024),,,,,,,,,,,,
The Nightmare Before Christmas,2024,The-Nightmare-Before-Christmas-(2024),,,,,,,,,,,,
Someone Like You,2024,Someone-Like-You-(2024),,1665210.0,798812.0,515670.0,2979692.0,2979692.0,1.7894,1.7894,1.6455,7,1802.0,924.0
Columbia 100th Anniversary Series,2024,Columbia-100th-Anniversary-Series-(2024),,,,,,,,,,,,
Trolls Band Together,2024,Trolls-Band-Together-(2024),,,,,,,,,,,,
One Life,2024,One-Life-(2024),,,,,,,,,,,,
My Old Ass,2024,My-Old-Ass-(2024),,87881.0,46590.0,33382.0,167853.0,167853.0,1.91,1.91,1.7165,-,7.0,12554.0
The Killer's Game,2024,The-Killers-Game-(2024),,,,,,,,,,,,
Devara Part 1,2024,Devara-Part-1-(2024),,,,,,,,,,,,
White Bird,2024,White-Bird-(2024),275000.0,687007.0,510307.0,360579.0,1832893.0,1557893.0,2.6679,2.2677,1.7066,-,1018.0,675.0
Drive-Away Dolls,2024,Drive-Away-Dolls-(2024),450000.0,1011980.0,849045.0,543305.0,2854330.0,2404330.0,2.8205,2.3759,1.6399,5,2280.0,444.0
I Saw the TV Glow,2024,I-Saw-the-TV-Glow-(2024),,54019.0,38233.0,26763.0,119015.0,119015.0,2.2032,2.2032,1.7,-,4.0,13505.0
My Hero Academia: You're Next,2024,My-Hero-Academia-Youre-Next-(2024),,,,,,,,,,,,
Kinds of Kindness,2024,Kinds-of-Kindness-(2024),,,,,,,,,,,,
The Fire Inside,2024,The-Fire-Inside-(2024),,,,,,,,,,,,
Land of Bad,2024,Land-of-Bad-(2024),,682503.0,651014.0,506993.0,1840510.0,1840510.0,2.6967,2.6967,1.7788,8,1120.0,609.0
Wicked Little Letters,2024,Wicked-Little-Letters-(2024),,,,,,,,,,,,
Origin,2024,Origin-(2024),,,,,,,,,,,,
Y2K,2024,Y2K-(2024),,923110.0,692333.0,498480.0,2113923.0,2113923.0,2.29,2.29,1.72,8,2108.0,438.0
The Exorcism,2024,The-Exorcism-(2024),,,,,,,,,,,,
Dìdi,2024,Dìdi-(2024),,,,,,,,,,,,
Babes,2024,Babes-(2024),,67614.0,59108.0,36408.0,163130.0,163130.0,2.4127,2.4127,1.616,-,12.0,5635.0
In a Violent Nature,2024,In-a-Violent-Nature-(2024),,,,,,,,,,,,
The Apprentice,2024,The-Apprentice-(2024),,,,,,,,,,,,
Perfect Days,2024,Perfect-Days-(2024),,,,,,,,,,,,
Oppenheimer,2024,Oppenheimer-(2024),,,,,,,,,,,,
For King + Country: A Drummer Boy Christmas - Live,2024,For-King-+-Country-A-Drummer-Boy-Christmas-Live-(2024),,,,,,,,,,,,
All of Us Strangers,2024,All-of-Us-Strangers-(2024),,,,,,,,,,,,
Queer,2024,Queer-(2024),,79473.0,27237.0,68789.0,175499.0,175499.0,2.2083,2.2083,3.5256,-,7.0,11353.0
Shrek 2,2024,Shrek-2-(2024),,11786415.0,9158767.0,28340295.0,49285477.0,49285477.0,4.1815,4.1815,4.0943,1,3737.0,3154.0
God's Not Dead: In God We Trust,2024,Gods-Not-Dead-In-God-We-Trust-(2024),,362215.0,464170.0,580419.0,1406804.0,1406804.0,3.8839,3.8839,2.2504,-,1327.0,273.0
Wish,2024,Wish-(2024),,,,,,,,,,,,
Solo Leveling: ReAwakening,2024,Solo-Leveling-ReAwakening-(2024),,,,,,,,,,,,
Strange Darling,2024,Strange-Darling-(2024),,448380.0,385326.0,309222.0,1142928.0,1142928.0,2.549,2.549,1.8025,-,1135.0,395.0
The Lord of the Rings: The Fellowship of the Ring,2024,The-Lord-of-the-Rings-The-Fellowship-of-the-Ring-(2024),,,,,,,,,,,,
2024 Oscar Nominated Short Films: Documentary,2024,2024-Oscar-Nominated-Short-Films-Documentary-(2024),,,,,,,,,,,,
The Front Room,2024,The-Front-Room-(2024),,,,,,,,,,,,
1992,2024,1992-(2024),,461069.0,481377.0,476459.0,1418905.0,1418905.0,3.0774,3.0774,1.9898,-,875.0,527.0
The Long Game,2024,The-Long-Game-(2024),,,,,,,,,,,,
My Penguin Friend,2024,My-Penguin-Friend-(2024),,367574.0,365272.0,300589.0,1033435.0,1033435.0,2.8115,2.8115,1.8229,-,1083.0,339.0
Absolution,2024,Absolution-(2024),,467593.0,563206.0,350893.0,1381692.0,1381692.0,2.9549,2.9549,1.623,12,1500.0,312.0
The Fabulous Four,2024,The-Fabulous-Four-(2024),,,,,,,,,,,,
Sight & Sound Presents: Daniel LIVE,2024,Sight-and-Sound-Presents-Daniel-LIVE-(2024),,563687.0,700567.0,715051.0,1979305.0,1979305.0,3.5114,3.5114,2.0207,13,669.0,563687.0
Ezra,2024,Ezra-(2024),,573662.0,373025.0,295991.0,1242678.0,1242678.0,2.1662,2.1662,1.7935,9,1320.0,435.0
The Taste of Things,2024,The-Taste-of-Things-(2024),,,,,,,,,,,,
GHOST: Rite Here Rite Now,2024,GHOST-Rite-Here-Rite-Now-(2024),,,,,,,,,,,,
Boy Kills World,2024,Boy-Kills-World-(2024),500000.0,828560.0,495271.0,358694.0,2182525.0,1682525.0,2.6341,2.0307,1.7242,8,1993.0,416.0
Escape from Germany,2024,Escape-from-Germany-(2024),,39619.0,78832.0,83911.0,202362.0,202362.0,5.1077,5.1077,2.0644,-,40.0,990.0
"Hello, Love, Again",2024,Hello-Love-Again-(2024),,,,,,,,,,,,
Jung Kook: I Am Still,2024,Jung-Kook-I-Am-Still-(2024),,,,,,,,,,,,
The Lord of the Rings: The Two Towers,2024,The-Lord-of-the-Rings-The-Two-Towers-(2024),,,,,,,,,,,,
The Blue Angels,2024,The-Blue-Angels-(2024),,,,,,,,,,,,
Problemista,2024,Problemista-(2024),,,,,,,,,,,,
Summer Camp,2024,Summer-Camp-(2024),100000.0,388152.0,393690.0,304760.0,1186602.0,1086602.0,3.0571,2.7994,1.7741,10,1787.0,217.0
The American Society of Magical Negroes,2024,The-American-Society-of-Magical-Negroes-(2024),,,,,,,,,,,,
Sing Sing,2024,Sing-Sing-(2024),,54448.0,48630.0,34041.0,137119.0,137119.0,2.5183,2.5183,1.7,-,4.0,13612.0
Hitpig!,2024,Hitpig-(2024),,292120.0,490968.0,371056.0,1154144.0,1154144.0,3.9509,3.9509,1.7558,13,2055.0,142.0
Howl's Moving Castle,2024,Howls-Moving-Castle-(2024),,,,,,,,,,,,
Elevation,2024,Elevation-(2024),,402670.0,475455.0,338453.0,1216578.0,1216578.0,3.0213,3.0213,1.7119,12,1416.0,284.0
Interstella 5555: The 5tory of the 5ecret 5tar 5ystem,2024,Interstella-5555-The-5tory-of-the-5ecret-5tar-5ystem-(2024),,,,,,,,,,,,
Alien,2024,Alien-(2024),,,,,,,,,,,,
Exhuma,2024,Exhuma-(2024),,,,,,,,,,,,
Flow,2024,Flow-(2024),,,,,,,,,,,,
In the Land of Saints and Sinners,2024,In-the-Land-of-Saints-and-Sinners-(2024),,,,,,,,,,,,
Bhool Bhulaiyaa 3,2024,Bhool-Bhulaiyaa-3-(2024),,,,,,,,,,,,
The Lion King,2024,The-Lion-King-(2024),,,,,,,,,,,,
Average Joe,2024,Average-Joe-(2024),,450579.0,369620.0,309213.0,1129412.0,1129412.0,2.5066,2.5066,1.8366,11,265.0,450579.0
Singham Again,2024,Singham-Again-(2024),,,,,,,,,,,,
Stree 2,2024,Stree-2-(2024),,,,,,,,,,,,
The Holdovers,2024,The-Holdovers-(2024),,,,,,,,,,,,
Between the Temples,2024,Between-the-Temples-(2024),,86630.0,166006.0,164756.0,417392.0,417392.0,4.8181,4.8181,1.9925,-,304.0,285.0
Lee,2024,Lee-(2024),,228817.0,284493.0,199945.0,713255.0,713255.0,3.1171,3.1171,1.7028,-,854.0,268.0
The Ark and the Darkness,2024,The-Ark-and-the-Darkness-(2024),,,,,,,,,,,,
Look Back,2024,Look-Back-(2024),,,,,,,,,,,,
Yolo,2024,Yolo-(2024),,,,,,,,,,,,
Queen Rock Montreal,2024,Queen-Rock-Montreal-(2024),,,,,,,,,,,,
The Order,2024,The-Order-(2024),,,,,,,,,,,,
SUGA: Agust D Tour 'D-DAY' the Movie,2024,SUGA-Agust-D-Tour-D-DAY-the-Movie-(2024),,,,,,,,,,,,
Out of Darkness,2024,Out-of-Darkness-(2024),,,,,,,,,,,,
Lilo & Stitch,2025,Lilo-and-Stitch-(2025),14500000.0,55942802.0,47823374.0,42249999.0,160516175.0,146016175.0,2.8693,2.6101,1.8835,1,4410.0,12685.0
Superman,2025,Superman-(2025),22500000.0,56109755.0,37606538.0,31305442.0,147521735.0,125021735.0,2.6292,2.2282,1.8324,1,4135.0,13569.0
A Minecraft Movie,2025,A-Minecraft-Movie-(2025),,,,,,,,,,,,
Jurassic World: Rebirth,2025,Jurassic-World-Rebirth-(2025),,30503855.0,25300775.0,26235450.0,82040080.0,82040080.0,2.6895,2.6895,2.0369,1,4063.0,7508.0
Wicked: For Good,2025,Wicked-For-Good-(2025),30800000.0,69117615.0,43415440.0,34471585.0,177804640.0,147004640.0,2.5725,2.1269,1.794,1,4115.0,16797.0
Zootopia 2,2025,Zootopia-2-(2025),10200000.0,38497734.0,20043787.0,39060332.0,107801853.0,97601853.0,2.8002,2.5353,2.9488,1,4000.0,9624.0
Sinners,2025,Sinners-(2025),4700000.0,19202349.0,16501469.0,12303650.0,52707468.0,48007468.0,2.7448,2.5001,1.7456,1,3308.0,5805.0
How to Train Your Dragon,2025,How-to-Train-Your-Dragon-(2025),11100000.0,35349740.0,26595165.0,22688410.0,95733315.0,84633315.0,2.7082,2.3942,1.8531,1,4356.0,8115.0
The Fantastic Four: First Steps,2025,The-Fantastic-Four-First-Steps-(2025),,,,,,,,,,,,
Avatar: Fire and Ash,2025,Avatar-Fire-and-Ash-(2025),12000000.0,36486725.0,28413107.0,24261028.0,101160860.0,89160860.0,2.7725,2.4437,1.8539,1,3800.0,9602.0
Captain America: Brave New World,2025,Captain-America-Brave-New-World-(2025),12000000.0,40912377.0,27719411.0,20210815.0,100842603.0,88842603.0,2.4648,2.1715,1.7291,1,4105.0,9966.0
Mission: Impossible - The Final Reckoning,2025,Mission-Impossible-The-Final-Reckoning-(2025),8300000.0,24807867.0,20311131.0,18917430.0,72336428.0,64036428.0,2.9159,2.5813,1.9314,2,3857.0,6432.0
F1: The Movie,2025,F1-The-Movie-(2025),10000000.0,25001059.0,17502336.0,14498272.0,67001667.0,57001667.0,2.68,2.28,1.8284,1,3661.0,6829.0
Weapons,2025,Weapons-(2025),5700000.0,18170479.0,14010307.0,11320431.0,49201217.0,43501217.0,2.7078,2.3941,1.808,1,3202.0,5675.0
Final Destination: Bloodlines,2025,Final-Destination-Bloodlines-(2025),5500000.0,20959554.0,17965375.0,12675177.0,57100106.0,51600106.0,2.7243,2.4619,1.7055,1,3523.0,5949.0
The Conjuring: Last Rites,2025,The-Conjuring-Last-Rites-(2025),,,,,,,,,,,,
Thunderbolts*,2025,Thunderbolts*-(2025),,,,,,,,,,,,
Demon Slayer: Kimetsu No Yaiba Infinity Castle,2025,Demon-Slayer-Kimetsu-No-Yaiba-Infinity-Castle-(2025),,,,,,,,,,,,
Five Nights at Freddy's 2,2025,Five-Nights-at-Freddys-2-(2025),7200000.0,29957030.0,20801885.0,13248515.0,71207430.0,64007430.0,2.377,2.1366,1.6369,1,3412.0,8780.0
Dog Man,2025,Dog-Man-(2025),1360000.0,10778735.0,15202115.0,10021090.0,37361940.0,36001940.0,3.4663,3.3401,1.6592,1,3885.0,2774.0
Freakier Friday,2025,Freakier-Friday-(2025),3100000.0,12830077.0,9167029.0,6586061.0,31683167.0,28583167.0,2.4694,2.2278,1.7185,2,3975.0,3228.0
Mufasa: The Lion King,2025,Mufasa-The-Lion-King-(2025),,,,,,,,,,,,
Predator: Badlands,2025,Predator-Badlands-(2025),4800000.0,15898455.0,14530856.0,9587542.0,44816853.0,40016853.0,2.8189,2.517,1.6598,1,3725.0,4268.0
Snow White,2025,Snow-White-(2025),,,,,,,,,,,,
Black Phone 2,2025,Black-Phone-2-(2025),2600000.0,11026005.0,9673145.0,6632890.0,29932040.0,27332040.0,2.7147,2.4789,1.6857,1,3411.0,3232.0
Sonic the Hedgehog 3,2025,Sonic-the-Hedgehog-3-(2025),,,,,,,,,,,,
The Bad Guys 2,2025,The-Bad-Guys-2-(2025),,,,,,,,,,,,
Tron: Ares,2025,Tron-Ares-(2025),4800000.0,14405054.0,10923092.0,7913287.0,38041433.0,33241433.0,2.6408,2.3076,1.7245,1,4000.0,3601.0
Elio,2025,Elio-(2025),3000000.0,8967892.0,6639159.0,5233616.0,23840667.0,20840667.0,2.6584,2.3239,1.7883,3,3750.0,2391.0
28 Years Later,2025,28-Years-Later-(2025),5800000.0,14473891.0,9138067.0,6391008.0,35802966.0,30002966.0,2.4736,2.0729,1.6994,1,3444.0,4203.0
One Battle After Another,2025,One-Battle-After-Another-(2025),3100000.0,9000232.0,7850050.0,5150105.0,25100387.0,22000387.0,2.7889,2.4444,1.6561,1,3634.0,2477.0
Now You See Me: Now You Don't,2025,Now-You-See-Me-Now-You-Dont-(2025),2100000.0,8387146.0,7697023.0,4929624.0,23113793.0,21013793.0,2.7559,2.5055,1.6405,1,3403.0,2465.0
The Accountant 2,2025,The-Accountant-2-(2025),,,,,,,,,,,,
David,2025,David-(2025),1800000.0,9662302.0,6705020.0,5633232.0,23800554.0,22000554.0,2.4632,2.2769,1.8402,2,3118.0,3099.0
The King of Kings,2025,The-King-of-Kings-(2025),,,,,,,,,,,,
Ballerina,2025,Ballerina-(2025),,,,,,,,,,,,
Moana 2,2025,Moana-2-(2025),,,,,,,,,,,,
The Housemaid,2025,The-Housemaid-(2025),,,,,,,,,,,,
Karate Kid: Legends,2025,Karate-Kid-Legends-(2025),2300000.0,7498958.0,7417232.0,5385826.0,22602016.0,20302016.0,3.014,2.7073,1.7261,3,3809.0,1969.0
The Naked Gun,2025,The-Naked-Gun-(2025),,,,,,,,,,,,
One of Them Days,2025,One-of-Them-Days-(2025),1300000.0,4480348.0,4055650.0,3271733.0,13107731.0,11807731.0,2.9256,2.6354,1.8067,1,2675.0,1675.0
Regretting You,2025,Regretting-You-(2025),,5271851.0,4611320.0,3804359.0,13687530.0,13687530.0,2.5963,2.5963,1.825,2,3393.0,1554.0
Nosferatu,2025,Nosferatu-(2025),,,,,,,,,,,,
Mickey 17,2025,Mickey-17-(2025),2500000.0,7726710.0,6702116.0,4574026.0,21502852.0,19002852.0,2.7829,2.4594,1.6825,1,3807.0,2030.0
A Complete Unknown,2025,A-Complete-Unknown-(2025),,,,,,,,,,,,
The SpongeBob Movie: Search for SquarePants,2025,The-SpongeBob-Movie-Search-for-SquarePants-(2025),,,,,,,,,,,,
Paddington in Peru,2025,Paddington-in-Peru-(2025),,,,,,,,,,,,
Marty Supreme,2025,Marty-Supreme-(2025),,384438.0,265145.0,225417.0,875000.0,875000.0,2.276,2.276,1.8502,-,6.0,64073.0
Chainsaw Man - The Movie: Reze Arc,2025,Chainsaw-Man-The-Movie-Reze-Arc-(2025),,,,,,,,,,,,
Downton Abbey: The Grand Finale,2025,Downton-Abbey-The-Grand-Finale-(2025),,,,,,,,,,,,
Wicked,2025,Wicked-(2025),,,,,,,,,,,,
The Amateur,2025,The-Amateur-(2025),,,,,,,,,,,,
Materialists,2025,Materialists-(2025),1500000.0,5116356.0,3867454.0,2354832.0,12838642.0,11338642.0,2.5093,2.2162,1.6089,2,2844.0,1799.0
The Monkey,2025,The-Monkey-(2025),,,,,,,,,,,,
The Running Man,2025,The-Running-Man-(2025),,,,,,,,,,,,
A Working Man,2025,A-Working-Man-(2025),,,,,,,,,,,,
Den of Thieves: Pantera,2025,Den-of-Thieves-Pantera-(2025),,,,,,,,,,,,
Taylor Swift: The Official Release Party of a Showgirl,2025,Taylor-Swift-The-Official-Release-Party-of-a-Showgirl-(2025),,15805534.0,9922644.0,8334596.0,34062774.0,34062774.0,2.1551,2.1551,1.84,1,4269.0,15805534.0
The Long Walk,2025,The-Long-Walk-(2025),,,,,,,,,,,,
Star Wars: Episode III - Revenge of the Sith,2025,Star-Wars-Episode-III-Revenge-of-the-Sith-(2025),,,,,,,,,,,,
I Know What You Did Last Summer,2025,I-Know-What-You-Did-Last-Summer-(2025),2200000.0,5810772.0,3917100.0,3027487.0,14955359.0,12755359.0,2.5737,2.1951,1.7729,3,3206.0,1812.0
Gabby's Dollhouse: The Movie,2025,Gabbys-Dollhouse-The-Movie-(2025),,4380530.0,5537925.0,3779140.0,13697595.0,13697595.0,3.1269,3.1269,1.6824,2,3500.0,1252.0
Anaconda,2025,Anaconda-(2025),2100000.0,9053879.0,5455901.0,5231547.0,21841327.0,19741327.0,2.4124,2.1804,1.9589,3,3509.0,2580.0
Smurfs,2025,Smurfs-(2025),,4002383.0,3950796.0,3121911.0,11075090.0,11075090.0,2.7671,2.7671,1.7902,4,3504.0,1142.0
Flight Risk,2025,Flight-Risk-(2025),950000.0,4376398.0,4963315.0,2243775.0,12533488.0,11583488.0,2.8639,2.6468,1.4521,1,3161.0,1384.0
Warfare,2025,Warfare-(2025),1160000.0,3555000.0,2737350.0,2025639.0,9477989.0,8317989.0,2.6661,2.3398,1.74,4,2670.0,1331.0
Heart Eyes,2025,Heart-Eyes-(2025),,,,,,,,,,,,
Him,2025,Him-(2025),2000000.0,6486440.0,4334060.0,2431060.0,15251560.0,13251560.0,2.3513,2.043,1.5609,1,3168.0,2047.0
KPop Demon Hunters,2025,KPop-Demon-Hunters-(2025),,10100000.0,9100000.0,,,,,,,1,5941.0,10100000.0
Roofman,2025,Roofman-(2025),1000000.0,3239831.0,2827611.0,2041419.0,9108861.0,8108861.0,2.8115,2.5029,1.722,2,3362.0,964.0
M3GAN 2.0,2025,M3GAN-20-(2025),,,,,,,,,,,,
Ne Zha 2,2025,Ne-Zha-2-(2025),,,,,,,,,,,,
Springsteen: Deliver Me from Nowhere,2025,Springsteen-Deliver-Me-from-Nowhere-(2025),850000.0,3612407.0,3153214.0,2121634.0,9737255.0,8887255.0,2.6955,2.4602,1.6728,4,3460.0,1044.0
Nobody 2,2025,Nobody-2-(2025),1300000.0,3869645.0,3113695.0,2267850.0,10551190.0,9251190.0,2.7267,2.3907,1.7283,3,3260.0,1187.0
Black Bag,2025,Black-Bag-(2025),850000.0,2782565.0,2940735.0,1883950.0,8457250.0,7607250.0,3.0394,2.7339,1.6406,2,2705.0,1029.0
Death of a Unicorn,2025,Death-of-a-Unicorn-(2025),700000.0,2272250.0,2067750.0,1447425.0,6487425.0,5787425.0,2.8551,2.547,1.7,5,3050.0,745.0
The Woman in the Yard,2025,The-Woman-in-the-Yard-(2025),,,,,,,,,,,,
Together,2025,Together-(2025),1300000.0,2668751.0,1387751.0,2215170.0,7571672.0,6271672.0,2.8372,2.35,2.5962,3,2100.0,1271.0
Companion,2025,Companion-(2025),1100000.0,4050659.0,3199373.0,2050081.0,10400113.0,9300113.0,2.5675,2.296,1.6408,2,3285.0,1233.0
Wolf Man,2025,Wolf-Man-(2025),1400000.0,4397315.0,3693235.0,2806945.0,12297495.0,10897495.0,2.7966,2.4782,1.76,2,3354.0,1311.0
Until Dawn,2025,Until-Dawn-(2025),1000000.0,3255906.0,2943837.0,1803659.0,9003402.0,8003402.0,2.7653,2.4581,1.6127,5,3055.0,1066.0
The Chosen: Last Supper,2025,The-Chosen-Last-Supper-(2025),,,,,,,,,,,,
Last Breath,2025,Last-Breath-(2025),,,,,,,,,,,,
Novocaine,2025,Novocaine-(2025),1750000.0,3916495.0,2889782.0,2003159.0,10559436.0,8809436.0,2.6961,2.2493,1.6932,1,3365.0,1164.0
Bring Her Back,2025,Bring-Her-Back-(2025),850000.0,3143350.0,2263305.0,1674846.0,7931501.0,7081501.0,2.5233,2.2529,1.74,5,2449.0,1284.0
The Phoenician Scheme,2025,The-Phoenician-Scheme-(2025),,,,,,,,,,,,
Caught Stealing,2025,Caught-Stealing-(2025),1200000.0,3221978.0,2275294.0,2306653.0,9003925.0,7803925.0,2.7945,2.4221,2.0138,1,3578.0,900.0
Bugonia,2025,Bugonia-(2025),,323711.0,215472.0,170665.0,709848.0,709848.0,2.1928,2.1928,1.7921,-,17.0,19042.0
Babygirl,2025,Babygirl-(2025),,,,,,,,,,,,
Song Sung Blue,2025,Song-Sung-Blue-(2025),,4425455.0,2686395.0,2545445.0,9657295.0,9657295.0,2.1822,2.1822,1.9475,6,2578.0,1717.0
Drop,2025,Drop-(2025),730000.0,3334985.0,2545415.0,1516615.0,8127015.0,7397015.0,2.4369,2.218,1.5958,5,3085.0,1081.0
Hamilton,2025,Hamilton-(2025),,,,,,,,,,,,
Good Fortune,2025,Good-Fortune-(2025),725000.0,2441537.0,2209292.0,1512604.0,6888433.0,6163433.0,2.8214,2.5244,1.6847,3,2990.0,817.0
Jujutsu Kaisen: Execution,2025,Jujutsu-Kaisen-Execution-(2025),,,,,,,,,,,,
Friendship,2025,Friendship-(2025),,227367.0,124743.0,99794.0,451904.0,451904.0,1.9876,1.9876,1.8,10,6.0,37895.0
Eternity,2025,Eternity-(2025),,1450535.0,616272.0,1137712.0,3204519.0,3204519.0,2.2092,2.2092,2.8461,3,1348.0,1076.0
Love Hurts,2025,Love-Hurts-(2025),850000.0,2624540.0,2289050.0,886850.0,6650440.0,5800440.0,2.5339,2.2101,1.3874,3,3055.0,859.0
The Brutalist,2025,The-Brutalist-(2025),,,,,,,,,,,,
Nuremberg,2025,Nuremberg-(2025),210000.0,1460249.0,1437161.0,985884.0,4093294.0,3883294.0,2.8031,2.6593,1.686,5,1802.0,810.0
The Roses,2025,The-Roses-(2025),,,,,,,,,,,,
The Strangers: Chapter 2,2025,The-Strangers-Chapter-2-(2025),,,,,,,,,,,,
The Last Rodeo,2025,The-Last-Rodeo-(2025),,,,,,,,,,,,
Jaws,2025,Jaws-(2025),,,,,,,,,,,,
Sarah's Oil,2025,Sarahs-Oil-(2025),460000.0,1742593.0,1512371.0,1006482.0,4721446.0,4261446.0,2.7094,2.4455,1.6655,3,2410.0,723.0
The Chosen: Last Supper Part 2,2025,The-Chosen-Last-Supper-Part-2-(2025),,,,,,,,,,,,
The Chosen: Last Supper Part 3,2025,The-Chosen-Last-Supper-Part-3-(2025),,,,,,,,,,,,
The Smashing Machine,2025,The-Smashing-Machine-(2025),,,,,,,,,,,,
Becoming Led Zeppelin,2025,Becoming-Led-Zeppelin-(2025),,1293696.0,987597.0,297217.0,2578510.0,2578510.0,1.9931,1.9931,1.3009,4,369.0,3506.0
Eddington,2025,Eddington-(2025),625000.0,1883012.0,1355769.0,1165961.0,5029742.0,4404742.0,2.6711,2.3392,1.86,6,2111.0,892.0
Hamnet,2025,Hamnet-(2025),,,,,,,,,,,,
Rental Family,2025,Rental-Family-(2025),,1212569.0,1242649.0,880929.0,3336147.0,3336147.0,2.7513,2.7513,1.7089,5,1925.0,630.0
The Day the Earth Blew Up: A Looney Tunes Movie,2025,The-Day-the-Earth-Blew-Up-A-Looney-Tunes-Movie-(2025),,,,,,,,,,,,
Sketch,2025,Sketch-(2025),,1959084.0,532322.0,793718.0,3285124.0,3285124.0,1.6769,1.6769,2.491,3,2006.0,977.0
Soul on Fire,2025,Soul-on-Fire-(2025),575000.0,1260775.0,866404.0,699013.0,3401192.0,2826192.0,2.6977,2.2416,1.8068,4,1720.0,733.0
Back to the Future,2025,Back-to-the-Future-(2025),,,,,,,,,,,,
Gladiator II,2025,Gladiator-II-(2025),,,,,,,,,,,,
Presence,2025,Presence-(2025),385000.0,1388230.0,1235525.0,704249.0,3713004.0,3328004.0,2.6746,2.3973,1.57,4,1750.0,793.0
Clown in a Cornfield,2025,Clown-in-a-Cornfield-(2025),600000.0,1687881.0,1209789.0,751321.0,4248991.0,3648991.0,2.5174,2.1619,1.621,4,2277.0,741.0
Princess Mononoke,2025,Princess-Mononoke-(2025),,,,,,,,,,,,
Homestead,2025,Homestead-(2025),,,,,,,,,,,,
A Big Bold Beautiful Journey,2025,A-Big-Bold-Beautiful-Journey-(2025),,,,,,,,,,,,
The Life of Chuck,2025,The-Life-of-Chuck-(2025),,,,,,,,,,,,
Toy Story,2025,Toy-Story-(2025),,161000.0,233000.0,111000.0,505000.0,505000.0,3.1366,3.1366,1.4764,-,2102.0,77.0
Good Boy,2025,Good-Boy-(2025),,975250.0,787225.0,581219.0,2343694.0,2343694.0,2.4032,2.4032,1.7383,7,1650.0,591.0
The Last Supper,2025,The-Last-Supper-(2025),,,,,,,,,,,,
Anora,2025,Anora-(2025),,,,,,,,,,,,
The Unbreakable Boy,2025,The-Unbreakable-Boy-(2025),,,,,,,,,,,,
I'm Still Here,2025,Im-Still-Here-(2025),,,,,,,,,,,,
Pride & Prejudice,2025,Pride-and-Prejudice-(2025),,3224.0,6348.0,,,,,,,57,6.0,537.0
Truth & Treason,2025,Truth-and-Treason-(2025),,1156866.0,859560.0,611314.0,2627740.0,2627740.0,2.2714,2.2714,1.7112,4,2106.0,549.0
Honey Don't!,2025,Honey-Dont-(2025),525000.0,1447125.0,919315.0,659085.0,3550525.0,3025525.0,2.4535,2.0907,1.7169,4,1317.0,1099.0
Kill Bill: The Whole Bloody Affair,2025,Kill-Bill-The-Whole-Bloody-Affair-(2025),,1479680.0,1071845.0,878364.0,3429889.0,3429889.0,2.318,2.318,1.8195,5,1198.0,1235.0
The Alto Knights,2025,The-Alto-Knights-(2025),,,,,,,,,,,,
Dan Da Dan: Evil Eye,2025,Dan-Da-Dan-Evil-Eye-(2025),,,,,,,,,,,,
Die My Love,2025,Die-My-Love-(2025),,1050349.0,925182.0,639129.0,2614660.0,2614660.0,2.4893,2.4893,1.6908,7,1983.0,530.0
Hurry Up Tomorrow,2025,Hurry-Up-Tomorrow-(2025),1650000.0,2334959.0,575745.0,401988.0,4962692.0,3312692.0,2.1254,1.4187,1.6982,4,2020.0,1156.0
Light of the World,2025,Light-of-the-World-(2025),,705747.0,968854.0,726773.0,2401374.0,2401374.0,3.4026,3.4026,1.7501,7,2075.0,340.0
The Senior,2025,The-Senior-(2025),,,,,,,,,,,,
Sisu: Road to Revenge,2025,Sisu-Road-to-Revenge-(2025),575000.0,1148587.0,739594.0,520309.0,2983490.0,2408490.0,2.5975,2.0969,1.7035,6,2222.0,517.0
Brave the Dark,2025,Brave-the-Dark-(2025),200000.0,930479.0,899221.0,458435.0,2488135.0,2288135.0,2.674,2.4591,1.5098,6,2230.0,417.0
Shelby Oaks,2025,Shelby-Oaks-(2025),515000.0,1156890.0,694134.0,495894.0,2861918.0,2346918.0,2.4738,2.0286,1.7144,6,1823.0,635.0
The Last Showgirl,2025,The-Last-Showgirl-(2025),,,,,,,,,,,,
Stitch Head,2025,Stitch-Head-(2025),,,,,,,,,,,,
Keeper,2025,Keeper-(2025),275000.0,1124689.0,866011.0,536927.0,2802627.0,2527627.0,2.4919,2.2474,1.62,5,1950.0,577.0
Ella McCay,2025,Ella-McCay-(2025),,870614.0,710071.0,439856.0,2020541.0,2020541.0,2.3208,2.3208,1.6195,4,2500.0,348.0
Avatar: The Way of Water,2025,Avatar-The-Way-of-Water-(2025),,,,,,,,,,,,
Shadow Force,2025,Shadow-Force-(2025),200000.0,726503.0,737237.0,688114.0,2351854.0,2151854.0,3.2372,2.9619,1.9334,7,2170.0,335.0
Shin Godzilla,2025,Shin-Godzilla-(2025),,,,,,,,,,,,
The Friend,2025,The-Friend-(2025),,,,,,,,,,,,
Colorful Stage! The Movie: A Miku Who Can't Sing,2025,Colorful-Stage-The-Movie-A-Miku-Who-Cant-Sing-(2025),,,,,,,,,,,,
Sentimental Value,2025,Sentimental-Value-(2025),,,,,,,,,,,,
Fight or Flight,2025,Fight-or-Flight-(2025),550000.0,1000730.0,545417.0,455934.0,2552081.0,2002081.0,2.5502,2.0006,1.8359,6,2153.0,465.0
Chhaava,2025,Chhaava-(2025),,,,,,,,,,,,
Dhurandhar,2025,Dhurandhar-(2025),,,,,,,,,,,,
After the Hunt,2025,After-the-Hunt-(2025),,89350.0,38359.0,30970.0,158679.0,158679.0,1.7759,1.7759,1.8074,-,6.0,14892.0
Hell of a Summer,2025,Hell-of-a-Summer-(2025),215000.0,728726.0,618271.0,418817.0,1980814.0,1765814.0,2.7182,2.4232,1.6774,7,1255.0,581.0
The Penguin Lessons,2025,The-Penguin-Lessons-(2025),,,,,,,,,,,,
2025 Oscar Nominated Short Films: Live Action,2025,2025-Oscar-Nominated-Short-Films-Live-Action-(2025),,,,,,,,,,,,
Relay,2025,Relay-(2025),,1017510.0,506148.0,393029.0,1916687.0,1916687.0,1.8837,1.8837,1.7765,7,1483.0,686.0
Jujutsu Kaisen: Hidden Inventory / Premature Death - The Movie,2025,Jujutsu-Kaisen-Hidden-Inventory-/-Premature-Death-The-Movie-(2025),,,,,,,,,,,,
Kraven the Hunter,2025,Kraven-the-Hunter-(2025),,,,,,,,,,,,
War 2,2025,War-2-(2025),,,,,,,,,,,,
The Fire Inside,2025,The-Fire-Inside-(2025),,,,,,,,,,,,
How the Grinch Stole Christmas,2025,How-the-Grinch-Stole-Christmas-(2025),,,,,,,,,,,,
Rule Breakers,2025,Rule-Breakers-(2025),,605044.0,543053.0,355729.0,1503826.0,1503826.0,2.4855,2.4855,1.6551,7,2044.0,296.0
Attack on Titan: The Last Attack,2025,Attack-on-Titan-The-Last-Attack-(2025),,,,,,,,,,,,
The Toxic Avenger,2025,The-Toxic-Avenger-(2025),,,,,,,,,,,,
Dangerous Animals,2025,Dangerous-Animals-(2025),,,,,,,,,,,,
Nickel Boys,2025,Nickel-Boys-(2025),,,,,,,,,,,,
Pink Floyd: Live at Pompeii,2025,Pink-Floyd-Live-at-Pompeii-(2025),,,,,,,,,,,,
Eleanor the Great,2025,Eleanor-the-Great-(2025),,430013.0,265564.0,199110.0,894687.0,894687.0,2.0806,2.0806,1.7498,-,892.0,482.0
Spinal Tap II: The End Continues,2025,Spinal-Tap-II-The-End-Continues-(2025),,830310.0,466389.0,315696.0,1612395.0,1612395.0,1.9419,1.9419,1.6769,7,1920.0,432.0
Flow,2025,Flow-(2025),,,,,,,,,,,,
Merrily We Roll Along,2025,Merrily-We-Roll-Along-(2025),,495593.0,390972.0,422382.0,1308947.0,1308947.0,2.6412,2.6412,2.0803,-,1084.0,457.0
No Other Land,2025,No-Other-Land-(2025),,,,,,,,,,,,
The Legend of Ochi,2025,The-Legend-of-Ochi-(2025),,,,,,,,,,,,
"Sorry, Baby",2025,Sorry-Baby-(2025),,28768.0,32069.0,25655.0,86492.0,86492.0,3.0065,3.0065,1.8,-,4.0,7192.0
Coolie,2025,Coolie-(2025),,,,,,,,,,,,
September 5,2025,September-5-(2025),,,,,,,,,,,,
The Room Next Door,2025,The-Room-Next-Door-(2025),,,,,,,,,,,,
"Oh, Hi!",2025,Oh-Hi-(2025),,736647.0,217567.0,197358.0,1151572.0,1151572.0,1.5633,1.5633,1.9071,8,866.0,851.0
Detective Chinatown 1900,2025,Detective-Chinatown-1900-(2025),,,,,,,,,,,,
Dogma,2025,Dogma-(2025),,,,,,,,,,,,
Spider-Man/Spider-Man 2/Spider-Man 3,2025,Spider-Man/Spider-Man-2/Spider-Man-3-(2025),,,,,,,,,,,,
The Wedding Banquet,2025,The-Wedding-Banquet-(2025),,,,,,,,,,,,
Sight & Sound Presents: NOAH Live,2025,Sight-and-Sound-Presents-NOAH-Live-(2025),,216369.0,296418.0,574589.0,1087376.0,1087376.0,5.0256,5.0256,2.9384,5,232.0,216369.0
Blue Moon,2025,Blue-Moon-(2025),,22690.0,22370.0,20533.0,65593.0,65593.0,2.8908,2.8908,1.9179,-,5.0,4538.0
Opus,2025,Opus-(2025),,433944.0,331045.0,268128.0,1033117.0,1033117.0,2.3808,2.3808,1.8099,11,1764.0,246.0
Christy,2025,Christy-(2025),400000.0,702585.0,360490.0,247813.0,1710888.0,1310888.0,2.4351,1.8658,1.6874,9,2011.0,349.0
Game Changer,2025,Game-Changer-(2025),,,,,,,,,,,,
Splitsville,2025,Splitsville-(2025),,54571.0,28334.0,25410.0,108315.0,108315.0,1.9848,1.9848,1.8968,-,5.0,10914.0
In the Lost Lands,2025,In-the-Lost-Lands-(2025),,390946.0,396108.0,284965.0,1072019.0,1072019.0,2.7421,2.7421,1.7194,9,1370.0,285.0
Better Man,2025,Better-Man-(2025),,,,,,,,,,,,
Pets on a Train,2025,Pets-on-a-Train-(2025),,,,,,,,,,,,
Jane Austen Wrecked My Life,2025,Jane-Austen-Wrecked-My-Life-(2025),,,,,,,,,,,,
Riff Raff,2025,Riff-Raff-(2025),,313376.0,368780.0,228897.0,911053.0,911053.0,2.9072,2.9072,1.6207,12,1004.0,312.0
Night of the Zoopocalypse,2025,Night-of-the-Zoopocalypse-(2025),,,,,,,,,,,,
Creation of the Gods II: Demon Force,2025,Creation-of-the-Gods-II-Demon-Force-(2025),,,,,,,,,,,,
Casper,2025,Casper-(2025),,,,,,,,,,,,
Kuberaa,2025,Kuberaa-(2025),,,,,,,,,,,,
The Super Mario Galaxy Movie,2026,The-Super-Mario-Galaxy-Movie-(2026),,,,,,,,,,,,
Michael,2026,Michael-(2026),12600000.0,39290344.0,32463413.0,25453117.0,109806874.0,97206874.0,2.7948,2.4741,1.7841,1,3955.0,9934.0
Project Hail Mary,2026,Project-Hail-Mary-(2026),12000000.0,33118027.0,26970821.0,20417159.0,92506007.0,80506007.0,2.7932,2.4309,1.757,1,4007.0,8265.0
Hoppers,2026,Hoppers-(2026),,13540056.0,18864597.0,12945148.0,45349801.0,45349801.0,3.3493,3.3493,1.6862,1,4000.0,3385.0
The Devil Wears Prada 2,2026,The-Devil-Wears-Prada-2-(2026),,,,,,,,,,,,
Star Wars: The Mandalorian and Grogu,2026,Star-Wars-The-Mandalorian-and-Grogu-(2026),12000000.0,33790325.0,25853998.0,22026110.0,93670433.0,81670433.0,2.7721,2.417,1.8519,1,4300.0,7858.0
Scream 7,2026,Scream-7-(2026),7800000.0,29351762.0,21655431.0,12607979.0,71415172.0,63615172.0,2.4331,2.1673,1.5822,1,3540.0,8291.0
Avatar: Fire and Ash,2026,Avatar-Fire-and-Ash-(2026),,,,,,,,,,,,
Obsession,2026,Obsession-(2026),2600000.0,6977085.0,5416910.0,4802860.0,19796855.0,17196855.0,2.8374,2.4648,1.8866,2,2615.0,2668.0
GOAT,2026,GOAT-(2026),1000000.0,7087705.0,11810649.0,8303784.0,28202138.0,27202138.0,3.979,3.8379,1.7031,2,3863.0,1835.0
Backrooms,2026,Backrooms-(2026),10400000.0,38412634.0,24737736.0,18252054.0,91802424.0,81402424.0,2.3899,2.1192,1.7378,1,11160.0,38412634.0
Wuthering Heights,2026,Wuthering-Heights-(2026),3000000.0,10800619.0,14000897.0,8000131.0,35801647.0,32801647.0,3.3148,3.037,1.5714,1,3682.0,2933.0
Mortal Kombat II,2026,Mortal-Kombat-II-(2026),5200000.0,16801022.0,13298057.0,8402098.0,43701177.0,38501177.0,2.6011,2.2916,1.6318,1,3503.0,4796.0
Zootopia 2,2026,Zootopia-2-(2026),,,,,,,,,,,,
Send Help,2026,Send-Help-(2026),2200000.0,7273015.0,7111352.0,4717932.0,21302299.0,19102299.0,2.929,2.6265,1.6634,2,3475.0,2093.0
The Housemaid,2026,The-Housemaid-(2026),,,,,,,,,,,,
Reminders of Him,2026,Reminders-of-Him-(2026),1900000.0,8108715.0,5960260.0,3910965.0,19879940.0,17979940.0,2.4517,2.2174,1.6562,1,3402.0,2384.0
Marty Supreme,2026,Marty-Supreme-(2026),,,,,,,,,,,,
The Sheep Detectives,2026,The-Sheep-Detectives-(2026),,,,,,,,,,,,
Crime 101,2026,Crime-101-(2026),1010000.0,3901026.0,6809561.0,3541247.0,15261834.0,14251834.0,3.9123,3.6534,1.52,3,3161.0,1234.0
The Drama,2026,The-Drama-(2026),,,,,,,,,,,,
Lee Cronin's The Mummy,2026,Lee-Cronins-The-Mummy-(2026),1500000.0,5240987.0,4935612.0,3340573.0,15017172.0,13517172.0,2.8653,2.5791,1.6768,2,3304.0,1586.0
Anaconda,2026,Anaconda-(2026),,,,,,,,,,,,
Iron Lung,2026,Iron-Lung-(2026),3500000.0,8934482.0,5439288.0,3817016.0,21690786.0,18190786.0,2.4278,2.036,1.7017,1,3015.0,2963.0
Dhurandhar: The Revenge,2026,Dhurandhar-The-Revenge-(2026),,,,,,,,,,,,
Solo Mio,2026,Solo-Mio-(2026),744000.0,3229877.0,2701679.0,1069613.0,7745169.0,7001169.0,2.398,2.1676,1.3959,1,3052.0,1058.0
Primate,2026,Primate-(2026),1400000.0,4567365.0,4126955.0,2461588.0,12555908.0,11155908.0,2.749,2.4425,1.5965,2,2964.0,1541.0
28 Years Later: The Bone Temple,2026,28-Years-Later-The-Bone-Temple-(2026),2100000.0,5596864.0,3913350.0,3011113.0,14621327.0,12521327.0,2.6124,2.2372,1.7694,1,3506.0,1596.0
Mercy,2026,Mercy-(2026),1500000.0,5005376.0,3987768.0,1816034.0,12309178.0,10809178.0,2.4592,2.1595,1.4554,1,3468.0,1443.0
Ready or Not 2: Here I Come,2026,Ready-or-Not-2-Here-I-Come-(2026),1200000.0,3844380.0,3154991.0,2075900.0,10275271.0,9075271.0,2.6728,2.3607,1.658,3,3010.0,1277.0
The SpongeBob Movie: Search for SquarePants,2026,The-SpongeBob-Movie-Search-for-SquarePants-(2026),,,,,,,,,,,,
Song Sung Blue,2026,Song-Sung-Blue-(2026),,,,,,,,,,,,
"You, Me & Tuscany",2026,You-Me-and-Tuscany-(2026),750000.0,3157140.0,2837785.0,1758225.0,8503150.0,7753150.0,2.6933,2.4558,1.6196,3,3151.0,1002.0
David,2026,David-(2026),,,,,,,,,,,,
I Can Only Imagine 2,2026,I-Can-Only-Imagine-2-(2026),1800000.0,3753587.0,2411873.0,1585123.0,9550583.0,7750583.0,2.5444,2.0648,1.6572,3,3105.0,1209.0
Undertone,2026,Undertone-(2026),,,,,,,,,,,,
Greenland 2: Migration,2026,Greenland-2-Migration-(2026),900000.0,3269100.0,3206703.0,1925345.0,9301148.0,8401148.0,2.8452,2.5699,1.6004,4,2710.0,1206.0
Hokum,2026,Hokum-(2026),900000.0,2620162.0,2253339.0,1554804.0,7328305.0,6428305.0,2.7969,2.4534,1.69,4,1885.0,1390.0
Passenger,2026,Passenger-(2026),1100000.0,3522058.0,2761776.0,2462963.0,9846797.0,8746797.0,2.7958,2.4834,1.8918,4,2534.0,1390.0
Melania,2026,Melania-(2026),,2861818.0,2303524.0,1996263.0,7161605.0,7161605.0,2.5025,2.5025,1.8666,3,1778.0,1610.0
EPiC: Elvis Presley in Concert,2026,EPiC-Elvis-Presley-in-Concert-(2026),,1422760.0,1067070.0,725608.0,3215438.0,3215438.0,2.26,2.26,1.68,6,325.0,4378.0
Shelter,2026,Shelter-(2026),385000.0,1901152.0,2186953.0,1442923.0,5916028.0,5531028.0,3.1118,2.9093,1.6598,4,2726.0,697.0
Hamnet,2026,Hamnet-(2026),,,,,,,,,,,,
They Will Kill You,2026,They-Will-Kill-You-(2026),1000000.0,2260527.0,1610219.0,1100192.0,5970938.0,4970938.0,2.6414,2.199,1.6833,3,2778.0,814.0
Dracula,2026,Dracula-(2026),,,,,,,,,,,,
The Bride!,2026,The-Bride-(2026),,,,,,,,,,,,
"Good Luck, Have Fun, Don't Die",2026,Good-Luck-Have-Fun-Dont-Die-(2026),450000.0,1426952.0,1365555.0,851768.0,4094275.0,3644275.0,2.8692,2.5539,1.6238,5,1610.0,886.0
Billie Eilish: Hit Me Hard and Soft,2026,Billie-Eilish-Hit-Me-Hard-and-Soft-(2026),,,,,,,,,,,,
The Breadwinner,2026,The-Breadwinner-(2026),,,,,,,,,,,,
No Other Choice,2026,No-Other-Choice-(2026),,,,,,,,,,,,
The Strangers: Chapter 3,2026,The-Strangers-Chapter-3-(2026),,,,,,,,,,,,
I Love Boosters,2026,I-Love-Boosters-(2026),430000.0,1500669.0,1170522.0,1111996.0,4213187.0,3783187.0,2.8075,2.521,1.95,7,1750.0,858.0
How to Make a Killing,2026,How-to-Make-a-Killing-(2026),,1674311.0,1133742.0,680245.0,3488298.0,3488298.0,2.0834,2.0834,1.6,4,1625.0,1030.0
A Great Awakening,2026,A-Great-Awakening-(2026),,,,,,,,,,,,
Wicked: For Good,2026,Wicked-For-Good-(2026),,,,,,,,,,,,
Stray Kids: The Dominate Experience,2026,Stray-Kids-The-Dominate-Experience-(2026),,,,,,,,,,,,
Pressure,2026,Pressure-(2026),,,,,,,,,,,,
In the Grey,2026,In-the-Grey-(2026),,1171749.0,1033787.0,721343.0,2926879.0,2926879.0,2.4979,2.4979,1.6978,6,2018.0,581.0
The Lord of the Rings: The Fellowship of the Ring,2026,The-Lord-of-the-Rings-The-Fellowship-of-the-Ring-(2026),,,,,,,,,,,,
Five Nights at Freddy's 2,2026,Five-Nights-at-Freddys-2-(2026),,,,,,,,,,,,
Top Gun/Top Gun: Maverick,2026,Top-Gun/Top-Gun-Maverick-(2026),,,,,,,,,,,,
Animal Farm,2026,Animal-Farm-(2026),,1145988.0,1304466.0,850909.0,3301363.0,3301363.0,2.8808,2.8808,1.6523,6,2600.0,441.0
Normal,2026,Normal-(2026),,,,,,,,,,,,
Return to Silent Hill,2026,Return-to-Silent-Hill-(2026),,,,,,,,,,,,
Is God Is,2026,Is-God-Is-(2026),,849635.0,808981.0,556537.0,2215153.0,2215153.0,2.6072,2.6072,1.6879,10,1510.0,563.0
Is This Thing On?,2026,Is-This-Thing-On-(2026),,,,,,,,,,,,
Deep Water,2026,Deep-Water-(2026),,,,,,,,,,,,
Twenty One Pilots: More Than We Ever Imagined,2026,Twenty-One-Pilots-More-Than-We-Ever-Imagined-(2026),,,,,,,,,,,,
The Lord of the Rings: The Two Towers,2026,The-Lord-of-the-Rings-The-Two-Towers-(2026),,,,,,,,,,,,
Nirvanna: The Band - The Show - The Movie,2026,Nirvanna-The-Band-The-Show-The-Movie-(2026),,,,,,,,,,,,
The Lord of the Rings: The Return of the King,2026,The-Lord-of-the-Rings-The-Return-of-the-King-(2026),,,,,,,,,,,,
The Moment,2026,The-Moment-(2026),,,,,,,,,,,,
Pillion,2026,Pillion-(2026),,,,,,,,,,,,
2026 Oscar Nominated Short Films,2026,2026-Oscar-Nominated-Short-Films-(2026),,,,,,,,,,,,
Exit 8,2026,Exit-8-(2026),,,,,,,,,,,,
We Bury the Dead,2026,We-Bury-the-Dead-(2026),,,,,,,,,,,,
Clika,2026,Clika-(2026),,565934.0,394476.0,300523.0,1260933.0,1260933.0,2.2281,2.2281,1.7618,10,522.0,1084.0
Bendito Corazon,2026,Bendito-Corazon-(2026),,,,,,,,,,,,
The Pout-Pout Fish,2026,The-Pout-Pout-Fish-(2026),,,,,,,,,,,,
Kiki's Delivery Service,2026,Kikis-Delivery-Service-(2026),,,,,,,,,,,,
The Secret Agent,2026,The-Secret-Agent-(2026),,,,,,,,,,,,
Faces of Death,2026,Faces-of-Death-(2026),,884318.0,475927.0,287472.0,1647717.0,1647717.0,1.8633,1.8633,1.604,6,1600.0,553.0
Psycho Killer,2026,Psycho-Killer-(2026),250000.0,728622.0,567228.0,317585.0,1863435.0,1613435.0,2.5575,2.2144,1.5599,8,1100.0,662.0
Mother Mary,2026,Mother-Mary-(2026),,70737.0,55615.0,41711.0,168063.0,168063.0,2.3759,2.3759,1.75,-,5.0,14147.0
Forbidden Fruits,2026,Forbidden-Fruits-(2026),,563644.0,343700.0,264517.0,1171861.0,1171861.0,2.0791,2.0791,1.7696,8,1525.0,370.0
Dead Man's Wire,2026,Dead-Mans-Wire-(2026),,,,,,,,,,,,
Demon Slayer: Kimetsu No Yaiba Infinity Castle,2026,Demon-Slayer-Kimetsu-No-Yaiba-Infinity-Castle-(2026),,,,,,,,,,,,
BTS WORLD TOUR 'ARIRANG' in GOYANG: LIVE VIEWING,2026,BTS-WORLD-TOUR-ARIRANG-in-GOYANG-LIVE-VIEWING-(2026),,,,,,,,,,,,
The Testament of Ann Lee,2026,The-Testament-of-Ann-Lee-(2026),,,,,,,,,,,,
Busboys,2026,Busboys-(2026),,,,,,,,,,,,
Tuner,2026,Tuner-(2026),,49996.0,28713.0,25711.0,104420.0,104420.0,2.0886,2.0886,1.8954,-,4.0,12499.0
Over Your Dead Body,2026,Over-Your-Dead-Body-(2026),,703883.0,424073.0,265400.0,1393356.0,1393356.0,1.9795,1.9795,1.6258,6,1550.0,454.0
2026 Oscar Nominated Short Films: Animation,2026,2026-Oscar-Nominated-Short-Films-Animation-(2026),,,,,,,,,,,,
I Was a Stranger,2026,I-Was-a-Stranger-(2026),,,,,,,,,,,,
Charlie the Wonderdog,2026,Charlie-the-Wonderdog-(2026),,,,,,,,,,,,
The Story of Everything,2026,The-Story-of-Everything-(2026),,,,,,,,,,,,
The Christophers,2026,The-Christophers-(2026),,,,,,,,,,,,
BTS WORLD TOUR 'ARIRANG' in JAPAN: LIVE VIEWING,2026,BTS-WORLD-TOUR-ARIRANG-in-JAPAN-LIVE-VIEWING-(2026),,,,,,,,,,,,
Shrek,2026,Shrek-(2026),,,,,,,,,,,,
Sirat,2026,Sirat-(2026),,,,,,,,,,,,
Blades of the Guardians,2026,Blades-of-the-Guardians-(2026),,,,,,,,,,,,
Dhurandhar,2026,Dhurandhar-(2026),,,,,,,,,,,,
Cold Storage,2026,Cold-Storage-(2026),,288880.0,424545.0,222745.0,936170.0,936170.0,3.2407,3.2407,1.5247,13,278.0,288880.0
Fuze,2026,Fuze-(2026),,,,,,,,,,,,
Bhooth Bangla,2026,Bhooth-Bangla-(2026),,,,,,,,,,,,
Sentimental Value,2026,Sentimental-Value-(2026),,,,,,,,,,,,
That Time I Got Reincarnated as a Slime the Movie: Tears of the Azure Sea,2026,That-Time-I-Got-Reincarnated-as-a-Slime-the-Movie-Tears-of-the-Azure-Sea-(2026),,,,,,,,,,,,
Teenage Mutant Ninja Turtles II: The Secret of the Ooze,2026,Teenage-Mutant-Ninja-Turtles-II-The-Secret-of-the-Ooze-(2026),,417000.0,623000.0,436000.0,1476000.0,1476000.0,3.5396,3.5396,1.6998,9,1372.0,304.0
Beast,2026,Beast-(2026),,,,,,,,,,,,
Protector,2026,Protector-(2026),,251319.0,290490.0,202215.0,744024.0,744024.0,2.9605,2.9605,1.6961,11,250.0,251319.0
A Private Life,2026,A-Private-Life-(2026),,,,,,,,,,,,
One Battle After Another,2026,One-Battle-After-Another-(2026),,,,,,,,,,,,
Rabb Da Radio 3,2026,Rabb-Da-Radio-3-(2026),,,,,,,,,,,,
Uma Musume: Pretty Derby - Beginning of a New Era,2026,Uma-Musume-Pretty-Derby-Beginning-of-a-New-Era-(2026),,,,,,,,,,,,
American Youngboy,2026,American-Youngboy-(2026),,,,,,,,,,,,
The AI Doc: Or How I Became an Apocaloptimist,2026,The-AI-Doc-Or-How-I-Became-an-Apocaloptimist-(2026),,,,,,,,,,,,
Back to the Past,2026,Back-to-the-Past-(2026),,,,,,,,,,,,
Whistle,2026,Whistle-(2026),,,,,,,,,,,,
Drishyam 3,2026,Drishyam-3-(2026),,,,,,,,,,,,
Mobile Suit Gundam Hathaway: The Sorcery of Nymph Circe,2026,Mobile-Suit-Gundam-Hathaway-The-Sorcery-of-Nymph-Circe-(2026),,,,,,,,,,,,
Time Hoppers: The Silk Road,2026,Time-Hoppers-The-Silk-Road-(2026),,,,,,,,,,,,
Karuppu,2026,Karuppu-(2026),,,,,,,,,,,,
Pegasus 3,2026,Pegasus-3-(2026),,,,,,,,,,,,
I Swear,2026,I-Swear-(2026),,,,,,,,,,,,
Kokuho,2026,Kokuho-(2026),,,,,,,,,,,,
Midwinter Break,2026,Midwinter-Break-(2026),,,,,,,,,,,,
The Choral,2026,The-Choral-(2026),,,,,,,,,,,,
Fight Club,2026,Fight-Club-(2026),,,,,,,,,,,,
Slanted,2026,Slanted-(2026),,412974.0,124011.0,88682.0,625667.0,625667.0,1.515,1.515,1.7151,10,588.0,702.0
Arco,2026,Arco-(2026),,,,,,,,,,,,
Father Mother Sister Brother,2026,Father-Mother-Sister-Brother-(2026),,,,,,,,,,,,
The Voice of Hind Rajab,2026,The-Voice-of-Hind-Rajab-(2026),,,,,,,,,,,,
The Mummy Returns,2026,The-Mummy-Returns-(2026),,,,,,,,,,,,
Attack on Titan: The Last Attack,2026,Attack-on-Titan-The-Last-Attack-(2026),,,,,,,,,,,,
Dolly,2026,Dolly-(2026),,236138.0,144574.0,93197.0,473909.0,473909.0,2.0069,2.0069,1.6446,12,810.0,292.0
One Spoon of Chocolate,2026,One-Spoon-of-Chocolate-(2026),,,,,,,,,,,,
Desert Warrior,2026,Desert-Warrior-(2026),,,,,,,,,,,,
Madagascar,2026,Madagascar-(2026),,13947637.0,17858596.0,15418361.0,47224594.0,47224594.0,3.3858,3.3858,1.8634,3,4131.0,3376.0
Stand by Me,2026,Stand-by-Me-(2026),,,,,,,,,,,,
Enhypen: Walk the Line Summer Edition - In Cinemas,2026,Enhypen-Walk-the-Line-Summer-Edition-In-Cinemas-(2026),,,,,,,,,,,,
All You Need Is Kill,2026,All-You-Need-Is-Kill-(2026),,,,,,,,,,,,
MET Opera: Eugene Onegin,2026,MET-Opera-Eugene-Onegin-(2026),,,,,,,,,,,,
Mile End Kicks,2026,Mile-End-Kicks-(2026),,,,,,,,,,,,
Bunny!!,2026,Bunny-(2026),,,,,,,,,,,,
Revolutionary America,2026,Revolutionary-America-(2026),,438385.0,205756.0,,,,,,,12,575.0,438385.0
Standout: The Ben Kjar Story,2026,Standout-The-Ben-Kjar-Story-(2026),,74959.0,63891.0,12125.0,150975.0,150975.0,2.0141,2.0141,1.1898,-,92.0,815.0
The Wizard of the Kremlin,2026,The-Wizard-of-the-Kremlin-(2026),,,,,,,,,,,,
Fantasy Life,2026,Fantasy-Life-(2026),,,,,,,,,,,,
"Steal This Story, Please!",2026,Steal-This-Story-Please-(2026),,,,,,,,,,,,
The Plague,2026,The-Plague-(2026),,,,,,,,,,,,
Palestine 36,2026,Palestine-36-(2026),,,,,,,,,,,,
Hunting Matthew Nichols,2026,Hunting-Matthew-Nichols-(2026),,,,,,,,,,,,
Dacoit: A Love Story,2026,Dacoit-A-Love-Story-(2026),,,,,,,,,,,,
Blue Heron,2026,Blue-Heron-(2026),,,,,,,,,,,,
Eternity,2026,Eternity-(2026),,,,,,,,,,,,
All That's Left of You,2026,All-Thats-Left-of-You-(2026),,,,,,,,,,,,
Youngblood,2026,Youngblood-(2026),,,,,,,,,,,,
Lorne,2026,Lorne-(2026),,105395.0,104930.0,60295.0,270620.0,270620.0,2.5677,2.5677,1.5746,-,414.0,255.0
The Mortuary Assistant,2026,The-Mortuary-Assistant-(2026),,,,,,,,,,,,
Resurrection,2026,Resurrection-(2026),,,,,,,,,,,,
Bonolota Express,2026,Bonolota-Express-(2026),,,,,,,,,,,,
The Revenant,2026,The-Revenant-(2026),,,,,,,,,,,,
Patriot,2026,Patriot-(2026),,,,,,,,,,,,
The Trouble with Terkel,2026,The-Trouble-with-Terkel-(2026),,,,,,,,,,,,
The Silence of the Lambs,2026,The-Silence-of-the-Lambs-(2026),,,,,,,,,,,,
Hard Boiled,2026,Hard-Boiled-(2026),,,,,,,,,,,,
Night Patrol,2026,Night-Patrol-(2026),,118665.0,75444.0,55525.0,249634.0,249634.0,2.1037,2.1037,1.736,-,800.0,148.0
BTS: Yet to Come in Cinemas,2026,BTS-Yet-to-Come-in-Cinemas-(2026),,,,,,,,,,,,
H Is for Hawk,2026,H-Is-for-Hawk-(2026),,,,,,,,,,,,
The Stranger,2026,The-Stranger-(2026),,,,,,,,,,,,
Silent Friend,2026,Silent-Friend-(2026),,,,,,,,,,,,
Aadu 3,2026,Aadu-3-(2026),,,,,,,,,,,,
Bershama,2026,Bershama-(2026),,,,,,,,,,,,
Marc by Sofia,2026,Marc-by-Sofia-(2026),,18578.0,16026.0,13057.0,47661.0,47661.0,2.5655,2.5655,1.8147,-,2.0,9289.0
Vaazha II: Biopic of a Billion Bros,2026,Vaazha-II-Biopic-of-a-Billion-Bros-(2026),,,,,,,,,,,,
The Killer,2026,The-Killer-(2026),,,,,,,,,,,,
Tow,2026,Tow-(2026),,45569.0,47026.0,34966.0,127561.0,127561.0,2.7993,2.7993,1.7435,-,180.0,253.0
Hamlet,2026,Hamlet-(2026),,,,,,,,,,,,
A Poet,2026,A-Poet-(2026),,,,,,,,,,,,
The Chronology of Water,2026,The-Chronology-of-Water-(2026),,,,,,,,,,,,
The Secret World of Arrietty,2026,The-Secret-World-of-Arrietty-(2026),,,,,,,,,,,,
The President's Cake,2026,The-Presidents-Cake-(2026),,,,,,,,,,,,
Mr. Nobody Against Putin,2026,Mr-Nobody-Against-Putin-(2026),,,,,,,,,,,,
Erupcja,2026,Erupcja-(2026),,12380.0,6525.0,6745.0,25650.0,25650.0,2.0719,2.0719,2.0337,-,2.0,6190.0
Cold War 1994,2026,Cold-War-1994-(2026),,,,,,,,,,,,
Raakaasa,2026,Raakaasa-(2026),,,,,,,,,,,,
"Our Hero, Balthazar",2026,Our-Hero-Balthazar-(2026),,,,,,,,,,,,
A Better Tomorrow,2026,A-Better-Tomorrow-(2026),,,,,,,,,,,,
Nuremberg,2026,Nuremberg-(2026),,,,,,,,,,,,
Magellan,2026,Magellan-(2026),,,,,,,,,,,,
Shera,2026,Shera-(2026),,,,,,,,,,,,
Miroirs No. 3,2026,Miroirs-No-3-(2026),,,,,,,,,,,,
Buffalo Kids,2026,Buffalo-Kids-(2026),,,,,,,,,,,,
