date,rank,title,gross,theaters,total_gross_to_date,days_in_release,is_opening_day
2020-01-01,1,Star Wars: The Rise of Skywalker,17076472.0,4406.0,407782706.0,13,0
2020-01-01,2,Jumanji: The Next Level,10909345.0,4227.0,203003881.0,20,0
2020-01-01,3,Little Women,5242720.0,3308.0,42835847.0,8,0
2020-01-01,4,Frozen II,5029104.0,3265.0,435173786.0,41,0
2020-01-01,5,Spies in Disguise,4397815.0,3502.0,33721503.0,8,0
2020-01-01,6,Knives Out,3490264.0,2022.0,119201843.0,36,0
2020-01-01,7,Uncut Gems,3111105.0,2348.0,27344929.0,20,0
2020-01-01,8,Bombshell,1532318.0,1480.0,19650203.0,20,0
2020-01-01,9,Cats,1276515.0,3380.0,21246610.0,13,0
2020-01-01,10,Richard Jewell,1121816.0,2502.0,18944033.0,20,0
2020-01-01,11,Ford v. Ferrari,678898.0,793.0,107875342.0,48,0
2020-01-01,12,A Beautiful Day in the Neighborhood,565638.0,1014.0,57272631.0,41,0
2020-01-01,13,Queen & Slim,507450.0,699.0,41226395.0,36,0
2020-01-01,-,Parasite,232471.0,170.0,22866156.0,83,0
2020-01-01,-,Black Christmas,218475.0,1514.0,10086145.0,20,0
2020-01-01,-,1917,217029.0,11.0,1543207.0,8,0
2020-01-01,-,Jojo Rabbit,106689.0,208.0,21166415.0,76,0
2020-01-01,-,A Hidden Life,87256.0,118.0,964806.0,20,0
2020-01-01,-,21 Bridges,85026.0,229.0,27832295.0,41,0
2020-01-01,-,Dark Waters,72250.0,140.0,10706129.0,41,0
2020-01-01,-,Playing with Fire,63478.0,188.0,44214865.0,55,0
2020-01-01,-,Maleficent: Mistress of Evil,59640.0,155.0,113354377.0,76,0
2020-01-01,-,Midway,58532.0,142.0,56337696.0,55,0
2020-01-01,-,Harriet,48190.0,112.0,42595890.0,62,0
2020-01-01,-,Joker,46954.0,120.0,333819465.0,90,0
2020-01-01,-,Just Mercy,38600.0,4.0,306481.0,8,0
2020-01-01,-,The Good Liar,26778.0,93.0,17000057.0,48,0
2020-01-01,-,Zombieland: Double Tap,23064.0,90.0,72953220.0,76,0
2020-01-01,-,Abominable,22055.0,119.0,60701320.0,97,0
2020-01-01,-,Last Christmas,22050.0,154.0,35138500.0,55,0
2020-01-01,-,Honey Boy,10209.0,34.0,2950201.0,55,0
2020-01-01,-,The Lighthouse,9628.0,21.0,10782152.0,76,0
2020-01-01,-,Charlie’s Angels,8838.0,67.0,17765238.0,48,0
2020-01-01,-,Doctor Sleep,8496.0,63.0,31551593.0,55,0
2020-01-01,-,Countdown,6624.0,27.0,25600993.0,69,0
2020-01-01,-,Waves,6562.0,20.0,1603108.0,48,0
2020-01-01,-,Once Upon a Time…in Hollywood,4801.0,12.0,141081769.0,160,0
2020-01-01,-,No Safe Spaces,4270.0,14.0,1163629.0,69,0
2020-01-01,-,Clemency,3736.0,2.0,44392.0,6,0
2020-01-01,-,Judy,2605.0,22.0,24021124.0,97,0
2020-01-01,-,Invisible Life,2248.0,2.0,26467.0,13,0
2020-01-01,-,En Brazos de un Asesino,2006.0,18.0,424337.0,27,0
2020-01-01,-,PLAYMOBIL,1420.0,25.0,1105903.0,27,0
2020-01-01,-,The Kingmaker,992.0,6.0,110940.0,55,0
2020-01-01,-,Hustlers,708.0,3.0,104961351.0,111,0
2020-01-01,-,Linda Ronstadt: The Sound of My Voice,535.0,3.0,4241044.0,118,0
2020-01-01,-,Midnight Family,398.0,2.0,15935.0,27,0
2020-01-03,1,Star Wars: The Rise of Skywalker,11038440.0,4406.0,428095881.0,15,0
2020-01-03,2,Jumanji: The Next Level,8690304.0,4134.0,218396709.0,22,0
2020-01-03,3,The Grudge,5355614.0,2642.0,5355614.0,1,1
2020-01-03,4,Little Women,4411633.0,3308.0,50859965.0,10,0
2020-01-03,5,Frozen II,3965830.0,3175.0,442551194.0,43,0
2020-01-03,6,Spies in Disguise,3598078.0,3502.0,40244039.0,10,0
2020-01-03,7,Knives Out,2930013.0,2142.0,124133047.0,38,0
2020-01-03,8,Uncut Gems,2524840.0,2686.0,31511019.0,22,0
2020-01-03,9,Bombshell,1341019.0,1721.0,21846935.0,22,0
2020-01-03,10,Cats,859575.0,2902.0,22950510.0,15,0
2020-01-03,11,Ford v. Ferrari,562844.0,730.0,108832684.0,50,0
2020-01-03,12,Richard Jewell,556235.0,1870.0,19994551.0,22,0
2020-01-03,13,A Beautiful Day in the Neighborhood,385026.0,856.0,57963691.0,43,0
2020-01-03,14,Queen & Slim,379305.0,625.0,41874075.0,38,0
2020-01-03,-,Parasite,247250.0,222.0,23259863.0,85,0
2020-01-03,-,1917,190403.0,11.0,1880270.0,10,0
2020-01-03,-,21 Bridges,122753.0,476.0,27996191.0,43,0
2020-01-03,-,Jojo Rabbit,106538.0,209.0,21341352.0,78,0
2020-01-03,-,A Hidden Life,78063.0,151.0,1090892.0,22,0
2020-01-03,-,Black Christmas,66620.0,440.0,10248035.0,22,0
2020-01-03,-,Midway,58911.0,197.0,56429971.0,57,0
2020-01-03,-,Dark Waters,57210.0,133.0,10798844.0,43,0
2020-01-03,-,Playing with Fire,51037.0,156.0,44306268.0,57,0
2020-01-03,-,Maleficent: Mistress of Evil,46477.0,148.0,113438643.0,78,0
2020-01-03,-,Joker,44198.0,120.0,333901168.0,92,0
2020-01-03,-,Harriet,41820.0,124.0,42664710.0,64,0
2020-01-03,-,The Good Liar,23050.0,93.0,17039424.0,50,0
2020-01-03,-,Just Mercy,21498.0,4.0,345231.0,10,0
2020-01-03,-,No Safe Spaces,21114.0,69.0,1186941.0,71,0
2020-01-03,-,Zombieland: Double Tap,19765.0,86.0,72986957.0,78,0
2020-01-03,-,Clemency,9603.0,9.0,56143.0,8,0
2020-01-03,-,Honey Boy,7657.0,23.0,2965710.0,57,0
2020-01-03,-,Once Upon a Time…in Hollywood,7654.0,12.0,141090083.0,162,0
2020-01-03,-,Invisible Life,6364.0,13.0,34102.0,15,0
2020-01-03,-,Charlie’s Angels,6171.0,55.0,17777539.0,50,0
2020-01-03,-,The Lighthouse,6134.0,21.0,10797271.0,78,0
2020-01-03,-,Doctor Sleep,5648.0,63.0,31562549.0,57,0
2020-01-03,-,Waves,5206.0,22.0,1614975.0,50,0
2020-01-03,-,Countdown,4287.0,27.0,25609078.0,71,0
2020-01-03,-,PLAYMOBIL,2212.0,25.0,1109649.0,29,0
2020-01-03,-,Midnight Family,1725.0,7.0,18303.0,29,0
2020-01-03,-,Judy,1214.0,20.0,24024275.0,99,0
2020-01-03,-,The Kingmaker,1108.0,6.0,112930.0,57,0
2020-01-03,-,Hustlers,426.0,3.0,104962064.0,113,0
2020-01-03,-,Linda Ronstadt: The Sound of My Voice,393.0,4.0,4241980.0,120,0
2020-01-05,1,Star Wars: The Rise of Skywalker,9166472.0,4406.0,451582256.0,17,0
2020-01-05,2,Jumanji: The Next Level,6717118.0,4134.0,235933751.0,24,0
2020-01-05,3,Little Women,3732159.0,3308.0,60060705.0,12,0
2020-01-05,4,Frozen II,3100830.0,3175.0,450439533.0,45,0
2020-01-05,5,Spies in Disguise,2579860.0,3502.0,47042421.0,12,0
2020-01-05,6,The Grudge,2213102.0,2642.0,11404113.0,3,0
2020-01-05,7,Knives Out,2212072.0,2142.0,130119450.0,40,0
2020-01-05,8,Uncut Gems,1926490.0,2686.0,36556384.0,24,0
2020-01-05,9,Bombshell,966399.0,1721.0,24589972.0,24,0
2020-01-05,10,Cats,690440.0,2902.0,24721070.0,17,0
2020-01-05,11,Ford v. Ferrari,416767.0,730.0,109976339.0,52,0
2020-01-05,12,Richard Jewell,395235.0,1870.0,21103165.0,24,0
2020-01-05,-,A Beautiful Day in the Neighborhood,314376.0,856.0,58801961.0,45,0
2020-01-05,-,Queen & Slim,275595.0,625.0,42663370.0,40,0
2020-01-05,-,Parasite,234986.0,222.0,23850889.0,87,0
2020-01-05,-,1917,188717.0,11.0,2307564.0,12,0
2020-01-05,-,21 Bridges,94681.0,476.0,28265017.0,45,0
2020-01-05,-,Jojo Rabbit,86364.0,209.0,21579550.0,80,0
2020-01-05,-,A Hidden Life,71379.0,151.0,1274329.0,24,0
2020-01-05,-,Dark Waters,45490.0,133.0,10929669.0,45,0
2020-01-05,-,Black Christmas,42970.0,440.0,10376155.0,24,0
2020-01-05,-,Midway,42897.0,197.0,56547282.0,59,0
2020-01-05,-,Playing with Fire,38971.0,156.0,44406890.0,59,0
2020-01-05,-,Maleficent: Mistress of Evil,35117.0,148.0,113532745.0,80,0
2020-01-05,-,Harriet,34570.0,124.0,42761265.0,66,0
2020-01-05,-,Joker,32222.0,120.0,333985454.0,94,0
2020-01-05,-,No Safe Spaces,21840.0,70.0,1240211.0,73,0
2020-01-05,-,Just Mercy,18639.0,4.0,400348.0,12,0
2020-01-05,-,The Good Liar,16683.0,93.0,17082397.0,52,0
2020-01-05,-,Zombieland: Double Tap,15724.0,86.0,73027571.0,80,0
2020-01-05,-,Clemency,7822.0,9.0,76373.0,10,0
2020-01-05,-,Invisible Life,7801.0,13.0,53783.0,17,0
2020-01-05,-,Waves,5789.0,22.0,1626272.0,52,0
2020-01-05,-,Honey Boy,5156.0,23.0,2980099.0,59,0
2020-01-05,-,Charlie’s Angels,4809.0,55.0,17790181.0,52,0
2020-01-05,-,Doctor Sleep,4678.0,63.0,31574437.0,59,0
2020-01-05,-,The Lighthouse,4078.0,21.0,10809320.0,80,0
2020-01-05,-,Countdown,2988.0,27.0,25617813.0,73,0
2020-01-05,-,Once Upon a Time…in Hollywood,2758.0,12.0,141096530.0,164,0
2020-01-05,-,PLAYMOBIL,2208.0,25.0,1113885.0,31,0
2020-01-05,-,Linda Ronstadt: The Sound of My Voice,1691.0,4.0,4244894.0,122,0
2020-01-05,-,Judy,1687.0,20.0,24027755.0,101,0
2020-01-05,-,The Kingmaker,1208.0,6.0,115253.0,59,0
2020-01-05,-,Promare,1032.0,2.0,2290542.0,111,0
2020-01-05,-,Midnight Family,551.0,7.0,19983.0,31,0
2020-01-05,-,Hustlers,354.0,3.0,104962986.0,115,0
2020-01-04,1,Star Wars: The Rise of Skywalker,14319903.0,4406.0,442415784.0,16,0
2020-01-04,2,Jumanji: The Next Level,10819924.0,4134.0,229216633.0,23,0
2020-01-04,3,Little Women,5468581.0,3308.0,56328546.0,11,0
2020-01-04,4,Frozen II,4787509.0,3175.0,447338703.0,44,0
2020-01-04,5,Spies in Disguise,4218522.0,3502.0,44462561.0,11,0
2020-01-04,6,The Grudge,3835397.0,2642.0,9191011.0,2,0
2020-01-04,7,Knives Out,3774331.0,2142.0,127907378.0,39,0
2020-01-04,8,Uncut Gems,3118875.0,2686.0,34629894.0,23,0
2020-01-04,9,Bombshell,1776638.0,1721.0,23623573.0,23,0
2020-01-04,10,Cats,1080120.0,2902.0,24030630.0,16,0
2020-01-04,11,Ford v. Ferrari,726888.0,730.0,109559572.0,51,0
2020-01-04,12,Richard Jewell,713379.0,1870.0,20707930.0,23,0
2020-01-04,13,A Beautiful Day in the Neighborhood,523894.0,856.0,58487585.0,44,0
2020-01-04,14,Queen & Slim,513700.0,625.0,42387775.0,39,0
2020-01-04,15,Parasite,356040.0,222.0,23615903.0,86,0
2020-01-04,-,1917,238577.0,11.0,2118847.0,11,0
2020-01-04,-,21 Bridges,174145.0,476.0,28170336.0,44,0
2020-01-04,-,Jojo Rabbit,151834.0,209.0,21493186.0,79,0
2020-01-04,-,A Hidden Life,112058.0,151.0,1202950.0,23,0
2020-01-04,-,Dark Waters,85335.0,133.0,10884179.0,44,0
2020-01-04,-,Black Christmas,85150.0,440.0,10333185.0,23,0
2020-01-04,-,Midway,74414.0,197.0,56504385.0,58,0
2020-01-04,-,Harriet,61985.0,124.0,42726695.0,65,0
2020-01-04,-,Playing with Fire,61651.0,156.0,44367919.0,58,0
2020-01-04,-,Maleficent: Mistress of Evil,58985.0,148.0,113497628.0,79,0
2020-01-04,-,Joker,52064.0,120.0,333953232.0,93,0
2020-01-04,-,Just Mercy,36478.0,4.0,381709.0,11,0
2020-01-04,-,No Safe Spaces,31430.0,70.0,1218371.0,72,0
2020-01-04,-,The Good Liar,26290.0,93.0,17065714.0,51,0
2020-01-04,-,Zombieland: Double Tap,24890.0,86.0,73011847.0,79,0
2020-01-04,-,Clemency,12408.0,9.0,68551.0,9,0
2020-01-04,-,Invisible Life,11880.0,13.0,45982.0,16,0
2020-01-04,-,Honey Boy,9233.0,23.0,2974943.0,58,0
2020-01-04,-,The Lighthouse,7971.0,21.0,10805242.0,79,0
2020-01-04,-,Charlie’s Angels,7833.0,55.0,17785372.0,51,0
2020-01-04,-,Doctor Sleep,7210.0,63.0,31569759.0,58,0
2020-01-04,-,Countdown,5747.0,27.0,25614825.0,72,0
2020-01-04,-,Waves,5508.0,22.0,1620483.0,51,0
2020-01-04,-,Once Upon a Time…in Hollywood,3689.0,12.0,141093772.0,163,0
2020-01-04,-,PLAYMOBIL,2028.0,25.0,1111677.0,30,0
2020-01-04,-,Judy,1793.0,20.0,24026068.0,100,0
2020-01-04,-,Promare,1530.0,2.0,2289510.0,110,0
2020-01-04,-,Linda Ronstadt: The Sound of My Voice,1223.0,4.0,4243203.0,121,0
2020-01-04,-,Midnight Family,1129.0,7.0,19432.0,30,0
2020-01-04,-,The Kingmaker,1115.0,6.0,114045.0,58,0
2020-01-04,-,Hustlers,568.0,3.0,104962632.0,114,0
2020-01-02,1,Star Wars: The Rise of Skywalker,9274735.0,4406.0,417057441.0,14,0
2020-01-02,2,Jumanji: The Next Level,6702524.0,4227.0,209706405.0,21,0
2020-01-02,3,Little Women,3612485.0,3308.0,46448332.0,9,0
2020-01-02,4,Frozen II,3411578.0,3265.0,438585364.0,42,0
2020-01-02,5,Spies in Disguise,2924458.0,3502.0,36645961.0,9,0
2020-01-02,6,Knives Out,2001191.0,2022.0,121203034.0,37,0
2020-01-02,7,Uncut Gems,1641250.0,2348.0,28986179.0,21,0
2020-01-02,8,Bombshell,855713.0,1480.0,20505916.0,21,0
2020-01-02,9,Cats,844325.0,3380.0,22090935.0,14,0
2020-01-02,10,Richard Jewell,494283.0,2502.0,19438316.0,21,0
2020-01-02,11,Ford v. Ferrari,394498.0,793.0,108269840.0,49,0
2020-01-02,12,A Beautiful Day in the Neighborhood,306034.0,1014.0,57578665.0,42,0
2020-01-02,13,Queen & Slim,268375.0,699.0,41494770.0,37,0
2020-01-02,-,1917,146660.0,11.0,1689867.0,9,0
2020-01-02,-,Parasite,146457.0,170.0,23012613.0,84,0
2020-01-02,-,Black Christmas,95270.0,1514.0,10181415.0,21,0
2020-01-02,-,Jojo Rabbit,68399.0,208.0,21234814.0,77,0
2020-01-02,-,A Hidden Life,48023.0,118.0,1012829.0,21,0
2020-01-02,-,21 Bridges,41143.0,229.0,27873438.0,42,0
2020-01-02,-,Playing with Fire,40366.0,188.0,44255231.0,56,0
2020-01-02,-,Maleficent: Mistress of Evil,37789.0,155.0,113392166.0,77,0
2020-01-02,-,Joker,37505.0,120.0,333856970.0,91,0
2020-01-02,-,Dark Waters,35505.0,140.0,10741634.0,42,0
2020-01-02,-,Midway,33364.0,142.0,56371060.0,56,0
2020-01-02,-,Harriet,27000.0,112.0,42622890.0,63,0
2020-01-02,-,Just Mercy,17252.0,4.0,323733.0,9,0
2020-01-02,-,The Good Liar,16317.0,93.0,17016374.0,49,0
2020-01-02,-,Abominable,15070.0,119.0,60716390.0,98,0
2020-01-02,-,Zombieland: Double Tap,13972.0,90.0,72967192.0,77,0
2020-01-02,-,Last Christmas,12250.0,154.0,35150750.0,56,0
2020-01-02,-,The Lighthouse,8985.0,21.0,10791137.0,77,0
2020-01-02,-,Honey Boy,7852.0,34.0,2958053.0,56,0
2020-01-02,-,Waves,6661.0,20.0,1609769.0,49,0
2020-01-02,-,Charlie’s Angels,6130.0,67.0,17771368.0,49,0
2020-01-02,-,Doctor Sleep,5308.0,63.0,31556901.0,56,0
2020-01-02,-,Countdown,3798.0,27.0,25604791.0,70,0
2020-01-02,-,No Safe Spaces,2198.0,14.0,1165827.0,70,0
2020-01-02,-,Clemency,2148.0,2.0,46540.0,7,0
2020-01-02,-,Judy,1937.0,22.0,24023061.0,98,0
2020-01-02,-,PLAYMOBIL,1534.0,25.0,1107437.0,28,0
2020-01-02,-,Invisible Life,1271.0,2.0,27738.0,14,0
2020-01-02,-,En Brazos de un Asesino,995.0,18.0,425332.0,28,0
2020-01-02,-,The Kingmaker,882.0,6.0,111822.0,56,0
2020-01-02,-,Once Upon a Time…in Hollywood,660.0,12.0,141082429.0,161,0
2020-01-02,-,Midnight Family,643.0,2.0,16578.0,28,0
2020-01-02,-,Linda Ronstadt: The Sound of My Voice,543.0,3.0,4241587.0,119,0
2020-01-02,-,Hustlers,287.0,3.0,104961638.0,112,0
2020-01-06,1,Star Wars: The Rise of Skywalker,2978242.0,4406.0,454560498.0,18,0
2020-01-06,2,Jumanji: The Next Level,2054719.0,4134.0,237988470.0,25,0
2020-01-06,3,Little Women,1387260.0,3308.0,61447965.0,13,0
2020-01-06,4,Frozen II,975665.0,3175.0,451415198.0,46,0
2020-01-06,5,Knives Out,878526.0,2142.0,130997976.0,41,0
2020-01-06,6,Spies in Disguise,861100.0,3502.0,47903521.0,13,0
2020-01-06,7,The Grudge,801283.0,2642.0,12205396.0,4,0
2020-01-06,8,Uncut Gems,787505.0,2686.0,37343889.0,25,0
2020-01-06,9,Bombshell,381738.0,1721.0,24971710.0,25,0
2020-01-06,10,Cats,279515.0,2902.0,25000585.0,18,0
2020-01-06,11,Richard Jewell,172843.0,1870.0,21276008.0,25,0
2020-01-06,12,Ford v. Ferrari,167645.0,730.0,110143984.0,53,0
2020-01-06,13,A Beautiful Day in the Neighborhood,140195.0,856.0,58942156.0,46,0
2020-01-06,14,Parasite,126893.0,222.0,23977782.0,88,0
2020-01-06,15,1917,112349.0,11.0,2419913.0,13,0
2020-01-06,-,Queen & Slim,111520.0,625.0,42774890.0,41,0
2020-01-06,-,Jojo Rabbit,44179.0,209.0,21623729.0,81,0
2020-01-06,-,21 Bridges,38442.0,476.0,28303459.0,46,0
2020-01-06,-,A Hidden Life,29614.0,151.0,1303943.0,25,0
2020-01-06,-,Midway,18227.0,197.0,56565509.0,60,0
2020-01-06,-,Black Christmas,18085.0,440.0,10394240.0,25,0
2020-01-06,-,Harriet,17525.0,124.0,42778790.0,67,0
2020-01-06,-,Dark Waters,17440.0,133.0,10947109.0,46,0
2020-01-06,-,Joker,16308.0,120.0,334001762.0,95,0
2020-01-06,-,Playing with Fire,14630.0,156.0,44421520.0,60,0
2020-01-06,-,Maleficent: Mistress of Evil,11434.0,148.0,113544179.0,81,0
2020-01-06,-,No Safe Spaces,7420.0,70.0,1247631.0,74,0
2020-01-06,-,Just Mercy,7060.0,4.0,407408.0,13,0
2020-01-06,-,The Good Liar,6503.0,93.0,17088900.0,53,0
2020-01-06,-,Zombieland: Double Tap,5739.0,86.0,73033310.0,81,0
2020-01-06,-,The Lighthouse,3674.0,21.0,10812994.0,81,0
2020-01-06,-,Honey Boy,3261.0,23.0,2983360.0,60,0
2020-01-06,-,Clemency,2790.0,9.0,79163.0,11,0
2020-01-06,-,Invisible Life,2387.0,13.0,56170.0,18,0
2020-01-06,-,Waves,2075.0,22.0,1628347.0,53,0
2020-01-06,-,Once Upon a Time…in Hollywood,1885.0,12.0,141098415.0,165,0
2020-01-06,-,Charlie’s Angels,1733.0,55.0,17791914.0,53,0
2020-01-06,-,Doctor Sleep,1690.0,63.0,31576127.0,60,0
2020-01-06,-,Midnight Family,1231.0,7.0,21214.0,32,0
2020-01-06,-,Countdown,1050.0,27.0,25618863.0,74,0
2020-01-06,-,Judy,983.0,20.0,24028738.0,102,0
2020-01-06,-,PLAYMOBIL,828.0,25.0,1114713.0,32,0
2020-01-06,-,Linda Ronstadt: The Sound of My Voice,179.0,4.0,4245073.0,123,0
2020-01-06,-,The Kingmaker,179.0,6.0,115432.0,60,0
2020-01-06,-,Hustlers,125.0,3.0,104963111.0,116,0
2020-01-10,1,1917,13962685.0,3434.0,16683964.0,17,0
2020-01-10,2,Like a Boss,3900185.0,3078.0,3900185.0,1,1
2020-01-10,3,Star Wars: The Rise of Skywalker,3892246.0,4279.0,467002936.0,22,0
2020-01-10,4,Just Mercy,3681878.0,2375.0,4117866.0,17,0
2020-01-10,5,Jumanji: The Next Level,3346991.0,3904.0,246471972.0,29,0
2020-01-10,6,Underwater,2497331.0,2791.0,2497331.0,1,1
2020-01-10,7,Little Women,2177985.0,3216.0,68558994.0,17,0
2020-01-10,8,Knives Out,1651304.0,2060.0,135548048.0,45,0
2020-01-10,9,Frozen II,1226058.0,2655.0,454849100.0,50,0
2020-01-10,10,The Grudge,1060599.0,2642.0,15467314.0,8,0
2020-01-10,11,Uncut Gems,1050905.0,2081.0,41017577.0,29,0
2020-01-10,12,Spies in Disguise,1027928.0,2671.0,50536357.0,17,0
2020-01-10,-,Bombshell,437042.0,1289.0,26885265.0,29,0
2020-01-10,-,Parasite,259888.0,345.0,24662620.0,92,0
2020-01-10,-,Ford v. Ferrari,220494.0,567.0,110876099.0,57,0
2020-01-10,-,A Beautiful Day in the Neighborhood,149834.0,519.0,59557845.0,50,0
2020-01-10,-,Cats,129610.0,818.0,25969035.0,22,0
2020-01-10,-,Queen & Slim,116445.0,442.0,43222750.0,45,0
2020-01-10,-,Chhapaak,87927.0,100.0,87927.0,1,1
2020-01-10,-,Jojo Rabbit,55222.0,125.0,21827609.0,85,0
2020-01-10,-,Richard Jewell,53971.0,376.0,21884248.0,29,0
2020-01-10,-,Midway,27569.0,178.0,56650514.0,64,0
2020-01-10,-,A Hidden Life,24472.0,119.0,1431889.0,29,0
2020-01-10,-,Dark Waters,23615.0,100.0,11029314.0,50,0
2020-01-10,-,Harriet,23235.0,122.0,42853715.0,71,0
2020-01-10,-,21 Bridges,18283.0,141.0,28436740.0,50,0
2020-01-10,-,Joker,18238.0,85.0,334064759.0,99,0
2020-01-10,-,Maleficent: Mistress of Evil,17465.0,128.0,113591552.0,85,0
2020-01-10,-,Once Upon a Time…in Hollywood,10217.0,54.0,141113381.0,169,0
2020-01-10,-,Zombieland: Double Tap,8158.0,75.0,73057267.0,85,0
2020-01-10,-,Les Misérables,8046.0,4.0,8046.0,1,1
2020-01-10,-,The Good Liar,6188.0,66.0,17125208.0,57,0
2020-01-10,-,Invisible Life,5366.0,18.0,70397.0,22,0
2020-01-10,-,Honey Boy,4262.0,23.0,2997748.0,64,0
2020-01-10,-,Three Christs,3927.0,31.0,3927.0,1,1
2020-01-10,-,Clemency,3791.0,10.0,92188.0,15,0
2020-01-10,-,No Safe Spaces,3321.0,41.0,1272825.0,78,0
2020-01-10,-,Judy,3016.0,30.0,24036287.0,106,0
2020-01-10,-,The Lighthouse,2911.0,8.0,10828074.0,85,0
2020-01-10,-,Waves,1439.0,5.0,1636987.0,57,0
2020-01-10,-,Charlie’s Angels,1031.0,18.0,17798193.0,57,0
2020-01-10,-,Midnight Family,790.0,13.0,22949.0,36,0
2020-01-10,-,The Kingmaker,769.0,5.0,117596.0,64,0
2020-01-10,-,Linda Ronstadt: The Sound of My Voice,318.0,4.0,4246862.0,127,0
2020-01-08,1,Star Wars: The Rise of Skywalker,2403487.0,4406.0,460945094.0,20,0
2020-01-08,2,Little Women,1443167.0,3308.0,65002454.0,15,0
2020-01-08,3,Jumanji: The Next Level,1386481.0,4134.0,241891177.0,27,0
2020-01-08,4,Knives Out,875239.0,2142.0,133116125.0,43,0
2020-01-08,5,Uncut Gems,789951.0,2686.0,39302250.0,27,0
2020-01-08,6,The Grudge,617619.0,2642.0,13879300.0,6,0
2020-01-08,7,Frozen II,593489.0,3175.0,453076902.0,48,0
2020-01-08,8,Bombshell,446565.0,1721.0,26096632.0,27,0
2020-01-08,9,Spies in Disguise,400158.0,3502.0,49140649.0,15,0
2020-01-08,10,Cats,258620.0,2902.0,25649265.0,20,0
2020-01-08,11,Richard Jewell,170223.0,1870.0,21714373.0,27,0
2020-01-08,12,Ford v. Ferrari,163703.0,730.0,110519083.0,55,0
2020-01-08,13,A Beautiful Day in the Neighborhood,144892.0,856.0,59279709.0,48,0
2020-01-08,14,Parasite,141942.0,222.0,24270726.0,90,0
2020-01-08,15,1917,108388.0,11.0,2641888.0,15,0
2020-01-08,-,Queen & Slim,103265.0,625.0,43035100.0,43,0
2020-01-08,-,Jojo Rabbit,51479.0,209.0,21730108.0,83,0
2020-01-08,-,21 Bridges,37042.0,476.0,28398250.0,48,0
2020-01-08,-,A Hidden Life,33565.0,151.0,1375858.0,27,0
2020-01-08,-,Dark Waters,18840.0,133.0,10987214.0,48,0
2020-01-08,-,Midway,16823.0,197.0,56606836.0,62,0
2020-01-08,-,Harriet,16075.0,124.0,42814110.0,69,0
2020-01-08,-,Joker,13721.0,120.0,334035310.0,97,0
2020-01-08,-,Black Christmas,12005.0,440.0,10423665.0,27,0
2020-01-08,-,Playing with Fire,9691.0,156.0,44443413.0,62,0
2020-01-08,-,Maleficent: Mistress of Evil,9305.0,148.0,113565627.0,83,0
2020-01-08,-,The Good Liar,9014.0,93.0,17109782.0,55,0
2020-01-08,-,Just Mercy,8384.0,4.0,425862.0,15,0
2020-01-08,-,No Safe Spaces,7176.0,69.0,1262742.0,76,0
2020-01-08,-,Zombieland: Double Tap,4997.0,86.0,73044170.0,83,0
2020-01-08,-,The Lighthouse,4158.0,21.0,10820622.0,83,0
2020-01-08,-,Honey Boy,3519.0,23.0,2990472.0,62,0
2020-01-08,-,Clemency,3401.0,9.0,85541.0,13,0
2020-01-08,-,Waves,3037.0,22.0,1633405.0,55,0
2020-01-08,-,Invisible Life,2760.0,13.0,62059.0,20,0
2020-01-08,-,Once Upon a Time…in Hollywood,2054.0,12.0,141101886.0,167,0
2020-01-08,-,Doctor Sleep,1892.0,63.0,31579931.0,62,0
2020-01-08,-,Charlie’s Angels,1651.0,55.0,17795666.0,55,0
2020-01-08,-,Judy,1451.0,20.0,24031730.0,104,0
2020-01-08,-,Countdown,1173.0,27.0,25620934.0,76,0
2020-01-08,-,Linda Ronstadt: The Sound of My Voice,942.0,4.0,4246192.0,125,0
2020-01-08,-,Midnight Family,389.0,7.0,21793.0,34,0
2020-01-08,-,The Kingmaker,351.0,6.0,116245.0,62,0
2020-01-08,-,Hustlers,156.0,3.0,104963461.0,118,0
2020-01-08,-,PLAYMOBIL,135.0,25.0,1114956.0,34,0
2020-01-09,1,Star Wars: The Rise of Skywalker,2165596.0,4406.0,463110690.0,21,0
2020-01-09,2,Little Women,1378555.0,3308.0,66381009.0,16,0
2020-01-09,3,Jumanji: The Next Level,1233804.0,4134.0,243124981.0,28,0
2020-01-09,4,Knives Out,780619.0,2142.0,133896744.0,44,0
2020-01-09,5,Uncut Gems,664422.0,2686.0,39966672.0,28,0
2020-01-09,6,Frozen II,546140.0,3175.0,453623042.0,49,0
2020-01-09,7,The Grudge,527415.0,2642.0,14406715.0,7,0
2020-01-09,8,Spies in Disguise,367780.0,3502.0,49508429.0,16,0
2020-01-09,9,Bombshell,351591.0,1721.0,26448223.0,28,0
2020-01-09,10,Cats,190160.0,2902.0,25839425.0,21,0
2020-01-09,11,Ford v. Ferrari,136522.0,730.0,110655605.0,56,0
2020-01-09,12,Parasite,132006.0,222.0,24402732.0,91,0
2020-01-09,13,A Beautiful Day in the Neighborhood,128302.0,856.0,59408011.0,49,0
2020-01-09,14,Richard Jewell,115904.0,1870.0,21830277.0,28,0
2020-01-09,15,1917,79391.0,11.0,2721279.0,16,0
2020-01-09,-,Queen & Slim,71205.0,625.0,43106305.0,44,0
2020-01-09,-,Jojo Rabbit,42279.0,209.0,21772387.0,84,0
2020-01-09,-,A Hidden Life,31559.0,151.0,1407417.0,28,0
2020-01-09,-,21 Bridges,20207.0,476.0,28418457.0,49,0
2020-01-09,-,Dark Waters,18485.0,133.0,11005699.0,49,0
2020-01-09,-,Harriet,16370.0,124.0,42830480.0,70,0
2020-01-09,-,Midway,16109.0,197.0,56622945.0,63,0
2020-01-09,-,Joker,11211.0,120.0,334046521.0,98,0
2020-01-09,-,Just Mercy,10126.0,4.0,435988.0,16,0
2020-01-09,-,The Good Liar,9238.0,93.0,17119020.0,56,0
2020-01-09,-,Maleficent: Mistress of Evil,8460.0,148.0,113574087.0,84,0
2020-01-09,-,Playing with Fire,8434.0,156.0,44451847.0,63,0
2020-01-09,-,No Safe Spaces,6762.0,69.0,1269504.0,77,0
2020-01-09,-,Black Christmas,6065.0,440.0,10429730.0,28,0
2020-01-09,-,Zombieland: Double Tap,4939.0,86.0,73049109.0,84,0
2020-01-09,-,The Lighthouse,4541.0,21.0,10825163.0,84,0
2020-01-09,-,Honey Boy,3014.0,23.0,2993486.0,63,0
2020-01-09,-,Invisible Life,2972.0,13.0,65031.0,21,0
2020-01-09,-,Clemency,2856.0,9.0,88397.0,14,0
2020-01-09,-,Waves,2143.0,22.0,1635548.0,56,0
2020-01-09,-,Doctor Sleep,1781.0,63.0,31581712.0,63,0
2020-01-09,-,Judy,1541.0,20.0,24033271.0,105,0
2020-01-09,-,Charlie’s Angels,1496.0,55.0,17797162.0,56,0
2020-01-09,-,Once Upon a Time…in Hollywood,1278.0,12.0,141103164.0,168,0
2020-01-09,-,Countdown,832.0,27.0,25621766.0,77,0
2020-01-09,-,The Kingmaker,582.0,6.0,116827.0,63,0
2020-01-09,-,Promare,568.0,2.0,2291110.0,115,0
2020-01-09,-,Midnight Family,366.0,7.0,22159.0,35,0
2020-01-09,-,Linda Ronstadt: The Sound of My Voice,352.0,4.0,4246544.0,126,0
2020-01-09,-,Hustlers,137.0,3.0,104963598.0,119,0
2020-01-09,-,PLAYMOBIL,52.0,25.0,1115008.0,35,0
2020-01-07,1,Star Wars: The Rise of Skywalker,3981109.0,4406.0,458541607.0,19,0
2020-01-07,2,Jumanji: The Next Level,2516226.0,4134.0,240504696.0,26,0
2020-01-07,3,Little Women,2111322.0,3308.0,63559287.0,14,0
2020-01-07,4,Knives Out,1242910.0,2142.0,132240886.0,42,0
2020-01-07,5,Uncut Gems,1168410.0,2686.0,38512299.0,26,0
2020-01-07,6,Frozen II,1068215.0,3175.0,452483413.0,47,0
2020-01-07,7,The Grudge,1056285.0,2642.0,13261681.0,5,0
2020-01-07,8,Spies in Disguise,836970.0,3502.0,48740491.0,14,0
2020-01-07,9,Bombshell,678357.0,1721.0,25650067.0,26,0
2020-01-07,10,Cats,390060.0,2902.0,25390645.0,19,0
2020-01-07,11,Richard Jewell,268142.0,1870.0,21544150.0,26,0
2020-01-07,12,Ford v. Ferrari,211396.0,730.0,110355380.0,54,0
2020-01-07,13,A Beautiful Day in the Neighborhood,192661.0,856.0,59134817.0,47,0
2020-01-07,14,Queen & Slim,156945.0,625.0,42931835.0,42,0
2020-01-07,15,Parasite,151002.0,222.0,24128784.0,89,0
2020-01-07,-,1917,113587.0,11.0,2533500.0,14,0
2020-01-07,-,21 Bridges,57749.0,476.0,28361208.0,47,0
2020-01-07,-,Jojo Rabbit,54900.0,209.0,21678629.0,82,0
2020-01-07,-,A Hidden Life,38350.0,151.0,1342293.0,26,0
2020-01-07,-,Midway,24504.0,197.0,56590013.0,61,0
2020-01-07,-,Dark Waters,21265.0,133.0,10968374.0,47,0
2020-01-07,-,Joker,19827.0,120.0,334021589.0,96,0
2020-01-07,-,Harriet,19245.0,124.0,42798035.0,68,0
2020-01-07,-,Black Christmas,17420.0,440.0,10411660.0,26,0
2020-01-07,-,Playing with Fire,12202.0,156.0,44433722.0,61,0
2020-01-07,-,Maleficent: Mistress of Evil,12143.0,148.0,113556322.0,82,0
2020-01-07,-,The Good Liar,11868.0,93.0,17100768.0,54,0
2020-01-07,-,Just Mercy,10070.0,4.0,417478.0,14,0
2020-01-07,-,No Safe Spaces,7935.0,70.0,1255566.0,75,0
2020-01-07,-,Zombieland: Double Tap,5863.0,86.0,73039173.0,82,0
2020-01-07,-,Honey Boy,3593.0,23.0,2986953.0,61,0
2020-01-07,-,The Lighthouse,3470.0,21.0,10816464.0,82,0
2020-01-07,-,Invisible Life,3129.0,13.0,59299.0,19,0
2020-01-07,-,Clemency,2977.0,9.0,82140.0,12,0
2020-01-07,-,Charlie’s Angels,2101.0,55.0,17794015.0,54,0
2020-01-07,-,Waves,2021.0,22.0,1630368.0,54,0
2020-01-07,-,Doctor Sleep,1912.0,63.0,31578039.0,61,0
2020-01-07,-,Judy,1541.0,20.0,24030279.0,103,0
2020-01-07,-,Once Upon a Time…in Hollywood,1417.0,12.0,141099832.0,166,0
2020-01-07,-,Countdown,898.0,27.0,25619761.0,75,0
2020-01-07,-,The Kingmaker,462.0,6.0,115894.0,61,0
2020-01-07,-,Hustlers,194.0,3.0,104963305.0,117,0
2020-01-07,-,Midnight Family,190.0,7.0,21404.0,33,0
2020-01-07,-,Linda Ronstadt: The Sound of My Voice,177.0,4.0,4245250.0,124,0
2020-01-07,-,PLAYMOBIL,108.0,25.0,1114821.0,33,0
2020-01-11,1,1917,13742670.0,3434.0,30426634.0,18,0
2020-01-11,2,Star Wars: The Rise of Skywalker,6769352.0,4279.0,473772288.0,23,0
2020-01-11,3,Jumanji: The Next Level,6498816.0,3904.0,252970788.0,30,0
2020-01-11,4,Like a Boss,3780873.0,3078.0,7681058.0,2,0
2020-01-11,5,Just Mercy,3639087.0,2375.0,7756953.0,18,0
2020-01-11,6,Little Women,3260180.0,3216.0,71819174.0,18,0
2020-01-11,7,Frozen II,2773487.0,2655.0,457622587.0,51,0
2020-01-11,8,Underwater,2767282.0,2791.0,5264613.0,2,0
2020-01-11,9,Knives Out,2526478.0,2060.0,138074526.0,46,0
2020-01-11,10,Spies in Disguise,2515166.0,2671.0,53051523.0,18,0
2020-01-11,11,The Grudge,1548933.0,2642.0,17016247.0,9,0
2020-01-11,-,Uncut Gems,1401335.0,2081.0,42418912.0,30,0
2020-01-11,-,Bombshell,618971.0,1289.0,27504236.0,30,0
2020-01-11,-,Parasite,415821.0,345.0,25078441.0,93,0
2020-01-11,-,Ford v. Ferrari,348693.0,567.0,111224792.0,58,0
2020-01-11,-,Cats,239665.0,818.0,26208700.0,23,0
2020-01-11,-,A Beautiful Day in the Neighborhood,222589.0,519.0,59780434.0,51,0
2020-01-11,-,Queen & Slim,169150.0,442.0,43391900.0,46,0
2020-01-11,-,Chhapaak,129580.0,100.0,217507.0,2,0
2020-01-11,-,Jojo Rabbit,88046.0,125.0,21915655.0,86,0
2020-01-11,-,Richard Jewell,68142.0,376.0,21952390.0,30,0
2020-01-11,-,A Hidden Life,41713.0,119.0,1473602.0,30,0
2020-01-11,-,Maleficent: Mistress of Evil,38693.0,128.0,113630245.0,86,0
2020-01-11,-,Midway,37506.0,178.0,56688020.0,65,0
2020-01-11,-,Dark Waters,37080.0,100.0,11066394.0,51,0
2020-01-11,-,Harriet,31615.0,122.0,42885330.0,72,0
2020-01-11,-,21 Bridges,29812.0,141.0,28466552.0,51,0
2020-01-11,-,Joker,25344.0,85.0,334090103.0,100,0
2020-01-11,-,Once Upon a Time…in Hollywood,15088.0,54.0,141128469.0,170,0
2020-01-11,-,Zombieland: Double Tap,15026.0,75.0,73072293.0,86,0
2020-01-11,-,Les Misérables,9353.0,4.0,17399.0,2,0
2020-01-11,-,The Good Liar,9021.0,66.0,17134229.0,58,0
2020-01-11,-,Invisible Life,7560.0,18.0,77957.0,23,0
2020-01-11,-,Three Christs,6282.0,31.0,10209.0,2,0
2020-01-11,-,Clemency,5682.0,10.0,97870.0,16,0
2020-01-11,-,No Safe Spaces,5002.0,41.0,1277827.0,79,0
2020-01-11,-,Honey Boy,4767.0,23.0,3002515.0,65,0
2020-01-11,-,Judy,4279.0,30.0,24040566.0,107,0
2020-01-11,-,The Lighthouse,2861.0,8.0,10830935.0,86,0
2020-01-11,-,Waves,1988.0,5.0,1638975.0,58,0
2020-01-11,-,Charlie’s Angels,1805.0,18.0,17799998.0,58,0
2020-01-11,-,Midnight Family,1171.0,13.0,24120.0,37,0
2020-01-11,-,The Kingmaker,1163.0,5.0,118759.0,65,0
2020-01-11,-,Linda Ronstadt: The Sound of My Voice,405.0,4.0,4247267.0,128,0
2020-01-12,1,1917,9294845.0,3434.0,39721479.0,19,0
2020-01-12,2,Star Wars: The Rise of Skywalker,4525436.0,4279.0,478297724.0,24,0
2020-01-12,3,Jumanji: The Next Level,4159324.0,3904.0,257130112.0,31,0
2020-01-12,4,Just Mercy,2392263.0,2375.0,10149216.0,19,0
2020-01-12,5,Little Women,2363228.0,3216.0,74182402.0,19,0
2020-01-12,6,Like a Boss,2330214.0,3078.0,10011272.0,3,0
2020-01-12,7,Frozen II,1910605.0,2655.0,459533192.0,52,0
2020-01-12,8,Underwater,1743684.0,2791.0,7008297.0,3,0
2020-01-12,9,Spies in Disguise,1630243.0,2671.0,54681766.0,19,0
2020-01-12,10,Knives Out,1447117.0,2060.0,139521643.0,47,0
2020-01-12,11,The Grudge,905648.0,2642.0,17921895.0,10,0
2020-01-12,-,Uncut Gems,902379.0,2081.0,43321291.0,31,0
2020-01-12,-,Bombshell,389575.0,1289.0,27893811.0,31,0
2020-01-12,-,Parasite,278600.0,345.0,25357041.0,94,0
2020-01-12,-,Ford v. Ferrari,193760.0,567.0,111418552.0,59,0
2020-01-12,-,Cats,189985.0,818.0,26398685.0,24,0
2020-01-12,-,A Beautiful Day in the Neighborhood,152586.0,519.0,59933020.0,52,0
2020-01-12,-,Queen & Slim,101010.0,442.0,43492910.0,47,0
2020-01-12,-,Chhapaak,99274.0,100.0,316781.0,3,0
2020-01-12,-,Jojo Rabbit,60663.0,125.0,21976318.0,87,0
2020-01-12,-,Richard Jewell,47737.0,376.0,22000127.0,31,0
2020-01-12,-,A Hidden Life,32159.0,119.0,1505761.0,31,0
2020-01-12,-,Maleficent: Mistress of Evil,25020.0,128.0,113655265.0,87,0
2020-01-12,-,Dark Waters,22580.0,100.0,11088974.0,52,0
2020-01-12,-,Midway,21051.0,178.0,56709071.0,66,0
2020-01-12,-,Harriet,19830.0,122.0,42905160.0,73,0
2020-01-12,-,21 Bridges,18908.0,141.0,28485460.0,52,0
2020-01-12,-,Joker,15751.0,85.0,334105854.0,101,0
2020-01-12,-,Zombieland: Double Tap,9665.0,75.0,73081958.0,87,0
2020-01-12,-,Once Upon a Time…in Hollywood,9421.0,54.0,141137890.0,171,0
2020-01-12,-,The Good Liar,7407.0,66.0,17141636.0,59,0
2020-01-12,-,Les Misérables,6755.0,4.0,24154.0,3,0
2020-01-12,-,Invisible Life,6426.0,18.0,84383.0,24,0
2020-01-12,-,Judy,5151.0,30.0,24045717.0,108,0
2020-01-12,-,Three Christs,4411.0,31.0,14620.0,3,0
2020-01-12,-,Clemency,4245.0,10.0,105450.0,17,0
2020-01-12,-,No Safe Spaces,4141.0,41.0,1281968.0,80,0
2020-01-12,-,Honey Boy,3265.0,23.0,3005780.0,66,0
2020-01-12,-,Waves,2242.0,5.0,1641217.0,59,0
2020-01-12,-,The Kingmaker,1762.0,5.0,120521.0,66,0
2020-01-12,-,The Lighthouse,1466.0,8.0,10832401.0,87,0
2020-01-12,-,Charlie’s Angels,1308.0,18.0,17801306.0,59,0
2020-01-12,-,Midnight Family,1243.0,13.0,25363.0,38,0
2020-01-12,-,Linda Ronstadt: The Sound of My Voice,259.0,4.0,4247526.0,129,0
2020-01-15,1,1917,3399885.0,3434.0,51561309.0,22,0
2020-01-15,2,Weathering With You,1594427.0,1020.0,1594427.0,1,1
2020-01-15,3,Star Wars: The Rise of Skywalker,1261857.0,4279.0,482569280.0,27,0
2020-01-15,4,Little Women,1040937.0,3216.0,77502696.0,22,0
2020-01-15,5,Jumanji: The Next Level,830281.0,3904.0,260185634.0,34,0
2020-01-15,6,Just Mercy,766216.0,2375.0,12938019.0,22,0
2020-01-15,7,Like a Boss,656521.0,3078.0,12533559.0,6,0
2020-01-15,8,Knives Out,509201.0,2060.0,141208481.0,50,0
2020-01-15,9,Underwater,487303.0,2791.0,8793090.0,6,0
2020-01-15,10,Uncut Gems,377655.0,2081.0,44607637.0,34,0
2020-01-15,11,Frozen II,357813.0,2655.0,460823437.0,55,0
2020-01-15,12,The Grudge,285739.0,2642.0,18941380.0,13,0
2020-01-15,13,Spies in Disguise,258496.0,2671.0,55630025.0,22,0
2020-01-15,14,Bombshell,191535.0,1289.0,28505367.0,34,0
2020-01-15,15,Parasite,154300.0,345.0,25818915.0,97,0
2020-01-15,-,Ford v. Ferrari,94998.0,567.0,111721327.0,62,0
2020-01-15,-,A Beautiful Day in the Neighborhood,66204.0,519.0,60139362.0,55,0
2020-01-15,-,Cats,60560.0,818.0,26600040.0,27,0
2020-01-15,-,Queen & Slim,39100.0,442.0,43626435.0,50,0
2020-01-15,-,Jojo Rabbit,37712.0,125.0,22087980.0,90,0
2020-01-15,-,Richard Jewell,24208.0,376.0,22078750.0,34,0
2020-01-15,-,Chhapaak,22754.0,100.0,415659.0,6,0
2020-01-15,-,A Hidden Life,15184.0,119.0,1548541.0,34,0
2020-01-15,-,Dark Waters,13770.0,100.0,11121424.0,55,0
2020-01-15,-,Harriet,13320.0,122.0,42939085.0,76,0
2020-01-15,-,Midway,12948.0,178.0,56742830.0,69,0
2020-01-15,-,Joker,10611.0,85.0,334137984.0,104,0
2020-01-15,-,Citizen K,8038.0,1.0,25742.0,55,0
2020-01-15,-,21 Bridges,6006.0,141.0,28506812.0,55,0
2020-01-15,-,Judy,5705.0,30.0,24056974.0,111,0
2020-01-15,-,Maleficent: Mistress of Evil,5702.0,128.0,113672999.0,90,0
2020-01-15,-,Once Upon a Time…in Hollywood,4857.0,54.0,141153804.0,174,0
2020-01-15,-,The Good Liar,3877.0,66.0,17152502.0,62,0
2020-01-15,-,Les Misérables,3537.0,4.0,33194.0,6,0
2020-01-15,-,Zombieland: Double Tap,2940.0,75.0,73091020.0,90,0
2020-01-15,-,Invisible Life,2592.0,18.0,91731.0,27,0
2020-01-15,-,No Safe Spaces,2058.0,42.0,1287596.0,83,0
2020-01-15,-,The Lighthouse,2025.0,8.0,10842093.0,90,0
2020-01-15,-,Three Christs,1703.0,31.0,20202.0,6,0
2020-01-15,-,Clemency,1539.0,10.0,110319.0,20,0
2020-01-15,-,Honey Boy,1482.0,23.0,3010560.0,69,0
2020-01-15,-,Waves,1439.0,5.0,1645508.0,62,0
2020-01-15,-,Midnight Family,388.0,13.0,26725.0,41,0
2020-01-15,-,Linda Ronstadt: The Sound of My Voice,257.0,4.0,4249019.0,132,0
2020-01-15,-,The Kingmaker,150.0,5.0,121144.0,69,0
2020-01-14,1,1917,5288640.0,3434.0,48161424.0,21,0
2020-01-14,2,Star Wars: The Rise of Skywalker,1856300.0,4279.0,481307423.0,26,0
2020-01-14,3,Jumanji: The Next Level,1455094.0,3904.0,259355353.0,33,0
2020-01-14,4,Little Women,1453239.0,3216.0,76461759.0,21,0
2020-01-14,5,Just Mercy,1352131.0,2375.0,12171803.0,21,0
2020-01-14,6,Like a Boss,1250186.0,3078.0,11877038.0,5,0
2020-01-14,7,Underwater,790160.0,2791.0,8305787.0,5,0
2020-01-14,8,Knives Out,750463.0,2060.0,140699280.0,49,0
2020-01-14,9,Frozen II,598519.0,2655.0,460465624.0,54,0
2020-01-14,10,Uncut Gems,569627.0,2081.0,44229982.0,33,0
2020-01-14,11,Spies in Disguise,461022.0,2671.0,55371529.0,21,0
2020-01-14,12,The Grudge,440852.0,2642.0,18655641.0,12,0
2020-01-14,13,Bombshell,266994.0,1289.0,28313832.0,33,0
2020-01-14,14,Parasite,179418.0,345.0,25664615.0,96,0
2020-01-14,15,Ford v. Ferrari,127458.0,567.0,111626329.0,61,0
2020-01-14,-,A Beautiful Day in the Neighborhood,84627.0,519.0,60073158.0,54,0
2020-01-14,-,Cats,80555.0,818.0,26539480.0,26,0
2020-01-14,-,Queen & Slim,57015.0,442.0,43587335.0,49,0
2020-01-14,-,Chhapaak,50363.0,100.0,392905.0,5,0
2020-01-14,-,Jojo Rabbit,45268.0,125.0,22050268.0,89,0
2020-01-14,-,Richard Jewell,34221.0,376.0,22054542.0,33,0
2020-01-14,-,A Hidden Life,15132.0,119.0,1533357.0,33,0
2020-01-14,-,Midway,12383.0,178.0,56729882.0,68,0
2020-01-14,-,Harriet,12045.0,122.0,42925765.0,75,0
2020-01-14,-,Joker,11871.0,85.0,334127373.0,103,0
2020-01-14,-,Dark Waters,10635.0,100.0,11107654.0,54,0
2020-01-14,-,21 Bridges,8654.0,141.0,28500806.0,54,0
2020-01-14,-,Once Upon a Time…in Hollywood,6922.0,54.0,141148947.0,173,0
2020-01-14,-,Maleficent: Mistress of Evil,6741.0,128.0,113667297.0,89,0
2020-01-14,-,The Good Liar,4175.0,66.0,17148625.0,61,0
2020-01-14,-,Judy,3222.0,30.0,24051269.0,110,0
2020-01-14,-,Zombieland: Double Tap,3152.0,75.0,73088080.0,89,0
2020-01-14,-,The Lighthouse,3141.0,8.0,10840068.0,89,0
2020-01-14,-,Les Misérables,2599.0,4.0,29657.0,5,0
2020-01-14,-,Invisible Life,2183.0,18.0,89139.0,26,0
2020-01-14,-,Honey Boy,2084.0,23.0,3009078.0,68,0
2020-01-14,-,Three Christs,1973.0,31.0,18499.0,5,0
2020-01-14,-,No Safe Spaces,1806.0,43.0,1285538.0,82,0
2020-01-14,-,Clemency,1720.0,10.0,108780.0,19,0
2020-01-14,-,Waves,1057.0,5.0,1644069.0,61,0
2020-01-14,-,Midnight Family,450.0,13.0,26337.0,40,0
2020-01-14,-,The Kingmaker,190.0,5.0,120994.0,68,0
2020-01-14,-,Linda Ronstadt: The Sound of My Voice,162.0,4.0,4248762.0,131,0
2020-01-13,1,1917,3151305.0,3434.0,42872784.0,20,0
2020-01-13,2,Star Wars: The Rise of Skywalker,1153399.0,4279.0,479451123.0,25,0
2020-01-13,3,Little Women,826118.0,3216.0,75008520.0,20,0
2020-01-13,4,Jumanji: The Next Level,770147.0,3904.0,257900259.0,32,0
2020-01-13,5,Just Mercy,670456.0,2375.0,10819672.0,20,0
2020-01-13,6,Like a Boss,615580.0,3078.0,10626852.0,4,0
2020-01-13,7,Underwater,507330.0,2791.0,7515627.0,4,0
2020-01-13,8,Knives Out,427174.0,2060.0,139948817.0,48,0
2020-01-13,9,Uncut Gems,339064.0,2081.0,43660355.0,32,0
2020-01-13,10,Frozen II,333913.0,2655.0,459867105.0,53,0
2020-01-13,11,The Grudge,292894.0,2642.0,18214789.0,11,0
2020-01-13,12,Spies in Disguise,228741.0,2671.0,54910507.0,20,0
2020-01-13,13,Bombshell,153027.0,1289.0,28046838.0,32,0
2020-01-13,14,Parasite,128156.0,345.0,25485197.0,95,0
2020-01-13,15,Ford v. Ferrari,80319.0,567.0,111498871.0,60,0
2020-01-13,-,Cats,60240.0,818.0,26458925.0,25,0
2020-01-13,-,A Beautiful Day in the Neighborhood,55511.0,519.0,59988531.0,53,0
2020-01-13,-,Queen & Slim,37410.0,442.0,43530320.0,48,0
2020-01-13,-,Jojo Rabbit,28682.0,125.0,22005000.0,88,0
2020-01-13,-,Chhapaak,25761.0,100.0,342542.0,4,0
2020-01-13,-,Richard Jewell,20194.0,376.0,22020321.0,32,0
2020-01-13,-,A Hidden Life,12464.0,119.0,1518225.0,32,0
2020-01-13,-,Joker,9648.0,85.0,334115502.0,102,0
2020-01-13,-,Harriet,8560.0,122.0,42913720.0,74,0
2020-01-13,-,Midway,8428.0,178.0,56717499.0,67,0
2020-01-13,-,Dark Waters,8045.0,100.0,11097019.0,53,0
2020-01-13,-,21 Bridges,6692.0,141.0,28492152.0,53,0
2020-01-13,-,Maleficent: Mistress of Evil,5291.0,128.0,113660556.0,88,0
2020-01-13,-,The Lighthouse,4526.0,8.0,10836927.0,88,0
2020-01-13,-,Once Upon a Time…in Hollywood,4135.0,54.0,141142025.0,172,0
2020-01-13,-,Zombieland: Double Tap,2970.0,75.0,73084928.0,88,0
2020-01-13,-,Les Misérables,2904.0,4.0,27058.0,4,0
2020-01-13,-,The Good Liar,2814.0,66.0,17144450.0,60,0
2020-01-13,-,Invisible Life,2573.0,18.0,86956.0,25,0
2020-01-13,-,Judy,2330.0,30.0,24048047.0,109,0
2020-01-13,-,Three Christs,1906.0,31.0,16526.0,4,0
2020-01-13,-,Waves,1795.0,5.0,1643012.0,60,0
2020-01-13,-,No Safe Spaces,1764.0,42.0,1283732.0,81,0
2020-01-13,-,Clemency,1610.0,10.0,107060.0,18,0
2020-01-13,-,Honey Boy,1214.0,23.0,3006994.0,67,0
2020-01-13,-,Linda Ronstadt: The Sound of My Voice,1074.0,4.0,4248600.0,130,0
2020-01-13,-,Midnight Family,524.0,13.0,25887.0,39,0
2020-01-13,-,The Kingmaker,283.0,5.0,120804.0,67,0
2020-01-16,1,1917,3055675.0,3434.0,54616984.0,23,0
2020-01-16,2,Weathering With You,1451823.0,1020.0,3046250.0,2,0
2020-01-16,3,Star Wars: The Rise of Skywalker,1076521.0,4279.0,483645801.0,28,0
2020-01-16,4,Little Women,988356.0,3216.0,78491052.0,23,0
2020-01-16,5,Jumanji: The Next Level,727341.0,3904.0,260912975.0,35,0
2020-01-16,6,Just Mercy,674624.0,2375.0,13612643.0,23,0
2020-01-16,7,Like a Boss,550029.0,3078.0,13083588.0,7,0
2020-01-16,8,Knives Out,468906.0,2060.0,141677387.0,51,0
2020-01-16,9,Underwater,427617.0,2791.0,9220707.0,7,0
2020-01-16,10,Frozen II,328253.0,2655.0,461151690.0,56,0
2020-01-16,11,Uncut Gems,320962.0,2081.0,44928599.0,35,0
2020-01-16,12,Spies in Disguise,196842.0,2671.0,55826867.0,23,0
2020-01-16,13,The Grudge,191261.0,2642.0,19132641.0,14,0
2020-01-16,14,Parasite,169730.0,345.0,25988645.0,98,0
2020-01-16,15,Bombshell,159541.0,1289.0,28664908.0,35,0
2020-01-16,-,Ford v. Ferrari,89061.0,567.0,111810388.0,63,0
2020-01-16,-,A Beautiful Day in the Neighborhood,64487.0,519.0,60203849.0,56,0
2020-01-16,-,Cats,47795.0,818.0,26647835.0,28,0
2020-01-16,-,Jojo Rabbit,41092.0,125.0,22129072.0,91,0
2020-01-16,-,Queen & Slim,21975.0,442.0,43648410.0,51,0
2020-01-16,-,Richard Jewell,21428.0,376.0,22100178.0,35,0
2020-01-16,-,A Hidden Life,19727.0,119.0,1568268.0,35,0
2020-01-16,-,Chhapaak,15335.0,100.0,430994.0,7,0
2020-01-16,-,Dark Waters,14660.0,100.0,11136084.0,56,0
2020-01-16,-,Midway,11811.0,178.0,56754641.0,70,0
2020-01-16,-,Harriet,11805.0,122.0,42950890.0,77,0
2020-01-16,-,Joker,9217.0,85.0,334147201.0,105,0
2020-01-16,-,Maleficent: Mistress of Evil,5296.0,128.0,113678295.0,91,0
2020-01-16,-,21 Bridges,4852.0,141.0,28511664.0,56,0
2020-01-16,-,Once Upon a Time…in Hollywood,4217.0,54.0,141158021.0,175,0
2020-01-16,-,Invisible Life,3590.0,18.0,95321.0,28,0
2020-01-16,-,The Good Liar,3556.0,66.0,17156058.0,63,0
2020-01-16,-,No Safe Spaces,3486.0,42.0,1291082.0,84,0
2020-01-16,-,Judy,3480.0,30.0,24060454.0,112,0
2020-01-16,-,Les Misérables,3439.0,4.0,36633.0,7,0
2020-01-16,-,Zombieland: Double Tap,3282.0,75.0,73094302.0,91,0
2020-01-16,-,Clemency,2113.0,10.0,112432.0,21,0
2020-01-16,-,Honey Boy,2055.0,23.0,3012615.0,70,0
2020-01-16,-,Three Christs,1881.0,31.0,22083.0,7,0
2020-01-16,-,The Lighthouse,1256.0,8.0,10843349.0,91,0
2020-01-16,-,Waves,1138.0,5.0,1646646.0,63,0
2020-01-16,-,Citizen K,881.0,1.0,26623.0,56,0
2020-01-16,-,Midnight Family,665.0,13.0,27390.0,42,0
2020-01-16,-,Linda Ronstadt: The Sound of My Voice,204.0,4.0,4249223.0,133,0
2020-01-16,-,The Kingmaker,147.0,5.0,121291.0,70,0
2020-01-17,1,Bad Boys For Life,23601382.0,3775.0,23601382.0,1,1
2020-01-17,2,1917,6227625.0,3612.0,60844609.0,24,0
2020-01-17,3,Dolittle,6210110.0,4155.0,6210110.0,1,1
2020-01-17,4,Jumanji: The Next Level,2180734.0,3323.0,263093709.0,36,0
2020-01-17,5,Star Wars: The Rise of Skywalker,1970398.0,3058.0,485616199.0,29,0
2020-01-17,6,Just Mercy,1650604.0,2457.0,15263247.0,24,0
2020-01-17,7,Little Women,1644663.0,2503.0,80135715.0,24,0
2020-01-17,8,Like a Boss,1210069.0,3081.0,14293657.0,8,0
2020-01-17,9,Knives Out,1135631.0,1667.0,142813018.0,52,0
2020-01-17,10,Underwater,987757.0,2791.0,10208464.0,8,0
2020-01-17,11,Frozen II,733692.0,2080.0,461885382.0,57,0
2020-01-17,12,Weathering With You,578982.0,486.0,3625232.0,3,0
2020-01-17,13,Spies in Disguise,499974.0,1761.0,56326841.0,24,0
2020-01-17,14,Parasite,441018.0,843.0,26429663.0,99,0
2020-01-17,15,Jojo Rabbit,380150.0,1005.0,22509222.0,92,0
2020-01-17,-,Uncut Gems,379850.0,930.0,45308449.0,36,0
2020-01-17,-,Ford v. Ferrari,284108.0,1080.0,112094496.0,64,0
2020-01-17,-,The Grudge,266681.0,977.0,19399322.0,15,0
2020-01-17,-,Bombshell,171720.0,410.0,28836628.0,36,0
2020-01-17,-,Joker,93622.0,854.0,334240823.0,106,0
2020-01-17,-,Once Upon a Time…in Hollywood,84629.0,705.0,141242650.0,176,0
2020-01-17,-,A Beautiful Day in the Neighborhood,79884.0,365.0,60283733.0,57,0
2020-01-17,-,Cats,37070.0,146.0,26684905.0,29,0
2020-01-17,-,Chhapaak,28540.0,100.0,459534.0,8,0
2020-01-17,-,Harriet,25090.0,95.0,42975980.0,78,0
2020-01-17,-,Les Misérables,20415.0,42.0,57048.0,8,0
2020-01-17,-,Richard Jewell,18834.0,163.0,22119012.0,36,0
2020-01-17,-,Queen & Slim,18510.0,120.0,43666920.0,52,0
2020-01-17,-,Midway,16517.0,113.0,56771158.0,71,0
2020-01-17,-,Maleficent: Mistress of Evil,15169.0,105.0,113693464.0,92,0
2020-01-17,-,A Hidden Life,12217.0,55.0,1580485.0,36,0
2020-01-17,-,Judy,6337.0,44.0,24066791.0,113,0
2020-01-17,-,Invisible Life,6304.0,15.0,101625.0,29,0
2020-01-17,-,21 Bridges,5219.0,51.0,28516883.0,57,0
2020-01-17,-,Clemency,4738.0,10.0,117170.0,22,0
2020-01-17,-,Zombieland: Double Tap,4557.0,50.0,73098859.0,92,0
2020-01-17,-,Citizen K,4375.0,1.0,30998.0,57,0
2020-01-17,-,The Lighthouse,3863.0,5.0,10847212.0,92,0
2020-01-17,-,Three Christs,2461.0,23.0,24544.0,8,0
2020-01-17,-,Waves,909.0,8.0,1647555.0,64,0
2020-01-17,-,Midnight Family,849.0,5.0,28239.0,43,0
2020-01-17,-,Linda Ronstadt: The Sound of My Voice,109.0,2.0,4249332.0,134,0
2020-01-17,-,No Safe Spaces,96.0,3.0,1291178.0,85,0
2020-01-17,-,The Kingmaker,55.0,1.0,121346.0,71,0
2020-01-20,1,Bad Boys For Life,10529839.0,3775.0,73033944.0,4,0
2020-01-20,2,Dolittle,6457885.0,4155.0,28301930.0,4,0
2020-01-20,3,1917,4922850.0,3612.0,81524034.0,27,0
2020-01-20,4,Jumanji: The Next Level,2960468.0,3323.0,273573786.0,39,0
2020-01-20,5,Star Wars: The Rise of Skywalker,2303679.0,3058.0,494238528.0,32,0
2020-01-20,6,Little Women,1865207.0,2503.0,86718817.0,27,0
2020-01-20,7,Just Mercy,1740829.0,2457.0,21129945.0,27,0
2020-01-20,8,Frozen II,1512418.0,2080.0,466476766.0,60,0
2020-01-20,9,Spies in Disguise,1301035.0,1761.0,59800256.0,27,0
2020-01-20,10,Knives Out,1046234.0,1667.0,147004034.0,55,0
2020-01-20,11,Underwater,797602.0,2791.0,13749871.0,11,0
2020-01-20,12,Like a Boss,739792.0,3081.0,17863790.0,11,0
2020-01-20,13,Parasite,502035.0,843.0,28202668.0,102,0
2020-01-20,14,Jojo Rabbit,428699.0,1005.0,24047106.0,95,0
2020-01-20,15,Weathering With You,425189.0,486.0,5279972.0,6,0
2020-01-20,-,Uncut Gems,314165.0,930.0,46550010.0,39,0
2020-01-20,-,Ford v. Ferrari,269374.0,1080.0,113152618.0,67,0
2020-01-20,-,Bombshell,153186.0,410.0,29432596.0,39,0
2020-01-20,-,The Grudge,152990.0,977.0,20195364.0,18,0
2020-01-20,-,Once Upon a Time…in Hollywood,96586.0,705.0,141575381.0,179,0
2020-01-20,-,A Beautiful Day in the Neighborhood,89947.0,365.0,60588038.0,60,0
2020-01-20,-,Joker,81264.0,854.0,334576513.0,109,0
2020-01-20,-,Cats,35525.0,146.0,26827040.0,32,0
2020-01-20,-,Harriet,29445.0,95.0,43051130.0,81,0
2020-01-20,-,Maleficent: Mistress of Evil,20675.0,105.0,113770483.0,95,0
2020-01-20,-,Chhapaak,17653.0,100.0,553775.0,11,0
2020-01-20,-,Les Misérables,16392.0,42.0,122477.0,11,0
2020-01-20,-,Richard Jewell,16012.0,163.0,22181668.0,39,0
2020-01-20,-,Queen & Slim,14770.0,120.0,43730180.0,55,0
2020-01-20,-,A Hidden Life,14156.0,55.0,1629640.0,39,0
2020-01-20,-,Midway,12827.0,113.0,56824434.0,74,0
2020-01-20,-,Judy,8540.0,44.0,24093271.0,116,0
2020-01-20,-,Play the Flute,4560.0,3.0,212223.0,358,0
2020-01-20,-,Clemency,4507.0,10.0,134530.0,25,0
2020-01-20,-,Invisible Life,4265.0,15.0,122754.0,32,0
2020-01-20,-,Zombieland: Double Tap,3982.0,50.0,73118130.0,95,0
2020-01-20,-,21 Bridges,3899.0,51.0,28533552.0,60,0
2020-01-20,-,Three Christs,1993.0,23.0,30676.0,11,0
2020-01-20,-,Citizen K,1981.0,1.0,38139.0,60,0
2020-01-20,-,Waves,1176.0,8.0,1651151.0,67,0
2020-01-20,-,The Lighthouse,1046.0,5.0,10857026.0,95,0
2020-01-20,-,Midnight Family,629.0,5.0,30875.0,46,0
2020-01-20,-,The Kingmaker,166.0,1.0,121746.0,74,0
2020-01-20,-,No Safe Spaces,129.0,3.0,1291514.0,88,0
2020-01-20,-,Linda Ronstadt: The Sound of My Voice,106.0,2.0,4249948.0,137,0
2020-01-20,-,Be Natural: The Untold Story Of Alice Guy-Blaché,67.0,1.0,114654.0,277,0
2020-01-18,1,Bad Boys For Life,21716950.0,3775.0,45318332.0,2,0
2020-01-18,2,1917,9410710.0,3612.0,70255319.0,25,0
2020-01-18,3,Dolittle,8841885.0,4155.0,15051995.0,2,0
2020-01-18,4,Jumanji: The Next Level,4155692.0,3323.0,267249401.0,37,0
2020-01-18,5,Star Wars: The Rise of Skywalker,3529380.0,3058.0,489145579.0,30,0
2020-01-18,6,Little Women,2468519.0,2503.0,82604234.0,25,0
2020-01-18,7,Just Mercy,2394077.0,2457.0,17657324.0,25,0
2020-01-18,8,Knives Out,1836530.0,1667.0,144649548.0,53,0
2020-01-18,9,Frozen II,1645773.0,2080.0,463531155.0,58,0
2020-01-18,10,Like a Boss,1594932.0,3081.0,15888589.0,9,0
2020-01-18,11,Underwater,1498130.0,2791.0,11706594.0,9,0
2020-01-18,12,Spies in Disguise,1204919.0,1761.0,57531760.0,25,0
2020-01-18,13,Parasite,710039.0,843.0,27139702.0,100,0
2020-01-18,14,Weathering With You,643969.0,486.0,4269201.0,4,0
2020-01-18,15,Jojo Rabbit,618119.0,1005.0,23127341.0,93,0
2020-01-18,-,Uncut Gems,515220.0,930.0,45823669.0,37,0
2020-01-18,-,Ford v. Ferrari,488681.0,1080.0,112583177.0,65,0
2020-01-18,-,The Grudge,349335.0,977.0,19748657.0,16,0
2020-01-18,-,Bombshell,252041.0,410.0,29088669.0,37,0
2020-01-18,-,Joker,148265.0,854.0,334389088.0,107,0
2020-01-18,-,Once Upon a Time…in Hollywood,141180.0,705.0,141383830.0,177,0
2020-01-18,-,A Beautiful Day in the Neighborhood,123865.0,365.0,60407598.0,58,0
2020-01-18,-,Cats,56390.0,146.0,26741295.0,30,0
2020-01-18,-,Chhapaak,37046.0,100.0,496580.0,9,0
2020-01-18,-,Maleficent: Mistress of Evil,31301.0,105.0,113724765.0,93,0
2020-01-18,-,Richard Jewell,27461.0,163.0,22146473.0,37,0
2020-01-18,-,Queen & Slim,26845.0,120.0,43693765.0,53,0
2020-01-18,-,Les Misérables,26552.0,42.0,83600.0,9,0
2020-01-18,-,Midway,25938.0,113.0,56797096.0,72,0
2020-01-18,-,Harriet,25515.0,95.0,43001495.0,79,0
2020-01-18,-,A Hidden Life,20022.0,55.0,1600507.0,37,0
2020-01-18,-,Invisible Life,9808.0,15.0,111433.0,30,0
2020-01-18,-,Judy,9393.0,44.0,24076184.0,114,0
2020-01-18,-,Zombieland: Double Tap,8459.0,50.0,73107318.0,93,0
2020-01-18,-,21 Bridges,7522.0,51.0,28524405.0,58,0
2020-01-18,-,Clemency,7266.0,10.0,124436.0,23,0
2020-01-18,-,The Lighthouse,4296.0,5.0,10851508.0,93,0
2020-01-18,-,Citizen K,3252.0,1.0,34250.0,58,0
2020-01-18,-,Three Christs,2431.0,23.0,26975.0,9,0
2020-01-18,-,Waves,1352.0,8.0,1648907.0,65,0
2020-01-18,-,Midnight Family,1081.0,5.0,29320.0,44,0
2020-01-18,-,Linda Ronstadt: The Sound of My Voice,224.0,2.0,4249556.0,135,0
2020-01-18,-,The Kingmaker,145.0,1.0,121491.0,72,0
2020-01-18,-,No Safe Spaces,135.0,3.0,1291313.0,86,0
2020-01-19,1,Bad Boys For Life,17185773.0,3775.0,62504105.0,3,0
2020-01-19,2,Dolittle,6792050.0,4155.0,21844045.0,3,0
2020-01-19,3,1917,6345865.0,3612.0,76601184.0,26,0
2020-01-19,4,Jumanji: The Next Level,3363917.0,3323.0,270613318.0,38,0
2020-01-19,5,Star Wars: The Rise of Skywalker,2789270.0,3058.0,491934849.0,31,0
2020-01-19,6,Little Women,2249376.0,2503.0,84853610.0,26,0
2020-01-19,7,Just Mercy,1731792.0,2457.0,19389116.0,26,0
2020-01-19,8,Frozen II,1433193.0,2080.0,464964348.0,59,0
2020-01-19,9,Knives Out,1308252.0,1667.0,145957800.0,54,0
2020-01-19,10,Underwater,1245675.0,2791.0,12952269.0,10,0
2020-01-19,11,Like a Boss,1235409.0,3081.0,17123998.0,10,0
2020-01-19,12,Spies in Disguise,967461.0,1761.0,58499221.0,26,0
2020-01-19,13,Weathering With You,585582.0,486.0,4854783.0,5,0
2020-01-19,14,Parasite,560931.0,843.0,27700633.0,101,0
2020-01-19,15,Jojo Rabbit,491066.0,1005.0,23618407.0,94,0
2020-01-19,-,Uncut Gems,412176.0,930.0,46235845.0,38,0
2020-01-19,-,Ford v. Ferrari,300067.0,1080.0,112883244.0,66,0
2020-01-19,-,The Grudge,293717.0,977.0,20042374.0,17,0
2020-01-19,-,Bombshell,190741.0,410.0,29279410.0,38,0
2020-01-19,-,Joker,106161.0,854.0,334495249.0,108,0
2020-01-19,-,Once Upon a Time…in Hollywood,94965.0,705.0,141478795.0,178,0
2020-01-19,-,A Beautiful Day in the Neighborhood,90493.0,365.0,60498091.0,59,0
2020-01-19,-,Cats,50220.0,146.0,26791515.0,31,0
2020-01-19,-,Chhapaak,39542.0,100.0,536122.0,10,0
2020-01-19,-,Maleficent: Mistress of Evil,25043.0,105.0,113749808.0,94,0
2020-01-19,-,Les Misérables,22485.0,42.0,106085.0,10,0
2020-01-19,-,Queen & Slim,21645.0,120.0,43715410.0,54,0
2020-01-19,-,Harriet,20190.0,95.0,43021685.0,80,0
2020-01-19,-,Richard Jewell,19183.0,163.0,22165656.0,38,0
2020-01-19,-,A Hidden Life,14977.0,55.0,1615484.0,38,0
2020-01-19,-,Midway,14511.0,113.0,56811607.0,73,0
2020-01-19,-,Judy,8547.0,44.0,24084731.0,115,0
2020-01-19,-,Invisible Life,7056.0,15.0,118489.0,31,0
2020-01-19,-,Zombieland: Double Tap,6830.0,50.0,73114148.0,94,0
2020-01-19,-,Clemency,5587.0,10.0,130023.0,24,0
2020-01-19,-,21 Bridges,5248.0,51.0,28529653.0,59,0
2020-01-19,-,The Lighthouse,4472.0,5.0,10855980.0,94,0
2020-01-19,-,Citizen K,1908.0,1.0,36158.0,59,0
2020-01-19,-,Three Christs,1708.0,23.0,28683.0,10,0
2020-01-19,-,Waves,1068.0,8.0,1649975.0,66,0
2020-01-19,-,Midnight Family,926.0,5.0,30246.0,45,0
2020-01-19,-,Linda Ronstadt: The Sound of My Voice,286.0,2.0,4249842.0,136,0
2020-01-19,-,The Kingmaker,89.0,1.0,121580.0,73,0
2020-01-19,-,No Safe Spaces,72.0,3.0,1291385.0,87,0
2020-01-21,1,Bad Boys For Life,6425896.0,3775.0,79459840.0,5,0
2020-01-21,2,1917,2896830.0,3612.0,84420864.0,28,0
2020-01-21,3,Dolittle,2027695.0,4155.0,30329625.0,5,0
2020-01-21,4,Little Women,980064.0,2503.0,87698881.0,28,0
2020-01-21,5,Jumanji: The Next Level,951209.0,3323.0,274524995.0,40,0
2020-01-21,6,Star Wars: The Rise of Skywalker,950522.0,3058.0,495189050.0,33,0
2020-01-21,7,Just Mercy,882863.0,2457.0,22012808.0,28,0
2020-01-21,8,Like a Boss,541303.0,3081.0,18405093.0,12,0
2020-01-21,9,Knives Out,520618.0,1667.0,147524652.0,56,0
2020-01-21,10,Underwater,450732.0,2791.0,14200603.0,12,0
2020-01-21,11,Frozen II,373808.0,2080.0,466850574.0,61,0
2020-01-21,12,Parasite,291180.0,843.0,28493848.0,103,0
2020-01-21,13,Spies in Disguise,233316.0,1761.0,60033572.0,28,0
2020-01-21,14,Weathering With You,220009.0,486.0,5499981.0,7,0
2020-01-21,15,Jojo Rabbit,212643.0,1005.0,24259749.0,96,0
2020-01-21,-,Uncut Gems,179315.0,930.0,46729325.0,40,0
2020-01-21,-,Ford v. Ferrari,157086.0,1080.0,113309704.0,68,0
2020-01-21,-,The Grudge,113159.0,977.0,20308523.0,19,0
2020-01-21,-,Bombshell,97208.0,410.0,29529804.0,40,0
2020-01-21,-,Once Upon a Time…in Hollywood,57750.0,705.0,141633131.0,180,0
2020-01-21,-,Joker,52128.0,854.0,334628641.0,110,0
2020-01-21,-,A Beautiful Day in the Neighborhood,50227.0,365.0,60638265.0,61,0
2020-01-21,-,Cats,18240.0,146.0,26845280.0,33,0
2020-01-21,-,Chhapaak,16163.0,100.0,569938.0,12,0
2020-01-21,-,Richard Jewell,13437.0,163.0,22195105.0,40,0
2020-01-21,-,Queen & Slim,8785.0,120.0,43738965.0,56,0
2020-01-21,-,Midway,8563.0,113.0,56832997.0,75,0
2020-01-21,-,Harriet,7950.0,95.0,43059080.0,82,0
2020-01-21,-,Les Misérables,7583.0,42.0,130060.0,12,0
2020-01-21,-,A Hidden Life,6963.0,55.0,1636603.0,40,0
2020-01-21,-,Maleficent: Mistress of Evil,4904.0,105.0,113775387.0,96,0
2020-01-21,-,Judy,4134.0,44.0,24097405.0,117,0
2020-01-21,-,Clemency,2689.0,10.0,137219.0,26,0
2020-01-21,-,Invisible Life,2110.0,15.0,124864.0,33,0
2020-01-21,-,21 Bridges,2054.0,51.0,28535606.0,61,0
2020-01-21,-,Three Christs,1893.0,23.0,32569.0,12,0
2020-01-21,-,Citizen K,1223.0,1.0,39362.0,61,0
2020-01-21,-,Linda Ronstadt: The Sound of My Voice,1034.0,2.0,4250982.0,138,0
2020-01-21,-,The Lighthouse,952.0,5.0,10857978.0,96,0
2020-01-21,-,The Kingmaker,640.0,1.0,122386.0,75,0
2020-01-21,-,Waves,578.0,8.0,1651729.0,68,0
2020-01-21,-,Midnight Family,493.0,5.0,31368.0,47,0
2020-01-21,-,Be Natural: The Untold Story Of Alice Guy-Blaché,18.0,1.0,114672.0,278,0
2020-01-22,1,Bad Boys For Life,3673413.0,3775.0,83133253.0,6,0
2020-01-22,2,1917,1889790.0,3612.0,86310654.0,29,0
2020-01-22,3,Dolittle,960065.0,4155.0,31289690.0,6,0
2020-01-22,4,Little Women,686197.0,2503.0,88385078.0,29,0
2020-01-22,5,Star Wars: The Rise of Skywalker,627448.0,3058.0,495816498.0,34,0
2020-01-22,6,Just Mercy,520466.0,2457.0,22533274.0,29,0
2020-01-22,7,Jumanji: The Next Level,510737.0,3323.0,275035732.0,41,0
2020-01-22,8,Knives Out,351271.0,1667.0,147875923.0,57,0
2020-01-22,9,Like a Boss,317032.0,3081.0,18722125.0,13,0
2020-01-22,10,Underwater,288711.0,2791.0,14489314.0,13,0
2020-01-22,11,Parasite,227121.0,843.0,28720969.0,104,0
2020-01-22,12,Frozen II,215674.0,2080.0,467066248.0,62,0
2020-01-22,13,Weathering With You,205833.0,486.0,5705814.0,8,0
2020-01-22,14,Jojo Rabbit,166485.0,1005.0,24426234.0,97,0
2020-01-22,15,Uncut Gems,137643.0,930.0,46866968.0,41,0
2020-01-22,-,Ford v. Ferrari,118144.0,1080.0,113427848.0,69,0
2020-01-22,-,Spies in Disguise,118064.0,1761.0,60151636.0,29,0
2020-01-22,-,The Grudge,80914.0,977.0,20389437.0,20,0
2020-01-22,-,Bombshell,77826.0,410.0,29607630.0,41,0
2020-01-22,-,Once Upon a Time…in Hollywood,45253.0,705.0,141678384.0,181,0
2020-01-22,-,A Beautiful Day in the Neighborhood,42921.0,365.0,60681186.0,62,0
2020-01-22,-,Joker,40113.0,854.0,334668754.0,111,0
2020-01-22,-,Cats,14470.0,146.0,26859750.0,34,0
2020-01-22,-,Judy,13048.0,44.0,24110453.0,118,0
2020-01-22,-,Richard Jewell,11004.0,163.0,22206109.0,41,0
2020-01-22,-,A Hidden Life,9045.0,55.0,1645648.0,41,0
2020-01-22,-,Harriet,8700.0,95.0,43067780.0,83,0
2020-01-22,-,Les Misérables,8339.0,42.0,138399.0,13,0
2020-01-22,-,Chhapaak,8146.0,100.0,578084.0,13,0
2020-01-22,-,Midway,7432.0,113.0,56840429.0,76,0
2020-01-22,-,Queen & Slim,6680.0,120.0,43745645.0,57,0
2020-01-22,-,Maleficent: Mistress of Evil,4027.0,105.0,113779414.0,97,0
2020-01-22,-,Clemency,2510.0,10.0,139729.0,27,0
2020-01-22,-,Invisible Life,2095.0,15.0,126959.0,34,0
2020-01-22,-,21 Bridges,1949.0,51.0,28537555.0,62,0
2020-01-22,-,Three Christs,1211.0,23.0,33780.0,13,0
2020-01-22,-,The Lighthouse,856.0,5.0,10858834.0,97,0
2020-01-22,-,Citizen K,731.0,1.0,40093.0,62,0
2020-01-22,-,Waves,682.0,8.0,1652411.0,69,0
2020-01-22,-,Midnight Family,495.0,5.0,31863.0,48,0
2020-01-22,-,Linda Ronstadt: The Sound of My Voice,175.0,2.0,4251157.0,139,0
2020-01-22,-,Be Natural: The Untold Story Of Alice Guy-Blaché,41.0,1.0,114713.0,279,0
2020-01-22,-,The Kingmaker,16.0,1.0,122402.0,76,0
2020-01-23,1,Bad Boys For Life,3510912.0,3775.0,86644165.0,7,0
2020-01-23,2,1917,1772655.0,3612.0,88083309.0,30,0
2020-01-23,3,Dolittle,895040.0,4155.0,32184730.0,7,0
2020-01-23,4,Little Women,642323.0,2503.0,89027401.0,30,0
2020-01-23,5,Star Wars: The Rise of Skywalker,593642.0,3058.0,496410140.0,35,0
2020-01-23,6,Jumanji: The Next Level,510068.0,3323.0,275545800.0,42,0
2020-01-23,7,Just Mercy,490108.0,2457.0,23023382.0,30,0
2020-01-23,8,Knives Out,339999.0,1667.0,148215922.0,58,0
2020-01-23,9,Like a Boss,274904.0,3081.0,18997029.0,14,0
2020-01-23,10,Underwater,221670.0,2791.0,14710984.0,14,0
2020-01-23,11,Parasite,218036.0,843.0,28939005.0,105,0
2020-01-23,12,Frozen II,197320.0,2080.0,467263568.0,63,0
2020-01-23,13,Weathering With You,153831.0,486.0,5859645.0,9,0
2020-01-23,14,Jojo Rabbit,148403.0,1005.0,24574637.0,98,0
2020-01-23,15,Uncut Gems,111387.0,930.0,46978355.0,42,0
2020-01-23,-,Spies in Disguise,108105.0,1761.0,60259741.0,30,0
2020-01-23,-,Ford v. Ferrari,103027.0,1080.0,113530875.0,70,0
2020-01-23,-,Bombshell,69788.0,410.0,29677418.0,42,0
2020-01-23,-,The Grudge,58227.0,977.0,20447664.0,21,0
2020-01-23,-,A Beautiful Day in the Neighborhood,40841.0,365.0,60722027.0,63,0
2020-01-23,-,Once Upon a Time…in Hollywood,35439.0,705.0,141713823.0,182,0
2020-01-23,-,Joker,32707.0,854.0,334701461.0,112,0
2020-01-23,-,Harriet,14375.0,95.0,43082155.0,84,0
2020-01-23,-,Cats,14085.0,146.0,26873835.0,35,0
2020-01-23,-,Richard Jewell,10388.0,163.0,22216497.0,42,0
2020-01-23,-,Les Misérables,9429.0,42.0,147828.0,14,0
2020-01-23,-,A Hidden Life,8892.0,55.0,1654540.0,42,0
2020-01-23,-,Chhapaak,7218.0,100.0,585302.0,14,0
2020-01-23,-,Queen & Slim,6630.0,120.0,43752275.0,58,0
2020-01-23,-,Midway,6373.0,113.0,56846802.0,77,0
2020-01-23,-,Maleficent: Mistress of Evil,4255.0,105.0,113783669.0,98,0
2020-01-23,-,Judy,4219.0,44.0,24114672.0,119,0
2020-01-23,-,Invisible Life,3225.0,15.0,130184.0,35,0
2020-01-23,-,Clemency,2974.0,10.0,142703.0,28,0
2020-01-23,-,21 Bridges,2202.0,51.0,28539757.0,63,0
2020-01-23,-,Citizen K,1234.0,1.0,41327.0,63,0
2020-01-23,-,The Lighthouse,1183.0,5.0,10860017.0,98,0
2020-01-23,-,Waves,910.0,8.0,1653321.0,70,0
2020-01-23,-,Three Christs,614.0,23.0,34394.0,14,0
2020-01-23,-,Midnight Family,522.0,5.0,32385.0,49,0
2020-01-23,-,The Kingmaker,185.0,1.0,122587.0,77,0
2020-01-23,-,Linda Ronstadt: The Sound of My Voice,175.0,2.0,4251332.0,140,0
2020-01-23,-,Be Natural: The Untold Story Of Alice Guy-Blaché,40.0,1.0,114753.0,280,0
2020-01-25,1,Bad Boys For Life,15453880.0,3775.0,111085768.0,9,0
2020-01-25,2,1917,7288305.0,3937.0,99389769.0,32,0
2020-01-25,3,Dolittle,5831305.0,4155.0,40759955.0,9,0
2020-01-25,4,The Gentlemen,4273592.0,2165.0,8002490.0,2,0
2020-01-25,5,Jumanji: The Next Level,3733636.0,3121.0,280998430.0,44,0
2020-01-25,6,The Turning,2910120.0,2571.0,5429725.0,2,0
2020-01-25,7,Star Wars: The Rise of Skywalker,2543434.0,2800.0,500207307.0,37,0
2020-01-25,8,Little Women,2024439.0,2528.0,92253291.0,32,0
2020-01-25,9,Just Mercy,1855726.0,2408.0,25970139.0,32,0
2020-01-25,10,Knives Out,1699470.0,1677.0,150843520.0,60,0
2020-01-25,11,Frozen II,1273565.0,1750.0,469021075.0,65,0
2020-01-25,12,Parasite,871242.0,1060.0,30302474.0,107,0
2020-01-25,13,Spies in Disguise,861155.0,1323.0,61419455.0,32,0
2020-01-25,14,Like a Boss,687868.0,1723.0,20126788.0,16,0
2020-01-25,15,Jojo Rabbit,644611.0,1160.0,25561637.0,100,0
2020-01-25,-,Underwater,571137.0,1677.0,15598577.0,16,0
2020-01-25,-,The Last Full Measure,421845.0,614.0,761447.0,2,0
2020-01-25,-,Ford v. Ferrari,391697.0,804.0,114123105.0,72,0
2020-01-25,-,Uncut Gems,303800.0,490.0,47453655.0,44,0
2020-01-25,-,Weathering With You,280960.0,458.0,6302705.0,11,0
2020-01-25,-,Bombshell,258804.0,410.0,30084866.0,44,0
2020-01-25,-,The Grudge,142533.0,420.0,20677729.0,23,0
2020-01-25,-,Panga,126529.0,102.0,201300.0,2,0
2020-01-25,-,A Beautiful Day in the Neighborhood,88559.0,240.0,60865966.0,65,0
2020-01-25,-,Joker,52809.0,348.0,334783032.0,114,0
2020-01-25,-,Once Upon a Time…in Hollywood,51398.0,325.0,141791878.0,184,0
2020-01-25,-,Cats,46490.0,133.0,26953625.0,37,0
2020-01-25,-,Clemency,39002.0,127.0,207433.0,30,0
2020-01-25,-,Richard Jewell,24382.0,155.0,22255600.0,44,0
2020-01-25,-,Les Misérables,23705.0,69.0,186843.0,16,0
2020-01-25,-,Maleficent: Mistress of Evil,23189.0,90.0,113818606.0,100,0
2020-01-25,-,Queen & Slim,17660.0,72.0,43780815.0,60,0
2020-01-25,-,A Hidden Life,15140.0,43.0,1678762.0,44,0
2020-01-25,-,Judy,7904.0,47.0,24126907.0,121,0
2020-01-25,-,The Man Standing Next,7205.0,2.0,11585.0,2,0
2020-01-25,-,Chhapaak,6378.0,21.0,595732.0,16,0
2020-01-25,-,Citizen K,6348.0,7.0,51190.0,65,0
2020-01-25,-,Invisible Life,4746.0,11.0,137577.0,37,0
2020-01-25,-,The Lighthouse,1417.0,5.0,10862435.0,100,0
2020-01-25,-,Midnight Family,1338.0,9.0,34705.0,51,0
2020-01-25,-,Waves,921.0,5.0,1655015.0,72,0
2020-01-25,-,Three Christs,107.0,4.0,34716.0,16,0
2020-01-24,1,Bad Boys For Life,8987723.0,3775.0,95631888.0,8,0
2020-01-24,2,1917,4018155.0,3937.0,92101464.0,31,0
2020-01-24,3,The Gentlemen,3728898.0,2165.0,3728898.0,1,1
2020-01-24,4,Dolittle,2743920.0,4155.0,34928650.0,8,0
2020-01-24,5,The Turning,2519605.0,2571.0,2519605.0,1,1
2020-01-24,6,Jumanji: The Next Level,1718994.0,3121.0,277264794.0,43,0
2020-01-24,7,Star Wars: The Rise of Skywalker,1253733.0,2800.0,497663873.0,36,0
2020-01-24,8,Little Women,1201451.0,2528.0,90228852.0,31,0
2020-01-24,9,Just Mercy,1091031.0,2408.0,24114413.0,31,0
2020-01-24,10,Knives Out,928128.0,1677.0,149144050.0,59,0
2020-01-24,11,Parasite,492227.0,1060.0,29431232.0,106,0
2020-01-24,12,Frozen II,483942.0,1750.0,467747510.0,64,0
2020-01-24,13,Like a Boss,441891.0,1723.0,19438920.0,15,0
2020-01-24,14,Jojo Rabbit,342389.0,1160.0,24917026.0,99,0
2020-01-24,15,The Last Full Measure,339602.0,614.0,339602.0,1,1
2020-01-24,-,Underwater,316456.0,1677.0,15027440.0,15,0
2020-01-24,-,Spies in Disguise,298559.0,1323.0,60558300.0,31,0
2020-01-24,-,Ford v. Ferrari,200533.0,804.0,113731408.0,71,0
2020-01-24,-,Uncut Gems,171500.0,490.0,47149855.0,43,0
2020-01-24,-,Weathering With You,162100.0,458.0,6021745.0,10,0
2020-01-24,-,Bombshell,148644.0,410.0,29826062.0,43,0
2020-01-24,-,The Grudge,87532.0,420.0,20535196.0,22,0
2020-01-24,-,Panga,74771.0,102.0,74771.0,1,1
2020-01-24,-,A Beautiful Day in the Neighborhood,55380.0,240.0,60777407.0,64,0
2020-01-24,-,Cats,33300.0,133.0,26907135.0,36,0
2020-01-24,-,Joker,28762.0,348.0,334730223.0,113,0
2020-01-24,-,Once Upon a Time…in Hollywood,26657.0,325.0,141740480.0,183,0
2020-01-24,-,Clemency,25728.0,127.0,168431.0,29,0
2020-01-24,-,Les Misérables,15310.0,69.0,163138.0,15,0
2020-01-24,-,Richard Jewell,14721.0,155.0,22231218.0,43,0
2020-01-24,-,Maleficent: Mistress of Evil,11748.0,90.0,113795417.0,99,0
2020-01-24,-,Queen & Slim,10880.0,72.0,43763155.0,59,0
2020-01-24,-,A Hidden Life,9082.0,43.0,1663622.0,43,0
2020-01-24,-,Judy,4331.0,47.0,24119003.0,120,0
2020-01-24,-,Chhapaak,4052.0,21.0,589354.0,15,0
2020-01-24,-,The Man Standing Next,3768.0,2.0,4380.0,1,1
2020-01-24,-,Citizen K,3515.0,7.0,44842.0,64,0
2020-01-24,-,Invisible Life,2647.0,11.0,132831.0,36,0
2020-01-24,-,The Lighthouse,1001.0,5.0,10861018.0,99,0
2020-01-24,-,Midnight Family,982.0,9.0,33367.0,50,0
2020-01-24,-,Waves,773.0,5.0,1654094.0,71,0
2020-01-24,-,Three Christs,215.0,4.0,34609.0,15,0
2020-01-26,1,Bad Boys For Life,9570111.0,3775.0,120655879.0,10,0
2020-01-26,2,1917,4610120.0,3937.0,103999889.0,33,0
2020-01-26,3,Dolittle,3623610.0,4155.0,44383565.0,10,0
2020-01-26,4,The Gentlemen,2649394.0,2165.0,10651884.0,3,0
2020-01-26,5,Jumanji: The Next Level,2247896.0,3121.0,283246326.0,45,0
2020-01-26,6,Star Wars: The Rise of Skywalker,1775511.0,2800.0,501982818.0,38,0
2020-01-26,7,The Turning,1520320.0,2571.0,6950045.0,3,0
2020-01-26,8,Little Women,1377255.0,2528.0,93630546.0,33,0
2020-01-26,9,Just Mercy,1084458.0,2408.0,27054597.0,33,0
2020-01-26,10,Knives Out,911422.0,1677.0,151754942.0,61,0
2020-01-26,11,Frozen II,890692.0,1750.0,469911767.0,66,0
2020-01-26,12,Parasite,610170.0,1060.0,30912644.0,108,0
2020-01-26,13,Spies in Disguise,601051.0,1323.0,62020506.0,33,0
2020-01-26,14,Jojo Rabbit,418254.0,1160.0,25979891.0,101,0
2020-01-26,15,Like a Boss,375067.0,1723.0,20501855.0,17,0
2020-01-26,-,Underwater,318853.0,1677.0,15917430.0,17,0
2020-01-26,-,The Last Full Measure,296572.0,614.0,1058019.0,3,0
2020-01-26,-,Weathering With You,225913.0,458.0,6528618.0,12,0
2020-01-26,-,Ford v. Ferrari,223715.0,804.0,114346820.0,73,0
2020-01-26,-,Uncut Gems,219273.0,490.0,47672928.0,45,0
2020-01-26,-,Bombshell,166100.0,410.0,30250966.0,45,0
2020-01-26,-,Panga,84389.0,102.0,285689.0,3,0
2020-01-26,-,The Grudge,70555.0,420.0,20748284.0,24,0
2020-01-26,-,A Beautiful Day in the Neighborhood,57096.0,240.0,60923062.0,66,0
2020-01-26,-,Once Upon a Time…in Hollywood,35991.0,325.0,141827869.0,185,0
2020-01-26,-,Joker,31711.0,348.0,334814743.0,115,0
2020-01-26,-,Clemency,30332.0,127.0,237765.0,31,0
2020-01-26,-,Cats,24995.0,133.0,26978620.0,38,0
2020-01-26,-,Les Misérables,18352.0,69.0,205195.0,17,0
2020-01-26,-,Richard Jewell,17168.0,155.0,22272768.0,45,0
2020-01-26,-,Maleficent: Mistress of Evil,14290.0,90.0,113832896.0,101,0
2020-01-26,-,Queen & Slim,10615.0,72.0,43791430.0,61,0
2020-01-26,-,A Hidden Life,10286.0,43.0,1689048.0,45,0
2020-01-26,-,Judy,5838.0,47.0,24132745.0,122,0
2020-01-26,-,The Man Standing Next,5541.0,2.0,17126.0,3,0
2020-01-26,-,Citizen K,4562.0,7.0,55752.0,66,0
2020-01-26,-,Invisible Life,4109.0,11.0,141686.0,38,0
2020-01-26,-,Chhapaak,3664.0,21.0,599396.0,17,0
2020-01-26,-,Midnight Family,1257.0,9.0,35962.0,52,0
2020-01-26,-,Waves,1225.0,5.0,1656240.0,73,0
2020-01-26,-,The Lighthouse,1046.0,5.0,10863481.0,101,0
2020-01-26,-,Three Christs,227.0,4.0,34943.0,17,0
2020-01-27,1,Bad Boys For Life,2227287.0,3775.0,122883166.0,11,0
2020-01-27,2,1917,1179580.0,3937.0,105179469.0,34,0
2020-01-27,3,The Gentlemen,788858.0,2165.0,11440742.0,4,0
2020-01-27,4,Dolittle,687115.0,4155.0,45070680.0,11,0
2020-01-27,5,Little Women,441312.0,2528.0,94071858.0,34,0
2020-01-27,7,Jumanji: The Next Level,435938.0,3121.0,283682264.0,46,0
2020-01-27,6,Star Wars: The Rise of Skywalker,435938.0,2800.0,502418756.0,39,0
2020-01-27,8,The Turning,394955.0,2571.0,7345000.0,4,0
2020-01-27,9,Just Mercy,316163.0,2408.0,27370760.0,34,0
2020-01-27,10,Knives Out,252494.0,1677.0,152007436.0,62,0
2020-01-27,11,Parasite,187954.0,1060.0,31100598.0,109,0
2020-01-27,12,Frozen II,177965.0,1750.0,470089732.0,67,0
2020-01-27,13,Jojo Rabbit,132412.0,1160.0,26112303.0,102,0
2020-01-27,14,The Last Full Measure,113106.0,614.0,1171125.0,4,0
2020-01-27,15,Like a Boss,109964.0,1723.0,20611819.0,18,0
2020-01-27,-,Spies in Disguise,102489.0,1323.0,62122995.0,34,0
2020-01-27,-,Underwater,100710.0,1677.0,16018140.0,18,0
2020-01-27,-,Weathering With You,80407.0,458.0,6609025.0,13,0
2020-01-27,-,Ford v. Ferrari,74974.0,804.0,114421794.0,74,0
2020-01-27,-,Uncut Gems,67057.0,490.0,47739985.0,46,0
2020-01-27,-,Bombshell,58653.0,410.0,30309619.0,46,0
2020-01-27,-,The Grudge,25674.0,420.0,20773958.0,25,0
2020-01-27,-,A Beautiful Day in the Neighborhood,21359.0,240.0,60944421.0,67,0
2020-01-27,-,Joker,15727.0,348.0,334830470.0,116,0
2020-01-27,-,Panga,15518.0,102.0,301207.0,4,0
2020-01-27,-,Once Upon a Time…in Hollywood,14663.0,325.0,141842532.0,186,0
2020-01-27,-,Clemency,10022.0,125.0,247787.0,32,0
2020-01-27,-,Cats,8800.0,133.0,26987420.0,39,0
2020-01-27,-,Les Misérables,7099.0,69.0,212294.0,18,0
2020-01-27,-,Richard Jewell,5926.0,155.0,22278694.0,46,0
2020-01-27,-,Judy,4525.0,47.0,24137270.0,123,0
2020-01-27,-,A Hidden Life,4123.0,43.0,1693171.0,46,0
2020-01-27,-,Play the Flute,3780.0,2.0,216003.0,365,0
2020-01-27,-,Queen & Slim,3245.0,72.0,43794675.0,62,0
2020-01-27,-,Maleficent: Mistress of Evil,2609.0,90.0,113835505.0,102,0
2020-01-27,-,The Man Standing Next,2488.0,2.0,19614.0,4,0
2020-01-27,-,Citizen K,1854.0,7.0,57606.0,67,0
2020-01-27,-,Invisible Life,1712.0,11.0,143398.0,39,0
2020-01-27,-,Honeyland,1222.0,8.0,719698.0,186,0
2020-01-27,-,Chhapaak,899.0,21.0,600295.0,18,0
2020-01-27,-,Three Christs,679.0,5.0,35690.0,18,0
2020-01-27,-,Waves,612.0,5.0,1656852.0,74,0
2020-01-27,-,The Lighthouse,516.0,5.0,10863997.0,102,0
2020-01-27,-,Midnight Family,468.0,9.0,36430.0,53,0
2020-01-28,1,Bad Boys For Life,3546220.0,3775.0,126429386.0,12,0
2020-01-28,2,1917,1912585.0,3937.0,107092054.0,35,0
2020-01-28,3,The Gentlemen,1364157.0,2165.0,12804899.0,5,0
2020-01-28,4,Dolittle,1182715.0,4155.0,46253395.0,12,0
2020-01-28,5,Little Women,704723.0,2528.0,94776581.0,35,0
2020-01-28,6,Jumanji: The Next Level,701162.0,3121.0,284383426.0,47,0
2020-01-28,7,The Turning,626175.0,2571.0,7971175.0,5,0
2020-01-28,8,Star Wars: The Rise of Skywalker,620379.0,2800.0,503039135.0,40,0
2020-01-28,9,Just Mercy,586352.0,2408.0,27957112.0,35,0
2020-01-28,10,Knives Out,411278.0,1677.0,152418714.0,63,0
2020-01-28,11,Parasite,266895.0,1060.0,31367493.0,110,0
2020-01-28,12,Frozen II,236634.0,1750.0,470326366.0,68,0
2020-01-28,13,Like a Boss,209778.0,1723.0,20821597.0,19,0
2020-01-28,14,Jojo Rabbit,198688.0,1160.0,26310991.0,103,0
2020-01-28,15,The Last Full Measure,178974.0,614.0,1350099.0,5,0
2020-01-28,-,Underwater,157881.0,1677.0,16176021.0,19,0
2020-01-28,-,Spies in Disguise,129576.0,1323.0,62252571.0,35,0
2020-01-28,-,Ford v. Ferrari,110608.0,804.0,114532402.0,75,0
2020-01-28,-,Weathering With You,100036.0,458.0,6709061.0,14,0
2020-01-28,-,Bombshell,91655.0,410.0,30401274.0,47,0
2020-01-28,-,Uncut Gems,81393.0,490.0,47821378.0,47,0
2020-01-28,-,Panga,43875.0,102.0,345082.0,5,0
2020-01-28,-,The Grudge,37366.0,420.0,20811324.0,26,0
2020-01-28,-,A Beautiful Day in the Neighborhood,30591.0,240.0,60975012.0,68,0
2020-01-28,-,Once Upon a Time…in Hollywood,21227.0,325.0,141863759.0,187,0
2020-01-28,-,Clemency,15334.0,125.0,263121.0,33,0
2020-01-28,-,Joker,15004.0,348.0,334845474.0,117,0
2020-01-28,-,Richard Jewell,10033.0,155.0,22288727.0,47,0
2020-01-28,-,Cats,9485.0,133.0,26996905.0,40,0
2020-01-28,-,Les Misérables,8021.0,69.0,220315.0,19,0
2020-01-28,-,Judy,6140.0,47.0,24143410.0,124,0
2020-01-28,-,Queen & Slim,5275.0,72.0,43799950.0,63,0
2020-01-28,-,A Hidden Life,4914.0,43.0,1698085.0,47,0
2020-01-28,-,The Man Standing Next,4118.0,2.0,23732.0,5,0
2020-01-28,-,Maleficent: Mistress of Evil,3819.0,90.0,113839324.0,103,0
2020-01-28,-,Citizen K,2168.0,7.0,59774.0,68,0
2020-01-28,-,Chhapaak,2079.0,21.0,602374.0,19,0
2020-01-28,-,Play the Flute,1557.0,1.0,217560.0,366,0
2020-01-28,-,Honeyland,1456.0,8.0,721154.0,187,0
2020-01-28,-,Invisible Life,1177.0,11.0,144575.0,40,0
2020-01-28,-,The Lighthouse,1024.0,5.0,10865021.0,103,0
2020-01-28,-,Waves,692.0,5.0,1657544.0,75,0
2020-01-28,-,Midnight Family,460.0,9.0,36890.0,54,0
2020-01-28,-,Three Christs,212.0,5.0,35902.0,19,0
2020-01-30,1,Bad Boys For Life,1968791.0,3775.0,130376531.0,14,0
2020-01-30,2,1917,1241435.0,3937.0,109586389.0,37,0
2020-01-30,3,The Gentlemen,811078.0,2165.0,14431089.0,7,0
2020-01-30,4,Dolittle,637025.0,4155.0,47518820.0,14,0
2020-01-30,5,Little Women,483260.0,2528.0,95755632.0,37,0
2020-01-30,6,Jumanji: The Next Level,427157.0,3121.0,285217153.0,49,0
2020-01-30,7,Star Wars: The Rise of Skywalker,404032.0,2800.0,503863021.0,42,0
2020-01-30,8,Just Mercy,335176.0,2408.0,28641409.0,37,0
2020-01-30,9,The Turning,323775.0,2571.0,8655440.0,7,0
2020-01-30,10,Knives Out,282687.0,1677.0,152984764.0,65,0
2020-01-30,11,Parasite,193605.0,1060.0,31769276.0,112,0
2020-01-30,12,Jojo Rabbit,151974.0,1160.0,26628411.0,105,0
2020-01-30,13,Frozen II,149785.0,1750.0,470637370.0,70,0
2020-01-30,14,Like a Boss,108815.0,1723.0,21056446.0,21,0
2020-01-30,15,The Last Full Measure,102188.0,614.0,1565443.0,7,0
2020-01-30,-,Ford v. Ferrari,79561.0,804.0,114695854.0,77,0
2020-01-30,-,Underwater,79343.0,1677.0,16358806.0,21,0
2020-01-30,-,Spies in Disguise,78894.0,1323.0,62410126.0,37,0
2020-01-30,-,Weathering With You,66825.0,458.0,6867563.0,16,0
2020-01-30,-,Bombshell,60052.0,410.0,30529069.0,49,0
2020-01-30,-,Uncut Gems,60019.0,490.0,47949353.0,49,0
2020-01-30,-,A Beautiful Day in the Neighborhood,26345.0,240.0,61026514.0,70,0
2020-01-30,-,The Grudge,21856.0,420.0,20860989.0,28,0
2020-01-30,-,Once Upon a Time…in Hollywood,15139.0,325.0,141895661.0,189,0
2020-01-30,-,Panga,14382.0,102.0,375796.0,7,0
2020-01-30,-,Joker,13207.0,348.0,334873263.0,119,0
2020-01-30,-,Clemency,10565.0,125.0,284346.0,35,0
2020-01-30,-,Richard Jewell,8864.0,155.0,22304605.0,49,0
2020-01-30,-,Cats,8830.0,133.0,27015185.0,42,0
2020-01-30,-,Les Misérables,7654.0,69.0,236160.0,21,0
2020-01-30,-,A Hidden Life,7175.0,43.0,1711572.0,49,0
2020-01-30,-,Queen & Slim,3915.0,72.0,43808310.0,65,0
2020-01-30,-,Maleficent: Mistress of Evil,3157.0,90.0,113845681.0,105,0
2020-01-30,-,Judy,3064.0,47.0,24156119.0,126,0
2020-01-30,-,Citizen K,1736.0,7.0,63236.0,70,0
2020-01-30,-,The Man Standing Next,1636.0,2.0,27766.0,7,0
2020-01-30,-,Honeyland,1543.0,8.0,753537.0,189,0
2020-01-30,-,Chhapaak,1174.0,21.0,604334.0,21,0
2020-01-30,-,The Lighthouse,1104.0,5.0,10867104.0,105,0
2020-01-30,-,Invisible Life,1093.0,11.0,146535.0,42,0
2020-01-30,-,Waves,579.0,5.0,1658790.0,77,0
2020-01-30,-,Midnight Family,500.0,9.0,37818.0,56,0
2020-01-30,-,Three Christs,282.0,5.0,37133.0,21,0
2020-01-29,1,Bad Boys For Life,1978354.0,3775.0,128407740.0,13,0
2020-01-29,2,1917,1252900.0,3937.0,108344954.0,36,0
2020-01-29,3,The Gentlemen,815112.0,2165.0,13620011.0,6,0
2020-01-29,4,Dolittle,628400.0,4155.0,46881795.0,13,0
2020-01-29,5,Little Women,495791.0,2528.0,95272372.0,36,0
2020-01-29,6,Star Wars: The Rise of Skywalker,419854.0,2800.0,503458989.0,41,0
2020-01-29,7,Jumanji: The Next Level,406570.0,3121.0,284789996.0,48,0
2020-01-29,8,The Turning,360490.0,2571.0,8331665.0,6,0
2020-01-29,9,Just Mercy,349121.0,2408.0,28306233.0,36,0
2020-01-29,10,Knives Out,283363.0,1677.0,152702077.0,64,0
2020-01-29,11,Parasite,208178.0,1060.0,31575671.0,111,0
2020-01-29,12,Jojo Rabbit,165446.0,1160.0,26476437.0,104,0
2020-01-29,13,Frozen II,161219.0,1750.0,470487585.0,69,0
2020-01-29,14,Like a Boss,126034.0,1723.0,20947631.0,20,0
2020-01-29,15,The Last Full Measure,113156.0,614.0,1463255.0,6,0
2020-01-29,-,Underwater,103442.0,1677.0,16279463.0,20,0
2020-01-29,-,Weathering With You,91677.0,458.0,6800738.0,15,0
2020-01-29,-,Ford v. Ferrari,83891.0,804.0,114616293.0,76,0
2020-01-29,-,Spies in Disguise,78661.0,1323.0,62331232.0,36,0
2020-01-29,-,Uncut Gems,67956.0,490.0,47889334.0,48,0
2020-01-29,-,Bombshell,67743.0,410.0,30469017.0,48,0
2020-01-29,-,The Grudge,27809.0,420.0,20839133.0,27,0
2020-01-29,-,A Beautiful Day in the Neighborhood,25157.0,240.0,61000169.0,69,0
2020-01-29,-,Once Upon a Time…in Hollywood,16763.0,325.0,141880522.0,188,0
2020-01-29,-,Panga,16332.0,102.0,361414.0,6,0
2020-01-29,-,Joker,14582.0,348.0,334860056.0,118,0
2020-01-29,-,Clemency,10660.0,125.0,273781.0,34,0
2020-01-29,-,Judy,9645.0,47.0,24153055.0,125,0
2020-01-29,-,Cats,9450.0,133.0,27006355.0,41,0
2020-01-29,-,Les Misérables,8191.0,69.0,228506.0,20,0
2020-01-29,-,Richard Jewell,7014.0,155.0,22295741.0,48,0
2020-01-29,-,A Hidden Life,6312.0,43.0,1704397.0,48,0
2020-01-29,-,Queen & Slim,4445.0,72.0,43804395.0,64,0
2020-01-29,-,Maleficent: Mistress of Evil,3200.0,90.0,113842524.0,104,0
2020-01-29,-,The Man Standing Next,2398.0,2.0,26130.0,6,0
2020-01-29,-,Citizen K,1726.0,7.0,61500.0,69,0
2020-01-29,-,Honeyland,998.0,8.0,722152.0,188,0
2020-01-29,-,The Lighthouse,979.0,5.0,10866000.0,104,0
2020-01-29,-,Invisible Life,867.0,11.0,145442.0,41,0
2020-01-29,-,Chhapaak,786.0,21.0,603160.0,20,0
2020-01-29,-,Waves,667.0,5.0,1658211.0,76,0
2020-01-29,-,Midnight Family,428.0,9.0,37318.0,55,0
2020-01-29,-,Three Christs,267.0,5.0,36851.0,20,0
2020-01-31,1,Bad Boys For Life,5185357.0,3705.0,135561888.0,15,0
2020-01-31,2,1917,2796175.0,3987.0,112382564.0,38,0
2020-01-31,3,Gretel & Hansel,2344557.0,3007.0,2344557.0,1,1
2020-01-31,4,Dolittle,1966380.0,3750.0,49485200.0,15,0
2020-01-31,5,The Gentlemen,1837313.0,2675.0,16268402.0,8,0
2020-01-31,6,Jumanji: The Next Level,1521447.0,2945.0,286738600.0,50,0
2020-01-31,7,The Rhythm Section,1151793.0,3049.0,1151793.0,1,1
2020-01-31,8,The Turning,919795.0,2571.0,9575235.0,8,0
2020-01-31,9,Little Women,875033.0,2301.0,96630665.0,38,0
2020-01-31,10,Star Wars: The Rise of Skywalker,852143.0,2202.0,504715164.0,43,0
2020-01-31,11,Knives Out,776190.0,1555.0,153760954.0,66,0
2020-01-31,12,Just Mercy,682896.0,1807.0,29324305.0,38,0
2020-01-31,13,Parasite,416578.0,1060.0,32185854.0,113,0
2020-01-31,14,Jojo Rabbit,411842.0,1173.0,27040253.0,106,0
2020-01-31,15,Frozen II,375898.0,1392.0,471013268.0,71,0
2020-01-31,-,Spies in Disguise,252809.0,1028.0,62662935.0,38,0
2020-01-31,-,Ford v. Ferrari,198579.0,924.0,114894433.0,78,0
2020-01-31,-,Like a Boss,158558.0,665.0,21215004.0,22,0
2020-01-31,-,The Last Full Measure,155446.0,617.0,1720889.0,8,0
2020-01-31,-,Underwater,114385.0,601.0,16473191.0,22,0
2020-01-31,-,Uncut Gems,113160.0,492.0,48062513.0,50,0
2020-01-31,-,Weathering With You,101431.0,224.0,6968994.0,17,0
2020-01-31,-,Bombshell,93145.0,478.0,30622214.0,50,0
2020-01-31,-,The Grudge,40184.0,224.0,20901173.0,29,0
2020-01-31,-,A Beautiful Day in the Neighborhood,37843.0,201.0,61064357.0,71,0
2020-01-31,-,Panga,35583.0,102.0,411379.0,8,0
2020-01-31,-,Joker,34571.0,743.0,334907834.0,120,0
2020-01-31,-,The Assistant,32501.0,4.0,32501.0,1,1
2020-01-31,-,Once Upon a Time…in Hollywood,20688.0,619.0,141916349.0,190,0
2020-01-31,-,Cats,20525.0,105.0,27035710.0,43,0
2020-01-31,-,Clemency,11111.0,60.0,295457.0,36,0
2020-01-31,-,Les Misérables,11109.0,61.0,247269.0,22,0
2020-01-31,-,Maleficent: Mistress of Evil,8250.0,84.0,113853931.0,106,0
2020-01-31,-,Richard Jewell,7032.0,88.0,22311637.0,50,0
2020-01-31,-,Incitement,6458.0,2.0,6458.0,1,1
2020-01-31,-,Judy,3365.0,37.0,24159484.0,127,0
2020-01-31,-,The Man Standing Next,3264.0,2.0,31030.0,8,0
2020-01-31,-,A Hidden Life,3208.0,19.0,1714780.0,50,0
2020-01-31,-,José,3177.0,1.0,3177.0,1,1
2020-01-31,-,Honeyland,3165.0,15.0,756702.0,190,0
2020-01-31,-,Citizen K,2384.0,11.0,65620.0,71,0
2020-01-31,-,Linda Ronstadt: The Sound of My Voice,118.0,1.0,4251450.0,148,0
2020-01-31,-,Midnight Family,61.0,2.0,37879.0,57,0
2020-01-31,-,Three Christs,24.0,1.0,37157.0,22,0
2020-02-01,1,Bad Boys For Life,9674093.0,3705.0,145235981.0,16,0
2020-02-01,2,1917,5270120.0,3987.0,117652684.0,39,0
2020-02-01,3,Dolittle,4102710.0,3750.0,53587910.0,16,0
2020-02-01,4,Jumanji: The Next Level,3290002.0,2945.0,290028602.0,51,0
2020-02-01,5,The Gentlemen,2965786.0,2675.0,19234188.0,9,0
2020-02-01,6,Gretel & Hansel,2775454.0,3007.0,5120011.0,2,0
2020-02-01,7,Star Wars: The Rise of Skywalker,1726280.0,2202.0,506441444.0,44,0
2020-02-01,8,The Turning,1580955.0,2571.0,11156190.0,9,0
2020-02-01,9,Little Women,1523892.0,2301.0,98154557.0,39,0
2020-02-01,10,Knives Out,1418159.0,1555.0,155179113.0,67,0
2020-02-01,11,The Rhythm Section,1157770.0,3049.0,2309563.0,2,0
2020-02-01,12,Just Mercy,1150248.0,1807.0,30474553.0,39,0
2020-02-01,13,Frozen II,950846.0,1392.0,471964114.0,72,0
2020-02-01,14,Parasite,745333.0,1060.0,32931187.0,114,0
2020-02-01,15,Spies in Disguise,649145.0,1028.0,63312080.0,39,0
2020-02-01,-,Jojo Rabbit,638991.0,1173.0,27679244.0,107,0
2020-02-01,-,Ford v. Ferrari,342515.0,924.0,115236948.0,79,0
2020-02-01,-,Like a Boss,260143.0,665.0,21475147.0,23,0
2020-02-01,-,The Last Full Measure,225648.0,617.0,1946537.0,9,0
2020-02-01,-,Uncut Gems,205655.0,492.0,48268168.0,51,0
2020-02-01,-,Underwater,197378.0,601.0,16670569.0,23,0
2020-02-01,-,Weathering With You,172467.0,224.0,7141461.0,18,0
2020-02-01,-,Bombshell,162069.0,478.0,30784283.0,51,0
2020-02-01,-,Once Upon a Time…in Hollywood,103530.0,619.0,142019879.0,191,0
2020-02-01,-,Joker,65432.0,743.0,334973266.0,121,0
2020-02-01,-,Panga,63405.0,102.0,474784.0,9,0
2020-02-01,-,A Beautiful Day in the Neighborhood,63395.0,201.0,61127752.0,72,0
2020-02-01,-,The Grudge,63205.0,224.0,20964378.0,30,0
2020-02-01,-,Cats,36115.0,105.0,27071825.0,44,0
2020-02-01,-,The Assistant,31401.0,4.0,63902.0,2,0
2020-02-01,-,Maleficent: Mistress of Evil,18965.0,84.0,113872896.0,107,0
2020-02-01,-,Les Misérables,16318.0,61.0,263587.0,23,0
2020-02-01,-,Richard Jewell,12237.0,88.0,22323874.0,51,0
2020-02-01,-,Clemency,10667.0,60.0,306124.0,37,0
2020-02-01,-,Incitement,10261.0,2.0,16719.0,2,0
2020-02-01,-,The Man Standing Next,7811.0,2.0,38841.0,9,0
2020-02-01,-,Honeyland,6787.0,15.0,763489.0,191,0
2020-02-01,-,A Hidden Life,5280.0,19.0,1720060.0,51,0
2020-02-01,-,Judy,5063.0,37.0,24164547.0,128,0
2020-02-01,-,José,4753.0,1.0,7930.0,2,0
2020-02-01,-,Citizen K,4626.0,11.0,70246.0,72,0
2020-02-01,-,Promare,1368.0,9.0,2292478.0,138,0
2020-02-01,-,Midnight Family,530.0,2.0,38409.0,58,0
2020-02-01,-,Three Christs,88.0,1.0,37245.0,23,0
2020-02-01,-,Linda Ronstadt: The Sound of My Voice,54.0,1.0,4251504.0,149,0
2020-02-04,1,Bad Boys For Life,2284757.0,3705.0,151852175.0,19,0
2020-02-04,2,1917,1470290.0,3987.0,121458369.0,42,0
2020-02-04,3,The Gentlemen,952279.0,2675.0,21536531.0,12,0
2020-02-04,4,Dolittle,824210.0,3750.0,56366835.0,19,0
2020-02-04,5,Gretel & Hansel,665271.0,3007.0,7270845.0,5,0
2020-02-04,6,Jumanji: The Next Level,621027.0,2945.0,292206852.0,54,0
2020-02-04,7,Little Women,509176.0,2301.0,99632154.0,42,0
2020-02-04,8,The Rhythm Section,454739.0,3049.0,3438192.0,5,0
2020-02-04,9,Star Wars: The Rise of Skywalker,409612.0,2202.0,507768463.0,47,0
2020-02-04,10,Just Mercy,387082.0,1807.0,31406113.0,42,0
2020-02-04,11,Knives Out,345366.0,1555.0,156115144.0,70,0
2020-02-04,12,The Turning,338070.0,2571.0,12216130.0,12,0
2020-02-04,13,Jojo Rabbit,249184.0,1173.0,28378300.0,110,0
2020-02-04,14,Parasite,225852.0,1060.0,33615144.0,117,0
2020-02-04,15,Frozen II,169442.0,1392.0,472707042.0,75,0
2020-02-04,-,Ford v. Ferrari,123898.0,924.0,115510945.0,82,0
2020-02-04,-,Spies in Disguise,110493.0,1028.0,63775175.0,42,0
2020-02-04,-,The Last Full Measure,103540.0,617.0,2189943.0,12,0
2020-02-04,-,Like a Boss,75864.0,665.0,21678577.0,26,0
2020-02-04,-,Uncut Gems,64053.0,492.0,48483087.0,54,0
2020-02-04,-,Bombshell,58902.0,478.0,30943148.0,54,0
2020-02-04,-,Weathering With You,55736.0,224.0,7340723.0,21,0
2020-02-04,-,Underwater,53558.0,601.0,16829588.0,26,0
2020-02-04,-,Once Upon a Time…in Hollywood,40837.0,619.0,142102145.0,194,0
2020-02-04,-,A Beautiful Day in the Neighborhood,22443.0,201.0,61188695.0,75,0
2020-02-04,-,Panga,15976.0,102.0,522542.0,12,0
2020-02-04,-,The Grudge,14821.0,224.0,21009676.0,33,0
2020-02-04,-,Joker,12734.0,743.0,335039764.0,124,0
2020-02-04,-,The Assistant,7465.0,4.0,92768.0,5,0
2020-02-04,-,Cats,6645.0,105.0,27097045.0,47,0
2020-02-04,-,The Man Standing Next,5693.0,2.0,51360.0,12,0
2020-02-04,-,Les Misérables,5431.0,61.0,281711.0,26,0
2020-02-04,-,Clemency,5287.0,60.0,320075.0,40,0
2020-02-04,-,Richard Jewell,4656.0,88.0,22336673.0,54,0
2020-02-04,-,Judy,3068.0,37.0,24177224.0,131,0
2020-02-04,-,Maleficent: Mistress of Evil,2991.0,84.0,113886722.0,110,0
2020-02-04,-,A Hidden Life,1678.0,19.0,1725982.0,54,0
2020-02-04,-,Honeyland,1456.0,15.0,771587.0,194,0
2020-02-04,-,Citizen K,1403.0,11.0,75013.0,75,0
2020-02-04,-,Incitement,1369.0,2.0,25537.0,5,0
2020-02-04,-,José,1231.0,1.0,13518.0,5,0
2020-02-04,-,Promare,826.0,9.0,2294874.0,141,0
2020-02-04,-,Linda Ronstadt: The Sound of My Voice,138.0,1.0,4251693.0,152,0
2020-02-04,-,Chinese Portrait,135.0,2.0,3396.0,54,0
2020-02-04,-,Three Christs,26.0,1.0,37537.0,26,0
2020-02-05,1,Bad Boys For Life,1330990.0,3705.0,153183165.0,20,0
2020-02-05,2,1917,1060735.0,3987.0,122519104.0,43,0
2020-02-05,3,The Gentlemen,586648.0,2675.0,22123179.0,13,0
2020-02-05,4,Dolittle,467975.0,3750.0,56834810.0,20,0
2020-02-05,5,Gretel & Hansel,396121.0,3007.0,7666966.0,6,0
2020-02-05,6,Little Women,372984.0,2301.0,100005138.0,43,0
2020-02-05,7,Jumanji: The Next Level,355635.0,2945.0,292562487.0,55,0
2020-02-05,8,Star Wars: The Rise of Skywalker,284085.0,2202.0,508052548.0,48,0
2020-02-05,9,The Rhythm Section,251159.0,3049.0,3689351.0,6,0
2020-02-05,10,Knives Out,243975.0,1555.0,156359119.0,71,0
2020-02-05,11,Just Mercy,233652.0,1807.0,31639765.0,43,0
2020-02-05,12,The Turning,208000.0,2571.0,12424130.0,13,0
2020-02-05,13,Jojo Rabbit,186354.0,1173.0,28564654.0,111,0
2020-02-05,14,Parasite,166296.0,1060.0,33781440.0,118,0
2020-02-05,15,Frozen II,112917.0,1392.0,472819959.0,76,0
2020-02-05,-,Ford v. Ferrari,105438.0,924.0,115616383.0,83,0
2020-02-05,-,The Last Full Measure,67067.0,617.0,2257010.0,13,0
2020-02-05,-,Spies in Disguise,65035.0,1028.0,63840210.0,43,0
2020-02-05,-,Uncut Gems,51607.0,492.0,48534694.0,55,0
2020-02-05,-,Bombshell,48494.0,478.0,30991642.0,55,0
2020-02-05,-,Like a Boss,47575.0,665.0,21726152.0,27,0
2020-02-05,-,Weathering With You,44294.0,224.0,7385017.0,22,0
2020-02-05,-,Underwater,34524.0,601.0,16864112.0,27,0
2020-02-05,-,Joker,29407.0,743.0,335069171.0,125,0
2020-02-05,-,Once Upon a Time…in Hollywood,26317.0,619.0,142128462.0,195,0
2020-02-05,-,A Beautiful Day in the Neighborhood,19053.0,201.0,61207748.0,76,0
2020-02-05,-,The Grudge,9540.0,224.0,21019216.0,34,0
2020-02-05,-,The Assistant,7273.0,4.0,100041.0,6,0
2020-02-05,-,Panga,7033.0,102.0,529575.0,13,0
2020-02-05,-,Cats,6785.0,105.0,27103830.0,48,0
2020-02-05,-,Les Misérables,6222.0,61.0,287933.0,27,0
2020-02-05,-,Richard Jewell,3948.0,88.0,22340621.0,55,0
2020-02-05,-,Clemency,3437.0,60.0,323512.0,41,0
2020-02-05,-,Judy,2721.0,37.0,24179945.0,132,0
2020-02-05,-,Maleficent: Mistress of Evil,2712.0,84.0,113889434.0,111,0
2020-02-05,-,The Man Standing Next,2567.0,2.0,53927.0,13,0
2020-02-05,-,Promare,2072.0,9.0,2296946.0,142,0
2020-02-05,-,Honeyland,2029.0,15.0,773616.0,195,0
2020-02-05,-,A Hidden Life,1617.0,19.0,1727599.0,55,0
2020-02-05,-,Citizen K,1478.0,11.0,76491.0,76,0
2020-02-05,-,Incitement,1417.0,2.0,26954.0,6,0
2020-02-05,-,José,1100.0,1.0,14618.0,6,0
2020-02-05,-,Three Christs,39.0,1.0,37576.0,27,0
2020-02-05,-,Chinese Portrait,30.0,2.0,3426.0,55,0
2020-02-05,-,Midnight Family,21.0,2.0,38449.0,62,0
2020-02-03,1,Bad Boys For Life,1507928.0,3705.0,149567418.0,18,0
2020-02-03,2,1917,904455.0,3987.0,119988079.0,41,0
2020-02-03,3,The Gentlemen,544765.0,2675.0,20584252.0,11,0
2020-02-03,4,Gretel & Hansel,451567.0,3007.0,6605574.0,4,0
2020-02-03,5,Dolittle,429940.0,3750.0,55542625.0,18,0
2020-02-03,6,Jumanji: The Next Level,368491.0,2945.0,291585825.0,53,0
2020-02-03,7,Little Women,293424.0,2301.0,99122978.0,41,0
2020-02-03,8,Star Wars: The Rise of Skywalker,282947.0,2202.0,507358851.0,46,0
2020-02-03,9,The Rhythm Section,268069.0,3049.0,2983453.0,4,0
2020-02-03,10,The Turning,211595.0,2571.0,11878060.0,11,0
2020-02-03,11,Just Mercy,207544.0,1807.0,31019031.0,41,0
2020-02-03,12,Knives Out,205810.0,1555.0,155769778.0,69,0
2020-02-03,13,Parasite,159972.0,1060.0,33389292.0,116,0
2020-02-03,14,Jojo Rabbit,155581.0,1173.0,28129116.0,109,0
2020-02-03,15,Frozen II,114836.0,1392.0,472537600.0,74,0
2020-02-03,-,Ford v. Ferrari,71987.0,924.0,115387047.0,81,0
2020-02-03,-,Spies in Disguise,69881.0,1028.0,63664682.0,41,0
2020-02-03,-,The Last Full Measure,61516.0,617.0,2086403.0,11,0
2020-02-03,-,Uncut Gems,47043.0,492.0,48419034.0,53,0
2020-02-03,-,Like a Boss,46020.0,665.0,21602713.0,25,0
2020-02-03,-,Weathering With You,40839.0,224.0,7284987.0,20,0
2020-02-03,-,Bombshell,36872.0,478.0,30884246.0,53,0
2020-02-03,-,Underwater,36376.0,601.0,16776030.0,25,0
2020-02-03,-,Joker,24328.0,743.0,335027030.0,123,0
2020-02-03,-,Once Upon a Time…in Hollywood,17631.0,619.0,142061308.0,193,0
2020-02-03,-,A Beautiful Day in the Neighborhood,15843.0,201.0,61166252.0,74,0
2020-02-03,-,The Grudge,10903.0,224.0,20994855.0,32,0
2020-02-03,-,The Assistant,6162.0,4.0,85303.0,4,0
2020-02-03,-,Panga,5485.0,102.0,506566.0,11,0
2020-02-03,-,Play the Flute,5203.0,1.0,222763.0,372,0
2020-02-03,-,Cats,4810.0,105.0,27090400.0,46,0
2020-02-03,-,Les Misérables,4427.0,61.0,276280.0,25,0
2020-02-03,-,Judy,3807.0,37.0,24174156.0,130,0
2020-02-03,-,Richard Jewell,3761.0,88.0,22332017.0,53,0
2020-02-03,-,Clemency,3224.0,60.0,314788.0,39,0
2020-02-03,-,Maleficent: Mistress of Evil,3049.0,84.0,113883731.0,109,0
2020-02-03,-,The Man Standing Next,1928.0,2.0,45667.0,11,0
2020-02-03,-,Incitement,1731.0,2.0,24168.0,4,0
2020-02-03,-,Promare,1570.0,9.0,2294048.0,140,0
2020-02-03,-,Honeyland,1359.0,15.0,770131.0,193,0
2020-02-03,-,Citizen K,1229.0,11.0,73610.0,74,0
2020-02-03,-,A Hidden Life,1189.0,19.0,1724304.0,53,0
2020-02-03,-,José,1096.0,1.0,12287.0,4,0
2020-02-03,-,Three Christs,66.0,1.0,37337.0,25,0
2020-02-03,-,Chinese Portrait,65.0,2.0,3261.0,53,0
2020-02-03,-,Linda Ronstadt: The Sound of My Voice,24.0,1.0,4251555.0,151,0
2020-02-02,1,Bad Boys For Life,2823509.0,3705.0,148059490.0,17,0
2020-02-02,2,Dolittle,1524775.0,3750.0,55112685.0,17,0
2020-02-02,3,1917,1430940.0,3987.0,119083624.0,40,0
2020-02-02,4,Jumanji: The Next Level,1188732.0,2945.0,291217334.0,52,0
2020-02-02,5,Gretel & Hansel,1033996.0,3007.0,6154007.0,3,0
2020-02-02,6,The Gentlemen,805299.0,2675.0,20039487.0,10,0
2020-02-02,7,Little Women,674997.0,2301.0,98829554.0,40,0
2020-02-02,8,Star Wars: The Rise of Skywalker,634460.0,2202.0,507075904.0,45,0
2020-02-02,9,The Turning,510275.0,2571.0,11666465.0,10,0
2020-02-02,10,Frozen II,458650.0,1392.0,472422764.0,73,0
2020-02-02,11,The Rhythm Section,405821.0,3049.0,2715384.0,3,0
2020-02-02,12,Knives Out,384855.0,1555.0,155563968.0,68,0
2020-02-02,13,Just Mercy,336934.0,1807.0,30811487.0,40,0
2020-02-02,14,Parasite,298133.0,1060.0,33229320.0,115,0
2020-02-02,15,Jojo Rabbit,294291.0,1173.0,27973535.0,108,0
2020-02-02,-,Spies in Disguise,282721.0,1028.0,63594801.0,40,0
2020-02-02,-,Uncut Gems,103823.0,492.0,48371991.0,52,0
2020-02-02,-,Weathering With You,102687.0,224.0,7244148.0,19,0
2020-02-02,-,Like a Boss,81546.0,665.0,21556693.0,24,0
2020-02-02,-,The Last Full Measure,78350.0,617.0,2024887.0,10,0
2020-02-02,-,Ford v. Ferrari,78112.0,924.0,115315060.0,80,0
2020-02-02,-,Underwater,69085.0,601.0,16739654.0,24,0
2020-02-02,-,Bombshell,63091.0,478.0,30847374.0,52,0
2020-02-02,-,Joker,29436.0,743.0,335002702.0,122,0
2020-02-02,-,Panga,26297.0,102.0,501081.0,10,0
2020-02-02,-,Once Upon a Time…in Hollywood,23798.0,619.0,142043677.0,192,0
2020-02-02,-,A Beautiful Day in the Neighborhood,22657.0,201.0,61150409.0,73,0
2020-02-02,-,The Grudge,19574.0,224.0,20983952.0,31,0
2020-02-02,-,The Assistant,15239.0,4.0,79141.0,3,0
2020-02-02,-,Cats,13765.0,105.0,27085590.0,45,0
2020-02-02,-,Les Misérables,8266.0,61.0,271853.0,24,0
2020-02-02,-,Maleficent: Mistress of Evil,7786.0,84.0,113880682.0,108,0
2020-02-02,-,Judy,5802.0,37.0,24170349.0,129,0
2020-02-02,-,Incitement,5718.0,2.0,22437.0,3,0
2020-02-02,-,Clemency,5440.0,60.0,311564.0,38,0
2020-02-02,-,Honeyland,5283.0,15.0,768772.0,192,0
2020-02-02,-,The Man Standing Next,4898.0,2.0,43739.0,10,0
2020-02-02,-,Richard Jewell,4382.0,88.0,22328256.0,52,0
2020-02-02,-,José,3261.0,1.0,11191.0,3,0
2020-02-02,-,A Hidden Life,3055.0,19.0,1723115.0,52,0
2020-02-02,-,Citizen K,2135.0,11.0,72381.0,73,0
2020-02-02,-,Linda Ronstadt: The Sound of My Voice,27.0,1.0,4251531.0,150,0
2020-02-02,-,Three Christs,26.0,1.0,37271.0,24,0
2020-02-02,-,Midnight Family,19.0,2.0,38428.0,59,0
2020-02-06,1,Bad Boys For Life,1139042.0,3705.0,154322207.0,21,0
2020-02-06,2,1917,1023805.0,3987.0,123542909.0,44,0
2020-02-06,3,The Gentlemen,548802.0,2675.0,22671981.0,14,0
2020-02-06,4,Dolittle,465175.0,3750.0,57299985.0,21,0
2020-02-06,5,Jumanji: The Next Level,367924.0,2945.0,292930411.0,56,0
2020-02-06,6,Gretel & Hansel,357274.0,3007.0,8024240.0,7,0
2020-02-06,7,Little Women,343005.0,2301.0,100348143.0,44,0
2020-02-06,8,Star Wars: The Rise of Skywalker,268930.0,2202.0,508321478.0,49,0
2020-02-06,9,Knives Out,232531.0,1555.0,156591650.0,72,0
2020-02-06,10,Just Mercy,210347.0,1807.0,31850112.0,44,0
2020-02-06,11,The Rhythm Section,203640.0,3049.0,3892991.0,7,0
2020-02-06,12,Parasite,190838.0,1060.0,33972278.0,119,0
2020-02-06,13,The Turning,187200.0,2571.0,12611330.0,14,0
2020-02-06,14,Jojo Rabbit,182296.0,1173.0,28746950.0,112,0
2020-02-06,15,Frozen II,113715.0,1392.0,472933674.0,77,0
2020-02-06,-,Ford v. Ferrari,80309.0,924.0,115696692.0,84,0
2020-02-06,-,Spies in Disguise,75457.0,1028.0,63915667.0,44,0
2020-02-06,-,The Last Full Measure,62915.0,617.0,2319925.0,14,0
2020-02-06,-,Uncut Gems,50819.0,492.0,48585513.0,56,0
2020-02-06,-,Bombshell,44114.0,478.0,31035756.0,56,0
2020-02-06,-,Once Upon a Time…in Hollywood,43406.0,619.0,142171868.0,196,0
2020-02-06,-,Like a Boss,37721.0,665.0,21763873.0,28,0
2020-02-06,-,Weathering With You,29252.0,224.0,7414269.0,23,0
2020-02-06,-,Underwater,25949.0,601.0,16890061.0,28,0
2020-02-06,-,A Beautiful Day in the Neighborhood,19492.0,201.0,61227240.0,77,0
2020-02-06,-,Joker,15436.0,743.0,335084607.0,126,0
2020-02-06,-,The Grudge,10637.0,224.0,21029853.0,35,0
2020-02-06,-,Les Misérables,5961.0,61.0,293894.0,28,0
2020-02-06,-,Panga,5474.0,102.0,535049.0,14,0
2020-02-06,-,Richard Jewell,4921.0,88.0,22345542.0,56,0
2020-02-06,-,The Assistant,4528.0,4.0,104569.0,7,0
2020-02-06,-,Cats,4030.0,105.0,27107860.0,49,0
2020-02-06,-,Clemency,3402.0,60.0,326914.0,42,0
2020-02-06,-,A Hidden Life,2998.0,19.0,1730597.0,56,0
2020-02-06,-,Maleficent: Mistress of Evil,2565.0,84.0,113891999.0,112,0
2020-02-06,-,The Man Standing Next,2439.0,2.0,56366.0,14,0
2020-02-06,-,Judy,2275.0,37.0,24182220.0,133,0
2020-02-06,-,Honeyland,1723.0,15.0,775339.0,196,0
2020-02-06,-,Incitement,1455.0,2.0,28409.0,7,0
2020-02-06,-,Citizen K,1432.0,11.0,77923.0,77,0
2020-02-06,-,José,1257.0,1.0,15875.0,7,0
2020-02-06,-,Linda Ronstadt: The Sound of My Voice,182.0,1.0,4251875.0,154,0
2020-02-06,-,Chinese Portrait,60.0,2.0,3486.0,56,0
2020-02-07,1,Birds of Prey (And the Fantabulous Emancipation of One Harley Quinn),12964681.0,4236.0,12964681.0,1,1
2020-02-07,2,Bad Boys For Life,3020395.0,3530.0,157342602.0,22,0
2020-02-07,3,1917,2301060.0,3548.0,125843969.0,45,0
2020-02-07,4,Dolittle,1468385.0,3462.0,58768370.0,22,0
2020-02-07,5,Jumanji: The Next Level,1246451.0,2729.0,294176862.0,57,0
2020-02-07,6,The Gentlemen,1198400.0,2557.0,23870381.0,15,0
2020-02-07,7,Gretel & Hansel,978864.0,3007.0,9003104.0,8,0
2020-02-07,8,Knives Out,637292.0,1443.0,157228942.0,73,0
2020-02-07,9,Little Women,617024.0,1805.0,100965167.0,45,0
2020-02-07,10,Star Wars: The Rise of Skywalker,523384.0,1746.0,508844862.0,50,0
2020-02-07,11,Just Mercy,435232.0,1315.0,32285344.0,45,0
2020-02-07,12,Parasite,403788.0,1060.0,34376066.0,120,0
2020-02-07,13,The Turning,398180.0,1848.0,13009510.0,15,0
2020-02-07,14,Jojo Rabbit,368076.0,1096.0,29115026.0,113,0
2020-02-07,15,The Rhythm Section,294438.0,3049.0,4187429.0,8,0
2020-02-07,-,Frozen II,243993.0,1131.0,473177667.0,78,0
2020-02-07,-,Ford v. Ferrari,199705.0,743.0,115896397.0,85,0
2020-02-07,-,Uncut Gems,179942.0,1142.0,48765455.0,57,0
2020-02-07,-,Spies in Disguise,179194.0,800.0,64094861.0,45,0
2020-02-07,-,Bombshell,62802.0,272.0,31098558.0,57,0
2020-02-07,-,The Last Full Measure,60642.0,279.0,2380567.0,15,0
2020-02-07,-,Like a Boss,57557.0,295.0,21821430.0,29,0
2020-02-07,-,Joker,37168.0,501.0,335121775.0,127,0
2020-02-07,-,The Lodge,36562.0,6.0,36562.0,1,1
2020-02-07,-,The Assistant,35769.0,25.0,140338.0,8,0
2020-02-07,-,Underwater,31516.0,226.0,16921577.0,29,0
2020-02-07,-,Weathering With You,30665.0,106.0,7444934.0,24,0
2020-02-07,-,A Beautiful Day in the Neighborhood,25631.0,155.0,61252871.0,78,0
2020-02-07,-,Once Upon a Time…in Hollywood,25469.0,583.0,142197337.0,197,0
2020-02-07,-,The Grudge,20039.0,127.0,21049892.0,36,0
2020-02-07,-,Cats,14945.0,85.0,27122805.0,50,0
2020-02-07,-,The Man Standing Next,14372.0,22.0,70738.0,15,0
2020-02-07,-,Panga,8634.0,37.0,543683.0,15,0
2020-02-07,-,Incitement,7079.0,9.0,35488.0,8,0
2020-02-07,-,Les Misérables,5859.0,38.0,299753.0,29,0
2020-02-07,-,Maleficent: Mistress of Evil,5645.0,68.0,113897644.0,113,0
2020-02-07,-,Citizen K,4630.0,15.0,82553.0,78,0
2020-02-07,-,José,3621.0,2.0,19496.0,8,0
2020-02-07,-,Clemency,3527.0,25.0,330441.0,43,0
2020-02-07,-,Honeyland,3151.0,16.0,778490.0,197,0
2020-02-07,-,Judy,3014.0,39.0,24185234.0,134,0
2020-02-07,-,Midnight Family,712.0,3.0,39161.0,64,0
2020-02-07,-,Linda Ronstadt: The Sound of My Voice,157.0,1.0,4252032.0,155,0
2020-02-07,-,Chinese Portrait,27.0,1.0,3513.0,57,0
2020-02-08,1,Birds of Prey (And the Fantabulous Emancipation of One Harley Quinn),12193732.0,4236.0,25158413.0,2,0
2020-02-08,2,Bad Boys For Life,5548803.0,3530.0,162891405.0,23,0
2020-02-08,3,1917,4296005.0,3548.0,130139974.0,46,0
2020-02-08,4,Dolittle,3157560.0,3462.0,61925930.0,23,0
2020-02-08,5,Jumanji: The Next Level,2726870.0,2729.0,296903732.0,58,0
2020-02-08,6,The Gentlemen,1911511.0,2557.0,25781892.0,16,0
2020-02-08,7,Gretel & Hansel,1647216.0,3007.0,10650320.0,9,0
2020-02-08,8,Little Women,1113884.0,1805.0,102079051.0,46,0
2020-02-08,9,Knives Out,1109062.0,1443.0,158338004.0,74,0
2020-02-08,10,Star Wars: The Rise of Skywalker,1078399.0,1746.0,509923261.0,51,0
2020-02-08,11,Parasite,817000.0,1060.0,35193066.0,121,0
2020-02-08,12,Jojo Rabbit,783939.0,1096.0,29898965.0,114,0
2020-02-08,13,The Turning,731790.0,1848.0,13741300.0,16,0
2020-02-08,14,Just Mercy,693508.0,1315.0,32978852.0,46,0
2020-02-08,15,Frozen II,666068.0,1131.0,473843735.0,79,0
2020-02-08,-,Spies in Disguise,480944.0,800.0,64575805.0,46,0
2020-02-08,-,The Rhythm Section,445383.0,3049.0,4632812.0,9,0
2020-02-08,-,Ford v. Ferrari,290624.0,743.0,116187021.0,86,0
2020-02-08,-,Uncut Gems,282363.0,1142.0,49047818.0,58,0
2020-02-08,-,Once Upon a Time…in Hollywood,148946.0,583.0,142346283.0,198,0
2020-02-08,-,Bombshell,107481.0,272.0,31206039.0,58,0
2020-02-08,-,Like a Boss,94501.0,295.0,21915931.0,30,0
2020-02-08,-,The Last Full Measure,81818.0,279.0,2462385.0,16,0
2020-02-08,-,Weathering With You,61815.0,106.0,7506749.0,25,0
2020-02-08,-,Underwater,57671.0,226.0,16979248.0,30,0
2020-02-08,-,The Assistant,56170.0,25.0,196508.0,9,0
2020-02-08,-,Joker,52513.0,501.0,335174288.0,128,0
2020-02-08,-,A Beautiful Day in the Neighborhood,46508.0,155.0,61299379.0,79,0
2020-02-08,-,The Grudge,35850.0,127.0,21085742.0,37,0
2020-02-08,-,The Lodge,25904.0,6.0,62466.0,2,0
2020-02-08,-,The Man Standing Next,24172.0,22.0,94910.0,16,0
2020-02-08,-,Cats,20245.0,85.0,27143050.0,51,0
2020-02-08,-,Panga,18349.0,37.0,562032.0,16,0
2020-02-08,-,Maleficent: Mistress of Evil,14110.0,68.0,113911754.0,114,0
2020-02-08,-,Incitement,13803.0,9.0,49291.0,9,0
2020-02-08,-,Les Misérables,10021.0,38.0,309774.0,30,0
2020-02-08,-,Citizen K,7669.0,15.0,90222.0,79,0
2020-02-08,-,Honeyland,6534.0,16.0,785024.0,198,0
2020-02-08,-,Judy,5464.0,39.0,24190698.0,135,0
2020-02-08,-,Clemency,4860.0,25.0,335301.0,44,0
2020-02-08,-,José,4728.0,2.0,24224.0,9,0
2020-02-08,-,Promare,1564.0,4.0,2298510.0,145,0
2020-02-08,-,Midnight Family,780.0,3.0,39941.0,65,0
2020-02-08,-,Linda Ronstadt: The Sound of My Voice,144.0,1.0,4252176.0,156,0
2020-02-08,-,Chinese Portrait,72.0,1.0,3585.0,58,0
2020-02-09,1,Birds of Prey (And the Fantabulous Emancipation of One Harley Quinn),7851604.0,4236.0,33010017.0,3,0
2020-02-09,2,Bad Boys For Life,3442157.0,3530.0,166333562.0,24,0
2020-02-09,3,1917,2639285.0,3548.0,132779259.0,47,0
2020-02-09,4,Dolittle,1908635.0,3462.0,63834565.0,24,0
2020-02-09,5,Jumanji: The Next Level,1583358.0,2729.0,298487090.0,59,0
2020-02-09,6,The Gentlemen,1105580.0,2557.0,26887472.0,17,0
2020-02-09,7,Gretel & Hansel,954252.0,3007.0,11604572.0,10,0
2020-02-09,8,Star Wars: The Rise of Skywalker,711565.0,1746.0,510634826.0,52,0
2020-02-09,9,Little Women,645136.0,1805.0,102724187.0,47,0
2020-02-09,10,Knives Out,551293.0,1443.0,158889297.0,75,0
2020-02-09,11,Frozen II,467390.0,1131.0,474311125.0,80,0
2020-02-09,12,Parasite,424894.0,1060.0,35617960.0,122,0
2020-02-09,13,Just Mercy,379621.0,1315.0,33358473.0,47,0
2020-02-09,14,The Turning,363430.0,1848.0,14104730.0,17,0
2020-02-09,15,Jojo Rabbit,359194.0,1096.0,30258159.0,115,0
2020-02-09,-,Spies in Disguise,335468.0,800.0,64911273.0,47,0
2020-02-09,-,The Rhythm Section,274946.0,3049.0,4907758.0,10,0
2020-02-09,-,Uncut Gems,189772.0,1142.0,49237590.0,59,0
2020-02-09,-,Ford v. Ferrari,159470.0,743.0,116346491.0,87,0
2020-02-09,-,The Last Full Measure,72138.0,279.0,2534523.0,17,0
2020-02-09,-,Like a Boss,54909.0,295.0,21970840.0,31,0
2020-02-09,-,Bombshell,50194.0,272.0,31256233.0,59,0
2020-02-09,-,Once Upon a Time…in Hollywood,48252.0,583.0,142394535.0,199,0
2020-02-09,-,Weathering With You,44445.0,106.0,7551194.0,26,0
2020-02-09,-,Underwater,39377.0,226.0,17018625.0,31,0
2020-02-09,-,Joker,32846.0,501.0,335207134.0,129,0
2020-02-09,-,A Beautiful Day in the Neighborhood,26194.0,155.0,61325573.0,80,0
2020-02-09,-,The Assistant,25891.0,25.0,222399.0,10,0
2020-02-09,-,The Grudge,21822.0,127.0,21107564.0,38,0
2020-02-09,-,The Man Standing Next,18617.0,22.0,113527.0,17,0
2020-02-09,-,The Lodge,13785.0,6.0,76251.0,3,0
2020-02-09,-,Panga,10507.0,37.0,572539.0,17,0
2020-02-09,-,Maleficent: Mistress of Evil,9341.0,68.0,113921095.0,115,0
2020-02-09,-,Cats,9340.0,85.0,27152390.0,52,0
2020-02-09,-,Incitement,7529.0,9.0,56820.0,10,0
2020-02-09,-,Les Misérables,6354.0,38.0,316128.0,31,0
2020-02-09,-,Honeyland,4588.0,16.0,789612.0,199,0
2020-02-09,-,Judy,4018.0,39.0,24194716.0,136,0
2020-02-09,-,Citizen K,3873.0,15.0,94095.0,80,0
2020-02-09,-,Clemency,3159.0,25.0,338460.0,45,0
2020-02-09,-,José,2339.0,2.0,26563.0,10,0
2020-02-09,-,Midnight Family,608.0,3.0,40549.0,66,0
2020-02-09,-,Linda Ronstadt: The Sound of My Voice,72.0,1.0,4252248.0,157,0
2020-02-09,-,Chinese Portrait,23.0,1.0,3608.0,59,0
2020-02-10,1,Birds of Prey (And the Fantabulous Emancipation of One Harley Quinn),2160176.0,4236.0,35170193.0,4,0
2020-02-10,2,1917,809815.0,3548.0,133589074.0,48,0
2020-02-10,3,Bad Boys For Life,808528.0,3530.0,167142090.0,25,0
2020-02-10,4,Parasite,501222.0,1060.0,36119182.0,123,0
2020-02-10,5,Dolittle,364165.0,3462.0,64198730.0,25,0
2020-02-10,6,Jumanji: The Next Level,340371.0,2729.0,298827461.0,60,0
2020-02-10,7,The Gentlemen,337231.0,2557.0,27224703.0,18,0
2020-02-10,8,Gretel & Hansel,262672.0,3007.0,11867244.0,11,0
2020-02-10,9,Little Women,237068.0,1805.0,102961255.0,48,0
2020-02-10,10,Star Wars: The Rise of Skywalker,198221.0,1746.0,510833047.0,53,0
2020-02-10,11,Knives Out,174172.0,1443.0,159063469.0,76,0
2020-02-10,12,Jojo Rabbit,139806.0,1096.0,30397965.0,116,0
2020-02-10,13,Just Mercy,125614.0,1315.0,33484087.0,48,0
2020-02-10,14,The Turning,105905.0,1848.0,14210635.0,18,0
2020-02-10,15,The Rhythm Section,104851.0,3049.0,5012609.0,11,0
2020-02-10,-,Frozen II,92986.0,1131.0,474404111.0,81,0
2020-02-10,-,Uncut Gems,77645.0,1142.0,49315235.0,60,0
2020-02-10,-,Ford v. Ferrari,67253.0,743.0,116413744.0,88,0
2020-02-10,-,Spies in Disguise,58031.0,800.0,64969304.0,48,0
2020-02-10,-,The Last Full Measure,31843.0,279.0,2566366.0,18,0
2020-02-10,-,Bombshell,28808.0,272.0,31285041.0,60,0
2020-02-10,-,Once Upon a Time…in Hollywood,18139.0,583.0,142412674.0,200,0
2020-02-10,-,Like a Boss,17787.0,295.0,21988627.0,32,0
2020-02-10,-,Weathering With You,15934.0,106.0,7567128.0,27,0
2020-02-10,-,Underwater,11567.0,226.0,17030192.0,32,0
2020-02-10,-,The Assistant,11513.0,25.0,233912.0,11,0
2020-02-10,-,Joker,10648.0,501.0,335217782.0,130,0
2020-02-10,-,A Beautiful Day in the Neighborhood,10242.0,155.0,61335815.0,81,0
2020-02-10,-,Judy,6420.0,39.0,24201136.0,137,0
2020-02-10,-,The Grudge,6019.0,127.0,21113583.0,39,0
2020-02-10,-,The Lodge,5837.0,6.0,82088.0,4,0
2020-02-10,-,Play the Flute,3791.0,2.0,226554.0,379,0
2020-02-10,-,Cats,2525.0,85.0,27154915.0,53,0
2020-02-10,-,Citizen K,2484.0,15.0,96579.0,81,0
2020-02-10,-,Les Misérables,2456.0,38.0,318584.0,32,0
2020-02-10,-,Maleficent: Mistress of Evil,2186.0,68.0,113923281.0,116,0
2020-02-10,-,Incitement,1654.0,9.0,58474.0,11,0
2020-02-10,-,Clemency,1576.0,25.0,340036.0,46,0
2020-02-10,-,Panga,1548.0,37.0,574087.0,18,0
2020-02-10,-,Honeyland,1410.0,16.0,791022.0,200,0
2020-02-10,-,Promare,850.0,4.0,2299360.0,147,0
2020-02-10,-,Midnight Family,271.0,3.0,40820.0,67,0
2020-02-11,1,Birds of Prey (And the Fantabulous Emancipation of One Harley Quinn),3381368.0,4236.0,38551561.0,5,0
2020-02-11,2,Bad Boys For Life,1263733.0,3530.0,168405823.0,26,0
2020-02-11,3,1917,1204405.0,3548.0,134793479.0,49,0
2020-02-11,4,Parasite,642099.0,1060.0,36761281.0,124,0
2020-02-11,5,The Gentlemen,586362.0,2557.0,27811065.0,19,0
2020-02-11,6,Dolittle,584225.0,3462.0,64782955.0,26,0
2020-02-11,7,Jumanji: The Next Level,501652.0,2729.0,299329113.0,61,0
2020-02-11,8,Little Women,369814.0,1805.0,103331069.0,49,0
2020-02-11,9,Gretel & Hansel,360561.0,3007.0,12227805.0,12,0
2020-02-11,10,Knives Out,272568.0,1443.0,159336037.0,77,0
2020-02-11,11,Star Wars: The Rise of Skywalker,269493.0,1746.0,511102540.0,54,0
2020-02-11,12,Just Mercy,221327.0,1315.0,33705414.0,49,0
2020-02-11,13,The Rhythm Section,196226.0,3049.0,5208835.0,12,0
2020-02-11,14,Jojo Rabbit,189474.0,1096.0,30587439.0,117,0
2020-02-11,15,The Turning,142860.0,1848.0,14353495.0,19,0
2020-02-11,-,Frozen II,123120.0,1131.0,474527231.0,82,0
2020-02-11,-,Uncut Gems,118086.0,1142.0,49433321.0,61,0
2020-02-11,-,Ford v. Ferrari,90377.0,743.0,116504121.0,89,0
2020-02-11,-,Spies in Disguise,80910.0,800.0,65050214.0,49,0
2020-02-11,-,The Last Full Measure,51566.0,279.0,2617932.0,19,0
2020-02-11,-,Bombshell,38839.0,272.0,31323880.0,61,0
2020-02-11,-,Like a Boss,29821.0,295.0,22018448.0,33,0
2020-02-11,-,Weathering With You,20563.0,106.0,7587691.0,28,0
2020-02-11,-,Once Upon a Time…in Hollywood,16509.0,583.0,142429183.0,201,0
2020-02-11,-,Underwater,15810.0,226.0,17046002.0,33,0
2020-02-11,-,The Assistant,15256.0,25.0,249168.0,12,0
2020-02-11,-,A Beautiful Day in the Neighborhood,14564.0,155.0,61350379.0,82,0
2020-02-11,-,Joker,12026.0,501.0,335229808.0,131,0
2020-02-11,-,Judy,7057.0,39.0,24208193.0,138,0
2020-02-11,-,The Lodge,6825.0,6.0,88913.0,5,0
2020-02-11,-,The Grudge,6565.0,127.0,21120148.0,40,0
2020-02-11,-,Panga,4880.0,37.0,578967.0,19,0
2020-02-11,-,Cats,4010.0,85.0,27158925.0,54,0
2020-02-11,-,Citizen K,3620.0,15.0,100199.0,82,0
2020-02-11,-,Maleficent: Mistress of Evil,2375.0,68.0,113925656.0,117,0
2020-02-11,-,Les Misérables,2329.0,38.0,320913.0,33,0
2020-02-11,-,Incitement,2074.0,9.0,60548.0,12,0
2020-02-11,-,Clemency,1732.0,25.0,341768.0,47,0
2020-02-11,-,Honeyland,1676.0,16.0,792698.0,201,0
2020-02-11,-,Midnight Family,378.0,3.0,41198.0,68,0
2020-02-11,-,Promare,249.0,4.0,2299609.0,148,0
2020-02-11,-,Linda Ronstadt: The Sound of My Voice,108.0,1.0,4252356.0,159,0
2020-02-12,1,Birds of Prey (And the Fantabulous Emancipation of One Harley Quinn),1826055.0,4236.0,40377616.0,6,0
2020-02-12,2,Bad Boys For Life,775133.0,3530.0,169180956.0,27,0
2020-02-12,3,1917,759880.0,3548.0,135553359.0,50,0
2020-02-12,4,Parasite,462311.0,1060.0,37223592.0,125,0
2020-02-12,5,The Gentlemen,367951.0,2557.0,28179016.0,20,0
2020-02-12,6,Jumanji: The Next Level,350779.0,2729.0,299679892.0,62,0
2020-02-12,7,Dolittle,309010.0,3462.0,65091965.0,27,0
2020-02-12,8,Little Women,245643.0,1805.0,103576712.0,50,0
2020-02-12,9,Gretel & Hansel,231393.0,3007.0,12459198.0,13,0
2020-02-12,10,Star Wars: The Rise of Skywalker,190456.0,1746.0,511292996.0,55,0
2020-02-12,11,Knives Out,180319.0,1443.0,159516356.0,78,0
2020-02-12,12,Just Mercy,136024.0,1315.0,33841438.0,50,0
2020-02-12,13,Jojo Rabbit,134672.0,1096.0,30722111.0,118,0
2020-02-12,14,The Rhythm Section,110061.0,3049.0,5318896.0,13,0
2020-02-12,15,The Turning,94170.0,1848.0,14447665.0,20,0
2020-02-12,-,Uncut Gems,88940.0,1142.0,49522261.0,62,0
2020-02-12,-,Frozen II,76251.0,1131.0,474603482.0,83,0
2020-02-12,-,Ford v. Ferrari,62257.0,743.0,116566378.0,90,0
2020-02-12,-,Spies in Disguise,47434.0,800.0,65097648.0,50,0
2020-02-12,-,The Last Full Measure,30888.0,279.0,2648820.0,20,0
2020-02-12,-,Bombshell,28217.0,272.0,31352097.0,62,0
2020-02-12,-,Like a Boss,20320.0,295.0,22038768.0,34,0
2020-02-12,-,Weathering With You,18137.0,106.0,7605828.0,29,0
2020-02-12,-,The Assistant,14094.0,25.0,263262.0,13,0
2020-02-12,-,Once Upon a Time…in Hollywood,13422.0,583.0,142442605.0,202,0
2020-02-12,-,Joker,11453.0,501.0,335241261.0,132,0
2020-02-12,-,A Beautiful Day in the Neighborhood,11381.0,155.0,61361760.0,83,0
2020-02-12,-,Underwater,11332.0,226.0,17057334.0,34,0
2020-02-12,-,Judy,7151.0,39.0,24215344.0,139,0
2020-02-12,-,The Lodge,6793.0,6.0,95706.0,6,0
2020-02-12,-,The Grudge,5840.0,127.0,21125988.0,41,0
2020-02-12,-,Cats,3885.0,85.0,27162810.0,55,0
2020-02-12,-,Incitement,3089.0,9.0,63637.0,13,0
2020-02-12,-,Les Misérables,2856.0,38.0,323769.0,34,0
2020-02-12,-,Honeyland,2257.0,16.0,794955.0,202,0
2020-02-12,-,Panga,2189.0,37.0,581156.0,20,0
2020-02-12,-,Citizen K,1897.0,15.0,102096.0,83,0
2020-02-12,-,Maleficent: Mistress of Evil,1893.0,68.0,113927549.0,118,0
2020-02-12,-,Clemency,1388.0,25.0,343156.0,48,0
2020-02-12,-,The Cordillera of Dreams,1101.0,1.0,1101.0,1,1
2020-02-12,-,Midnight Family,185.0,3.0,41383.0,69,0
2020-02-16,1,Sonic The Hedgehog,16541359.0,4167.0,58018348.0,3,0
2020-02-16,2,Birds of Prey (And the Fantabulous Emancipation of One Harley Quinn),4641363.0,4236.0,59330988.0,10,0
2020-02-16,3,Bad Boys For Life,3066471.0,3185.0,181553210.0,31,0
2020-02-16,4,Fantasy Island,2795794.0,2784.0,12310420.0,3,0
2020-02-16,5,1917,2419720.0,3084.0,144410139.0,54,0
2020-02-16,6,The Photograph,2163020.0,2516.0,12181865.0,3,0
2020-02-16,7,Parasite,1722193.0,2001.0,43370010.0,129,0
2020-02-16,8,Jumanji: The Next Level,1578613.0,2410.0,305563770.0,66,0
2020-02-16,9,Dolittle,1368765.0,2869.0,70314035.0,31,0
2020-02-16,10,Downhill,977908.0,2301.0,4622018.0,3,0
2020-02-16,11,The Gentlemen,777501.0,1802.0,31275222.0,24,0
2020-02-16,12,Knives Out,577714.0,1154.0,161837585.0,82,0
2020-02-16,13,Little Women,520908.0,1035.0,105360077.0,54,0
2020-02-16,14,Star Wars: The Rise of Skywalker,452993.0,992.0,512876354.0,59,0
2020-02-16,15,Gretel & Hansel,392985.0,1645.0,14198827.0,17,0
2020-02-16,-,Jojo Rabbit,317398.0,484.0,31839073.0,122,0
2020-02-16,-,Frozen II,288414.0,716.0,475535418.0,87,0
2020-02-16,-,Just Mercy,223349.0,846.0,34752574.0,54,0
2020-02-16,-,Spies in Disguise,161522.0,519.0,65624019.0,54,0
2020-02-16,-,The Turning,125555.0,610.0,15068905.0,24,0
2020-02-16,-,Portrait of a Lady on Fire,111075.0,22.0,547603.0,73,0
2020-02-16,-,Ford v. Ferrari,103956.0,293.0,117004079.0,94,0
2020-02-16,-,The Assistant,65577.0,82.0,481814.0,17,0
2020-02-16,-,Uncut Gems,53416.0,218.0,49770947.0,66,0
2020-02-16,-,Bombshell,41566.0,128.0,31503329.0,66,0
2020-02-16,-,The Lodge,39055.0,21.0,233826.0,10,0
2020-02-16,-,A Beautiful Day in the Neighborhood,33469.0,141.0,61486379.0,87,0
2020-02-16,-,The Last Full Measure,24936.0,121.0,2763876.0,24,0
2020-02-16,-,Like a Boss,22787.0,122.0,22139457.0,38,0
2020-02-16,-,Weathering With You,19249.0,32.0,7691616.0,33,0
2020-02-16,-,Joker,19008.0,165.0,335327326.0,136,0
2020-02-16,-,The Grudge,13446.0,71.0,21184169.0,45,0
2020-02-16,-,The Times of Bill Cunningham,13036.0,2.0,41945.0,3,0
2020-02-16,-,Underwater,13007.0,77.0,17112283.0,38,0
2020-02-16,-,Ordinary Love,11042.0,3.0,23564.0,3,0
2020-02-16,-,Once Upon a Time…in Hollywood,10435.0,53.0,142489156.0,206,0
2020-02-16,-,The Rhythm Section,8159.0,94.0,5423109.0,17,0
2020-02-16,-,Judy,7739.0,43.0,24246901.0,143,0
2020-02-16,-,Incitement,6232.0,21.0,85767.0,17,0
2020-02-16,-,Honeyland,4794.0,7.0,805643.0,206,0
2020-02-16,-,Olympic Dreams,3162.0,3.0,9290.0,3,0
2020-02-16,-,Clemency,2788.0,15.0,353164.0,52,0
2020-02-16,-,Citizen K,2533.0,10.0,111054.0,87,0
2020-02-16,-,"I Was at Home, But…",2000.0,1.0,6115.0,3,0
2020-02-16,-,The Cordillera of Dreams,1256.0,1.0,6793.0,5,0
2020-02-16,-,Promare,993.0,5.0,2300602.0,153,0
2020-02-16,-,Les Misérables,922.0,7.0,328626.0,38,0
2020-02-16,-,Linda Ronstadt: The Sound of My Voice,90.0,1.0,4252625.0,164,0
2020-02-13,1,Birds of Prey (And the Fantabulous Emancipation of One Harley Quinn),1780686.0,4236.0,42158302.0,7,0
2020-02-13,2,Bad Boys For Life,841350.0,3530.0,170022306.0,28,0
2020-02-13,3,1917,771625.0,3548.0,136324984.0,51,0
2020-02-13,4,Parasite,463952.0,1060.0,37687544.0,126,0
2020-02-13,5,Dolittle,359550.0,3462.0,65451515.0,28,0
2020-02-13,6,The Gentlemen,345047.0,2557.0,28524063.0,21,0
2020-02-13,7,Jumanji: The Next Level,336394.0,2729.0,300016286.0,63,0
2020-02-13,8,Little Women,226294.0,1805.0,103803006.0,51,0
2020-02-13,9,Gretel & Hansel,222719.0,3007.0,12681917.0,14,0
2020-02-13,10,Knives Out,194661.0,1443.0,159711017.0,79,0
2020-02-13,11,Star Wars: The Rise of Skywalker,193367.0,1746.0,511486363.0,56,0
2020-02-13,12,Just Mercy,138728.0,1315.0,33980166.0,51,0
2020-02-13,13,Jojo Rabbit,133197.0,1096.0,30855308.0,119,0
2020-02-13,14,Frozen II,84221.0,1131.0,474687703.0,84,0
2020-02-13,15,The Turning,78900.0,1848.0,14526565.0,21,0
2020-02-13,-,The Rhythm Section,78611.0,3049.0,5397507.0,14,0
2020-02-13,-,Uncut Gems,76592.0,1142.0,49598853.0,63,0
2020-02-13,-,Ford v. Ferrari,67140.0,743.0,116633518.0,91,0
2020-02-13,-,Spies in Disguise,44756.0,800.0,65142404.0,51,0
2020-02-13,-,The Last Full Measure,27514.0,279.0,2676334.0,21,0
2020-02-13,-,Bombshell,23957.0,272.0,31376054.0,63,0
2020-02-13,-,Weathering With You,18872.0,106.0,7624700.0,30,0
2020-02-13,-,Like a Boss,14374.0,295.0,22053142.0,35,0
2020-02-13,-,A Beautiful Day in the Neighborhood,11661.0,155.0,61373421.0,84,0
2020-02-13,-,Once Upon a Time…in Hollywood,10887.0,583.0,142453492.0,203,0
2020-02-13,-,Joker,10512.0,501.0,335251773.0,133,0
2020-02-13,-,The Assistant,10377.0,25.0,273639.0,14,0
2020-02-13,-,Underwater,9142.0,226.0,17066476.0,35,0
2020-02-13,-,Judy,7465.0,39.0,24222809.0,140,0
2020-02-13,-,The Grudge,6327.0,127.0,21132315.0,42,0
2020-02-13,-,The Lodge,4295.0,6.0,100001.0,7,0
2020-02-13,-,Cats,3960.0,85.0,27166770.0,56,0
2020-02-13,-,Les Misérables,2886.0,38.0,326655.0,35,0
2020-02-13,-,Incitement,2097.0,9.0,65734.0,14,0
2020-02-13,-,Maleficent: Mistress of Evil,2056.0,68.0,113929605.0,119,0
2020-02-13,-,Honeyland,1936.0,16.0,796891.0,203,0
2020-02-13,-,Clemency,1920.0,25.0,345076.0,49,0
2020-02-13,-,Citizen K,1895.0,15.0,103991.0,84,0
2020-02-13,-,Panga,1564.0,37.0,582720.0,21,0
2020-02-13,-,The Cordillera of Dreams,1246.0,1.0,2347.0,2,0
2020-02-13,-,Midnight Family,497.0,3.0,41880.0,70,0
2020-02-13,-,Linda Ronstadt: The Sound of My Voice,48.0,1.0,4252404.0,161,0
2020-02-14,1,Sonic The Hedgehog,20924364.0,4167.0,20924364.0,1,1
2020-02-14,2,The Photograph,6287485.0,2516.0,6287485.0,1,1
2020-02-14,3,Birds of Prey (And the Fantabulous Emancipation of One Harley Quinn),6277910.0,4236.0,48436212.0,8,0
2020-02-14,4,Fantasy Island,5410273.0,2784.0,5410273.0,1,1
2020-02-14,5,Bad Boys For Life,4091879.0,3185.0,174114185.0,29,0
2020-02-14,6,1917,2454845.0,3084.0,138779829.0,52,0
2020-02-14,7,Downhill,2098824.0,2301.0,2098824.0,1,1
2020-02-14,8,Jumanji: The Next Level,1878924.0,2410.0,301895210.0,64,0
2020-02-14,9,Parasite,1752333.0,2001.0,39439877.0,127,0
2020-02-14,10,Dolittle,1630265.0,2869.0,67081780.0,29,0
2020-02-14,11,The Gentlemen,930598.0,1802.0,29454661.0,22,0
2020-02-14,12,Knives Out,725224.0,1154.0,160436241.0,80,0
2020-02-14,13,Gretel & Hansel,594652.0,1645.0,13276569.0,15,0
2020-02-14,14,Little Women,454190.0,1035.0,104257196.0,52,0
2020-02-14,15,Star Wars: The Rise of Skywalker,388949.0,992.0,511875312.0,57,0
2020-02-14,-,Jojo Rabbit,275900.0,484.0,31131208.0,120,0
2020-02-14,-,Just Mercy,253417.0,846.0,34233583.0,52,0
2020-02-14,-,The Turning,224760.0,610.0,14751325.0,22,0
2020-02-14,-,Frozen II,212813.0,716.0,474900516.0,85,0
2020-02-14,-,Portrait of a Lady on Fire,173559.0,22.0,292162.0,71,0
2020-02-14,-,Spies in Disguise,124115.0,519.0,65266519.0,52,0
2020-02-14,-,Ford v. Ferrari,117480.0,293.0,116750998.0,92,0
2020-02-14,-,The Assistant,55777.0,82.0,329416.0,15,0
2020-02-14,-,Uncut Gems,51908.0,218.0,49650761.0,64,0
2020-02-14,-,The Lodge,49879.0,21.0,149880.0,8,0
2020-02-14,-,A Beautiful Day in the Neighborhood,35098.0,141.0,61408519.0,85,0
2020-02-14,-,Like a Boss,32409.0,122.0,22085551.0,36,0
2020-02-14,-,Bombshell,31619.0,128.0,31407673.0,64,0
2020-02-14,-,The Last Full Measure,29923.0,121.0,2706257.0,22,0
2020-02-14,-,Joker,27981.0,165.0,335279754.0,134,0
2020-02-14,-,The Grudge,20651.0,71.0,21152966.0,43,0
2020-02-14,-,Weathering With You,19951.0,32.0,7644651.0,31,0
2020-02-14,-,Underwater,16549.0,77.0,17083025.0,36,0
2020-02-14,-,The Times of Bill Cunningham,13578.0,2.0,13578.0,1,1
2020-02-14,-,Once Upon a Time…in Hollywood,11222.0,53.0,142464714.0,204,0
2020-02-14,-,Judy,7895.0,43.0,24230704.0,141,0
2020-02-14,-,The Rhythm Section,7889.0,94.0,5405396.0,15,0
2020-02-14,-,Ordinary Love,5531.0,3.0,5531.0,1,1
2020-02-14,-,Incitement,4363.0,21.0,70097.0,15,0
2020-02-14,-,Olympic Dreams,2892.0,3.0,2892.0,1,1
2020-02-14,-,Clemency,2278.0,15.0,347354.0,50,0
2020-02-14,-,"I Was at Home, But…",1930.0,1.0,1930.0,1,1
2020-02-14,-,Citizen K,1905.0,10.0,105896.0,85,0
2020-02-14,-,The Cordillera of Dreams,1546.0,2.0,3893.0,3,0
2020-02-14,-,Honeyland,637.0,7.0,797528.0,204,0
2020-02-14,-,Les Misérables,315.0,7.0,326970.0,36,0
2020-02-14,-,Linda Ronstadt: The Sound of My Voice,90.0,1.0,4252494.0,162,0
2020-02-15,1,Sonic The Hedgehog,20552625.0,4167.0,41476989.0,2,0
2020-02-15,2,Birds of Prey (And the Fantabulous Emancipation of One Harley Quinn),6253413.0,4236.0,54689625.0,9,0
2020-02-15,3,Bad Boys For Life,4372554.0,3185.0,178486739.0,30,0
2020-02-15,4,Fantasy Island,4104353.0,2784.0,9514626.0,2,0
2020-02-15,5,The Photograph,3731360.0,2516.0,10018845.0,2,0
2020-02-15,6,1917,3210590.0,3084.0,141990419.0,53,0
2020-02-15,7,Parasite,2207940.0,2001.0,41647817.0,128,0
2020-02-15,8,Jumanji: The Next Level,2089947.0,2410.0,303985157.0,65,0
2020-02-15,9,Dolittle,1863490.0,2869.0,68945270.0,30,0
2020-02-15,10,Downhill,1545286.0,2301.0,3644110.0,2,0
2020-02-15,11,The Gentlemen,1043060.0,1802.0,30497721.0,23,0
2020-02-15,12,Knives Out,823630.0,1154.0,161259871.0,81,0
2020-02-15,13,Little Women,581973.0,1035.0,104839169.0,53,0
2020-02-15,14,Star Wars: The Rise of Skywalker,548049.0,992.0,512423361.0,58,0
2020-02-15,15,Gretel & Hansel,529273.0,1645.0,13805842.0,16,0
2020-02-15,-,Jojo Rabbit,390467.0,484.0,31521675.0,121,0
2020-02-15,-,Frozen II,346488.0,716.0,475247004.0,86,0
2020-02-15,-,Just Mercy,295642.0,846.0,34529225.0,53,0
2020-02-15,-,Spies in Disguise,195978.0,519.0,65462497.0,53,0
2020-02-15,-,The Turning,192025.0,610.0,14943350.0,23,0
2020-02-15,-,Ford v. Ferrari,149125.0,293.0,116900123.0,93,0
2020-02-15,-,Portrait of a Lady on Fire,144366.0,22.0,436528.0,72,0
2020-02-15,-,The Assistant,86821.0,82.0,416237.0,16,0
2020-02-15,-,Uncut Gems,66770.0,218.0,49717531.0,65,0
2020-02-15,-,Bombshell,54090.0,128.0,31461763.0,65,0
2020-02-15,-,The Lodge,44891.0,21.0,194771.0,9,0
2020-02-15,-,A Beautiful Day in the Neighborhood,44391.0,141.0,61452910.0,86,0
2020-02-15,-,The Last Full Measure,32683.0,121.0,2738940.0,23,0
2020-02-15,-,Like a Boss,31119.0,122.0,22116670.0,37,0
2020-02-15,-,Joker,28564.0,165.0,335308318.0,135,0
2020-02-15,-,Weathering With You,27716.0,32.0,7672367.0,32,0
2020-02-15,-,The Grudge,17757.0,71.0,21170723.0,44,0
2020-02-15,-,Underwater,16251.0,77.0,17099276.0,37,0
2020-02-15,-,The Times of Bill Cunningham,15331.0,2.0,28909.0,2,0
2020-02-15,-,Once Upon a Time…in Hollywood,14007.0,53.0,142478721.0,205,0
2020-02-15,-,The Rhythm Section,9554.0,94.0,5414950.0,16,0
2020-02-15,-,Incitement,9438.0,21.0,79535.0,16,0
2020-02-15,-,Judy,8458.0,43.0,24239162.0,142,0
2020-02-15,-,Ordinary Love,6991.0,3.0,12522.0,2,0
2020-02-15,-,Honeyland,3321.0,7.0,800849.0,205,0
2020-02-15,-,Olympic Dreams,3236.0,3.0,6128.0,2,0
2020-02-15,-,Clemency,3022.0,15.0,350376.0,51,0
2020-02-15,-,Citizen K,2625.0,10.0,108521.0,86,0
2020-02-15,-,"I Was at Home, But…",2185.0,1.0,4115.0,2,0
2020-02-15,-,The Cordillera of Dreams,1644.0,2.0,5537.0,4,0
2020-02-15,-,Les Misérables,734.0,7.0,327704.0,37,0
2020-02-15,-,Linda Ronstadt: The Sound of My Voice,41.0,1.0,4252535.0,163,0
2020-02-17,1,Sonic The Hedgehog,11983726.0,4167.0,70002074.0,4,0
2020-02-17,2,Birds of Prey (And the Fantabulous Emancipation of One Harley Quinn),2528183.0,4236.0,61859171.0,11,0
2020-02-17,3,Bad Boys For Life,1570893.0,3185.0,183124103.0,32,0
2020-02-17,4,Fantasy Island,1444098.0,2784.0,13754518.0,4,0
2020-02-17,5,1917,1350230.0,3084.0,145760369.0,55,0
2020-02-17,6,Dolittle,1262575.0,2869.0,71576610.0,32,0
2020-02-17,7,Jumanji: The Next Level,1254204.0,2410.0,306817974.0,67,0
2020-02-17,8,The Photograph,1068160.0,2516.0,13250025.0,4,0
2020-02-17,9,Parasite,964428.0,2001.0,44334438.0,130,0
2020-02-17,10,Downhill,482863.0,2301.0,5104881.0,4,0
2020-02-17,11,The Gentlemen,427429.0,1802.0,31702651.0,25,0
2020-02-17,12,Little Women,398165.0,1035.0,105758242.0,55,0
2020-02-17,13,Knives Out,339689.0,1154.0,162177274.0,83,0
2020-02-17,14,Star Wars: The Rise of Skywalker,322253.0,992.0,513198607.0,60,0
2020-02-17,15,Frozen II,309850.0,716.0,475845268.0,88,0
2020-02-17,-,Gretel & Hansel,217591.0,1645.0,14416418.0,18,0
2020-02-17,-,Spies in Disguise,216916.0,519.0,65840935.0,55,0
2020-02-17,-,Jojo Rabbit,191995.0,484.0,32031068.0,123,0
2020-02-17,-,Just Mercy,147517.0,846.0,34900091.0,55,0
2020-02-17,-,Portrait of a Lady on Fire,78580.0,22.0,626183.0,74,0
2020-02-17,-,The Turning,65255.0,610.0,15134160.0,25,0
2020-02-17,-,Ford v. Ferrari,63552.0,293.0,117067631.0,95,0
2020-02-17,-,The Assistant,39728.0,82.0,521542.0,18,0
2020-02-17,-,Uncut Gems,32594.0,218.0,49803541.0,67,0
2020-02-17,-,Bombshell,26678.0,128.0,31530007.0,67,0
2020-02-17,-,The Lodge,24222.0,21.0,258048.0,11,0
2020-02-17,-,A Beautiful Day in the Neighborhood,23004.0,141.0,61509383.0,88,0
2020-02-17,-,Weathering With You,19863.0,32.0,7711479.0,34,0
2020-02-17,-,The Last Full Measure,13929.0,121.0,2777805.0,25,0
2020-02-17,-,Joker,11011.0,165.0,335338337.0,137,0
2020-02-17,-,Like a Boss,10226.0,122.0,22149683.0,39,0
2020-02-17,-,Underwater,7002.0,77.0,17119285.0,39,0
2020-02-17,-,Judy,6437.0,43.0,24253338.0,144,0
2020-02-17,-,Honeyland,5285.0,7.0,810928.0,207,0
2020-02-17,-,The Grudge,5086.0,71.0,21189255.0,46,0
2020-02-17,-,Once Upon a Time…in Hollywood,4991.0,53.0,142494147.0,207,0
2020-02-17,-,The Times of Bill Cunningham,4467.0,2.0,46412.0,4,0
2020-02-17,-,The Rhythm Section,4401.0,94.0,5427510.0,18,0
2020-02-17,-,Incitement,3103.0,21.0,88870.0,18,0
2020-02-17,-,Ordinary Love,2564.0,3.0,26128.0,4,0
2020-02-17,-,Promare,1810.0,5.0,2302412.0,154,0
2020-02-17,-,Clemency,1751.0,6.0,354915.0,53,0
2020-02-17,-,Citizen K,1467.0,10.0,112521.0,88,0
2020-02-17,-,The Cordillera of Dreams,1366.0,1.0,8159.0,6,0
2020-02-17,-,Olympic Dreams,786.0,3.0,10076.0,4,0
2020-02-17,-,"I Was at Home, But…",705.0,1.0,6820.0,4,0
2020-02-17,-,Les Misérables,588.0,7.0,329214.0,39,0
2020-02-17,-,Linda Ronstadt: The Sound of My Voice,32.0,1.0,4252657.0,165,0
2020-02-18,1,Sonic The Hedgehog,5082338.0,4167.0,75084412.0,5,0
2020-02-18,2,Birds of Prey (And the Fantabulous Emancipation of One Harley Quinn),1667914.0,4236.0,63527085.0,12,0
2020-02-18,3,Fantasy Island,1056405.0,2784.0,14810923.0,5,0
2020-02-18,4,Bad Boys For Life,953568.0,3185.0,184077671.0,33,0
2020-02-18,5,The Photograph,829805.0,2516.0,14079830.0,5,0
2020-02-18,6,1917,768575.0,3084.0,146528944.0,56,0
2020-02-18,7,Parasite,655811.0,2001.0,44990249.0,131,0
2020-02-18,8,Jumanji: The Next Level,510796.0,2410.0,307328770.0,68,0
2020-02-18,9,Dolittle,501755.0,2869.0,72078365.0,33,0
2020-02-18,10,Downhill,411443.0,2301.0,5516324.0,5,0
2020-02-18,11,The Gentlemen,303259.0,1802.0,32005910.0,26,0
2020-02-18,12,Little Women,201062.0,1035.0,105959304.0,56,0
2020-02-18,13,Knives Out,194992.0,1154.0,162372266.0,84,0
2020-02-18,14,Star Wars: The Rise of Skywalker,147534.0,992.0,513346141.0,61,0
2020-02-18,15,Gretel & Hansel,140777.0,1645.0,14557195.0,19,0
2020-02-18,-,Just Mercy,103522.0,846.0,35003613.0,56,0
2020-02-18,-,Frozen II,96322.0,716.0,475941590.0,89,0
2020-02-18,-,Jojo Rabbit,94319.0,484.0,32125387.0,124,0
2020-02-18,-,Spies in Disguise,59689.0,519.0,65900624.0,56,0
2020-02-18,-,Ford v. Ferrari,41605.0,293.0,117109236.0,96,0
2020-02-18,-,The Turning,40090.0,610.0,15174250.0,26,0
2020-02-18,-,Portrait of a Lady on Fire,37319.0,22.0,663502.0,75,0
2020-02-18,-,The Assistant,22368.0,82.0,543910.0,19,0
2020-02-18,-,Uncut Gems,20490.0,218.0,49824031.0,68,0
2020-02-18,-,Bombshell,19899.0,128.0,31549906.0,68,0
2020-02-18,-,A Beautiful Day in the Neighborhood,19231.0,141.0,61528614.0,89,0
2020-02-18,-,The Last Full Measure,18560.0,121.0,2796365.0,26,0
2020-02-18,-,The Lodge,13807.0,21.0,271855.0,12,0
2020-02-18,-,Weathering With You,11435.0,32.0,7722914.0,35,0
2020-02-18,-,Like a Boss,7704.0,122.0,22157387.0,40,0
2020-02-18,-,Judy,6408.0,43.0,24259746.0,145,0
2020-02-18,-,Joker,6407.0,165.0,335344744.0,138,0
2020-02-18,-,Underwater,4518.0,77.0,17123803.0,40,0
2020-02-18,-,The Rhythm Section,3982.0,94.0,5431492.0,19,0
2020-02-18,-,Once Upon a Time…in Hollywood,3004.0,53.0,142497151.0,208,0
2020-02-18,-,The Grudge,2738.0,71.0,21191993.0,47,0
2020-02-18,-,Incitement,2472.0,21.0,91342.0,19,0
2020-02-18,-,Ordinary Love,1884.0,3.0,28012.0,5,0
2020-02-18,-,The Times of Bill Cunningham,1708.0,2.0,48120.0,5,0
2020-02-18,-,Promare,1084.0,5.0,2303496.0,155,0
2020-02-18,-,Honeyland,1066.0,7.0,811994.0,208,0
2020-02-18,-,Clemency,1062.0,6.0,355977.0,54,0
2020-02-18,-,The Cordillera of Dreams,839.0,1.0,8998.0,7,0
2020-02-18,-,"I Was at Home, But…",555.0,1.0,7375.0,5,0
2020-02-18,-,Citizen K,525.0,10.0,113046.0,89,0
2020-02-18,-,Les Misérables,370.0,7.0,329584.0,40,0
2020-02-18,-,Olympic Dreams,275.0,3.0,10351.0,5,0
2020-02-20,1,Sonic The Hedgehog,2551581.0,4167.0,80301671.0,7,0
2020-02-20,2,Birds of Prey (And the Fantabulous Emancipation of One Harley Quinn),990732.0,4236.0,65524015.0,14,0
2020-02-20,3,Bad Boys For Life,617811.0,3185.0,185315645.0,35,0
2020-02-20,4,Fantasy Island,563134.0,2784.0,15987070.0,7,0
2020-02-20,5,1917,536095.0,3084.0,147587469.0,58,0
2020-02-20,6,Parasite,404963.0,2001.0,45821489.0,133,0
2020-02-20,7,The Photograph,364870.0,2516.0,14844640.0,7,0
2020-02-20,8,Jumanji: The Next Level,308862.0,2410.0,307964423.0,70,0
2020-02-20,9,Dolittle,268320.0,2869.0,72644290.0,35,0
2020-02-20,10,Downhill,217712.0,2301.0,5972260.0,7,0
2020-02-20,11,The Gentlemen,180360.0,1802.0,32397342.0,28,0
2020-02-20,12,Little Women,135233.0,1035.0,106242271.0,58,0
2020-02-20,13,Knives Out,131021.0,1154.0,162639187.0,86,0
2020-02-20,14,Star Wars: The Rise of Skywalker,101762.0,992.0,513563372.0,63,0
2020-02-20,15,Gretel & Hansel,75211.0,1645.0,14732570.0,21,0
2020-02-20,-,Just Mercy,72119.0,846.0,35141640.0,58,0
2020-02-20,-,Jojo Rabbit,68232.0,484.0,32262604.0,126,0
2020-02-20,-,Frozen II,65359.0,716.0,476076353.0,91,0
2020-02-20,-,Portrait of a Lady on Fire,36179.0,22.0,735114.0,77,0
2020-02-20,-,Spies in Disguise,32840.0,519.0,65969659.0,58,0
2020-02-20,-,Ford v. Ferrari,27233.0,293.0,117165555.0,98,0
2020-02-20,-,Uncut Gems,22128.0,218.0,49868796.0,70,0
2020-02-20,-,The Assistant,18660.0,82.0,581006.0,21,0
2020-02-20,-,The Turning,16415.0,610.0,15218235.0,28,0
2020-02-20,-,Bombshell,13910.0,128.0,31575800.0,70,0
2020-02-20,-,A Beautiful Day in the Neighborhood,12865.0,141.0,61553273.0,91,0
2020-02-20,-,The Lodge,10897.0,21.0,296282.0,14,0
2020-02-20,-,The Last Full Measure,10245.0,121.0,2816894.0,28,0
2020-02-20,-,Weathering With You,6651.0,32.0,7737089.0,37,0
2020-02-20,-,Judy,5397.0,43.0,24269482.0,147,0
2020-02-20,-,Like a Boss,5389.0,122.0,22169514.0,42,0
2020-02-20,-,Joker,4811.0,165.0,335355159.0,140,0
2020-02-20,-,Once Upon a Time…in Hollywood,3242.0,53.0,142502728.0,210,0
2020-02-20,-,Incitement,3124.0,21.0,96651.0,21,0
2020-02-20,-,The Rhythm Section,3047.0,94.0,5437971.0,21,0
2020-02-20,-,Underwater,2979.0,77.0,17130207.0,42,0
2020-02-20,-,The Grudge,2811.0,71.0,21197518.0,49,0
2020-02-20,-,The Times of Bill Cunningham,2438.0,2.0,52498.0,7,0
2020-02-20,-,Ride Your Wave,1799.0,605.0,300789.0,2,0
2020-02-20,-,Honeyland,1784.0,7.0,815082.0,210,0
2020-02-20,-,Ordinary Love,1514.0,3.0,31260.0,7,0
2020-02-20,-,Clemency,814.0,6.0,357860.0,56,0
2020-02-20,-,Citizen K,800.0,10.0,114821.0,91,0
2020-02-20,-,"I Was at Home, But…",464.0,1.0,8440.0,7,0
2020-02-20,-,Promare,462.0,5.0,2304929.0,157,0
2020-02-20,-,The Cordillera of Dreams,432.0,2.0,9666.0,9,0
2020-02-20,-,Olympic Dreams,414.0,4.0,11070.0,7,0
2020-02-20,-,Les Misérables,182.0,7.0,330181.0,42,0
2020-02-19,1,Sonic The Hedgehog,2665678.0,4167.0,77750090.0,6,0
2020-02-19,2,Birds of Prey (And the Fantabulous Emancipation of One Harley Quinn),1006198.0,4236.0,64533283.0,13,0
2020-02-19,3,Bad Boys For Life,620163.0,3185.0,184697834.0,34,0
2020-02-19,4,Fantasy Island,613013.0,2784.0,15423936.0,6,0
2020-02-19,5,1917,522430.0,3084.0,147051374.0,57,0
2020-02-19,6,Parasite,426277.0,2001.0,45416526.0,132,0
2020-02-19,7,The Photograph,399940.0,2516.0,14479770.0,6,0
2020-02-19,8,Jumanji: The Next Level,326791.0,2410.0,307655561.0,69,0
2020-02-19,9,Ride Your Wave,298990.0,605.0,298990.0,1,1
2020-02-19,10,Dolittle,297605.0,2869.0,72375970.0,34,0
2020-02-19,11,Downhill,238224.0,2301.0,5754548.0,6,0
2020-02-19,12,The Gentlemen,211072.0,1802.0,32216982.0,27,0
2020-02-19,13,Little Women,147734.0,1035.0,106107038.0,57,0
2020-02-19,14,Knives Out,135900.0,1154.0,162508166.0,85,0
2020-02-19,15,Star Wars: The Rise of Skywalker,115469.0,992.0,513461610.0,62,0
2020-02-19,-,Gretel & Hansel,100164.0,1645.0,14657359.0,20,0
2020-02-19,-,Frozen II,69404.0,716.0,476010994.0,90,0
2020-02-19,-,Jojo Rabbit,68985.0,484.0,32194372.0,125,0
2020-02-19,-,Just Mercy,65908.0,846.0,35069521.0,57,0
2020-02-19,-,Spies in Disguise,36195.0,519.0,65936819.0,57,0
2020-02-19,-,Portrait of a Lady on Fire,35433.0,22.0,698935.0,76,0
2020-02-19,-,Ford v. Ferrari,29086.0,293.0,117138322.0,97,0
2020-02-19,-,The Turning,27570.0,610.0,15201820.0,27,0
2020-02-19,-,Uncut Gems,22637.0,218.0,49846668.0,69,0
2020-02-19,-,The Assistant,18436.0,82.0,562346.0,20,0
2020-02-19,-,The Lodge,13530.0,21.0,285385.0,13,0
2020-02-19,-,Bombshell,11984.0,128.0,31561890.0,69,0
2020-02-19,-,A Beautiful Day in the Neighborhood,11794.0,141.0,61540408.0,90,0
2020-02-19,-,The Last Full Measure,10284.0,121.0,2806649.0,27,0
2020-02-19,-,Weathering With You,7524.0,32.0,7730438.0,36,0
2020-02-19,-,Like a Boss,6738.0,122.0,22164125.0,41,0
2020-02-19,-,Joker,5604.0,165.0,335350348.0,139,0
2020-02-19,-,Judy,4339.0,43.0,24264085.0,146,0
2020-02-19,-,The Rhythm Section,3432.0,94.0,5434924.0,20,0
2020-02-19,-,Underwater,3425.0,77.0,17127228.0,41,0
2020-02-19,-,The Grudge,2714.0,71.0,21194707.0,48,0
2020-02-19,-,Once Upon a Time…in Hollywood,2335.0,53.0,142499486.0,209,0
2020-02-19,-,Incitement,2185.0,21.0,93527.0,20,0
2020-02-19,-,The Times of Bill Cunningham,1940.0,2.0,50060.0,6,0
2020-02-19,-,Ordinary Love,1734.0,3.0,29746.0,6,0
2020-02-19,-,Honeyland,1304.0,7.0,813298.0,209,0
2020-02-19,-,Clemency,1069.0,6.0,357046.0,55,0
2020-02-19,-,Citizen K,975.0,10.0,114021.0,90,0
2020-02-19,-,Promare,971.0,5.0,2304467.0,156,0
2020-02-19,-,"I Was at Home, But…",601.0,1.0,7976.0,6,0
2020-02-19,-,Les Misérables,415.0,7.0,329999.0,41,0
2020-02-19,-,Olympic Dreams,305.0,4.0,10656.0,6,0
2020-02-19,-,The Cordillera of Dreams,236.0,1.0,9234.0,8,0
2020-02-21,1,The Call of the Wild,8049028.0,3752.0,8049028.0,1,1
2020-02-21,2,Sonic The Hedgehog,6359113.0,4198.0,86660784.0,8,0
2020-02-21,3,Brahms: The Boy II,2210191.0,2151.0,2210191.0,1,1
2020-02-21,4,Birds of Prey (And the Fantabulous Emancipation of One Harley Quinn),1910181.0,3565.0,67434196.0,15,0
2020-02-21,5,Bad Boys For Life,1577504.0,2972.0,186893149.0,36,0
2020-02-21,6,Fantasy Island,1262331.0,2784.0,17249401.0,8,0
2020-02-21,7,1917,1178315.0,2725.0,148765784.0,59,0
2020-02-21,8,Impractical Jokers: The Movie,950007.0,357.0,950007.0,1,1
2020-02-21,9,The Photograph,870375.0,2516.0,15715015.0,8,0
2020-02-21,10,Parasite,845677.0,1803.0,46667166.0,134,0
2020-02-21,11,Jumanji: The Next Level,748049.0,2126.0,308712472.0,71,0
2020-02-21,12,Dolittle,478880.0,2265.0,73123170.0,36,0
2020-02-21,13,Downhill,441812.0,2311.0,6414072.0,8,0
2020-02-21,14,My Boyfriend’s Meds,417176.0,350.0,417176.0,1,1
2020-02-21,15,The Gentlemen,359088.0,1133.0,32756430.0,29,0
2020-02-21,-,Knives Out,316641.0,949.0,162955828.0,87,0
2020-02-21,-,Portrait of a Lady on Fire,232285.0,130.0,967399.0,78,0
2020-02-21,-,The Lodge,220591.0,322.0,516873.0,15,0
2020-02-21,-,Little Women,198299.0,633.0,106440570.0,59,0
2020-02-21,-,Star Wars: The Rise of Skywalker,143927.0,558.0,513707299.0,64,0
2020-02-21,-,Jojo Rabbit,127538.0,385.0,32390142.0,127,0
2020-02-21,-,Frozen II,112404.0,424.0,476188757.0,92,0
2020-02-21,-,Gretel & Hansel,93854.0,733.0,14826424.0,22,0
2020-02-21,-,Just Mercy,79782.0,423.0,35221422.0,59,0
2020-02-21,-,Emma.,79626.0,5.0,79626.0,1,1
2020-02-21,-,The Assistant,64396.0,167.0,645402.0,22,0
2020-02-21,-,Spies in Disguise,48389.0,263.0,66018048.0,59,0
2020-02-21,-,Ford v. Ferrari,47566.0,214.0,117213121.0,99,0
2020-02-21,-,The Turning,38240.0,315.0,15256475.0,29,0
2020-02-21,-,Seberg,25214.0,3.0,25214.0,71,0
2020-02-21,-,Bombshell,17130.0,80.0,31592930.0,71,0
2020-02-21,-,A Beautiful Day in the Neighborhood,16993.0,141.0,61570266.0,92,0
2020-02-21,-,Uncut Gems,16567.0,92.0,49885363.0,71,0
2020-02-21,-,Underwater,14369.0,85.0,17144576.0,43,0
2020-02-21,-,The Times of Bill Cunningham,11283.0,8.0,63781.0,8,0
2020-02-21,-,The Last Full Measure,10622.0,83.0,2827516.0,29,0
2020-02-21,-,Ordinary Love,10567.0,22.0,41827.0,8,0
2020-02-21,-,Joker,10536.0,165.0,335365695.0,141,0
2020-02-21,-,Judy,6944.0,34.0,24276426.0,148,0
2020-02-21,-,Weathering With You,6793.0,15.0,7743882.0,38,0
2020-02-21,-,Ride Your Wave,5011.0,12.0,305800.0,3,0
2020-02-21,-,The Grudge,4970.0,41.0,21202488.0,50,0
2020-02-21,-,Premature,3800.0,4.0,3800.0,1,1
2020-02-21,-,Incitement,3135.0,14.0,99786.0,22,0
2020-02-21,-,Olympic Dreams,3029.0,36.0,14099.0,8,0
2020-02-21,-,Promare,2286.0,10.0,2307215.0,158,0
2020-02-21,-,The Cordillera of Dreams,1428.0,8.0,11094.0,10,0
2020-02-21,-,Clemency,1111.0,8.0,358971.0,57,0
2020-02-21,-,Citizen K,466.0,9.0,115287.0,92,0
2020-02-21,-,"I Was at Home, But…",277.0,1.0,8717.0,8,0
2020-02-22,1,Sonic The Hedgehog,11961933.0,4198.0,98622717.0,9,0
2020-02-22,2,The Call of the Wild,10126296.0,3752.0,18175324.0,2,0
2020-02-22,3,Birds of Prey (And the Fantabulous Emancipation of One Harley Quinn),2977704.0,3565.0,70411900.0,16,0
2020-02-22,4,Bad Boys For Life,2658357.0,2972.0,189551506.0,37,0
2020-02-22,5,Brahms: The Boy II,2334829.0,2151.0,4545020.0,2,0
2020-02-22,6,1917,1947880.0,2725.0,150713664.0,60,0
2020-02-22,7,Fantasy Island,1896170.0,2784.0,19145571.0,9,0
2020-02-22,8,Jumanji: The Next Level,1372839.0,2126.0,310085311.0,72,0
2020-02-22,9,Parasite,1361540.0,1803.0,48028706.0,135,0
2020-02-22,10,The Photograph,1213010.0,2516.0,16928025.0,9,0
2020-02-22,11,Impractical Jokers: The Movie,1011295.0,357.0,1961302.0,2,0
2020-02-22,12,Dolittle,871065.0,2265.0,73994235.0,37,0
2020-02-22,13,Downhill,647789.0,2311.0,7061861.0,9,0
2020-02-22,14,The Gentlemen,554525.0,1133.0,33310955.0,30,0
2020-02-22,15,My Boyfriend’s Meds,519602.0,350.0,936778.0,2,0
2020-02-22,-,Knives Out,517500.0,949.0,163473328.0,88,0
2020-02-22,-,Little Women,321485.0,633.0,106762055.0,60,0
2020-02-22,-,Portrait of a Lady on Fire,272023.0,130.0,1239422.0,79,0
2020-02-22,-,Star Wars: The Rise of Skywalker,261396.0,558.0,513968695.0,65,0
2020-02-22,-,The Lodge,239952.0,322.0,756825.0,16,0
2020-02-22,-,Frozen II,230727.0,424.0,476419484.0,93,0
2020-02-22,-,Jojo Rabbit,209744.0,385.0,32599886.0,128,0
2020-02-22,-,Gretel & Hansel,143510.0,733.0,14969934.0,23,0
2020-02-22,-,Just Mercy,110558.0,423.0,35331980.0,60,0
2020-02-22,-,Spies in Disguise,95735.0,263.0,66113783.0,60,0
2020-02-22,-,The Assistant,95719.0,167.0,741121.0,23,0
2020-02-22,-,Emma.,92273.0,5.0,171899.0,2,0
2020-02-22,-,Ford v. Ferrari,81900.0,214.0,117295021.0,100,0
2020-02-22,-,The Turning,60665.0,315.0,15317140.0,30,0
2020-02-22,-,Bombshell,31254.0,80.0,31624184.0,72,0
2020-02-22,-,Uncut Gems,25998.0,92.0,49911361.0,72,0
2020-02-22,-,A Beautiful Day in the Neighborhood,25685.0,141.0,61595951.0,93,0
2020-02-22,-,Underwater,24256.0,85.0,17168832.0,44,0
2020-02-22,-,Ordinary Love,19880.0,22.0,61707.0,9,0
2020-02-22,-,Joker,18013.0,165.0,335383708.0,142,0
2020-02-22,-,The Last Full Measure,15732.0,83.0,2843248.0,30,0
2020-02-22,-,Seberg,13947.0,3.0,39161.0,72,0
2020-02-22,-,Weathering With You,9822.0,15.0,7753704.0,39,0
2020-02-22,-,The Times of Bill Cunningham,9396.0,8.0,73177.0,9,0
2020-02-22,-,The Grudge,8482.0,41.0,21210970.0,51,0
2020-02-22,-,Judy,7043.0,34.0,24283469.0,149,0
2020-02-22,-,Incitement,6718.0,14.0,106504.0,23,0
2020-02-22,-,Ride Your Wave,5329.0,12.0,311129.0,4,0
2020-02-22,-,Premature,4289.0,4.0,8089.0,2,0
2020-02-22,-,Olympic Dreams,4258.0,36.0,18357.0,9,0
2020-02-22,-,The Cordillera of Dreams,2875.0,8.0,13969.0,11,0
2020-02-22,-,Clemency,1667.0,8.0,360638.0,58,0
2020-02-22,-,Citizen K,703.0,9.0,115990.0,93,0
2020-02-22,-,Promare,455.0,10.0,2307670.0,159,0
2020-02-22,-,"I Was at Home, But…",339.0,1.0,9056.0,9,0
2020-02-23,1,Sonic The Hedgehog,7871248.0,4198.0,106493965.0,10,0
2020-02-23,2,The Call of the Wild,6616300.0,3752.0,24791624.0,3,0
2020-02-23,3,Birds of Prey (And the Fantabulous Emancipation of One Harley Quinn),1914118.0,3565.0,72326018.0,17,0
2020-02-23,4,Bad Boys For Life,1608117.0,2972.0,191159623.0,38,0
2020-02-23,5,Brahms: The Boy II,1277986.0,2151.0,5823006.0,3,0
2020-02-23,6,Fantasy Island,1111978.0,2784.0,20257549.0,10,0
2020-02-23,7,1917,1090695.0,2725.0,151804359.0,61,0
2020-02-23,8,Parasite,803309.0,1803.0,48832015.0,136,0
2020-02-23,9,Jumanji: The Next Level,754414.0,2126.0,310839725.0,73,0
2020-02-23,10,The Photograph,702270.0,2516.0,17630295.0,10,0
2020-02-23,11,Impractical Jokers: The Movie,645747.0,357.0,2607049.0,3,0
2020-02-23,12,Dolittle,500440.0,2265.0,74494675.0,38,0
2020-02-23,13,My Boyfriend’s Meds,459362.0,350.0,1396140.0,3,0
2020-02-23,14,Downhill,348618.0,2311.0,7410479.0,10,0
2020-02-23,15,The Gentlemen,317505.0,1133.0,33628460.0,31,0
2020-02-23,-,Knives Out,235235.0,949.0,163708563.0,89,0
2020-02-23,-,Little Women,191394.0,633.0,106953449.0,61,0
2020-02-23,-,Portrait of a Lady on Fire,188910.0,130.0,1428332.0,80,0
2020-02-23,-,The Lodge,166426.0,322.0,923251.0,17,0
2020-02-23,-,Star Wars: The Rise of Skywalker,160384.0,558.0,514129079.0,66,0
2020-02-23,-,Frozen II,156941.0,424.0,476576425.0,94,0
2020-02-23,-,Jojo Rabbit,114080.0,385.0,32713966.0,129,0
2020-02-23,-,Gretel & Hansel,80862.0,733.0,15050796.0,24,0
2020-02-23,-,Just Mercy,71462.0,423.0,35403442.0,61,0
2020-02-23,-,Emma.,62583.0,5.0,234482.0,3,0
2020-02-23,-,The Assistant,56179.0,167.0,797300.0,24,0
2020-02-23,-,Spies in Disguise,53290.0,263.0,66167073.0,61,0
2020-02-23,-,Ford v. Ferrari,42177.0,214.0,117337198.0,101,0
2020-02-23,-,The Turning,28295.0,315.0,15345435.0,31,0
2020-02-23,-,Seberg,21326.0,3.0,60487.0,73,0
2020-02-23,-,Uncut Gems,18233.0,92.0,49929594.0,73,0
2020-02-23,-,Bombshell,17323.0,80.0,31641507.0,73,0
2020-02-23,-,A Beautiful Day in the Neighborhood,14647.0,141.0,61610598.0,94,0
2020-02-23,-,Underwater,14267.0,85.0,17183099.0,45,0
2020-02-23,-,Ordinary Love,13173.0,22.0,74880.0,10,0
2020-02-23,-,Joker,11423.0,165.0,335395131.0,143,0
2020-02-23,-,The Last Full Measure,9969.0,83.0,2853217.0,31,0
2020-02-23,-,Ride Your Wave,9303.0,12.0,320432.0,5,0
2020-02-23,-,The Times of Bill Cunningham,5400.0,8.0,78577.0,10,0
2020-02-23,-,The Grudge,5178.0,41.0,21216148.0,52,0
2020-02-23,-,Weathering With You,4670.0,15.0,7758374.0,40,0
2020-02-23,-,Judy,4021.0,34.0,24287490.0,150,0
2020-02-23,-,Incitement,3471.0,14.0,109975.0,24,0
2020-02-23,-,Olympic Dreams,2573.0,36.0,20930.0,10,0
2020-02-23,-,The Cordillera of Dreams,2506.0,9.0,16475.0,12,0
2020-02-23,-,Premature,1820.0,4.0,9909.0,3,0
2020-02-23,-,Citizen K,1376.0,9.0,117366.0,94,0
2020-02-23,-,Clemency,1083.0,8.0,361721.0,59,0
2020-02-23,-,Promare,685.0,10.0,2308355.0,160,0
2020-02-23,-,"I Was at Home, But…",402.0,1.0,9458.0,10,0
2020-02-24,1,The Call of the Wild,1707315.0,3752.0,26498939.0,4,0
2020-02-24,2,Sonic The Hedgehog,1214470.0,4198.0,107708435.0,11,0
2020-02-24,3,Birds of Prey (And the Fantabulous Emancipation of One Harley Quinn),535897.0,3565.0,72861915.0,18,0
2020-02-24,4,Bad Boys For Life,435723.0,2972.0,191595346.0,39,0
2020-02-24,5,Fantasy Island,326649.0,2784.0,20584198.0,11,0
2020-02-24,6,1917,315340.0,2725.0,152119699.0,62,0
2020-02-24,7,Brahms: The Boy II,307698.0,2151.0,6130704.0,4,0
2020-02-24,8,Parasite,275233.0,1803.0,49107248.0,137,0
2020-02-24,9,The Photograph,207110.0,2516.0,17837405.0,11,0
2020-02-24,10,Jumanji: The Next Level,169304.0,2126.0,311009029.0,74,0
2020-02-24,11,Impractical Jokers: The Movie,122672.0,357.0,2729721.0,4,0
2020-02-24,12,Downhill,118106.0,2311.0,7528585.0,11,0
2020-02-24,13,Dolittle,111295.0,2265.0,74605970.0,39,0
2020-02-24,14,The Gentlemen,103076.0,1133.0,33731536.0,32,0
2020-02-24,15,My Boyfriend’s Meds,77028.0,350.0,1473168.0,4,0
2020-02-24,-,Knives Out,71833.0,949.0,163780396.0,90,0
2020-02-24,-,The Lodge,66075.0,322.0,989326.0,18,0
2020-02-24,-,Portrait of a Lady on Fire,64031.0,130.0,1492363.0,81,0
2020-02-24,-,Little Women,59338.0,633.0,107012787.0,62,0
2020-02-24,-,Star Wars: The Rise of Skywalker,48650.0,558.0,514177729.0,67,0
2020-02-24,-,Just Mercy,34902.0,423.0,35438344.0,62,0
2020-02-24,-,Gretel & Hansel,33078.0,733.0,15083874.0,25,0
2020-02-24,-,Jojo Rabbit,30841.0,385.0,32744807.0,130,0
2020-02-24,-,Frozen II,30731.0,424.0,476607156.0,95,0
2020-02-24,-,The Assistant,20241.0,167.0,817541.0,25,0
2020-02-24,-,Ford v. Ferrari,15928.0,214.0,117353126.0,102,0
2020-02-24,-,Emma.,15479.0,5.0,249961.0,4,0
2020-02-24,-,Uncut Gems,9786.0,92.0,49939380.0,74,0
2020-02-24,-,Spies in Disguise,9210.0,263.0,66176283.0,62,0
2020-02-24,-,The Turning,9055.0,315.0,15354490.0,32,0
2020-02-24,-,A Beautiful Day in the Neighborhood,5660.0,141.0,61616258.0,95,0
2020-02-24,-,Bombshell,5046.0,80.0,31646553.0,74,0
2020-02-24,-,Underwater,4405.0,85.0,17187504.0,46,0
2020-02-24,-,Ordinary Love,4360.0,22.0,79240.0,11,0
2020-02-24,-,The Last Full Measure,3917.0,83.0,2857134.0,32,0
2020-02-24,-,Joker,3824.0,165.0,335398955.0,144,0
2020-02-24,-,The Times of Bill Cunningham,3584.0,8.0,82161.0,11,0
2020-02-24,-,Promare,2527.0,10.0,2310882.0,161,0
2020-02-24,-,Judy,2034.0,34.0,24289524.0,151,0
2020-02-24,-,Weathering With You,1915.0,15.0,7760289.0,41,0
2020-02-24,-,Seberg,1754.0,3.0,62241.0,74,0
2020-02-24,-,Ride Your Wave,1248.0,12.0,321680.0,6,0
2020-02-24,-,Olympic Dreams,1174.0,36.0,22104.0,11,0
2020-02-24,-,Incitement,861.0,14.0,110836.0,25,0
2020-02-24,-,The Cordillera of Dreams,788.0,6.0,17263.0,13,0
2020-02-24,-,Premature,722.0,4.0,10631.0,4,0
2020-02-24,-,Clemency,650.0,8.0,362371.0,60,0
2020-02-24,-,Citizen K,199.0,9.0,117565.0,95,0
2020-02-24,-,"I Was at Home, But…",112.0,1.0,9570.0,11,0
2020-02-25,1,The Call of the Wild,3224918.0,3752.0,29723857.0,5,0
2020-02-25,2,Sonic The Hedgehog,2211971.0,4198.0,109920406.0,12,0
2020-02-25,3,Birds of Prey (And the Fantabulous Emancipation of One Harley Quinn),850143.0,3565.0,73712058.0,19,0
2020-02-25,4,Bad Boys For Life,656599.0,2972.0,192251945.0,40,0
2020-02-25,5,Fantasy Island,540515.0,2784.0,21124713.0,12,0
2020-02-25,6,Brahms: The Boy II,520008.0,2151.0,6650712.0,5,0
2020-02-25,7,1917,479625.0,2725.0,152599324.0,63,0
2020-02-25,8,Parasite,426611.0,1803.0,49533859.0,138,0
2020-02-25,9,The Photograph,370345.0,2516.0,18207750.0,12,0
2020-02-25,10,Jumanji: The Next Level,272095.0,2126.0,311281124.0,75,0
2020-02-25,11,Downhill,198334.0,2311.0,7726919.0,12,0
2020-02-25,12,Dolittle,182715.0,2265.0,74788685.0,40,0
2020-02-25,13,The Gentlemen,163029.0,1133.0,33894565.0,33,0
2020-02-25,14,Impractical Jokers: The Movie,157599.0,357.0,2887320.0,5,0
2020-02-25,15,My Boyfriend’s Meds,146230.0,350.0,1619398.0,5,0
2020-02-25,-,Knives Out,103720.0,949.0,163884116.0,91,0
2020-02-25,-,Little Women,91001.0,633.0,107103788.0,63,0
2020-02-25,-,The Lodge,89201.0,322.0,1078527.0,19,0
2020-02-25,-,Portrait of a Lady on Fire,83748.0,130.0,1576111.0,82,0
2020-02-25,-,Star Wars: The Rise of Skywalker,61064.0,558.0,514238793.0,68,0
2020-02-25,-,Jojo Rabbit,53449.0,385.0,32798256.0,131,0
2020-02-25,-,Just Mercy,51237.0,423.0,35489581.0,63,0
2020-02-25,-,Gretel & Hansel,41116.0,733.0,15124990.0,26,0
2020-02-25,-,Frozen II,38175.0,424.0,476645331.0,96,0
2020-02-25,-,The Assistant,26700.0,167.0,844241.0,26,0
2020-02-25,-,Ford v. Ferrari,23479.0,214.0,117376605.0,103,0
2020-02-25,-,Emma.,19490.0,5.0,269451.0,5,0
2020-02-25,-,Spies in Disguise,14874.0,263.0,66191157.0,63,0
2020-02-25,-,The Turning,12905.0,315.0,15367395.0,33,0
2020-02-25,-,Uncut Gems,9924.0,92.0,49949304.0,75,0
2020-02-25,-,Joker,9686.0,165.0,335408641.0,145,0
2020-02-25,-,Bombshell,9085.0,80.0,31655638.0,75,0
2020-02-25,-,A Beautiful Day in the Neighborhood,7817.0,141.0,61624075.0,96,0
2020-02-25,-,Play the Flute,7202.0,4.0,233756.0,394,0
2020-02-25,-,The Last Full Measure,5924.0,83.0,2863058.0,33,0
2020-02-25,-,Ordinary Love,5868.0,22.0,85108.0,12,0
2020-02-25,-,Underwater,4772.0,85.0,17192276.0,47,0
2020-02-25,-,Weathering With You,3114.0,15.0,7763403.0,42,0
2020-02-25,-,Judy,3016.0,34.0,24292540.0,152,0
2020-02-25,-,The Times of Bill Cunningham,2350.0,8.0,84511.0,12,0
2020-02-25,-,Promare,2062.0,10.0,2312944.0,162,0
2020-02-25,-,Ride Your Wave,1828.0,12.0,323508.0,7,0
2020-02-25,-,Olympic Dreams,1520.0,36.0,23624.0,12,0
2020-02-25,-,Seberg,1300.0,3.0,63541.0,75,0
2020-02-25,-,Incitement,1294.0,14.0,112130.0,26,0
2020-02-25,-,The Cordillera of Dreams,793.0,6.0,18056.0,14,0
2020-02-25,-,Clemency,715.0,8.0,363086.0,61,0
2020-02-25,-,Premature,692.0,4.0,11323.0,5,0
2020-02-25,-,Citizen K,193.0,9.0,117758.0,96,0
2020-02-25,-,"I Was at Home, But…",96.0,1.0,9666.0,12,0
2020-02-25,-,Chinese Portrait,72.0,1.0,3680.0,75,0
2020-02-26,1,My Hero Academia: Heroes: Rising,2583834.0,1275.0,2583834.0,1,1
2020-02-26,2,The Call of the Wild,1602471.0,3752.0,31326328.0,6,0
2020-02-26,3,Sonic The Hedgehog,1211594.0,4198.0,111132000.0,13,0
2020-02-26,4,Birds of Prey (And the Fantabulous Emancipation of One Harley Quinn),538119.0,3565.0,74250177.0,20,0
2020-02-26,5,Bad Boys For Life,415744.0,2972.0,192667689.0,41,0
2020-02-26,6,Fantasy Island,330692.0,2784.0,21455405.0,13,0
2020-02-26,7,1917,306455.0,2725.0,152905779.0,64,0
2020-02-26,8,Parasite,275888.0,1803.0,49809747.0,139,0
2020-02-26,9,Brahms: The Boy II,266214.0,2151.0,6916926.0,6,0
2020-02-26,10,The Photograph,189790.0,2516.0,18397540.0,13,0
2020-02-26,11,Jumanji: The Next Level,162834.0,2126.0,311443958.0,76,0
2020-02-26,12,Downhill,123699.0,2311.0,7850618.0,13,0
2020-02-26,13,Impractical Jokers: The Movie,103843.0,357.0,2991163.0,6,0
2020-02-26,14,Dolittle,100600.0,2265.0,74889285.0,41,0
2020-02-26,15,The Gentlemen,97094.0,1133.0,33991659.0,34,0
2020-02-26,-,Portrait of a Lady on Fire,77122.0,130.0,1653233.0,83,0
2020-02-26,-,Knives Out,73925.0,949.0,163958041.0,92,0
2020-02-26,-,The Lodge,64225.0,322.0,1142752.0,20,0
2020-02-26,-,Little Women,63589.0,633.0,107167377.0,64,0
2020-02-26,-,My Boyfriend’s Meds,61165.0,350.0,1680563.0,6,0
2020-02-26,-,Star Wars: The Rise of Skywalker,43140.0,558.0,514281933.0,69,0
2020-02-26,-,Just Mercy,34531.0,423.0,35524112.0,64,0
2020-02-26,-,Jojo Rabbit,33415.0,385.0,32831671.0,132,0
2020-02-26,-,Gretel & Hansel,29309.0,733.0,15154299.0,27,0
2020-02-26,-,Frozen II,28007.0,424.0,476673338.0,97,0
2020-02-26,-,The Assistant,23173.0,167.0,867414.0,27,0
2020-02-26,-,Emma.,17199.0,5.0,286650.0,6,0
2020-02-26,-,Ford v. Ferrari,17045.0,214.0,117393650.0,104,0
2020-02-26,-,Spies in Disguise,10058.0,263.0,66201215.0,64,0
2020-02-26,-,The Turning,9390.0,315.0,15376785.0,34,0
2020-02-26,-,Uncut Gems,8345.0,92.0,49957649.0,76,0
2020-02-26,-,A Beautiful Day in the Neighborhood,7305.0,141.0,61631380.0,97,0
2020-02-26,-,Bombshell,6919.0,80.0,31662557.0,76,0
2020-02-26,-,Ordinary Love,4711.0,22.0,89819.0,13,0
2020-02-26,-,The Last Full Measure,4629.0,83.0,2867687.0,34,0
2020-02-26,-,Joker,4372.0,165.0,335413013.0,146,0
2020-02-26,-,Underwater,3938.0,85.0,17196214.0,48,0
2020-02-26,-,Judy,3261.0,34.0,24295801.0,153,0
2020-02-26,-,The Times of Bill Cunningham,2862.0,8.0,87373.0,13,0
2020-02-26,-,Ride Your Wave,1972.0,12.0,325480.0,8,0
2020-02-26,-,Seberg,1551.0,3.0,65092.0,76,0
2020-02-26,-,Incitement,1072.0,14.0,113202.0,27,0
2020-02-26,-,Olympic Dreams,970.0,36.0,24594.0,13,0
2020-02-26,-,Clemency,858.0,8.0,363944.0,62,0
2020-02-26,-,Weathering With You,803.0,15.0,7764206.0,43,0
2020-02-26,-,Premature,690.0,4.0,12013.0,6,0
2020-02-26,-,The Cordillera of Dreams,679.0,6.0,18735.0,15,0
2020-02-26,-,Citizen K,413.0,9.0,118171.0,97,0
2020-02-26,-,Promare,241.0,10.0,2313185.0,163,0
2020-02-26,-,Chinese Portrait,157.0,1.0,3837.0,76,0
2020-02-26,-,"I Was at Home, But…",142.0,1.0,9808.0,13,0
2020-02-27,1,The Call of the Wild,1477710.0,3752.0,32804038.0,7,0
2020-02-27,2,Sonic The Hedgehog,1161652.0,4198.0,112293652.0,14,0
2020-02-27,3,My Hero Academia: Heroes: Rising,819498.0,1275.0,3403332.0,2,0
2020-02-27,4,Birds of Prey (And the Fantabulous Emancipation of One Harley Quinn),497562.0,3565.0,74747739.0,21,0
2020-02-27,5,Bad Boys For Life,400696.0,2972.0,193068385.0,42,0
2020-02-27,6,1917,291290.0,2725.0,153197069.0,65,0
2020-02-27,7,Fantasy Island,274248.0,2784.0,21729653.0,14,0
2020-02-27,8,Parasite,237264.0,1803.0,50047011.0,140,0
2020-02-27,9,Brahms: The Boy II,230693.0,2151.0,7147619.0,7,0
2020-02-27,10,The Photograph,180215.0,2516.0,18577755.0,14,0
2020-02-27,11,Jumanji: The Next Level,161952.0,2126.0,311605910.0,77,0
2020-02-27,12,Dolittle,110770.0,2265.0,75000055.0,42,0
2020-02-27,13,Downhill,103142.0,2311.0,7953760.0,14,0
2020-02-27,14,Impractical Jokers: The Movie,85928.0,357.0,3077091.0,7,0
2020-02-27,15,The Gentlemen,84812.0,1133.0,34076471.0,35,0
2020-02-27,-,Portrait of a Lady on Fire,70055.0,130.0,1723288.0,84,0
2020-02-27,-,Knives Out,67202.0,949.0,164025243.0,93,0
2020-02-27,-,Little Women,62769.0,633.0,107230146.0,65,0
2020-02-27,-,My Boyfriend’s Meds,56863.0,350.0,1737426.0,7,0
2020-02-27,-,Star Wars: The Rise of Skywalker,43955.0,558.0,514325888.0,70,0
2020-02-27,-,The Lodge,41746.0,322.0,1184498.0,21,0
2020-02-27,-,Just Mercy,38032.0,423.0,35562144.0,65,0
2020-02-27,-,Jojo Rabbit,31868.0,385.0,32863539.0,133,0
2020-02-27,-,Frozen II,31369.0,424.0,476704707.0,98,0
2020-02-27,-,Gretel & Hansel,23196.0,733.0,15177495.0,28,0
2020-02-27,-,The Assistant,21607.0,167.0,889021.0,28,0
2020-02-27,-,Ford v. Ferrari,16441.0,214.0,117410091.0,105,0
2020-02-27,-,Emma.,14800.0,5.0,301450.0,7,0
2020-02-27,-,Spies in Disguise,11655.0,263.0,66212870.0,65,0
2020-02-27,-,A Beautiful Day in the Neighborhood,6987.0,141.0,61638367.0,98,0
2020-02-27,-,The Turning,6770.0,315.0,15383555.0,35,0
2020-02-27,-,Bombshell,6397.0,80.0,31668954.0,77,0
2020-02-27,-,Uncut Gems,5336.0,92.0,49962985.0,77,0
2020-02-27,-,The Last Full Measure,5036.0,83.0,2872723.0,35,0
2020-02-27,-,Ordinary Love,4495.0,22.0,94314.0,14,0
2020-02-27,-,Underwater,4144.0,85.0,17200358.0,49,0
2020-02-27,-,Joker,3954.0,165.0,335416967.0,147,0
2020-02-27,-,Judy,3939.0,34.0,24299740.0,154,0
2020-02-27,-,The Times of Bill Cunningham,2412.0,8.0,89785.0,14,0
2020-02-27,-,Ride Your Wave,1395.0,12.0,326875.0,9,0
2020-02-27,-,Seberg,1181.0,3.0,66273.0,77,0
2020-02-27,-,Weathering With You,1137.0,15.0,7765343.0,44,0
2020-02-27,-,Olympic Dreams,1130.0,36.0,25724.0,14,0
2020-02-27,-,The Cordillera of Dreams,1085.0,7.0,19820.0,16,0
2020-02-27,-,Incitement,881.0,14.0,114083.0,28,0
2020-02-27,-,Premature,843.0,4.0,12856.0,7,0
2020-02-27,-,Clemency,772.0,8.0,364716.0,63,0
2020-02-27,-,Citizen K,436.0,9.0,118607.0,98,0
2020-02-27,-,Chinese Portrait,303.0,1.0,4140.0,77,0
2020-02-27,-,"I Was at Home, But…",231.0,1.0,10039.0,14,0
2020-02-28,1,The Invisible Man,9979880.0,3610.0,9979880.0,1,1
2020-02-28,2,Sonic The Hedgehog,3504112.0,4177.0,115797764.0,15,0
2020-02-28,3,The Call of the Wild,3427997.0,3865.0,36232035.0,8,0
2020-02-28,4,My Hero Academia: Heroes: Rising,1867536.0,1260.0,5270868.0,3,0
2020-02-28,5,Bad Boys For Life,1098634.0,2708.0,194167019.0,43,0
2020-02-28,6,Birds of Prey (And the Fantabulous Emancipation of One Harley Quinn),1084443.0,3124.0,75832182.0,22,0
2020-02-28,7,Impractical Jokers: The Movie,1055000.0,1900.0,4132091.0,8,0
2020-02-28,8,Brahms: The Boy II,741945.0,2151.0,7889564.0,8,0
2020-02-28,9,1917,700175.0,2232.0,153897244.0,66,0
2020-02-28,10,Fantasy Island,647383.0,2724.0,22377036.0,15,0
2020-02-28,11,Jumanji: The Next Level,497283.0,1811.0,312103193.0,78,0
2020-02-28,12,Parasite,415879.0,1324.0,50462890.0,141,0
2020-02-28,13,Emma.,349750.0,97.0,651200.0,8,0
2020-02-28,14,The Gentlemen,307149.0,1473.0,34383620.0,36,0
2020-02-28,15,The Photograph,297600.0,1449.0,18875355.0,15,0
2020-02-28,-,Dolittle,215865.0,1477.0,75215920.0,43,0
2020-02-28,-,Portrait of a Lady on Fire,208106.0,268.0,1931394.0,85,0
2020-02-28,-,Knives Out,171326.0,670.0,164196569.0,94,0
2020-02-28,-,My Boyfriend’s Meds,148140.0,350.0,1885566.0,8,0
2020-02-28,-,Little Women,105265.0,432.0,107335411.0,66,0
2020-02-28,-,Star Wars: The Rise of Skywalker,82491.0,393.0,514408379.0,71,0
2020-02-28,-,The Lodge,72798.0,395.0,1257296.0,22,0
2020-02-28,-,Seberg,68482.0,373.0,134755.0,78,0
2020-02-28,-,Jojo Rabbit,67474.0,307.0,32931013.0,134,0
2020-02-28,-,Frozen II,66027.0,344.0,476770734.0,99,0
2020-02-28,-,Just Mercy,62137.0,300.0,35624281.0,66,0
2020-02-28,-,Downhill,53847.0,677.0,8007607.0,15,0
2020-02-28,-,Spies in Disguise,43424.0,245.0,66256294.0,66,0
2020-02-28,-,The Assistant,27760.0,155.0,916781.0,29,0
2020-02-28,-,Ford v. Ferrari,26521.0,153.0,117436612.0,106,0
2020-02-28,-,Ordinary Love,21706.0,70.0,116020.0,15,0
2020-02-28,-,The Turning,19590.0,136.0,15403145.0,36,0
2020-02-28,-,Gretel & Hansel,18777.0,207.0,15196272.0,29,0
2020-02-28,-,Bombshell,16546.0,113.0,31685500.0,78,0
2020-02-28,-,Underwater,11134.0,78.0,17211492.0,50,0
2020-02-28,-,Wendy,9754.0,4.0,9754.0,1,1
2020-02-28,-,A Beautiful Day in the Neighborhood,8369.0,74.0,61646736.0,99,0
2020-02-28,-,Uncut Gems,7720.0,61.0,49970705.0,78,0
2020-02-28,-,The Last Full Measure,7575.0,61.0,2880298.0,36,0
2020-02-28,-,Burden,5995.0,5.0,5995.0,1,1
2020-02-28,-,Joker,5974.0,72.0,335422941.0,148,0
2020-02-28,-,The Times of Bill Cunningham,4186.0,10.0,93971.0,15,0
2020-02-28,-,Weathering With You,3476.0,15.0,7768819.0,45,0
2020-02-28,-,Incitement,3130.0,16.0,117213.0,29,0
2020-02-28,-,Judy,2358.0,19.0,24302098.0,155,0
2020-02-28,-,Premature,1781.0,29.0,14637.0,8,0
2020-02-28,-,Ride Your Wave,1153.0,9.0,328028.0,10,0
2020-02-28,-,"I Was at Home, But…",782.0,5.0,10821.0,15,0
2020-02-28,-,Olympic Dreams,399.0,14.0,26123.0,15,0
2020-02-28,-,The Cordillera of Dreams,363.0,5.0,20183.0,17,0
2020-02-28,-,Citizen K,200.0,6.0,118807.0,99,0
2020-02-29,1,The Invisible Man,11195770.0,3610.0,21175650.0,2,0
2020-02-29,2,Sonic The Hedgehog,7670352.0,4177.0,123468116.0,16,0
2020-02-29,3,The Call of the Wild,6102957.0,3865.0,42334992.0,9,0
2020-02-29,4,My Hero Academia: Heroes: Rising,2593217.0,1260.0,7864085.0,4,0
2020-02-29,5,Bad Boys For Life,2025804.0,2708.0,196192823.0,44,0
2020-02-29,6,Birds of Prey (And the Fantabulous Emancipation of One Harley Quinn),1830706.0,3124.0,77662888.0,23,0
2020-02-29,7,Impractical Jokers: The Movie,1570000.0,1900.0,5702091.0,9,0
2020-02-29,8,1917,1277725.0,2232.0,155174969.0,67,0
2020-02-29,9,Brahms: The Boy II,1232477.0,2151.0,9122041.0,9,0
2020-02-29,10,Fantasy Island,1067860.0,2724.0,23444896.0,16,0
2020-02-29,11,Jumanji: The Next Level,1060531.0,1811.0,313163724.0,79,0
2020-02-29,12,Parasite,682042.0,1324.0,51144932.0,142,0
2020-02-29,13,Dolittle,489450.0,1477.0,75705370.0,44,0
2020-02-29,14,The Gentlemen,487921.0,1473.0,34871541.0,37,0
2020-02-29,15,The Photograph,480865.0,1449.0,19356220.0,16,0
2020-02-29,-,Emma.,480110.0,97.0,1131310.0,9,0
2020-02-29,-,Portrait of a Lady on Fire,314551.0,268.0,2245945.0,86,0
2020-02-29,-,Knives Out,304561.0,670.0,164501130.0,95,0
2020-02-29,-,My Boyfriend’s Meds,248761.0,350.0,2134327.0,9,0
2020-02-29,-,Little Women,188917.0,432.0,107524328.0,67,0
2020-02-29,-,Star Wars: The Rise of Skywalker,163437.0,393.0,514571816.0,72,0
2020-02-29,-,Frozen II,149876.0,344.0,476920610.0,100,0
2020-02-29,-,Jojo Rabbit,121702.0,307.0,33052715.0,135,0
2020-02-29,-,The Lodge,109103.0,395.0,1366399.0,23,0
2020-02-29,-,Spies in Disguise,106110.0,245.0,66362404.0,67,0
2020-02-29,-,Downhill,88494.0,677.0,8096101.0,16,0
2020-02-29,-,Seberg,80386.0,373.0,215141.0,79,0
2020-02-29,-,Just Mercy,68921.0,300.0,35693202.0,67,0
2020-02-29,-,The Assistant,50601.0,155.0,967382.0,30,0
2020-02-29,-,Ford v. Ferrari,42997.0,153.0,117479609.0,107,0
2020-02-29,-,Gretel & Hansel,37054.0,207.0,15233326.0,30,0
2020-02-29,-,Ordinary Love,35800.0,70.0,151820.0,16,0
2020-02-29,-,The Turning,32880.0,136.0,15436025.0,37,0
2020-02-29,-,Bombshell,26488.0,113.0,31711988.0,79,0
2020-02-29,-,Underwater,21586.0,78.0,17233078.0,51,0
2020-02-29,-,Uncut Gems,13352.0,61.0,49984057.0,79,0
2020-02-29,-,A Beautiful Day in the Neighborhood,12746.0,74.0,61659482.0,100,0
2020-02-29,-,The Last Full Measure,11984.0,61.0,2892282.0,37,0
2020-02-29,-,Wendy,11670.0,4.0,21424.0,2,0
2020-02-29,-,Joker,11082.0,72.0,335434023.0,149,0
2020-02-29,-,Burden,8575.0,5.0,14570.0,2,0
2020-02-29,-,Weathering With You,5752.0,15.0,7774571.0,46,0
2020-02-29,-,The Times of Bill Cunningham,5703.0,10.0,99674.0,16,0
2020-02-29,-,Incitement,5290.0,16.0,122503.0,30,0
2020-02-29,-,Judy,2501.0,19.0,24304599.0,156,0
2020-02-29,-,Premature,2320.0,29.0,16957.0,9,0
2020-02-29,-,Ride Your Wave,1318.0,9.0,329346.0,11,0
2020-02-29,-,Olympic Dreams,1053.0,14.0,27176.0,16,0
2020-02-29,-,"I Was at Home, But…",592.0,5.0,11413.0,16,0
2020-02-29,-,The Cordillera of Dreams,394.0,4.0,20577.0,18,0
2020-02-29,-,Citizen K,292.0,6.0,119099.0,100,0
2020-03-01,1,The Invisible Man,7030015.0,3610.0,28205665.0,3,0
2020-03-01,2,Sonic The Hedgehog,5138155.0,4177.0,128606271.0,17,0
2020-03-01,3,The Call of the Wild,3831869.0,3865.0,46166861.0,10,0
2020-03-01,4,My Hero Academia: Heroes: Rising,1430499.0,1260.0,9294584.0,5,0
2020-03-01,5,Bad Boys For Life,1225696.0,2708.0,197418519.0,45,0
2020-03-01,6,Birds of Prey (And the Fantabulous Emancipation of One Harley Quinn),1189134.0,3124.0,78852022.0,24,0
2020-03-01,7,Impractical Jokers: The Movie,975000.0,1900.0,6677091.0,10,0
2020-03-01,8,1917,732180.0,2232.0,155907149.0,68,0
2020-03-01,9,Brahms: The Boy II,648120.0,2151.0,9770161.0,10,0
2020-03-01,10,Jumanji: The Next Level,623428.0,1811.0,313787152.0,80,0
2020-03-01,11,Fantasy Island,611135.0,2724.0,24056031.0,17,0
2020-03-01,12,Parasite,405211.0,1324.0,51550143.0,143,0
2020-03-01,13,Emma.,329800.0,97.0,1461110.0,10,0
2020-03-01,14,Dolittle,325615.0,1477.0,76030985.0,45,0
2020-03-01,15,The Gentlemen,303256.0,1473.0,35174797.0,38,0
2020-03-01,-,The Photograph,274595.0,1449.0,19630815.0,17,0
2020-03-01,-,Portrait of a Lady on Fire,225640.0,268.0,2471585.0,87,0
2020-03-01,-,My Boyfriend’s Meds,217953.0,350.0,2352280.0,10,0
2020-03-01,-,Knives Out,150121.0,670.0,164651251.0,96,0
2020-03-01,-,Little Women,114559.0,432.0,107638887.0,68,0
2020-03-01,-,Star Wars: The Rise of Skywalker,112666.0,393.0,514684482.0,73,0
2020-03-01,-,Frozen II,100045.0,344.0,477020655.0,101,0
2020-03-01,-,The Lodge,84009.0,395.0,1450408.0,24,0
2020-03-01,-,Spies in Disguise,72665.0,245.0,66435069.0,68,0
2020-03-01,-,Jojo Rabbit,70074.0,307.0,33122789.0,136,0
2020-03-01,-,Seberg,59856.0,373.0,274997.0,80,0
2020-03-01,-,Downhill,55270.0,677.0,8151371.0,17,0
2020-03-01,-,Just Mercy,44733.0,300.0,35737935.0,68,0
2020-03-01,-,The Assistant,29955.0,155.0,997337.0,31,0
2020-03-01,-,Ford v. Ferrari,25218.0,153.0,117504827.0,108,0
2020-03-01,-,Ordinary Love,23190.0,70.0,175010.0,17,0
2020-03-01,-,Gretel & Hansel,20125.0,207.0,15253451.0,31,0
2020-03-01,-,Bombshell,18863.0,113.0,31730851.0,80,0
2020-03-01,-,The Turning,15110.0,136.0,15451135.0,38,0
2020-03-01,-,Underwater,11996.0,78.0,17245074.0,52,0
2020-03-01,-,The Last Full Measure,8733.0,61.0,2901015.0,38,0
2020-03-01,-,A Beautiful Day in the Neighborhood,7959.0,74.0,61667441.0,101,0
2020-03-01,-,Uncut Gems,7773.0,61.0,49991830.0,80,0
2020-03-01,-,Joker,6948.0,72.0,335440971.0,150,0
2020-03-01,-,Burden,5590.0,5.0,20160.0,3,0
2020-03-01,-,Wendy,4790.0,4.0,26214.0,3,0
2020-03-01,-,The Times of Bill Cunningham,4285.0,10.0,103959.0,17,0
2020-03-01,-,Weathering With You,4111.0,15.0,7778682.0,47,0
2020-03-01,-,Incitement,3930.0,16.0,126433.0,31,0
2020-03-01,-,Judy,2537.0,19.0,24307136.0,157,0
2020-03-01,-,Premature,1872.0,29.0,18829.0,10,0
2020-03-01,-,Ride Your Wave,1238.0,9.0,330584.0,12,0
2020-03-01,-,Olympic Dreams,563.0,14.0,27739.0,17,0
2020-03-01,-,"I Was at Home, But…",417.0,4.0,11830.0,17,0
2020-03-01,-,Citizen K,367.0,6.0,119466.0,101,0
2020-03-01,-,The Cordillera of Dreams,366.0,5.0,20943.0,19,0
2020-03-02,1,The Invisible Man,2076325.0,3610.0,30281990.0,4,0
2020-03-02,2,Sonic The Hedgehog,898273.0,4177.0,129504544.0,18,0
2020-03-02,3,The Call of the Wild,875177.0,3865.0,47042038.0,11,0
2020-03-02,4,My Hero Academia: Heroes: Rising,387763.0,1260.0,9682347.0,6,0
2020-03-02,5,Bad Boys For Life,348106.0,2708.0,197766625.0,46,0
2020-03-02,6,Birds of Prey (And the Fantabulous Emancipation of One Harley Quinn),340027.0,3124.0,79192049.0,25,0
2020-03-02,7,Impractical Jokers: The Movie,225000.0,1769.0,6902091.0,11,0
2020-03-02,8,1917,220875.0,2232.0,156128024.0,69,0
2020-03-02,9,Fantasy Island,190365.0,2724.0,24246396.0,18,0
2020-03-02,10,Brahms: The Boy II,162061.0,2151.0,9932222.0,11,0
2020-03-02,-,Jumanji: The Next Level,156662.0,1811.0,313943814.0,81,0
2020-03-02,-,Parasite,137222.0,1324.0,51687365.0,144,0
2020-03-02,-,The Gentlemen,103037.0,1473.0,35277834.0,39,0
2020-03-02,-,Emma.,100940.0,97.0,1562050.0,11,0
2020-03-02,-,Dolittle,98155.0,1477.0,76129140.0,46,0
2020-03-02,-,The Photograph,86190.0,1449.0,19717005.0,18,0
2020-03-02,-,Portrait of a Lady on Fire,76217.0,268.0,2547802.0,88,0
2020-03-02,-,Knives Out,47424.0,670.0,164698675.0,97,0
2020-03-02,-,My Boyfriend’s Meds,41921.0,350.0,2394201.0,11,0
2020-03-02,-,Little Women,35814.0,432.0,107674701.0,69,0
2020-03-02,-,The Lodge,34884.0,395.0,1485292.0,25,0
2020-03-02,-,Star Wars: The Rise of Skywalker,33836.0,393.0,514718318.0,74,0
2020-03-02,-,Seberg,26858.0,373.0,301855.0,81,0
2020-03-02,-,Frozen II,24911.0,344.0,477045566.0,102,0
2020-03-02,-,Jojo Rabbit,24448.0,307.0,33147237.0,137,0
2020-03-02,-,Downhill,22647.0,677.0,8174018.0,18,0
2020-03-02,-,Spies in Disguise,16586.0,245.0,66451655.0,69,0
2020-03-02,-,Just Mercy,15886.0,300.0,35753821.0,69,0
2020-03-02,-,The Assistant,11307.0,155.0,1008644.0,32,0
2020-03-02,-,Ford v. Ferrari,9418.0,153.0,117514245.0,109,0
2020-03-02,-,Ordinary Love,8004.0,70.0,183014.0,18,0
2020-03-02,-,Bombshell,6967.0,113.0,31737818.0,81,0
2020-03-02,-,Gretel & Hansel,6649.0,207.0,15260100.0,32,0
2020-03-02,-,The Turning,5050.0,136.0,15456185.0,39,0
2020-03-02,-,Uncut Gems,3893.0,61.0,49995723.0,81,0
2020-03-02,-,The Last Full Measure,3529.0,61.0,2904544.0,39,0
2020-03-02,-,Weathering With You,2955.0,15.0,7781637.0,48,0
2020-03-02,-,Underwater,2873.0,78.0,17247947.0,53,0
2020-03-02,-,Joker,2363.0,72.0,335443334.0,151,0
2020-03-02,-,The Times of Bill Cunningham,2051.0,10.0,106010.0,18,0
2020-03-02,-,Burden,2029.0,5.0,22189.0,4,0
2020-03-02,-,Judy,1914.0,19.0,24309050.0,158,0
2020-03-02,-,Wendy,1034.0,4.0,27248.0,4,0
2020-03-02,-,Premature,869.0,29.0,19698.0,11,0
2020-03-02,-,Incitement,780.0,16.0,127213.0,32,0
2020-03-02,-,Olympic Dreams,448.0,15.0,28187.0,18,0
2020-03-02,-,"I Was at Home, But…",276.0,4.0,12106.0,18,0
2020-03-02,-,Ride Your Wave,188.0,9.0,330772.0,13,0
2020-03-03,1,The Invisible Man,3456185.0,3610.0,33738175.0,5,0
2020-03-03,2,The Call of the Wild,1708113.0,3865.0,48750151.0,12,0
2020-03-03,3,Sonic The Hedgehog,1612073.0,4177.0,131116617.0,19,0
2020-03-03,4,My Hero Academia: Heroes: Rising,689753.0,1260.0,10372100.0,7,0
2020-03-03,5,Birds of Prey (And the Fantabulous Emancipation of One Harley Quinn),540174.0,3124.0,79732223.0,26,0
2020-03-03,6,Bad Boys For Life,519837.0,2708.0,198286462.0,47,0
2020-03-03,7,Impractical Jokers: The Movie,335000.0,1769.0,7237091.0,12,0
2020-03-03,8,1917,329550.0,2232.0,156457574.0,70,0
2020-03-03,9,Fantasy Island,304150.0,2724.0,24550546.0,19,0
2020-03-03,10,Brahms: The Boy II,275262.0,2151.0,10207484.0,12,0
2020-03-03,11,Jumanji: The Next Level,260505.0,1811.0,314204319.0,82,0
2020-03-03,12,Parasite,204461.0,1324.0,51891826.0,145,0
2020-03-03,13,Dolittle,159585.0,1477.0,76288725.0,47,0
2020-03-03,14,The Gentlemen,157234.0,1473.0,35435068.0,40,0
2020-03-03,15,The Photograph,143050.0,1449.0,19860055.0,19,0
2020-03-03,-,Emma.,126610.0,97.0,1688660.0,12,0
2020-03-03,-,Portrait of a Lady on Fire,97558.0,268.0,2645360.0,89,0
2020-03-03,-,My Boyfriend’s Meds,73624.0,350.0,2467825.0,12,0
2020-03-03,-,Knives Out,69828.0,670.0,164768503.0,98,0
2020-03-03,-,Little Women,52874.0,432.0,107727575.0,70,0
2020-03-03,-,The Lodge,48140.0,395.0,1533432.0,26,0
2020-03-03,-,Star Wars: The Rise of Skywalker,45297.0,393.0,514763615.0,75,0
2020-03-03,-,Seberg,43011.0,373.0,344866.0,82,0
2020-03-03,-,Downhill,35455.0,677.0,8209473.0,19,0
2020-03-03,-,Frozen II,32536.0,344.0,477078102.0,103,0
2020-03-03,-,Jojo Rabbit,29628.0,307.0,33176865.0,138,0
2020-03-03,-,Just Mercy,28043.0,300.0,35781864.0,70,0
2020-03-03,-,Spies in Disguise,24348.0,245.0,66476003.0,70,0
2020-03-03,-,The Assistant,13822.0,155.0,1022466.0,33,0
2020-03-03,-,Ford v. Ferrari,12347.0,153.0,117526592.0,110,0
2020-03-03,-,Ordinary Love,11530.0,70.0,194544.0,19,0
2020-03-03,-,Bombshell,9555.0,113.0,31747373.0,82,0
2020-03-03,-,Gretel & Hansel,8007.0,207.0,15268107.0,33,0
2020-03-03,-,The Turning,6250.0,136.0,15462435.0,40,0
2020-03-03,-,The Last Full Measure,4872.0,61.0,2909416.0,40,0
2020-03-03,-,Underwater,3970.0,78.0,17251917.0,54,0
2020-03-03,-,Play the Flute,3685.0,2.0,237441.0,401,0
2020-03-03,-,Uncut Gems,3246.0,61.0,49998969.0,82,0
2020-03-03,-,Joker,2613.0,72.0,335445947.0,152,0
2020-03-03,-,Weathering With You,2240.0,15.0,7783877.0,49,0
2020-03-03,-,Burden,2222.0,5.0,24411.0,5,0
2020-03-03,-,The Times of Bill Cunningham,1494.0,10.0,107504.0,19,0
2020-03-03,-,Judy,1396.0,19.0,24310446.0,159,0
2020-03-03,-,Wendy,1114.0,4.0,28362.0,5,0
2020-03-03,-,Incitement,1068.0,16.0,128281.0,33,0
2020-03-03,-,Premature,749.0,29.0,20447.0,12,0
2020-03-03,-,"I Was at Home, But…",433.0,4.0,12539.0,19,0
2020-03-03,-,Ride Your Wave,431.0,9.0,331203.0,14,0
2020-03-03,-,Olympic Dreams,237.0,15.0,28424.0,19,0
2020-03-04,1,The Invisible Man,1997250.0,3610.0,35735425.0,6,0
2020-03-04,2,Sonic The Hedgehog,892694.0,4177.0,132009311.0,20,0
2020-03-04,3,The Call of the Wild,886882.0,3865.0,49637033.0,13,0
2020-03-04,4,My Hero Academia: Heroes: Rising,532926.0,1260.0,10905026.0,8,0
2020-03-04,5,Bad Boys For Life,349716.0,2708.0,198636178.0,48,0
2020-03-04,6,Birds of Prey (And the Fantabulous Emancipation of One Harley Quinn),345385.0,3124.0,80077608.0,27,0
2020-03-04,7,1917,239965.0,2232.0,156697539.0,71,0
2020-03-04,8,Fantasy Island,200294.0,2724.0,24750840.0,20,0
2020-03-04,9,Impractical Jokers: The Movie,200000.0,1769.0,7437091.0,13,0
2020-03-04,10,Jumanji: The Next Level,168936.0,1811.0,314373255.0,83,0
2020-03-04,11,Brahms: The Boy II,168569.0,2151.0,10376053.0,13,0
2020-03-04,12,Parasite,145167.0,1324.0,52036993.0,146,0
2020-03-04,13,Emma.,108850.0,97.0,1797510.0,13,0
2020-03-04,14,The Gentlemen,108712.0,1473.0,35543780.0,41,0
2020-03-04,15,Dolittle,99780.0,1477.0,76388505.0,48,0
2020-03-04,-,Portrait of a Lady on Fire,90729.0,268.0,2736089.0,90,0
2020-03-04,-,The Photograph,79245.0,1449.0,19939300.0,20,0
2020-03-04,-,Knives Out,48414.0,670.0,164816917.0,99,0
2020-03-04,-,My Boyfriend’s Meds,44179.0,350.0,2512004.0,13,0
2020-03-04,-,Little Women,41747.0,432.0,107769322.0,71,0
2020-03-04,-,The Lodge,38031.0,395.0,1571463.0,27,0
2020-03-04,-,Star Wars: The Rise of Skywalker,34996.0,393.0,514798611.0,76,0
2020-03-04,-,Seberg,30626.0,373.0,375492.0,83,0
2020-03-04,-,Jojo Rabbit,27323.0,307.0,33204188.0,139,0
2020-03-04,-,Frozen II,25820.0,344.0,477103922.0,104,0
2020-03-04,-,Downhill,24515.0,677.0,8233988.0,20,0
2020-03-04,-,Spies in Disguise,19515.0,245.0,66495518.0,71,0
2020-03-04,-,Just Mercy,18151.0,300.0,35800015.0,71,0
2020-03-04,-,The Assistant,13553.0,155.0,1036019.0,34,0
2020-03-04,-,Ordinary Love,11322.0,70.0,205866.0,20,0
2020-03-04,-,Ford v. Ferrari,11310.0,153.0,117537902.0,111,0
2020-03-04,-,Gretel & Hansel,8370.0,207.0,15276477.0,34,0
2020-03-04,-,Bombshell,7962.0,113.0,31755335.0,83,0
2020-03-04,-,The Turning,5230.0,136.0,15467665.0,41,0
2020-03-04,-,The Last Full Measure,3800.0,61.0,2913216.0,41,0
2020-03-04,-,Underwater,3370.0,78.0,17255287.0,55,0
2020-03-04,-,Weathering With You,2627.0,15.0,7786504.0,50,0
2020-03-04,-,Uncut Gems,2291.0,61.0,50001260.0,83,0
2020-03-04,-,Joker,2157.0,72.0,335448104.0,153,0
2020-03-04,-,Burden,1926.0,5.0,26337.0,6,0
2020-03-04,-,The Times of Bill Cunningham,1801.0,10.0,109305.0,20,0
2020-03-04,-,Incitement,1414.0,16.0,129695.0,34,0
2020-03-04,-,Judy,987.0,19.0,24311433.0,160,0
2020-03-04,-,Wendy,863.0,4.0,29225.0,6,0
2020-03-04,-,Premature,802.0,29.0,21249.0,13,0
2020-03-04,-,Olympic Dreams,695.0,15.0,29119.0,20,0
2020-03-04,-,"I Was at Home, But…",304.0,4.0,12843.0,20,0
2020-03-04,-,Ride Your Wave,45.0,9.0,331248.0,15,0
2020-03-05,1,The Invisible Man,1808145.0,3610.0,37543570.0,7,0
2020-03-05,2,The Call of the Wild,846705.0,3865.0,50483738.0,14,0
2020-03-05,3,Sonic The Hedgehog,808841.0,4177.0,132818152.0,21,0
2020-03-05,4,Bad Boys For Life,341925.0,2708.0,198978103.0,49,0
2020-03-05,5,Birds of Prey (And the Fantabulous Emancipation of One Harley Quinn),322974.0,3124.0,80400582.0,28,0
2020-03-05,6,My Hero Academia: Heroes: Rising,290381.0,756.0,11195407.0,9,0
2020-03-05,7,1917,226555.0,2232.0,156924094.0,72,0
2020-03-05,8,Impractical Jokers: The Movie,190000.0,1769.0,7627091.0,14,0
2020-03-05,9,Fantasy Island,180057.0,2724.0,24930897.0,21,0
2020-03-05,10,Jumanji: The Next Level,158339.0,1811.0,314531594.0,84,0
2020-03-05,11,Brahms: The Boy II,155801.0,2151.0,10531854.0,14,0
2020-03-05,12,Parasite,136457.0,1324.0,52173450.0,147,0
2020-03-05,13,The Gentlemen,100404.0,1473.0,35644184.0,42,0
2020-03-05,14,Emma.,94555.0,97.0,1892065.0,14,0
2020-03-05,15,Dolittle,87025.0,1477.0,76475530.0,49,0
2020-03-05,-,Portrait of a Lady on Fire,86192.0,268.0,2822281.0,91,0
2020-03-05,-,The Photograph,74750.0,1449.0,20014050.0,21,0
2020-03-05,-,Knives Out,45528.0,670.0,164862445.0,100,0
2020-03-05,-,Little Women,37763.0,432.0,107807085.0,72,0
2020-03-05,-,My Boyfriend’s Meds,36401.0,350.0,2548405.0,14,0
2020-03-05,-,Star Wars: The Rise of Skywalker,31202.0,393.0,514829813.0,77,0
2020-03-05,-,The Lodge,30424.0,395.0,1601887.0,28,0
2020-03-05,-,Seberg,25737.0,373.0,401229.0,84,0
2020-03-05,-,Frozen II,24458.0,344.0,477128380.0,105,0
2020-03-05,-,Downhill,21318.0,677.0,8255306.0,21,0
2020-03-05,-,Just Mercy,21277.0,300.0,35821292.0,72,0
2020-03-05,-,Jojo Rabbit,21200.0,307.0,33225388.0,140,0
2020-03-05,-,Spies in Disguise,15196.0,245.0,66510714.0,72,0
2020-03-05,-,The Assistant,14356.0,155.0,1050375.0,35,0
2020-03-05,-,Ford v. Ferrari,12449.0,153.0,117550351.0,112,0
2020-03-05,-,Ordinary Love,10300.0,70.0,216166.0,21,0
2020-03-05,-,Bombshell,7473.0,113.0,31762808.0,84,0
2020-03-05,-,Gretel & Hansel,7468.0,207.0,15283945.0,35,0
2020-03-05,-,The Turning,5110.0,136.0,15472775.0,42,0
2020-03-05,-,Underwater,4597.0,78.0,17259884.0,56,0
2020-03-05,-,The Last Full Measure,4109.0,61.0,2917325.0,42,0
2020-03-05,-,A Beautiful Day in the Neighborhood,3784.0,74.0,61671225.0,105,0
2020-03-05,-,Uncut Gems,3619.0,61.0,50004879.0,84,0
2020-03-05,-,Joker,3207.0,72.0,335451311.0,154,0
2020-03-05,-,Burden,1701.0,5.0,28038.0,7,0
2020-03-05,-,The Times of Bill Cunningham,1398.0,10.0,110703.0,21,0
2020-03-05,-,Incitement,1124.0,16.0,130819.0,35,0
2020-03-05,-,Weathering With You,1028.0,15.0,7787532.0,51,0
2020-03-05,-,Judy,861.0,19.0,24312294.0,161,0
2020-03-05,-,Premature,856.0,29.0,22105.0,14,0
2020-03-05,-,Wendy,754.0,4.0,29979.0,7,0
2020-03-05,-,Olympic Dreams,331.0,14.0,29450.0,21,0
2020-03-05,-,Ride Your Wave,189.0,9.0,331437.0,16,0
2020-03-05,-,"I Was at Home, But…",186.0,4.0,13029.0,21,0
2020-03-07,1,Onward,16514193.0,4310.0,28610919.0,2,0
2020-03-07,2,The Invisible Man,6761240.0,3610.0,48625170.0,9,0
2020-03-07,3,Sonic The Hedgehog,3657082.0,3717.0,138270805.0,23,0
2020-03-07,4,The Way Back,3504426.0,2718.0,6121573.0,2,0
2020-03-07,5,The Call of the Wild,3148405.0,3914.0,55483297.0,16,0
2020-03-07,6,Emma.,1949850.0,1565.0,5523775.0,16,0
2020-03-07,7,Bad Boys For Life,1416185.0,2159.0,201185882.0,51,0
2020-03-07,8,Birds of Prey (And the Fantabulous Emancipation of One Harley Quinn),964612.0,2173.0,81944635.0,30,0
2020-03-07,9,My Hero Academia: Heroes: Rising,870473.0,1198.0,12428071.0,11,0
2020-03-07,10,Impractical Jokers: The Movie,840000.0,1775.0,8967091.0,16,0
2020-03-07,11,Jumanji: The Next Level,641932.0,1403.0,315510430.0,86,0
2020-03-07,12,1917,641595.0,1535.0,157925994.0,74,0
2020-03-07,13,Brahms: The Boy II,585009.0,1355.0,11460930.0,16,0
2020-03-07,14,Fantasy Island,404731.0,1362.0,25587742.0,23,0
2020-03-07,15,Parasite,313213.0,625.0,52671996.0,149,0
2020-03-07,-,Portrait of a Lady on Fire,227312.0,334.0,3203182.0,93,0
2020-03-07,-,Baaghi 3,213789.0,265.0,368204.0,2,0
2020-03-07,-,The Gentlemen,174604.0,492.0,35921535.0,44,0
2020-03-07,-,Dolittle,162980.0,687.0,76739525.0,51,0
2020-03-07,-,The Photograph,162270.0,382.0,20269650.0,23,0
2020-03-07,-,Knives Out,145249.0,401.0,165091429.0,102,0
2020-03-07,-,My Boyfriend’s Meds,108800.0,280.0,2718093.0,16,0
2020-03-07,-,Star Wars: The Rise of Skywalker,94516.0,269.0,514975705.0,79,0
2020-03-07,-,Little Women,75964.0,263.0,107929333.0,74,0
2020-03-07,-,Frozen II,68858.0,229.0,477228893.0,107,0
2020-03-07,-,Spies in Disguise,63194.0,187.0,66604734.0,74,0
2020-03-07,-,Just Mercy,44116.0,211.0,35891301.0,74,0
2020-03-07,-,Jojo Rabbit,42081.0,159.0,33288775.0,142,0
2020-03-07,-,First Cow,36418.0,4.0,64448.0,2,0
2020-03-07,-,Ordinary Love,24865.0,125.0,257635.0,23,0
2020-03-07,-,The Lodge,22085.0,96.0,1638996.0,30,0
2020-03-07,-,Ford v. Ferrari,18305.0,95.0,117579829.0,114,0
2020-03-07,-,Burden,17910.0,31.0,56602.0,9,0
2020-03-07,-,Wendy,17790.0,69.0,64112.0,9,0
2020-03-07,-,Gretel & Hansel,14140.0,77.0,15306681.0,37,0
2020-03-07,-,The Assistant,12176.0,55.0,1070664.0,37,0
2020-03-07,-,Hope Gap,11950.0,18.0,23691.0,2,0
2020-03-07,-,Seberg,10258.0,213.0,418758.0,86,0
2020-03-07,-,Underwater,9922.0,50.0,17275056.0,58,0
2020-03-07,-,Downhill,9706.0,69.0,8269710.0,23,0
2020-03-07,-,Uncut Gems,7728.0,33.0,50014742.0,86,0
2020-03-07,-,The Last Full Measure,7036.0,48.0,2928391.0,44,0
2020-03-07,-,The Booksellers,6288.0,1.0,11936.0,2,0
2020-03-07,-,A Beautiful Day in the Neighborhood,5718.0,41.0,61680742.0,107,0
2020-03-07,-,The Times of Bill Cunningham,4938.0,17.0,117694.0,23,0
2020-03-07,-,Swallow,4237.0,3.0,9691.0,2,0
2020-03-07,-,Weathering With You,3100.0,10.0,7792208.0,53,0
2020-03-07,-,Incitement,2591.0,9.0,134386.0,37,0
2020-03-07,-,Judy,936.0,10.0,24314715.0,163,0
2020-03-07,-,Premature,280.0,10.0,22525.0,16,0
2020-03-07,-,Ride Your Wave,226.0,2.0,331790.0,18,0
2020-03-07,-,"I Was at Home, But…",187.0,2.0,13446.0,23,0
2020-03-06,1,Onward,12096726.0,4310.0,12096726.0,1,1
2020-03-06,2,The Invisible Man,4320360.0,3610.0,41863930.0,8,0
2020-03-06,3,The Way Back,2617147.0,2718.0,2617147.0,1,1
2020-03-06,4,The Call of the Wild,1851154.0,3914.0,52334892.0,15,0
2020-03-06,5,Sonic The Hedgehog,1795571.0,3717.0,134613723.0,22,0
2020-03-06,6,Emma.,1681860.0,1565.0,3573925.0,15,0
2020-03-06,7,Bad Boys For Life,791594.0,2159.0,199769697.0,50,0
2020-03-06,8,Birds of Prey (And the Fantabulous Emancipation of One Harley Quinn),579441.0,2173.0,80980023.0,29,0
2020-03-06,9,Impractical Jokers: The Movie,500000.0,1775.0,8127091.0,15,0
2020-03-06,10,My Hero Academia: Heroes: Rising,362191.0,690.0,11557598.0,10,0
2020-03-06,11,1917,360305.0,1535.0,157284399.0,73,0
2020-03-06,12,Brahms: The Boy II,344067.0,1355.0,10875921.0,15,0
2020-03-06,13,Jumanji: The Next Level,336904.0,1403.0,314868498.0,85,0
2020-03-06,14,Fantasy Island,252114.0,1362.0,25183011.0,22,0
2020-03-06,15,Parasite,185333.0,625.0,52358783.0,148,0
2020-03-06,-,Baaghi 3,154415.0,265.0,154415.0,1,1
2020-03-06,-,Portrait of a Lady on Fire,153589.0,334.0,2975870.0,92,0
2020-03-06,-,The Gentlemen,102747.0,492.0,35746931.0,43,0
2020-03-06,-,Dolittle,101015.0,687.0,76576545.0,50,0
2020-03-06,-,The Photograph,93330.0,382.0,20107380.0,22,0
2020-03-06,-,Knives Out,83735.0,401.0,164946180.0,101,0
2020-03-06,-,My Boyfriend’s Meds,60888.0,280.0,2609293.0,15,0
2020-03-06,-,Star Wars: The Rise of Skywalker,51376.0,269.0,514881189.0,78,0
2020-03-06,-,Little Women,46284.0,263.0,107853369.0,73,0
2020-03-06,-,Frozen II,31655.0,229.0,477160035.0,106,0
2020-03-06,-,Spies in Disguise,30826.0,187.0,66541540.0,73,0
2020-03-06,-,First Cow,28030.0,4.0,28030.0,1,1
2020-03-06,-,Just Mercy,25893.0,211.0,35847185.0,73,0
2020-03-06,-,Jojo Rabbit,21306.0,159.0,33246694.0,141,0
2020-03-06,-,Ordinary Love,16604.0,125.0,232770.0,22,0
2020-03-06,-,Wendy,16343.0,69.0,46322.0,8,0
2020-03-06,-,The Lodge,15024.0,96.0,1616911.0,29,0
2020-03-06,-,Hope Gap,11741.0,18.0,11741.0,1,1
2020-03-06,-,Ford v. Ferrari,11173.0,95.0,117561524.0,113,0
2020-03-06,-,Burden,10654.0,31.0,38692.0,8,0
2020-03-06,-,Gretel & Hansel,8596.0,77.0,15292541.0,36,0
2020-03-06,-,The Assistant,8113.0,55.0,1058488.0,36,0
2020-03-06,-,Seberg,7271.0,213.0,408500.0,85,0
2020-03-06,-,The Booksellers,5648.0,1.0,5648.0,1,1
2020-03-06,-,Swallow,5454.0,3.0,5454.0,1,1
2020-03-06,-,Underwater,5250.0,50.0,17265134.0,57,0
2020-03-06,-,Downhill,4698.0,69.0,8260004.0,22,0
2020-03-06,-,The Last Full Measure,4030.0,48.0,2921355.0,43,0
2020-03-06,-,A Beautiful Day in the Neighborhood,3799.0,41.0,61675024.0,106,0
2020-03-06,-,Uncut Gems,2135.0,33.0,50007014.0,85,0
2020-03-06,-,The Times of Bill Cunningham,2053.0,17.0,112756.0,22,0
2020-03-06,-,Weathering With You,1576.0,10.0,7789108.0,52,0
2020-03-06,-,Judy,1485.0,10.0,24313779.0,162,0
2020-03-06,-,Incitement,976.0,9.0,131795.0,36,0
2020-03-06,-,"I Was at Home, But…",230.0,2.0,13259.0,22,0
2020-03-06,-,Premature,140.0,10.0,22245.0,15,0
2020-03-06,-,Ride Your Wave,127.0,2.0,331564.0,17,0
2020-03-08,1,Onward,10508942.0,4310.0,39119861.0,3,0
2020-03-08,2,The Invisible Man,4050740.0,3610.0,52675910.0,10,0
2020-03-08,3,Sonic The Hedgehog,2251414.0,3717.0,140522219.0,24,0
2020-03-08,4,The Way Back,2048742.0,2718.0,8170315.0,3,0
2020-03-08,5,The Call of the Wild,1762846.0,3914.0,57246143.0,17,0
2020-03-08,6,Emma.,1174075.0,1565.0,6697850.0,17,0
2020-03-08,7,Bad Boys For Life,814308.0,2159.0,202000190.0,52,0
2020-03-08,8,Birds of Prey (And the Fantabulous Emancipation of One Harley Quinn),593741.0,2173.0,82538376.0,31,0
2020-03-08,9,Impractical Jokers: The Movie,505000.0,1775.0,9472091.0,17,0
2020-03-08,10,My Hero Academia: Heroes: Rising,471541.0,699.0,12899612.0,12,0
2020-03-08,11,Jumanji: The Next Level,344318.0,1403.0,315854748.0,87,0
2020-03-08,12,1917,334935.0,1535.0,158260929.0,75,0
2020-03-08,13,Brahms: The Boy II,310641.0,1355.0,11771571.0,17,0
2020-03-08,14,Fantasy Island,213855.0,1362.0,25801597.0,24,0
2020-03-08,15,Parasite,162871.0,625.0,52834867.0,150,0
2020-03-08,-,Portrait of a Lady on Fire,143206.0,334.0,3346388.0,94,0
2020-03-08,-,Baaghi 3,141412.0,265.0,509616.0,3,0
2020-03-08,-,The Gentlemen,96282.0,492.0,36017817.0,45,0
2020-03-08,-,My Boyfriend’s Meds,93531.0,280.0,2811624.0,17,0
2020-03-08,-,The Photograph,87405.0,382.0,20357055.0,24,0
2020-03-08,-,Dolittle,87185.0,687.0,76826710.0,52,0
2020-03-08,-,Knives Out,65574.0,401.0,165157003.0,103,0
2020-03-08,-,Star Wars: The Rise of Skywalker,52473.0,269.0,515028178.0,80,0
2020-03-08,-,Little Women,44495.0,263.0,107973828.0,75,0
2020-03-08,-,Frozen II,43715.0,229.0,477272608.0,108,0
2020-03-08,-,Spies in Disguise,39915.0,187.0,66644649.0,75,0
2020-03-08,-,Just Mercy,24052.0,211.0,35915353.0,75,0
2020-03-08,-,Jojo Rabbit,21389.0,159.0,33310164.0,143,0
2020-03-08,-,First Cow,16875.0,4.0,81323.0,3,0
2020-03-08,-,Ordinary Love,16514.0,125.0,274149.0,24,0
2020-03-08,-,Wendy,12824.0,69.0,76936.0,10,0
2020-03-08,-,Burden,12305.0,31.0,68907.0,10,0
2020-03-08,-,Ford v. Ferrari,9724.0,95.0,117589553.0,115,0
2020-03-08,-,The Lodge,9055.0,96.0,1648051.0,31,0
2020-03-08,-,Gretel & Hansel,8896.0,77.0,15315577.0,38,0
2020-03-08,-,Seberg,8307.0,213.0,427065.0,87,0
2020-03-08,-,The Assistant,7747.0,55.0,1078411.0,38,0
2020-03-08,-,Hope Gap,7287.0,18.0,30978.0,3,0
2020-03-08,-,Underwater,6707.0,50.0,17281763.0,59,0
2020-03-08,-,The Times of Bill Cunningham,6033.0,17.0,123727.0,24,0
2020-03-08,-,The Last Full Measure,5555.0,48.0,2933946.0,45,0
2020-03-08,-,Downhill,4847.0,69.0,8274557.0,24,0
2020-03-08,-,The Booksellers,3858.0,1.0,15794.0,3,0
2020-03-08,-,Uncut Gems,3815.0,33.0,50018557.0,87,0
2020-03-08,-,A Beautiful Day in the Neighborhood,3676.0,41.0,61696436.0,108,0
2020-03-08,-,Swallow,3159.0,3.0,12850.0,3,0
2020-03-08,-,Incitement,1649.0,9.0,136035.0,38,0
2020-03-08,-,Weathering With You,1553.0,10.0,7793761.0,54,0
2020-03-08,-,Judy,801.0,10.0,24315516.0,164,0
2020-03-08,-,"I Was at Home, But…",382.0,4.0,13828.0,24,0
2020-03-08,-,Ride Your Wave,269.0,2.0,332059.0,19,0
2020-03-08,-,Premature,123.0,10.0,22648.0,17,0
2020-03-11,1,Onward,2202553.0,4310.0,47885841.0,6,0
2020-03-11,2,The Invisible Man,1269095.0,3610.0,57368450.0,13,0
2020-03-11,3,The Way Back,610020.0,2718.0,10560732.0,6,0
2020-03-11,4,Sonic The Hedgehog,597955.0,3717.0,142710404.0,27,0
2020-03-11,5,The Call of the Wild,590399.0,3914.0,59369572.0,20,0
2020-03-11,6,Emma.,448205.0,1565.0,8296095.0,20,0
2020-03-11,7,Bad Boys For Life,278534.0,2159.0,202984567.0,55,0
2020-03-11,8,Birds of Prey (And the Fantabulous Emancipation of One Harley Quinn),235234.0,2173.0,83347925.0,34,0
2020-03-11,9,My Hero Academia: Heroes: Rising,168000.0,658.0,13443826.0,15,0
2020-03-11,10,1917,145995.0,1535.0,158745429.0,78,0
2020-03-11,11,Impractical Jokers: The Movie,139000.0,1775.0,9946091.0,20,0
2020-03-11,12,Jumanji: The Next Level,120963.0,1403.0,316267958.0,90,0
2020-03-11,13,Brahms: The Boy II,110873.0,1355.0,12156726.0,20,0
2020-03-11,14,Tokyo Godfathers,100461.0,519.0,360743.0,5900,0
2020-03-11,15,Fantasy Island,97945.0,1362.0,26125065.0,27,0
2020-03-11,-,Parasite,80633.0,625.0,53089788.0,153,0
2020-03-11,-,Portrait of a Lady on Fire,64994.0,334.0,3542258.0,97,0
2020-03-11,-,The Gentlemen,41275.0,492.0,36158616.0,48,0
2020-03-11,-,Dolittle,31065.0,687.0,76937640.0,55,0
2020-03-11,-,Knives Out,29755.0,401.0,165247734.0,106,0
2020-03-11,-,Baaghi 3,29565.0,265.0,649624.0,6,0
2020-03-11,-,The Photograph,27090.0,382.0,20462135.0,27,0
2020-03-11,-,My Boyfriend’s Meds,23977.0,280.0,2900723.0,20,0
2020-03-11,-,Star Wars: The Rise of Skywalker,20256.0,269.0,515097067.0,83,0
2020-03-11,-,Little Women,18981.0,263.0,108032498.0,78,0
2020-03-11,-,Frozen II,13377.0,229.0,477314303.0,111,0
2020-03-11,-,Spies in Disguise,13233.0,187.0,66684342.0,78,0
2020-03-11,-,Just Mercy,10282.0,211.0,35950544.0,78,0
2020-03-11,-,Jojo Rabbit,8556.0,159.0,33339751.0,146,0
2020-03-11,-,Ordinary Love,7792.0,125.0,299486.0,27,0
2020-03-11,-,The Lodge,6469.0,96.0,1667172.0,34,0
2020-03-11,-,Wendy,6080.0,69.0,94688.0,13,0
2020-03-11,-,Ford v. Ferrari,5668.0,95.0,117606843.0,118,0
2020-03-11,-,First Cow,5360.0,4.0,97636.0,6,0
2020-03-11,-,Seberg,5313.0,213.0,443204.0,90,0
2020-03-11,-,Burden,5032.0,31.0,84146.0,13,0
2020-03-11,-,Gretel & Hansel,3986.0,77.0,15327362.0,41,0
2020-03-11,-,Hope Gap,3718.0,18.0,41261.0,6,0
2020-03-11,-,The Assistant,3625.0,55.0,1090384.0,41,0
2020-03-11,-,Underwater,2288.0,50.0,17288863.0,62,0
2020-03-11,-,Downhill,2269.0,69.0,8282179.0,27,0
2020-03-11,-,The Booksellers,1790.0,1.0,21364.0,6,0
2020-03-11,-,The Last Full Measure,1695.0,48.0,2940331.0,48,0
2020-03-11,-,Weathering With You,1496.0,10.0,7796742.0,57,0
2020-03-11,-,Uncut Gems,1487.0,33.0,50022389.0,90,0
2020-03-11,-,Swallow,1331.0,3.0,16456.0,6,0
2020-03-11,-,The Times of Bill Cunningham,1304.0,17.0,129459.0,27,0
2020-03-11,-,Judy,587.0,10.0,24317892.0,167,0
2020-03-11,-,Incitement,456.0,9.0,137169.0,41,0
2020-03-11,-,Ride Your Wave,130.0,2.0,332332.0,22,0
2020-03-11,-,Premature,35.0,10.0,22833.0,20,0
2020-03-11,-,"I Was at Home, But…",18.0,4.0,14003.0,27,0
2020-03-12,1,Onward,1872846.0,4310.0,49758687.0,7,0
2020-03-12,2,The Invisible Man,1051235.0,3610.0,58419685.0,14,0
2020-03-12,3,Sonic The Hedgehog,520924.0,3717.0,143231328.0,28,0
2020-03-12,4,The Call of the Wild,496339.0,3914.0,59865911.0,21,0
2020-03-12,5,The Way Back,460141.0,2718.0,11020873.0,7,0
2020-03-12,6,Emma.,339880.0,1565.0,8635975.0,21,0
2020-03-12,7,Bad Boys For Life,207834.0,2159.0,203192401.0,56,0
2020-03-12,8,Birds of Prey (And the Fantabulous Emancipation of One Harley Quinn),160632.0,2173.0,83508557.0,35,0
2020-03-12,9,My Hero Academia: Heroes: Rising,110000.0,658.0,13553826.0,16,0
2020-03-12,10,1917,101600.0,1535.0,158847029.0,79,0
2020-03-12,11,Impractical Jokers: The Movie,100000.0,1775.0,10046091.0,21,0
2020-03-12,12,Jumanji: The Next Level,94446.0,1403.0,316362404.0,91,0
2020-03-12,13,Brahms: The Boy II,72077.0,1355.0,12228803.0,21,0
2020-03-12,14,Parasite,58056.0,625.0,53147844.0,154,0
2020-03-12,15,Fantasy Island,56114.0,1362.0,26181179.0,28,0
2020-03-12,-,Portrait of a Lady on Fire,46796.0,334.0,3589054.0,98,0
2020-03-12,-,The Gentlemen,32049.0,492.0,36190665.0,49,0
2020-03-12,-,Dolittle,23335.0,687.0,76960975.0,56,0
2020-03-12,-,The Photograph,22185.0,382.0,20484320.0,28,0
2020-03-12,-,Knives Out,22017.0,401.0,165269751.0,107,0
2020-03-12,-,Star Wars: The Rise of Skywalker,18707.0,269.0,515115774.0,84,0
2020-03-12,-,Baaghi 3,17037.0,265.0,666661.0,7,0
2020-03-12,-,My Boyfriend’s Meds,15996.0,280.0,2916719.0,21,0
2020-03-12,-,Little Women,13392.0,263.0,108045890.0,79,0
2020-03-12,-,Spies in Disguise,12405.0,187.0,66696747.0,79,0
2020-03-12,-,Frozen II,11831.0,229.0,477326134.0,112,0
2020-03-12,-,Just Mercy,9495.0,211.0,35960039.0,79,0
2020-03-12,-,Jojo Rabbit,7492.0,159.0,33347243.0,147,0
2020-03-12,-,Ordinary Love,7262.0,125.0,306748.0,28,0
2020-03-12,-,Ford v. Ferrari,5185.0,95.0,117612028.0,119,0
2020-03-12,-,Seberg,4805.0,213.0,448009.0,91,0
2020-03-12,-,The Lodge,3752.0,96.0,1670924.0,35,0
2020-03-12,-,Wendy,3679.0,69.0,98367.0,14,0
2020-03-12,-,First Cow,3432.0,4.0,101068.0,7,0
2020-03-12,-,Gretel & Hansel,3425.0,77.0,15330787.0,42,0
2020-03-12,-,Burden,3240.0,31.0,87386.0,14,0
2020-03-12,-,The Assistant,3037.0,55.0,1093421.0,42,0
2020-03-12,-,Hope Gap,2427.0,18.0,43688.0,7,0
2020-03-12,-,Underwater,2215.0,50.0,17291078.0,63,0
2020-03-12,-,Judy,2069.0,10.0,24319961.0,168,0
2020-03-12,-,Downhill,1759.0,69.0,8283938.0,28,0
2020-03-12,-,The Last Full Measure,1569.0,48.0,2941900.0,49,0
2020-03-12,-,Uncut Gems,1391.0,33.0,50023780.0,91,0
2020-03-12,-,The Booksellers,1253.0,1.0,22617.0,7,0
2020-03-12,-,Swallow,859.0,3.0,17315.0,7,0
2020-03-12,-,The Times of Bill Cunningham,845.0,17.0,130304.0,28,0
2020-03-12,-,Weathering With You,699.0,10.0,7797441.0,58,0
2020-03-12,-,Incitement,499.0,9.0,137668.0,42,0
2020-03-12,-,Ride Your Wave,100.0,2.0,332432.0,23,0
2020-03-12,-,"I Was at Home, But…",23.0,4.0,14026.0,28,0
2020-03-12,-,Premature,11.0,10.0,22844.0,21,0
2020-03-09,1,Onward,2509515.0,4310.0,41629376.0,4,0
2020-03-09,2,The Invisible Man,1350105.0,3610.0,54026015.0,11,0
2020-03-09,3,The Way Back,650325.0,2718.0,8820640.0,4,0
2020-03-09,4,Sonic The Hedgehog,617842.0,3717.0,141140061.0,25,0
2020-03-09,5,The Call of the Wild,560665.0,3914.0,57806808.0,18,0
2020-03-09,6,Emma.,439960.0,1565.0,7137810.0,18,0
2020-03-09,7,Bad Boys For Life,287497.0,2159.0,202287687.0,53,0
2020-03-09,8,Birds of Prey (And the Fantabulous Emancipation of One Harley Quinn),233534.0,2173.0,82771910.0,32,0
2020-03-09,9,My Hero Academia: Heroes: Rising,149214.0,658.0,13048826.0,13,0
2020-03-09,10,Impractical Jokers: The Movie,140000.0,1775.0,9612091.0,18,0
2020-03-09,11,1917,138885.0,1535.0,158399814.0,76,0
2020-03-09,12,Tokyo Godfathers,131297.0,519.0,260282.0,5898,0
2020-03-09,13,Jumanji: The Next Level,116978.0,1403.0,315971726.0,88,0
2020-03-09,14,Brahms: The Boy II,111663.0,1355.0,11883234.0,18,0
2020-03-09,15,Fantasy Island,92327.0,1362.0,25893924.0,25,0
2020-03-09,-,Parasite,66777.0,625.0,52901644.0,151,0
2020-03-09,-,Portrait of a Lady on Fire,56170.0,334.0,3402558.0,95,0
2020-03-09,-,Baaghi 3,39718.0,265.0,549334.0,4,0
2020-03-09,-,The Gentlemen,39390.0,492.0,36057207.0,46,0
2020-03-09,-,Dolittle,33090.0,687.0,76859800.0,53,0
2020-03-09,-,The Photograph,30955.0,382.0,20388010.0,25,0
2020-03-09,-,My Boyfriend’s Meds,23855.0,280.0,2835479.0,18,0
2020-03-09,-,Knives Out,22839.0,401.0,165179842.0,104,0
2020-03-09,-,Star Wars: The Rise of Skywalker,21611.0,269.0,515049789.0,81,0
2020-03-09,-,Little Women,15918.0,263.0,107989746.0,76,0
2020-03-09,-,Frozen II,12384.0,229.0,477284992.0,109,0
2020-03-09,-,Spies in Disguise,12356.0,187.0,66657005.0,76,0
2020-03-09,-,Just Mercy,12134.0,211.0,35927487.0,76,0
2020-03-09,-,Jojo Rabbit,9697.0,159.0,33319861.0,144,0
2020-03-09,-,Ordinary Love,7801.0,125.0,281950.0,25,0
2020-03-09,-,The Lodge,5384.0,96.0,1653435.0,32,0
2020-03-09,-,Seberg,5200.0,213.0,432265.0,88,0
2020-03-09,-,Wendy,5058.0,69.0,81994.0,11,0
2020-03-09,-,First Cow,5010.0,4.0,86333.0,4,0
2020-03-09,-,Ford v. Ferrari,4928.0,95.0,117594481.0,116,0
2020-03-09,-,Burden,4575.0,31.0,73482.0,11,0
2020-03-09,-,The Assistant,4256.0,55.0,1082667.0,39,0
2020-03-09,-,Gretel & Hansel,3210.0,77.0,15318787.0,39,0
2020-03-09,-,Hope Gap,3105.0,18.0,34083.0,4,0
2020-03-09,-,Downhill,2302.0,69.0,8276859.0,25,0
2020-03-09,-,Underwater,2208.0,50.0,17283971.0,60,0
2020-03-09,-,The Booksellers,1883.0,1.0,17677.0,4,0
2020-03-09,-,The Last Full Measure,1574.0,48.0,2935520.0,46,0
2020-03-09,-,The Times of Bill Cunningham,1254.0,17.0,124981.0,25,0
2020-03-09,-,Uncut Gems,1107.0,33.0,50019664.0,88,0
2020-03-09,-,Swallow,1025.0,3.0,13875.0,4,0
2020-03-09,-,Judy,767.0,10.0,24316283.0,165,0
2020-03-09,-,Weathering With You,448.0,10.0,7794209.0,55,0
2020-03-09,-,Incitement,283.0,9.0,136318.0,39,0
2020-03-09,-,"I Was at Home, But…",129.0,4.0,13957.0,25,0
2020-03-09,-,Ride Your Wave,65.0,2.0,332124.0,20,0
2020-03-09,-,Premature,37.0,10.0,22685.0,18,0
2020-03-10,1,Onward,4053912.0,4310.0,45683288.0,5,0
2020-03-10,2,The Invisible Man,2073340.0,3610.0,56099355.0,12,0
2020-03-10,3,The Way Back,1130072.0,2718.0,9950712.0,5,0
2020-03-10,4,Sonic The Hedgehog,972388.0,3717.0,142112449.0,26,0
2020-03-10,5,The Call of the Wild,972365.0,3914.0,58779173.0,19,0
2020-03-10,6,Emma.,710080.0,1565.0,7847890.0,19,0
2020-03-10,7,Bad Boys For Life,418346.0,2159.0,202706033.0,54,0
2020-03-10,8,Birds of Prey (And the Fantabulous Emancipation of One Harley Quinn),340781.0,2173.0,83112691.0,33,0
2020-03-10,9,My Hero Academia: Heroes: Rising,227000.0,658.0,13275826.0,14,0
2020-03-10,10,1917,199620.0,1535.0,158599434.0,77,0
2020-03-10,11,Impractical Jokers: The Movie,195000.0,1775.0,9807091.0,19,0
2020-03-10,12,Jumanji: The Next Level,175269.0,1403.0,316146995.0,89,0
2020-03-10,13,Brahms: The Boy II,162619.0,1355.0,12045853.0,19,0
2020-03-10,14,Fantasy Island,133196.0,1362.0,26027120.0,26,0
2020-03-10,-,Parasite,107511.0,625.0,53009155.0,152,0
2020-03-10,-,Portrait of a Lady on Fire,74706.0,334.0,3477264.0,96,0
2020-03-10,17,Baaghi 3,70725.0,265.0,620059.0,5,0
2020-03-10,-,The Gentlemen,60134.0,492.0,36117341.0,47,0
2020-03-10,-,The Photograph,47035.0,382.0,20435045.0,26,0
2020-03-10,-,Dolittle,46775.0,687.0,76906575.0,54,0
2020-03-10,-,My Boyfriend’s Meds,41267.0,280.0,2876746.0,19,0
2020-03-10,-,Knives Out,38137.0,401.0,165217979.0,105,0
2020-03-10,-,Star Wars: The Rise of Skywalker,27022.0,269.0,515076811.0,82,0
2020-03-10,-,Little Women,23771.0,263.0,108013517.0,77,0
2020-03-10,-,Frozen II,15934.0,229.0,477300926.0,110,0
2020-03-10,-,Spies in Disguise,14104.0,187.0,66671109.0,77,0
2020-03-10,-,Just Mercy,12775.0,211.0,35940262.0,77,0
2020-03-10,-,Jojo Rabbit,11334.0,159.0,33331195.0,145,0
2020-03-10,-,Ordinary Love,9744.0,125.0,291694.0,26,0
2020-03-10,-,The Lodge,7268.0,96.0,1660703.0,33,0
2020-03-10,-,Ford v. Ferrari,6694.0,95.0,117601175.0,117,0
2020-03-10,-,Wendy,6614.0,69.0,88608.0,12,0
2020-03-10,-,First Cow,5943.0,4.0,92276.0,5,0
2020-03-10,-,Burden,5632.0,31.0,79114.0,12,0
2020-03-10,-,Seberg,5626.0,213.0,437891.0,89,0
2020-03-10,-,Gretel & Hansel,4589.0,77.0,15323376.0,40,0
2020-03-10,-,The Assistant,4092.0,55.0,1086759.0,40,0
2020-03-10,-,Hope Gap,3460.0,18.0,37543.0,5,0
2020-03-10,-,The Times of Bill Cunningham,3174.0,17.0,128155.0,26,0
2020-03-10,-,The Last Full Measure,3116.0,48.0,2938636.0,47,0
2020-03-10,-,Downhill,3051.0,69.0,8279910.0,26,0
2020-03-10,-,Underwater,2604.0,50.0,17286575.0,61,0
2020-03-10,-,The Booksellers,1897.0,1.0,19574.0,5,0
2020-03-10,-,Swallow,1250.0,3.0,15125.0,5,0
2020-03-10,-,Uncut Gems,1238.0,33.0,50020902.0,89,0
2020-03-10,-,Weathering With You,1037.0,10.0,7795246.0,56,0
2020-03-10,-,Judy,1022.0,10.0,24317305.0,166,0
2020-03-10,-,Incitement,395.0,9.0,136713.0,40,0
2020-03-10,-,Premature,113.0,10.0,22798.0,19,0
2020-03-10,-,Ride Your Wave,78.0,2.0,332202.0,21,0
2020-03-10,-,"I Was at Home, But…",28.0,4.0,13985.0,26,0
2020-03-13,1,I Still Believe,3993234.0,3250.0,3993234.0,1,1
2020-03-13,2,Bloodshot,3801099.0,2861.0,3801099.0,1,1
2020-03-13,3,Onward,3238878.0,4310.0,52997565.0,8,0
2020-03-13,4,The Hunt,2210940.0,3028.0,2210940.0,1,1
2020-03-13,5,The Invisible Man,1834115.0,3636.0,60253800.0,15,0
2020-03-13,6,Sonic The Hedgehog,737576.0,3041.0,143968904.0,29,0
2020-03-13,7,The Way Back,723142.0,2718.0,11744015.0,8,0
2020-03-13,8,The Call of the Wild,685637.0,3201.0,60551548.0,22,0
2020-03-13,9,Emma.,445720.0,1732.0,9081695.0,22,0
2020-03-13,10,Bad Boys For Life,306957.0,1451.0,203499358.0,57,0
2020-03-13,11,Birds of Prey (And the Fantabulous Emancipation of One Harley Quinn),169007.0,2173.0,83677564.0,36,0
2020-03-13,12,Impractical Jokers: The Movie,127000.0,880.0,10173091.0,22,0
2020-03-13,13,Jumanji: The Next Level,117773.0,862.0,316480177.0,92,0
2020-03-13,14,Brahms: The Boy II,105668.0,607.0,12334471.0,22,0
2020-03-13,15,1917,98225.0,766.0,158945254.0,80,0
2020-03-13,-,Parasite,69877.0,330.0,53217721.0,155,0
2020-03-13,-,Fantasy Island,65460.0,515.0,26246639.0,29,0
2020-03-13,-,Portrait of a Lady on Fire,55686.0,333.0,3644740.0,99,0
2020-03-13,-,The Gentlemen,30392.0,226.0,36221057.0,50,0
2020-03-13,-,Knives Out,27227.0,221.0,165296978.0,108,0
2020-03-13,-,The Photograph,23760.0,198.0,20508080.0,29,0
2020-03-13,-,Star Wars: The Rise of Skywalker,21938.0,189.0,515137712.0,85,0
2020-03-13,-,Dolittle,21685.0,256.0,76982660.0,57,0
2020-03-13,-,Hope Gap,19029.0,132.0,62717.0,8,0
2020-03-13,-,Baaghi 3,15546.0,257.0,682207.0,8,0
2020-03-13,-,Spies in Disguise,14927.0,136.0,66711674.0,80,0
2020-03-13,-,Little Women,14910.0,200.0,108060800.0,80,0
2020-03-13,-,Wendy,14854.0,165.0,113221.0,15,0
2020-03-13,-,Burden,13586.0,109.0,100972.0,15,0
2020-03-13,-,Frozen II,12668.0,165.0,477338802.0,113,0
2020-03-13,-,My Boyfriend’s Meds,11982.0,133.0,2928701.0,22,0
2020-03-13,-,Heart of Africa,11730.0,20.0,11730.0,1,1
2020-03-13,-,Just Mercy,8925.0,211.0,35968964.0,80,0
2020-03-13,-,"Never, Rarely, Sometimes, Always",7853.0,4.0,7853.0,1,1
2020-03-13,-,Jojo Rabbit,6868.0,74.0,33354111.0,148,0
2020-03-13,-,Ordinary Love,4772.0,77.0,311520.0,29,0
2020-03-13,-,Gretel & Hansel,3690.0,43.0,15334477.0,43,0
2020-03-13,-,Tokyo Godfathers,3301.0,4.0,364044.0,5902,0
2020-03-13,-,Human Nature,3130.0,2.0,3130.0,1,1
2020-03-13,-,Ford v. Ferrari,3043.0,55.0,117615071.0,120,0
2020-03-13,-,Swallow,2974.0,39.0,20289.0,8,0
2020-03-13,-,The Lodge,1999.0,19.0,1672923.0,36,0
2020-03-13,-,The Last Full Measure,1915.0,36.0,2943815.0,50,0
2020-03-13,-,The Assistant,1889.0,25.0,1095310.0,43,0
2020-03-13,-,The Times of Bill Cunningham,1293.0,19.0,131597.0,29,0
2020-03-13,-,The Roads Not Taken,1077.0,3.0,1077.0,1,1
2020-03-13,-,The Booksellers,962.0,3.0,23579.0,8,0
2020-03-13,-,Incitement,708.0,9.0,138376.0,43,0
2020-03-13,-,Downhill,612.0,24.0,8284550.0,29,0
2020-03-13,-,Weathering With You,155.0,4.0,7797596.0,59,0
2020-03-13,-,Premature,88.0,1.0,22932.0,22,0
2020-03-14,1,Onward,4675724.0,4310.0,57673289.0,9,0
2020-03-14,2,Bloodshot,3290187.0,2861.0,7091286.0,2,0
2020-03-14,3,I Still Believe,3141562.0,3250.0,7134796.0,2,0
2020-03-14,4,The Invisible Man,2531500.0,3636.0,62785300.0,16,0
2020-03-14,5,The Hunt,1874515.0,3028.0,4085455.0,2,0
2020-03-14,6,Sonic The Hedgehog,1117609.0,3041.0,145086513.0,30,0
2020-03-14,7,The Way Back,1041667.0,2718.0,12785682.0,9,0
2020-03-14,8,The Call of the Wild,993881.0,3201.0,61545429.0,23,0
2020-03-14,9,Emma.,550500.0,1732.0,9632195.0,23,0
2020-03-14,10,Bad Boys For Life,493481.0,1451.0,203992839.0,58,0
2020-03-14,11,Birds of Prey (And the Fantabulous Emancipation of One Harley Quinn),247903.0,2173.0,83925467.0,37,0
2020-03-14,12,Jumanji: The Next Level,194685.0,862.0,316674862.0,93,0
2020-03-14,13,Impractical Jokers: The Movie,189000.0,880.0,10362091.0,23,0
2020-03-14,14,1917,156400.0,766.0,159101654.0,81,0
2020-03-14,15,Brahms: The Boy II,149855.0,607.0,12484326.0,23,0
2020-03-14,-,Parasite,102719.0,330.0,53320440.0,156,0
2020-03-14,-,Fantasy Island,98149.0,515.0,26344788.0,30,0
2020-03-14,-,Portrait of a Lady on Fire,75733.0,333.0,3720473.0,100,0
2020-03-14,-,The Gentlemen,45102.0,226.0,36266159.0,51,0
2020-03-14,-,Knives Out,39797.0,221.0,165336775.0,109,0
2020-03-14,-,The Photograph,39585.0,198.0,20547665.0,30,0
2020-03-14,-,Star Wars: The Rise of Skywalker,35201.0,189.0,515172913.0,86,0
2020-03-14,-,Dolittle,34910.0,256.0,77017570.0,58,0
2020-03-14,-,Hope Gap,22915.0,132.0,85632.0,9,0
2020-03-14,-,Spies in Disguise,22914.0,136.0,66734588.0,81,0
2020-03-14,-,Little Women,22813.0,200.0,108083613.0,81,0
2020-03-14,-,Burden,19966.0,109.0,120938.0,16,0
2020-03-14,-,Baaghi 3,19113.0,257.0,701320.0,9,0
2020-03-14,-,Frozen II,18916.0,165.0,477357718.0,114,0
2020-03-14,-,My Boyfriend’s Meds,18851.0,133.0,2947552.0,23,0
2020-03-14,-,Wendy,15116.0,165.0,128337.0,16,0
2020-03-14,-,Just Mercy,14762.0,211.0,35983726.0,81,0
2020-03-14,-,Jojo Rabbit,10419.0,74.0,33364530.0,149,0
2020-03-14,-,Heart of Africa,7314.0,20.0,19044.0,2,0
2020-03-14,-,Gretel & Hansel,6075.0,43.0,15340552.0,44,0
2020-03-14,-,Ordinary Love,5963.0,77.0,317483.0,30,0
2020-03-14,-,"Never, Rarely, Sometimes, Always",5909.0,4.0,13762.0,2,0
2020-03-14,-,Ford v. Ferrari,5279.0,55.0,117620350.0,121,0
2020-03-14,-,Swallow,3183.0,39.0,23472.0,9,0
2020-03-14,-,The Last Full Measure,3060.0,36.0,2946875.0,51,0
2020-03-14,-,The Lodge,2379.0,19.0,1675302.0,37,0
2020-03-14,-,The Assistant,2297.0,25.0,1097607.0,44,0
2020-03-14,-,The Times of Bill Cunningham,1620.0,19.0,133217.0,30,0
2020-03-14,-,The Roads Not Taken,1588.0,3.0,2665.0,2,0
2020-03-14,-,Human Nature,1566.0,2.0,4696.0,2,0
2020-03-14,-,Downhill,1363.0,24.0,8285913.0,30,0
2020-03-14,-,Tokyo Godfathers,1163.0,4.0,365207.0,5903,0
2020-03-14,-,The Booksellers,1143.0,3.0,24722.0,9,0
2020-03-14,-,Incitement,1082.0,9.0,139458.0,44,0
2020-03-14,-,Weathering With You,753.0,4.0,7798349.0,60,0
2020-03-14,-,"I Was at Home, But…",52.0,1.0,14078.0,30,0
2020-03-17,1,Onward,346334.0,4310.0,61460320.0,12,0
2020-03-17,2,I Still Believe,235336.0,3250.0,9814074.0,5,0
2020-03-17,3,Bloodshot,221689.0,2861.0,9967115.0,5,0
2020-03-17,4,The Invisible Man,138605.0,3636.0,64859415.0,19,0
2020-03-17,5,The Hunt,113745.0,3028.0,5775060.0,5,0
2020-03-17,6,Sonic The Hedgehog,84093.0,3041.0,146040882.0,33,0
2020-03-17,7,The Call of the Wild,68899.0,3201.0,62310448.0,26,0
2020-03-17,8,The Way Back,55380.0,2718.0,13576275.0,12,0
2020-03-17,9,Emma.,32000.0,1732.0,10051795.0,26,0
2020-03-17,10,Bad Boys For Life,25606.0,1451.0,204405677.0,61,0
2020-03-17,11,Birds of Prey (And the Fantabulous Emancipation of One Harley Quinn),15812.0,2173.0,84151162.0,40,0
2020-03-17,12,Brahms: The Boy II,9261.0,607.0,12609823.0,26,0
2020-03-17,-,Fantasy Island,9015.0,515.0,26431517.0,33,0
2020-03-17,-,Jumanji: The Next Level,8554.0,862.0,316827868.0,96,0
2020-03-17,-,1917,5860.0,766.0,159226679.0,84,0
2020-03-17,-,Heart of Africa,2769.0,20.0,24139.0,5,0
2020-03-17,-,Dolittle,2645.0,256.0,77046115.0,61,0
2020-03-17,-,Star Wars: The Rise of Skywalker,2465.0,189.0,515201406.0,89,0
2020-03-17,-,Spies in Disguise,2251.0,136.0,66756273.0,84,0
2020-03-17,-,My Boyfriend’s Meds,1724.0,133.0,2971031.0,26,0
2020-03-17,-,Frozen II,1418.0,165.0,477373308.0,117,0
2020-03-17,-,The Gentlemen,1211.0,226.0,36296415.0,54,0
2020-03-17,-,The Photograph,1180.0,198.0,20577765.0,33,0
2020-03-17,-,Knives Out,1082.0,221.0,165362766.0,112,0
2020-03-17,-,Just Mercy,984.0,211.0,36001053.0,84,0
2020-03-17,-,Gretel & Hansel,677.0,43.0,15346989.0,47,0
2020-03-17,-,Hope Gap,542.0,132.0,104613.0,12,0
2020-03-17,-,Burden,474.0,14.0,139248.0,19,0
2020-03-17,-,Ford v. Ferrari,470.0,55.0,117624282.0,124,0
2020-03-17,-,Jojo Rabbit,454.0,74.0,33370861.0,152,0
2020-03-17,-,Baaghi 3,407.0,257.0,721378.0,12,0
2020-03-17,-,Wendy,355.0,165.0,143389.0,19,0
2020-03-17,-,The Last Full Measure,245.0,36.0,2949097.0,54,0
2020-03-17,-,Downhill,157.0,24.0,8287017.0,33,0
2020-03-17,-,The Booksellers,100.0,3.0,25538.0,12,0
2020-03-17,-,Swallow,86.0,39.0,26369.0,12,0
2020-03-17,-,The Times of Bill Cunningham,67.0,19.0,134288.0,33,0
2020-03-17,-,Human Nature,58.0,2.0,5479.0,5,0
2020-03-17,-,Premature,13.0,1.0,23071.0,26,0
2020-03-17,-,Tokyo Godfathers,10.0,4.0,366553.0,5906,0
2020-03-15,1,Onward,2687350.0,4310.0,60360639.0,10,0
2020-03-15,2,Bloodshot,2085409.0,2861.0,9176695.0,3,0
2020-03-15,3,I Still Believe,1968818.0,3250.0,9103614.0,3,0
2020-03-15,4,The Invisible Man,1525190.0,3636.0,64310490.0,17,0
2020-03-15,5,The Hunt,1219000.0,3028.0,5304455.0,3,0
2020-03-15,6,Sonic The Hedgehog,667399.0,3041.0,145753912.0,31,0
2020-03-15,7,The Way Back,591306.0,2718.0,13376988.0,10,0
2020-03-15,8,The Call of the Wild,547202.0,3201.0,62092631.0,24,0
2020-03-15,9,Bad Boys For Life,301770.0,1451.0,204294609.0,59,0
2020-03-15,10,Emma.,298995.0,1732.0,9931190.0,24,0
2020-03-15,11,Birds of Prey (And the Fantabulous Emancipation of One Harley Quinn),154577.0,2173.0,84080044.0,38,0
2020-03-15,12,Jumanji: The Next Level,108941.0,862.0,316783803.0,94,0
2020-03-15,13,Impractical Jokers: The Movie,104000.0,880.0,10466091.0,24,0
2020-03-15,14,1917,92380.0,766.0,159194034.0,82,0
2020-03-15,15,Brahms: The Boy II,85950.0,607.0,12570276.0,24,0
2020-03-15,-,Fantasy Island,55830.0,515.0,26400618.0,31,0
2020-03-15,-,Parasite,49305.0,330.0,53369745.0,157,0
2020-03-15,-,Portrait of a Lady on Fire,39381.0,333.0,3759854.0,101,0
2020-03-15,-,The Gentlemen,22847.0,226.0,36289006.0,52,0
2020-03-15,-,The Photograph,22525.0,198.0,20570190.0,31,0
2020-03-15,-,Dolittle,19660.0,256.0,77037230.0,59,0
2020-03-15,-,Knives Out,19272.0,221.0,165356047.0,110,0
2020-03-15,-,Star Wars: The Rise of Skywalker,19272.0,189.0,515192185.0,87,0
2020-03-15,-,My Boyfriend’s Meds,18645.0,133.0,2966197.0,24,0
2020-03-15,-,Baaghi 3,15575.0,257.0,716895.0,10,0
2020-03-15,-,Spies in Disguise,15252.0,136.0,66749840.0,82,0
2020-03-15,-,Hope Gap,14412.0,132.0,100044.0,10,0
2020-03-15,-,Burden,13387.0,109.0,134325.0,17,0
2020-03-15,-,Little Women,12342.0,200.0,108095955.0,82,0
2020-03-15,-,Frozen II,11100.0,165.0,477368818.0,115,0
2020-03-15,-,Wendy,9977.0,165.0,138314.0,17,0
2020-03-15,-,Just Mercy,7663.0,211.0,35991389.0,82,0
2020-03-15,-,Jojo Rabbit,4626.0,74.0,33369156.0,150,0
2020-03-15,-,Gretel & Hansel,4581.0,43.0,15345133.0,45,0
2020-03-15,-,Ordinary Love,3938.0,77.0,321421.0,31,0
2020-03-15,-,Ford v. Ferrari,2731.0,55.0,117623081.0,122,0
2020-03-15,-,"Never, Rarely, Sometimes, Always",2523.0,4.0,16285.0,3,0
2020-03-15,-,Swallow,2291.0,39.0,25763.0,10,0
2020-03-15,-,The Lodge,2165.0,19.0,1677467.0,38,0
2020-03-15,-,The Assistant,1712.0,25.0,1099319.0,45,0
2020-03-15,-,The Last Full Measure,1664.0,36.0,2948539.0,52,0
2020-03-15,-,Tokyo Godfathers,1336.0,4.0,366543.0,5904,0
2020-03-15,-,The Times of Bill Cunningham,882.0,19.0,134099.0,31,0
2020-03-15,-,Incitement,806.0,9.0,140264.0,45,0
2020-03-15,-,Heart of Africa,653.0,20.0,19697.0,3,0
2020-03-15,-,The Roads Not Taken,645.0,3.0,3310.0,3,0
2020-03-15,-,Downhill,634.0,24.0,8286547.0,31,0
2020-03-15,-,Human Nature,598.0,2.0,5294.0,3,0
2020-03-15,-,The Booksellers,527.0,3.0,25249.0,10,0
2020-03-15,-,Weathering With You,354.0,4.0,7798703.0,61,0
2020-03-15,-,Premature,38.0,1.0,22970.0,24,0
2020-03-16,1,Onward,753347.0,4310.0,61113986.0,11,0
2020-03-16,2,Bloodshot,568731.0,2861.0,9745426.0,4,0
2020-03-16,3,I Still Believe,475124.0,3250.0,9578738.0,4,0
2020-03-16,4,The Invisible Man,410320.0,3636.0,64720810.0,18,0
2020-03-16,5,The Hunt,356860.0,3028.0,5661315.0,4,0
2020-03-16,6,Sonic The Hedgehog,202877.0,3041.0,145956789.0,32,0
2020-03-16,7,The Call of the Wild,148918.0,3201.0,62241549.0,25,0
2020-03-16,8,The Way Back,143907.0,2718.0,13520895.0,11,0
2020-03-16,9,Emma.,88605.0,1732.0,10019795.0,25,0
2020-03-16,10,Bad Boys For Life,85462.0,1451.0,204380071.0,60,0
2020-03-16,11,Birds of Prey (And the Fantabulous Emancipation of One Harley Quinn),55306.0,2173.0,84135350.0,39,0
2020-03-16,12,Jumanji: The Next Level,35511.0,862.0,316819314.0,95,0
2020-03-16,-,Brahms: The Boy II,30286.0,607.0,12600562.0,25,0
2020-03-16,-,1917,26785.0,766.0,159220819.0,83,0
2020-03-16,-,Fantasy Island,21884.0,515.0,26422502.0,32,0
2020-03-16,-,Just Mercy,8680.0,211.0,36000069.0,83,0
2020-03-16,-,Star Wars: The Rise of Skywalker,6756.0,189.0,515198941.0,88,0
2020-03-16,-,The Photograph,6395.0,198.0,20576585.0,32,0
2020-03-16,-,Dolittle,6240.0,256.0,77043470.0,60,0
2020-03-16,-,The Gentlemen,6198.0,226.0,36295204.0,53,0
2020-03-16,-,Knives Out,5637.0,221.0,165361684.0,111,0
2020-03-16,-,Wendy,4720.0,165.0,143034.0,18,0
2020-03-16,-,Burden,4449.0,109.0,138774.0,18,0
2020-03-16,-,Spies in Disguise,4182.0,136.0,66754022.0,83,0
2020-03-16,-,Baaghi 3,4076.0,257.0,720971.0,11,0
2020-03-16,-,Hope Gap,4027.0,132.0,104071.0,11,0
2020-03-16,-,My Boyfriend’s Meds,3110.0,133.0,2969307.0,25,0
2020-03-16,-,Frozen II,3072.0,165.0,477371890.0,116,0
2020-03-16,-,Ordinary Love,2267.0,77.0,323688.0,32,0
2020-03-16,-,Play the Flute,1840.0,1.0,241251.0,414,0
2020-03-16,-,Heart of Africa,1673.0,20.0,21370.0,4,0
2020-03-16,-,Jojo Rabbit,1251.0,74.0,33370407.0,151,0
2020-03-16,-,Gretel & Hansel,1179.0,43.0,15346312.0,46,0
2020-03-16,-,The Assistant,991.0,25.0,1100310.0,46,0
2020-03-16,-,Ford v. Ferrari,731.0,55.0,117623812.0,123,0
2020-03-16,-,Swallow,520.0,39.0,26283.0,11,0
2020-03-16,-,Downhill,313.0,24.0,8286860.0,32,0
2020-03-16,-,The Last Full Measure,313.0,36.0,2948852.0,53,0
2020-03-16,-,"Never, Rarely, Sometimes, Always",280.0,4.0,16565.0,4,0
2020-03-16,-,The Roads Not Taken,208.0,3.0,3518.0,4,0
2020-03-16,-,The Booksellers,189.0,3.0,25438.0,11,0
2020-03-16,-,Human Nature,127.0,2.0,5421.0,4,0
2020-03-16,-,The Times of Bill Cunningham,122.0,19.0,134221.0,32,0
2020-03-16,-,Premature,88.0,1.0,23058.0,25,0
2020-03-16,-,Incitement,42.0,9.0,140306.0,46,0
2020-03-18,1,Onward,61529.0,4310.0,61521849.0,13,0
2020-03-18,2,I Still Believe,38694.0,3250.0,9852768.0,6,0
2020-03-18,3,Bloodshot,36123.0,2861.0,10003238.0,6,0
2020-03-18,4,The Invisible Man,32835.0,3636.0,64892250.0,20,0
2020-03-18,5,The Hunt,24340.0,3028.0,5799400.0,6,0
2020-03-18,6,The Call of the Wild,17263.0,3201.0,62327711.0,27,0
2020-03-18,7,Sonic The Hedgehog,16397.0,3041.0,146057279.0,34,0
2020-03-18,8,The Way Back,7368.0,2718.0,13583643.0,13,0
2020-03-18,9,Bad Boys For Life,6487.0,1451.0,204412164.0,62,0
2020-03-18,10,Fantasy Island,5532.0,515.0,26437049.0,34,0
2020-03-18,11,Birds of Prey (And the Fantabulous Emancipation of One Harley Quinn),3679.0,2173.0,84154841.0,41,0
2020-03-18,12,Emma.,2710.0,1732.0,10054505.0,27,0
2020-03-18,-,Jumanji: The Next Level,2604.0,862.0,316830472.0,97,0
2020-03-18,-,Brahms: The Boy II,1115.0,607.0,12610938.0,27,0
2020-03-18,-,1917,740.0,766.0,159227419.0,85,0
2020-03-18,-,Star Wars: The Rise of Skywalker,554.0,189.0,515201960.0,90,0
2020-03-18,-,Dolittle,550.0,256.0,77046665.0,62,0
2020-03-18,-,The Gentlemen,343.0,226.0,36296758.0,55,0
2020-03-18,-,The Photograph,310.0,198.0,20578075.0,34,0
2020-03-18,-,Spies in Disguise,286.0,136.0,66756559.0,85,0
2020-03-18,-,Knives Out,268.0,221.0,165363034.0,113,0
2020-03-18,-,Frozen II,153.0,165.0,477373461.0,118,0
2020-03-18,-,Hope Gap,113.0,132.0,104726.0,13,0
2020-03-18,-,Gretel & Hansel,107.0,43.0,15347096.0,48,0
2020-03-18,-,Just Mercy,106.0,211.0,36001159.0,85,0
2020-03-18,-,Wendy,85.0,165.0,143474.0,20,0
2020-03-18,-,The Last Full Measure,74.0,36.0,2949171.0,55,0
2020-03-18,-,Baaghi 3,61.0,257.0,721439.0,13,0
2020-03-18,-,My Boyfriend’s Meds,60.0,133.0,2971091.0,27,0
2020-03-18,-,Downhill,44.0,24.0,8287061.0,34,0
2020-03-18,-,Ford v. Ferrari,35.0,55.0,117624317.0,125,0
2020-03-18,-,Jojo Rabbit,27.0,74.0,33370888.0,153,0
2020-03-18,-,Be Natural: The Untold Story Of Alice Guy-Blaché,14.0,1.0,115278.0,335,0
2020-03-18,-,Tokyo Godfathers,13.0,4.0,366566.0,5907,0
2020-03-18,-,Human Nature,8.0,2.0,5487.0,6,0
2020-03-18,-,The Booksellers,8.0,3.0,25546.0,13,0
2020-03-19,1,Onward,33296.0,4310.0,61555145.0,14,0
2020-03-19,2,The Invisible Man,21800.0,3636.0,64914050.0,21,0
2020-03-19,3,Bloodshot,18549.0,2861.0,10021787.0,7,0
2020-03-19,4,I Still Believe,15753.0,3250.0,9868521.0,7,0
2020-03-19,5,The Call of the Wild,14657.0,3201.0,62342368.0,28,0
2020-03-19,6,The Hunt,13100.0,3028.0,5812500.0,7,0
2020-03-19,7,Sonic The Hedgehog,9191.0,3041.0,146066470.0,35,0
2020-03-19,8,The Way Back,6871.0,2718.0,13590514.0,14,0
2020-03-19,9,Bad Boys For Life,5691.0,1451.0,204417855.0,63,0
2020-03-19,10,Fantasy Island,4733.0,515.0,26441782.0,35,0
2020-03-19,11,Birds of Prey (And the Fantabulous Emancipation of One Harley Quinn),3620.0,2173.0,84158461.0,42,0
2020-03-19,12,Emma.,850.0,1732.0,10055355.0,28,0
2020-03-19,-,Jumanji: The Next Level,774.0,862.0,316831246.0,98,0
2020-03-19,-,Brahms: The Boy II,598.0,607.0,12611536.0,28,0
2020-03-19,-,Star Wars: The Rise of Skywalker,582.0,189.0,515202542.0,91,0
2020-03-19,-,Gretel & Hansel,558.0,43.0,15347654.0,49,0
2020-03-19,-,Spies in Disguise,454.0,136.0,66757013.0,86,0
2020-03-19,-,Dolittle,400.0,256.0,77047065.0,63,0
2020-03-19,-,Just Mercy,343.0,211.0,36001502.0,86,0
2020-03-19,-,1917,225.0,766.0,159227644.0,86,0
2020-03-19,-,Knives Out,220.0,221.0,165363254.0,114,0
2020-03-19,-,The Booksellers,148.0,3.0,25694.0,14,0
2020-03-19,-,Frozen II,117.0,165.0,477373578.0,119,0
2020-03-19,-,The Photograph,110.0,198.0,20578185.0,35,0
2020-03-19,-,The Gentlemen,96.0,226.0,36296854.0,56,0
2020-03-19,-,Wendy,44.0,165.0,143518.0,21,0
2020-03-19,-,The Last Full Measure,41.0,36.0,2949212.0,56,0
2020-03-19,-,Ford v. Ferrari,40.0,55.0,117624357.0,126,0
2020-03-19,-,My Boyfriend’s Meds,25.0,133.0,2971116.0,28,0
2020-03-19,-,Burden,22.0,109.0,139270.0,21,0
2020-03-19,-,Jojo Rabbit,18.0,74.0,33370906.0,154,0
2020-03-19,-,Be Natural: The Untold Story Of Alice Guy-Blaché,16.0,1.0,115294.0,336,0
2020-03-19,-,Hope Gap,6.0,132.0,104732.0,14,0
2020-03-20,-,I Still Believe,12115.0,126.0,9880636.0,8,0
2020-03-20,-,The Gentlemen,110.0,11.0,36296964.0,57,0
2020-03-21,-,I Still Believe,15039.0,126.0,9895675.0,9,0
2020-03-21,-,The Gentlemen,106.0,11.0,36297070.0,58,0
2020-03-22,-,I Still Believe,6080.0,126.0,9901755.0,10,0
2020-03-22,-,The Gentlemen,24.0,11.0,36297094.0,59,0
2020-03-23,-,I Still Believe,936.0,126.0,9902691.0,11,0
2020-03-23,-,The Gentlemen,12.0,11.0,36297106.0,60,0
2020-03-24,-,I Still Believe,1285.0,126.0,9903976.0,12,0
2020-03-24,-,The Gentlemen,4.0,11.0,36297110.0,61,0
2020-03-25,-,I Still Believe,820.0,126.0,9904796.0,13,0
2020-03-25,-,Be Natural: The Untold Story Of Alice Guy-Blaché,174.0,1.0,115468.0,342,0
2020-03-27,-,I Still Believe,4636.0,18.0,9910969.0,15,0
2020-03-27,-,Be Natural: The Untold Story Of Alice Guy-Blaché,192.0,1.0,115684.0,344,0
2020-03-26,-,I Still Believe,1537.0,126.0,9906333.0,14,0
2020-03-26,-,Be Natural: The Untold Story Of Alice Guy-Blaché,24.0,1.0,115492.0,343,0
2020-03-28,-,I Still Believe,6361.0,18.0,9917330.0,16,0
2020-03-29,-,I Still Believe,2954.0,18.0,9920284.0,17,0
2020-03-30,-,I Still Believe,1049.0,18.0,9921333.0,18,0
2020-03-31,-,I Still Believe,269.0,18.0,9921602.0,19,0
2020-04-01,-,I Still Believe,409.0,18.0,9922011.0,20,0
2020-04-02,-,I Still Believe,2264.0,18.0,9924275.0,21,0
2020-04-03,-,I Still Believe,1591.0,6.0,9925866.0,22,0
2020-04-03,-,The Other Lamb,471.0,1.0,471.0,1,1
2020-04-04,-,I Still Believe,2249.0,6.0,9928115.0,23,0
2020-04-04,-,The Other Lamb,582.0,1.0,1053.0,2,0
2020-04-06,-,The Other Lamb,126.0,1.0,1320.0,4,0
2020-04-06,-,I Still Believe,96.0,6.0,9928448.0,25,0
2020-04-05,-,I Still Believe,237.0,6.0,9928352.0,24,0
2020-04-05,-,The Other Lamb,141.0,1.0,1194.0,3,0
2020-04-07,-,The Other Lamb,174.0,1.0,1494.0,5,0
2020-04-07,-,I Still Believe,134.0,6.0,9928582.0,26,0
2020-04-08,-,The Other Lamb,279.0,1.0,1773.0,6,0
2020-04-08,-,I Still Believe,80.0,6.0,9928662.0,27,0
2020-04-10,-,I Still Believe,1213.0,2.0,9929947.0,29,0
2020-04-10,-,Swallow,846.0,1.0,27215.0,36,0
2020-04-10,-,The Other Lamb,549.0,1.0,2619.0,8,0
2020-04-10,-,"Monero Means Money: Cryptocurrency 101, Live from Leipzig",180.0,18.0,180.0,1,1
2020-04-09,-,The Other Lamb,297.0,1.0,2070.0,7,0
2020-04-09,-,I Still Believe,72.0,6.0,9928734.0,28,0
2020-04-11,-,I Still Believe,1617.0,2.0,9931564.0,30,0
2020-04-11,-,"Monero Means Money: Cryptocurrency 101, Live from Leipzig",780.0,78.0,960.0,2,0
2020-04-11,-,Swallow,582.0,1.0,27797.0,37,0
2020-04-11,-,The Other Lamb,582.0,1.0,3201.0,9,0
2020-04-12,-,"Monero Means Money: Cryptocurrency 101, Live from Leipzig",2470.0,247.0,3430.0,3,0
2020-04-12,-,The Other Lamb,282.0,1.0,3483.0,10,0
2020-04-12,-,Swallow,282.0,1.0,28079.0,38,0
2020-04-13,-,The Other Lamb,276.0,1.0,3759.0,11,0
2020-04-13,-,Swallow,276.0,1.0,28355.0,39,0
2020-04-13,-,"Monero Means Money: Cryptocurrency 101, Live from Leipzig",40.0,4.0,3470.0,4,0
2020-04-14,-,The Other Lamb,336.0,1.0,4095.0,12,0
2020-04-14,-,Swallow,336.0,1.0,28691.0,40,0
2020-04-14,-,"Monero Means Money: Cryptocurrency 101, Live from Leipzig",30.0,3.0,3500.0,5,0
2020-04-15,-,The Other Lamb,102.0,1.0,4197.0,13,0
2020-04-15,-,Swallow,102.0,1.0,28793.0,41,0
2020-04-16,1,The Other Lamb,363.0,1.0,4560.0,14,0
2020-04-16,2,Swallow,363.0,1.0,29156.0,42,0
2020-04-17,-,I Still Believe,3005.0,4.0,9934569.0,36,0
2020-04-17,-,Swallow,591.0,1.0,29747.0,43,0
2020-04-17,-,Resistance,591.0,1.0,591.0,1,1
2020-04-17,-,The Other Lamb,116.0,1.0,4676.0,15,0
2020-04-17,-,"Monero Means Money: Cryptocurrency 101, Live from Leipzig",30.0,3.0,3530.0,8,0
2020-04-18,-,I Still Believe,4438.0,4.0,9939007.0,37,0
2020-04-18,-,Resistance,909.0,1.0,1500.0,2,0
2020-04-18,-,Swallow,909.0,1.0,30656.0,44,0
2020-04-18,-,The Other Lamb,149.0,1.0,4825.0,16,0
2020-04-18,-,"Monero Means Money: Cryptocurrency 101, Live from Leipzig",20.0,2.0,3550.0,9,0
2020-04-20,-,I Still Believe,458.0,4.0,9940253.0,39,0
2020-04-20,-,Swallow,261.0,1.0,31907.0,46,0
2020-04-20,-,Resistance,261.0,1.0,2751.0,4,0
2020-04-20,-,"Monero Means Money: Cryptocurrency 101, Live from Leipzig",20.0,2.0,3590.0,11,0
2020-04-19,-,Swallow,990.0,1.0,31646.0,45,0
2020-04-19,-,Resistance,990.0,1.0,2490.0,3,0
2020-04-19,-,I Still Believe,788.0,4.0,9939795.0,38,0
2020-04-19,-,"Monero Means Money: Cryptocurrency 101, Live from Leipzig",20.0,2.0,3570.0,10,0
2020-04-21,-,Swallow,600.0,1.0,32507.0,47,0
2020-04-21,-,Resistance,600.0,1.0,3351.0,5,0
2020-04-21,-,I Still Believe,425.0,4.0,9940678.0,40,0
2020-04-21,-,"Monero Means Money: Cryptocurrency 101, Live from Leipzig",60.0,6.0,3650.0,12,0
2020-04-22,-,I Still Believe,1801.0,4.0,9942479.0,41,0
2020-04-22,-,Swallow,207.0,1.0,32714.0,48,0
2020-04-22,-,Resistance,207.0,1.0,3558.0,6,0
2020-04-22,-,"Monero Means Money: Cryptocurrency 101, Live from Leipzig",130.0,13.0,3780.0,13,0
2020-04-23,-,Swallow,705.0,1.0,33419.0,49,0
2020-04-23,-,Resistance,705.0,1.0,4263.0,7,0
2020-04-23,-,I Still Believe,289.0,4.0,9942768.0,42,0
2020-04-23,-,"Monero Means Money: Cryptocurrency 101, Live from Leipzig",50.0,5.0,3830.0,14,0
2020-04-24,-,I Still Believe,5347.0,3.0,9948115.0,43,0
2020-04-24,-,True History Of The Kelly Gang,3065.0,5.0,3065.0,1,1
2020-04-24,-,Resistance,738.0,1.0,5001.0,8,0
2020-04-24,-,Horror Nights,480.0,1.0,480.0,1,1
2020-04-24,-,"Monero Means Money: Cryptocurrency 101, Live from Leipzig",40.0,4.0,3870.0,15,0
2020-04-26,-,True History Of The Kelly Gang,1906.0,5.0,9839.0,3,0
2020-04-26,-,I Still Believe,1646.0,3.0,9956575.0,45,0
2020-04-26,-,Resistance,549.0,1.0,6486.0,10,0
2020-04-26,-,Horror Nights,486.0,1.0,1806.0,3,0
2020-04-26,-,"Monero Means Money: Cryptocurrency 101, Live from Leipzig",130.0,13.0,4410.0,17,0
2020-04-25,-,I Still Believe,6814.0,3.0,9954929.0,44,0
2020-04-25,-,True History Of The Kelly Gang,4868.0,5.0,7933.0,2,0
2020-04-25,-,Resistance,936.0,1.0,5937.0,9,0
2020-04-25,-,Horror Nights,840.0,1.0,1320.0,2,0
2020-04-25,-,"Monero Means Money: Cryptocurrency 101, Live from Leipzig",410.0,41.0,4280.0,16,0
2020-04-27,-,True History Of The Kelly Gang,1042.0,5.0,10881.0,4,0
2020-04-27,-,Horror Nights,363.0,1.0,2169.0,4,0
2020-04-27,-,I Still Believe,275.0,3.0,9956850.0,46,0
2020-04-27,-,Resistance,261.0,1.0,6747.0,11,0
2020-04-27,-,"Monero Means Money: Cryptocurrency 101, Live from Leipzig",50.0,5.0,4460.0,18,0
2020-04-28,-,True History Of The Kelly Gang,1224.0,5.0,12105.0,5,0
2020-04-28,-,I Still Believe,385.0,3.0,9957235.0,47,0
2020-04-28,-,Horror Nights,246.0,1.0,2415.0,5,0
2020-04-28,-,Resistance,240.0,1.0,6987.0,12,0
2020-04-28,-,"Monero Means Money: Cryptocurrency 101, Live from Leipzig",10.0,1.0,4470.0,19,0
2020-04-29,-,True History Of The Kelly Gang,1156.0,5.0,13261.0,6,0
2020-04-29,-,I Still Believe,415.0,3.0,9957650.0,48,0
2020-04-29,-,Resistance,237.0,1.0,7224.0,13,0
2020-05-01,-,The Wretched,26506.0,12.0,26506.0,1,1
2020-05-01,-,I Still Believe,16224.0,22.0,9974440.0,50,0
2020-05-01,-,True History Of The Kelly Gang,5206.0,2.0,20236.0,8,0
2020-04-30,-,True History Of The Kelly Gang,1769.0,5.0,15030.0,7,0
2020-04-30,-,I Still Believe,566.0,3.0,9958216.0,49,0
2020-04-30,-,Resistance,240.0,1.0,7464.0,14,0
2020-05-02,-,The Wretched,26797.0,12.0,53303.0,2,0
2020-05-02,-,I Still Believe,22528.0,22.0,9996968.0,51,0
2020-05-02,-,True History Of The Kelly Gang,5650.0,2.0,25886.0,9,0
2020-05-03,-,The Wretched,12605.0,12.0,65908.0,3,0
2020-05-03,-,I Still Believe,8305.0,22.0,10005273.0,52,0
2020-05-03,-,True History Of The Kelly Gang,2726.0,2.0,28612.0,10,0
2020-05-04,-,The Wretched,7152.0,12.0,73060.0,4,0
2020-05-04,-,I Still Believe,1316.0,22.0,10006589.0,53,0
2020-05-04,-,True History Of The Kelly Gang,587.0,2.0,29199.0,11,0
2020-05-05,-,The Wretched,5966.0,12.0,79026.0,5,0
2020-05-05,-,I Still Believe,1257.0,22.0,10007846.0,54,0
2020-05-05,-,True History Of The Kelly Gang,482.0,2.0,29681.0,12,0
2020-05-06,-,The Wretched,8315.0,12.0,87341.0,6,0
2020-05-06,-,I Still Believe,1416.0,22.0,10009262.0,55,0
2020-05-06,-,True History Of The Kelly Gang,735.0,2.0,30416.0,13,0
2020-05-07,-,The Wretched,8345.0,12.0,95686.0,7,0
2020-05-07,-,I Still Believe,1336.0,22.0,10010598.0,56,0
2020-05-07,-,True History Of The Kelly Gang,624.0,2.0,31040.0,14,0
2020-05-08,-,The Wretched,24149.0,19.0,119835.0,8,0
2020-05-08,-,I Still Believe,14352.0,31.0,10024950.0,57,0
2020-05-08,-,How to Build a Girl,4604.0,6.0,4604.0,1,1
2020-05-08,-,True History Of The Kelly Gang,824.0,1.0,31864.0,15,0
2020-05-10,-,The Wretched,12806.0,19.0,165294.0,10,0
2020-05-10,-,I Still Believe,7098.0,31.0,10052314.0,59,0
2020-05-10,-,How to Build a Girl,2249.0,6.0,13201.0,3,0
2020-05-10,-,True History Of The Kelly Gang,128.0,1.0,32496.0,17,0
2020-05-09,-,The Wretched,32653.0,19.0,152488.0,9,0
2020-05-09,-,I Still Believe,20266.0,31.0,10045216.0,58,0
2020-05-09,-,How to Build a Girl,6348.0,6.0,10952.0,2,0
2020-05-09,-,True History Of The Kelly Gang,504.0,1.0,32368.0,16,0
2020-05-11,-,The Wretched,9695.0,19.0,174989.0,11,0
2020-05-11,-,I Still Believe,2216.0,31.0,10054530.0,60,0
2020-05-11,-,How to Build a Girl,1845.0,6.0,15046.0,4,0
2020-05-11,-,True History Of The Kelly Gang,96.0,1.0,32592.0,18,0
2020-05-12,-,The Wretched,11658.0,19.0,186647.0,12,0
2020-05-12,-,I Still Believe,2056.0,31.0,10056586.0,61,0
2020-05-12,-,How to Build a Girl,1284.0,6.0,16330.0,5,0
2020-05-12,-,True History Of The Kelly Gang,120.0,1.0,32712.0,19,0
2020-05-13,-,The Wretched,14043.0,19.0,200690.0,13,0
2020-05-13,-,I Still Believe,2224.0,31.0,10058810.0,62,0
2020-05-13,-,How to Build a Girl,1584.0,6.0,17914.0,6,0
2020-05-13,-,True History Of The Kelly Gang,237.0,1.0,32949.0,20,0
2020-05-15,-,The Wretched,32243.0,21.0,244200.0,15,0
2020-05-15,-,I Still Believe,16759.0,57.0,10078952.0,64,0
2020-05-15,-,How to Build a Girl,12233.0,9.0,32035.0,8,0
2020-05-14,-,The Wretched,11267.0,19.0,211957.0,14,0
2020-05-14,-,I Still Believe,3383.0,31.0,10062193.0,63,0
2020-05-14,-,How to Build a Girl,1888.0,6.0,19802.0,7,0
2020-05-16,-,The Wretched,38774.0,21.0,282974.0,16,0
2020-05-16,-,I Still Believe,13914.0,57.0,10092866.0,65,0
2020-05-16,-,How to Build a Girl,13400.0,9.0,45435.0,9,0
2020-05-17,-,The Wretched,20958.0,21.0,303932.0,17,0
2020-05-17,-,I Still Believe,11393.0,57.0,10104259.0,66,0
2020-05-17,-,How to Build a Girl,6419.0,9.0,51854.0,10,0
2020-05-18,-,The Wretched,12625.0,21.0,316557.0,18,0
2020-05-18,-,How to Build a Girl,3209.0,9.0,55063.0,11,0
2020-05-18,-,I Still Believe,1766.0,57.0,10106025.0,67,0
2020-05-20,-,The Wretched,16124.0,21.0,348208.0,20,0
2020-05-20,-,I Still Believe,6066.0,57.0,10116202.0,69,0
2020-05-20,-,How to Build a Girl,4335.0,9.0,64062.0,13,0
2020-05-19,-,The Wretched,14885.0,21.0,332084.0,19,0
2020-05-19,-,I Still Believe,4111.0,57.0,10110136.0,68,0
2020-05-19,-,How to Build a Girl,4019.0,9.0,59727.0,12,0
2020-05-21,-,The Wretched,14401.0,21.0,362609.0,21,0
2020-05-21,-,I Still Believe,8568.0,57.0,10124770.0,70,0
2020-05-21,-,How to Build a Girl,3448.0,9.0,67510.0,14,0
2020-05-22,1,The Wretched,69743.0,59.0,432352.0,22,0
2020-05-22,-,I Still Believe,9140.0,84.0,10133910.0,71,0
2020-05-22,3,The Trip to Greece,496.0,3.0,496.0,1,1
2020-05-22,4,How to Build a Girl,424.0,3.0,67934.0,15,0
2020-05-23,1,The Wretched,84445.0,59.0,516797.0,23,0
2020-05-23,2,I Still Believe,11913.0,84.0,10145823.0,72,0
2020-05-23,3,How to Build a Girl,408.0,3.0,68342.0,16,0
2020-05-23,4,The Trip to Greece,308.0,3.0,804.0,2,0
2020-05-25,1,The Wretched,23072.0,59.0,601517.0,25,0
2020-05-25,2,I Still Believe,3125.0,84.0,10158199.0,74,0
2020-05-25,3,The Trip to Greece,129.0,3.0,1239.0,4,0
2020-05-25,4,How to Build a Girl,55.0,3.0,68711.0,18,0
2020-05-26,-,The Wretched,19776.0,59.0,621293.0,26,0
2020-05-26,-,I Still Believe,1254.0,84.0,10159453.0,75,0
2020-05-26,-,The Trip to Greece,57.0,3.0,1296.0,5,0
2020-05-26,-,How to Build a Girl,26.0,3.0,68737.0,19,0
2020-05-24,1,The Wretched,61648.0,59.0,578445.0,24,0
2020-05-24,-,I Still Believe,9251.0,84.0,10155074.0,73,0
2020-05-24,3,How to Build a Girl,314.0,3.0,68656.0,17,0
2020-05-24,4,The Trip to Greece,306.0,3.0,1110.0,3,0
2020-05-27,1,The Wretched,18173.0,59.0,639466.0,27,0
2020-05-27,2,I Still Believe,1563.0,84.0,10161016.0,76,0
2020-05-27,3,How to Build a Girl,76.0,3.0,68813.0,20,0
2020-05-27,4,The Trip to Greece,26.0,3.0,1322.0,6,0
2020-05-28,1,The Wretched,20462.0,59.0,659928.0,28,0
2020-05-28,2,I Still Believe,4255.0,84.0,10165271.0,77,0
2020-05-28,3,How to Build a Girl,44.0,3.0,68857.0,21,0
2020-05-28,4,The Trip to Greece,43.0,3.0,1365.0,7,0
2020-05-31,1,The Wretched,37111.0,75.0,856729.0,31,0
2020-05-31,2,I Still Believe,4063.0,97.0,10186764.0,80,0
2020-05-31,3,Max Winslow and the House of Secrets,154.0,1.0,425.0,3,0
2020-05-31,4,The Trip to Greece,83.0,3.0,1623.0,10,0
2020-05-31,5,How to Build a Girl,46.0,3.0,68988.0,24,0
2020-05-29,1,The Wretched,72567.0,75.0,732495.0,29,0
2020-05-29,-,I Still Believe,7260.0,97.0,10172531.0,78,0
2020-05-29,3,Max Winslow and the House of Secrets,128.0,1.0,128.0,1,1
2020-05-29,4,The Trip to Greece,111.0,3.0,1476.0,8,0
2020-05-29,5,How to Build a Girl,62.0,3.0,68919.0,22,0
2020-05-30,1,The Wretched,86856.0,75.0,819351.0,30,0
2020-05-30,2,I Still Believe,10170.0,97.0,10182701.0,79,0
2020-05-30,3,Max Winslow and the House of Secrets,143.0,1.0,271.0,2,0
2020-05-30,4,The Trip to Greece,64.0,3.0,1540.0,9,0
2020-05-30,5,How to Build a Girl,23.0,3.0,68942.0,23,0
2020-05-30,6,The Gentlemen,15.0,1.0,36297124.0,128,0
2020-06-01,1,The Wretched,12340.0,75.0,868669.0,32,0
2020-06-01,2,I Still Believe,2149.0,97.0,10188913.0,81,0
2020-06-01,3,Max Winslow and the House of Secrets,146.0,4.0,571.0,4,0
2020-06-01,4,The Trip to Greece,78.0,3.0,1701.0,11,0
2020-06-01,5,How to Build a Girl,67.0,3.0,69055.0,25,0
2020-06-02,1,The Wretched,12041.0,75.0,881110.0,33,0
2020-06-02,2,I Still Believe,2310.0,97.0,10191223.0,82,0
2020-06-02,3,Max Winslow and the House of Secrets,234.0,4.0,805.0,5,0
2020-06-02,4,The Trip to Greece,107.0,3.0,1808.0,12,0
2020-06-02,5,How to Build a Girl,53.0,3.0,69108.0,26,0
2020-06-04,-,The Wretched,17343.0,75.0,913645.0,35,0
2020-06-04,-,I Still Believe,2974.0,97.0,10196115.0,84,0
2020-06-04,-,Max Winslow and the House of Secrets,192.0,4.0,1129.0,7,0
2020-06-04,-,The Trip to Greece,83.0,3.0,1959.0,14,0
2020-06-04,-,How to Build a Girl,37.0,3.0,69155.0,28,0
2020-06-05,-,Becky,67641.0,45.0,67641.0,1,1
2020-06-05,-,The Wretched,59616.0,99.0,973261.0,36,0
2020-06-05,-,I Still Believe,8744.0,109.0,10204859.0,85,0
2020-06-05,-,Max Winslow and the House of Secrets,602.0,6.0,1731.0,8,0
2020-06-05,-,The Gentlemen,185.0,3.0,36297310.0,134,0
2020-06-05,-,The Trip to Greece,129.0,4.0,2088.0,15,0
2020-06-05,-,How to Build a Girl,40.0,3.0,69195.0,29,0
2020-06-03,1,The Wretched,15192.0,75.0,896302.0,34,0
2020-06-03,2,I Still Believe,1918.0,97.0,10193141.0,83,0
2020-06-03,3,Max Winslow and the House of Secrets,132.0,4.0,937.0,6,0
2020-06-03,4,The Trip to Greece,68.0,3.0,1876.0,13,0
2020-06-03,5,How to Build a Girl,10.0,3.0,69118.0,27,0
2020-06-06,-,Becky,90542.0,45.0,158183.0,2,0
2020-06-06,-,The Wretched,82421.0,99.0,1055682.0,37,0
2020-06-06,-,I Still Believe,13336.0,109.0,10218195.0,86,0
2020-06-06,-,Max Winslow and the House of Secrets,416.0,6.0,2147.0,9,0
2020-06-06,-,The Gentlemen,241.0,3.0,36297551.0,135,0
2020-06-06,-,The Trip to Greece,150.0,4.0,2238.0,16,0
2020-06-06,-,How to Build a Girl,43.0,3.0,69238.0,30,0
2020-06-07,-,The Wretched,56863.0,99.0,1112545.0,38,0
2020-06-07,-,Becky,47614.0,45.0,205797.0,3,0
2020-06-07,-,I Still Believe,7632.0,109.0,10225827.0,87,0
2020-06-07,-,Max Winslow and the House of Secrets,278.0,6.0,2425.0,10,0
2020-06-07,-,The Gentlemen,182.0,3.0,36297733.0,136,0
2020-06-07,-,How to Build a Girl,124.0,3.0,69362.0,31,0
2020-06-07,-,The Trip to Greece,69.0,4.0,2307.0,17,0
2020-06-08,-,The Wretched,23929.0,99.0,1136474.0,39,0
2020-06-08,-,I Still Believe,3248.0,109.0,10229075.0,88,0
2020-06-08,-,Max Winslow and the House of Secrets,238.0,6.0,2663.0,11,0
2020-06-08,-,The Gentlemen,78.0,3.0,36297811.0,137,0
2020-06-08,-,The Trip to Greece,23.0,4.0,2330.0,18,0
2020-06-08,-,How to Build a Girl,5.0,4.0,69367.0,32,0
2020-06-09,-,The Wretched,26601.0,99.0,1163075.0,40,0
2020-06-09,-,I Still Believe,3227.0,109.0,10232302.0,89,0
2020-06-09,-,How to Build a Girl,343.0,4.0,69710.0,33,0
2020-06-09,-,Max Winslow and the House of Secrets,342.0,7.0,3005.0,12,0
2020-06-09,-,The Gentlemen,148.0,3.0,36297959.0,138,0
2020-06-09,-,The Trip to Greece,18.0,4.0,2348.0,19,0
2020-06-10,-,Unsubscribe,25488.0,1.0,25488.0,1,1
2020-06-10,-,The Wretched,22566.0,99.0,1185641.0,41,0
2020-06-10,-,I Still Believe,3589.0,109.0,10235891.0,90,0
2020-06-10,-,Max Winslow and the House of Secrets,446.0,8.0,3451.0,13,0
2020-06-10,-,The Trip to Greece,134.0,4.0,2482.0,20,0
2020-06-10,-,The Gentlemen,123.0,3.0,36298082.0,139,0
2020-06-10,-,How to Build a Girl,19.0,4.0,69729.0,34,0
2020-06-11,-,The Wretched,38039.0,99.0,1223680.0,42,0
2020-06-11,-,I Still Believe,3481.0,109.0,10239372.0,91,0
2020-06-11,-,How to Build a Girl,508.0,4.0,70237.0,35,0
2020-06-11,-,Max Winslow and the House of Secrets,310.0,8.0,3761.0,14,0
2020-06-11,-,The Gentlemen,135.0,3.0,36298217.0,140,0
2020-06-11,-,The Trip to Greece,25.0,4.0,2507.0,21,0
2020-06-12,-,Becky,73987.0,50.0,368419.0,8,0
2020-06-12,-,Infamous,58175.0,58.0,58175.0,1,1
2020-06-12,-,The Wretched,51209.0,99.0,1274889.0,43,0
2020-06-12,-,I Still Believe,8361.0,113.0,10247733.0,92,0
2020-06-12,-,The Trip to Greece,891.0,3.0,3398.0,22,0
2020-06-12,-,Max Winslow and the House of Secrets,749.0,10.0,4510.0,15,0
2020-06-12,-,The Gentlemen,311.0,7.0,36298528.0,141,0
2020-06-14,-,The Wretched,37651.0,99.0,1372263.0,45,0
2020-06-14,-,Becky,31098.0,50.0,482593.0,10,0
2020-06-14,-,Infamous,30223.0,58.0,160371.0,3,0
2020-06-14,-,I Still Believe,6641.0,113.0,10263522.0,94,0
2020-06-14,-,The Gentlemen,1138.0,7.0,36300287.0,143,0
2020-06-14,-,Max Winslow and the House of Secrets,840.0,10.0,6108.0,17,0
2020-06-14,-,The Trip to Greece,545.0,3.0,4468.0,24,0
2020-06-14,-,Be Natural: The Untold Story Of Alice Guy-Blaché,20.0,1.0,115705.0,423,0
2020-06-13,-,Becky,82602.0,50.0,451021.0,9,0
2020-06-13,-,Infamous,71973.0,58.0,130148.0,2,0
2020-06-13,-,The Wretched,59583.0,99.0,1334472.0,44,0
2020-06-13,-,I Still Believe,9148.0,113.0,10256881.0,93,0
2020-06-13,-,Max Winslow and the House of Secrets,758.0,10.0,5268.0,16,0
2020-06-13,-,The Gentlemen,621.0,7.0,36299149.0,142,0
2020-06-13,-,The Trip to Greece,525.0,3.0,3923.0,23,0
2020-06-15,-,The Wretched,17273.0,99.0,1389536.0,46,0
2020-06-15,-,Infamous,14295.0,58.0,174666.0,4,0
2020-06-15,-,I Still Believe,2397.0,113.0,10265919.0,95,0
2020-06-15,-,The Gentlemen,985.0,7.0,36301272.0,144,0
2020-06-15,-,Max Winslow and the House of Secrets,442.0,10.0,6550.0,18,0
2020-06-15,-,The Trip to Greece,178.0,3.0,4646.0,25,0
2020-06-16,-,The Wretched,24505.0,99.0,1414041.0,47,0
2020-06-16,-,Infamous,14561.0,58.0,189227.0,5,0
2020-06-16,-,I Still Believe,3334.0,113.0,10269253.0,96,0
2020-06-16,-,The Gentlemen,883.0,7.0,36302155.0,145,0
2020-06-16,-,Max Winslow and the House of Secrets,408.0,10.0,6958.0,19,0
2020-06-16,-,The Trip to Greece,279.0,3.0,4925.0,26,0
2020-06-17,-,The Wretched,28587.0,99.0,1442628.0,48,0
2020-06-17,-,Infamous,10146.0,58.0,199373.0,6,0
2020-06-17,-,I Still Believe,2216.0,113.0,10271469.0,97,0
2020-06-17,-,The Gentlemen,1193.0,7.0,36303348.0,146,0
2020-06-17,-,Max Winslow and the House of Secrets,320.0,10.0,7278.0,20,0
2020-06-17,-,The Trip to Greece,139.0,3.0,5064.0,27,0
2020-06-19,-,Followed,57963.0,44.0,57963.0,1,1
2020-06-19,-,Infamous,33985.0,37.0,249737.0,8,0
2020-06-19,-,Becky,33942.0,22.0,599222.0,15,0
2020-06-19,-,The Wretched,27779.0,101.0,1494891.0,50,0
2020-06-19,-,I Still Believe,7241.0,122.0,10281593.0,99,0
2020-06-19,-,Babyteeth,881.0,12.0,881.0,1,1
2020-06-19,-,Max Winslow and the House of Secrets,765.0,12.0,8560.0,22,0
2020-06-19,-,The Gentlemen,368.0,5.0,36303875.0,148,0
2020-06-20,-,Followed,66232.0,43.0,124195.0,2,0
2020-06-20,-,Infamous,45239.0,37.0,294976.0,9,0
2020-06-20,-,Becky,33662.0,22.0,632884.0,16,0
2020-06-20,-,The Wretched,30061.0,101.0,1524952.0,51,0
2020-06-20,-,I Still Believe,8719.0,122.0,10290312.0,100,0
2020-06-20,-,Max Winslow and the House of Secrets,1242.0,12.0,9802.0,23,0
2020-06-20,-,Babyteeth,1115.0,12.0,1996.0,2,0
2020-06-20,-,The Gentlemen,491.0,5.0,36304366.0,149,0
2020-06-21,-,Followed,28630.0,44.0,152825.0,3,0
2020-06-21,-,Becky,16164.0,23.0,657320.0,17,0
2020-06-21,-,Infamous,15760.0,37.0,310736.0,10,0
2020-06-21,-,The Wretched,15305.0,101.0,1540257.0,52,0
2020-06-21,-,I Still Believe,4155.0,122.0,10294467.0,101,0
2020-06-21,-,Max Winslow and the House of Secrets,836.0,12.0,10638.0,24,0
2020-06-21,-,Babyteeth,491.0,12.0,2487.0,3,0
2020-06-21,-,The Gentlemen,342.0,5.0,36304708.0,150,0
2020-06-18,-,The Wretched,24484.0,99.0,1467112.0,49,0
2020-06-18,-,Infamous,16379.0,58.0,215752.0,7,0
2020-06-18,-,I Still Believe,2883.0,113.0,10274352.0,98,0
2020-06-18,-,Max Winslow and the House of Secrets,517.0,10.0,7795.0,21,0
2020-06-18,-,The Trip to Greece,298.0,3.0,5362.0,28,0
2020-06-18,-,The Gentlemen,159.0,7.0,36303507.0,147,0
2020-06-22,-,Followed,19684.0,29.0,172509.0,4,0
2020-06-22,-,The Wretched,10790.0,101.0,1551047.0,53,0
2020-06-22,-,Infamous,10024.0,37.0,320760.0,11,0
2020-06-22,-,I Still Believe,1790.0,122.0,10296257.0,102,0
2020-06-22,-,Max Winslow and the House of Secrets,310.0,12.0,10948.0,25,0
2020-06-22,-,The Gentlemen,200.0,5.0,36304908.0,151,0
2020-06-22,-,Babyteeth,110.0,12.0,2597.0,4,0
2020-06-26,-,Becky,33590.0,17.0,778730.0,22,0
2020-06-26,-,Followed,25920.0,41.0,275566.0,8,0
2020-06-26,-,Infamous,15868.0,9.0,372008.0,15,0
2020-06-26,-,The Wretched,14181.0,97.0,1597863.0,57,0
2020-06-26,-,I Still Believe,3429.0,83.0,10305727.0,106,0
2020-06-26,-,Max Winslow and the House of Secrets,2883.0,16.0,14786.0,29,0
2020-06-26,-,The Gentlemen,1054.0,8.0,36306679.0,155,0
2020-06-24,-,Followed,26422.0,26.0,226173.0,6,0
2020-06-24,-,The Wretched,10449.0,101.0,1572165.0,55,0
2020-06-24,-,Infamous,10205.0,37.0,341616.0,13,0
2020-06-24,-,I Still Believe,1992.0,122.0,10300168.0,104,0
2020-06-24,-,Babyteeth,501.0,12.0,3504.0,6,0
2020-06-24,-,The Gentlemen,223.0,5.0,36305388.0,153,0
2020-06-24,-,Max Winslow and the House of Secrets,218.0,11.0,11613.0,27,0
2020-06-25,-,Followed,23473.0,31.0,249646.0,7,0
2020-06-25,-,Infamous,14524.0,37.0,356140.0,14,0
2020-06-25,-,The Wretched,11517.0,101.0,1583682.0,56,0
2020-06-25,-,I Still Believe,2130.0,122.0,10302298.0,105,0
2020-06-25,-,Max Winslow and the House of Secrets,290.0,11.0,11903.0,28,0
2020-06-25,-,Babyteeth,279.0,12.0,3783.0,7,0
2020-06-25,-,The Gentlemen,237.0,5.0,36305625.0,154,0
2020-06-23,-,Followed,24300.0,31.0,199751.0,5,0
2020-06-23,-,The Wretched,10669.0,101.0,1561716.0,54,0
2020-06-23,-,Infamous,10651.0,37.0,331411.0,12,0
2020-06-23,-,I Still Believe,1919.0,122.0,10298176.0,103,0
2020-06-23,-,Max Winslow and the House of Secrets,447.0,11.0,11395.0,26,0
2020-06-23,-,Babyteeth,406.0,12.0,3003.0,5,0
2020-06-23,-,The Gentlemen,257.0,5.0,36305165.0,152,0
2020-06-27,-,Followed,27481.0,41.0,303047.0,9,0
2020-06-27,-,Becky,17769.0,17.0,796499.0,23,0
2020-06-27,-,The Wretched,13172.0,97.0,1611035.0,58,0
2020-06-27,-,Infamous,8150.0,9.0,380158.0,16,0
2020-06-27,-,I Still Believe,3586.0,83.0,10309313.0,107,0
2020-06-27,-,Max Winslow and the House of Secrets,1618.0,15.0,16404.0,30,0
2020-06-27,-,The Gentlemen,1205.0,8.0,36307884.0,156,0
2020-06-30,-,Followed,14449.0,41.0,361044.0,12,0
2020-06-30,-,The Wretched,10033.0,97.0,1643447.0,61,0
2020-06-30,-,Infamous,6403.0,9.0,406312.0,19,0
2020-06-30,-,I Still Believe,2214.0,83.0,10315410.0,110,0
2020-06-30,-,The Gentlemen,705.0,8.0,36309832.0,159,0
2020-06-30,-,Max Winslow and the House of Secrets,597.0,14.0,19567.0,33,0
2020-06-28,-,Followed,24208.0,41.0,327255.0,10,0
2020-06-28,-,Becky,21417.0,17.0,817916.0,24,0
2020-06-28,-,Infamous,12574.0,9.0,392732.0,17,0
2020-06-28,-,The Wretched,12257.0,97.0,1623292.0,59,0
2020-06-28,-,I Still Believe,2704.0,83.0,10312017.0,108,0
2020-06-28,-,Max Winslow and the House of Secrets,1486.0,16.0,17890.0,31,0
2020-06-28,-,The Gentlemen,962.0,8.0,36308846.0,157,0
2020-07-02,-,Followed,19978.0,41.0,399529.0,14,0
2020-07-02,-,Infamous,11195.0,9.0,424945.0,21,0
2020-07-02,-,The Wretched,7765.0,97.0,1659639.0,63,0
2020-07-02,-,I Still Believe,1381.0,83.0,10318321.0,112,0
2020-07-02,-,Max Winslow and the House of Secrets,426.0,13.0,20270.0,35,0
2020-07-02,-,The Gentlemen,237.0,8.0,36310692.0,161,0
2020-07-01,-,Followed,18507.0,41.0,379551.0,13,0
2020-07-01,-,The Wretched,8427.0,97.0,1651874.0,62,0
2020-07-01,-,Infamous,7438.0,9.0,413750.0,20,0
2020-07-01,-,I Still Believe,1530.0,83.0,10316940.0,111,0
2020-07-01,-,The Gentlemen,623.0,8.0,36310455.0,160,0
2020-07-01,-,Max Winslow and the House of Secrets,277.0,13.0,19844.0,34,0
2020-06-29,-,Followed,19340.0,41.0,346595.0,11,0
2020-06-29,-,The Wretched,8555.0,97.0,1631847.0,60,0
2020-06-29,-,Infamous,7177.0,9.0,399909.0,18,0
2020-06-29,-,I Still Believe,1179.0,83.0,10313196.0,109,0
2020-06-29,-,Max Winslow and the House of Secrets,1080.0,13.0,18970.0,32,0
2020-06-29,-,The Gentlemen,281.0,8.0,36309127.0,158,0
2020-07-03,-,Relic,91741.0,69.0,91741.0,1,1
2020-07-03,-,Followed,11200.0,90.0,410729.0,15,0
2020-07-03,-,The Wretched,10261.0,62.0,1669900.0,64,0
2020-07-03,-,Becky,6800.0,15.0,879289.0,29,0
2020-07-03,-,Max Winslow and the House of Secrets,3176.0,7.0,23446.0,36,0
2020-07-03,-,I Still Believe,1613.0,68.0,10319934.0,113,0
2020-07-03,-,Infamous,1396.0,4.0,426341.0,22,0
2020-07-03,-,The Gentlemen,1048.0,13.0,36311740.0,162,0
2020-07-03,-,The Truth,855.0,10.0,855.0,1,1
2020-07-04,-,Relic,48259.0,69.0,140000.0,2,0
2020-07-04,-,The Wretched,6100.0,62.0,1676000.0,65,0
2020-07-04,-,Followed,5828.0,90.0,416557.0,16,0
2020-07-04,-,Becky,3498.0,15.0,882787.0,30,0
2020-07-04,-,I Still Believe,1652.0,68.0,10321586.0,114,0
2020-07-04,-,The Gentlemen,1129.0,13.0,36312869.0,163,0
2020-07-04,-,Max Winslow and the House of Secrets,674.0,7.0,24120.0,37,0
2020-07-04,-,The Truth,654.0,10.0,1509.0,2,0
2020-07-04,-,Infamous,580.0,4.0,426921.0,23,0
2020-07-05,-,Relic,52352.0,69.0,192352.0,3,0
2020-07-05,-,The Wretched,8469.0,62.0,1684854.0,66,0
2020-07-05,-,Becky,7044.0,15.0,903662.0,31,0
2020-07-05,-,Followed,6649.0,90.0,423206.0,17,0
2020-07-05,-,I Still Believe,2018.0,68.0,10323604.0,115,0
2020-07-05,-,Max Winslow and the House of Secrets,1905.0,8.0,26025.0,38,0
2020-07-05,-,The Gentlemen,850.0,13.0,36313719.0,164,0
2020-07-05,-,The Truth,691.0,10.0,2200.0,3,0
2020-07-05,-,Infamous,486.0,4.0,427407.0,24,0
2020-07-06,-,Relic,35049.0,69.0,227401.0,4,0
2020-07-06,-,Followed,5321.0,90.0,428527.0,18,0
2020-07-06,-,The Wretched,3246.0,62.0,1688100.0,67,0
2020-07-06,-,Max Winslow and the House of Secrets,892.0,7.0,26917.0,39,0
2020-07-06,-,I Still Believe,766.0,68.0,10324370.0,116,0
2020-07-06,-,Infamous,672.0,4.0,428079.0,25,0
2020-07-06,-,The Gentlemen,181.0,13.0,36313900.0,165,0
2020-07-06,-,The Truth,56.0,10.0,2256.0,4,0
2020-07-07,-,Relic,36293.0,69.0,263694.0,5,0
2020-07-07,-,Followed,4162.0,90.0,432689.0,19,0
2020-07-07,-,The Wretched,3597.0,62.0,1691697.0,68,0
2020-07-07,-,I Still Believe,1304.0,68.0,10325674.0,117,0
2020-07-07,-,Max Winslow and the House of Secrets,735.0,7.0,27652.0,40,0
2020-07-07,-,The Gentlemen,670.0,13.0,36314570.0,166,0
2020-07-07,-,Infamous,411.0,4.0,428490.0,26,0
2020-07-07,-,The Truth,126.0,10.0,2382.0,5,0
2020-07-08,-,Relic,38686.0,69.0,302380.0,6,0
2020-07-08,-,Followed,4661.0,90.0,437350.0,20,0
2020-07-08,-,The Wretched,3334.0,62.0,1695031.0,69,0
2020-07-08,-,Max Winslow and the House of Secrets,3333.0,7.0,30985.0,41,0
2020-07-08,-,I Still Believe,1292.0,68.0,10326966.0,118,0
2020-07-08,-,Infamous,653.0,4.0,429143.0,27,0
2020-07-08,-,The Gentlemen,322.0,13.0,36314892.0,167,0
2020-07-08,-,The Truth,129.0,10.0,2511.0,6,0
2020-07-10,-,Relic,71492.0,126.0,416888.0,8,0
2020-07-10,-,Archive,21412.0,26.0,21412.0,1,1
2020-07-10,-,The Lodge,20247.0,8.0,1697714.0,155,0
2020-07-10,-,Followed,8791.0,100.0,451056.0,22,0
2020-07-10,-,The Wretched,6139.0,44.0,1706368.0,71,0
2020-07-10,-,Becky,5720.0,7.0,909382.0,36,0
2020-07-10,-,The Gentlemen,1472.0,19.0,36316682.0,169,0
2020-07-10,-,I Still Believe,1398.0,50.0,10329835.0,120,0
2020-07-09,-,Relic,43016.0,69.0,345396.0,7,0
2020-07-09,-,Followed,4915.0,90.0,442265.0,21,0
2020-07-09,-,The Wretched,3922.0,62.0,1700229.0,70,0
2020-07-09,-,I Still Believe,1471.0,68.0,10328437.0,119,0
2020-07-09,-,The Gentlemen,318.0,13.0,36315210.0,168,0
2020-07-09,-,Max Winslow and the House of Secrets,267.0,6.0,31252.0,42,0
2020-07-09,-,The Truth,266.0,10.0,2777.0,7,0
2020-07-09,-,Infamous,5.0,4.0,429148.0,28,0
2020-07-11,-,Relic,76115.0,126.0,493003.0,9,0
2020-07-11,-,The Lodge,24002.0,8.0,1721716.0,156,0
2020-07-11,-,Archive,20109.0,26.0,41521.0,2,0
2020-07-11,-,Followed,10208.0,100.0,461264.0,23,0
2020-07-11,-,Becky,6017.0,7.0,915399.0,37,0
2020-07-11,-,The Wretched,4175.0,44.0,1710543.0,72,0
2020-07-11,-,I Still Believe,3677.0,50.0,10333512.0,121,0
2020-07-11,-,The Gentlemen,1510.0,19.0,36318192.0,170,0
2020-07-12,-,Relic,48067.0,126.0,541070.0,10,0
2020-07-12,-,The Lodge,13968.0,8.0,2138907.0,157,0
2020-07-12,-,Archive,11121.0,26.0,52642.0,3,0
2020-07-12,-,Followed,8772.0,100.0,470036.0,24,0
2020-07-12,-,The Wretched,2762.0,44.0,1713305.0,73,0
2020-07-12,-,Becky,2709.0,7.0,926505.0,38,0
2020-07-12,-,I Still Believe,2522.0,50.0,10336034.0,122,0
2020-07-12,-,The Gentlemen,1380.0,19.0,36319572.0,171,0
2020-07-13,-,Relic,27052.0,126.0,568122.0,11,0
2020-07-13,-,Archive,6632.0,26.0,59274.0,4,0
2020-07-13,-,Followed,5570.0,100.0,475606.0,25,0
2020-07-13,-,The Wretched,2467.0,44.0,1715772.0,74,0
2020-07-13,-,The Gentlemen,1192.0,19.0,36320764.0,172,0
2020-07-13,-,I Still Believe,323.0,50.0,10336357.0,123,0
2020-07-14,-,Relic,27231.0,126.0,595353.0,12,0
2020-07-14,-,Archive,7429.0,26.0,66703.0,5,0
2020-07-14,-,Followed,4075.0,100.0,479681.0,26,0
2020-07-14,-,The Wretched,2377.0,44.0,1718149.0,75,0
2020-07-14,-,The Gentlemen,768.0,19.0,36321532.0,173,0
2020-07-14,-,I Still Believe,672.0,50.0,10337029.0,124,0
2020-07-17,-,Relic,57731.0,133.0,705799.0,15,0
2020-07-17,-,Archive,15058.0,18.0,94927.0,8,0
2020-07-17,-,Followed,9786.0,100.0,495852.0,29,0
2020-07-17,-,The Wretched,3508.0,34.0,1725321.0,78,0
2020-07-17,-,Becky,3165.0,12.0,929670.0,43,0
2020-07-17,-,The Gentlemen,2272.0,33.0,36324522.0,176,0
2020-07-17,-,I Still Believe,1502.0,41.0,10339571.0,127,0
2020-07-17,-,Human Capital,188.0,6.0,188.0,1,1
2020-07-15,-,Relic,25210.0,126.0,620563.0,13,0
2020-07-15,-,Archive,5778.0,26.0,72481.0,6,0
2020-07-15,-,Followed,3750.0,100.0,483431.0,27,0
2020-07-15,-,The Wretched,2012.0,44.0,1720161.0,76,0
2020-07-15,-,I Still Believe,354.0,50.0,10337383.0,125,0
2020-07-15,-,The Gentlemen,336.0,19.0,36321868.0,174,0
2020-07-16,-,Relic,27505.0,126.0,648068.0,14,0
2020-07-16,-,Archive,7388.0,26.0,79869.0,7,0
2020-07-16,-,Followed,2635.0,100.0,486066.0,28,0
2020-07-16,-,The Wretched,1652.0,44.0,1721813.0,77,0
2020-07-16,-,I Still Believe,686.0,50.0,10338069.0,126,0
2020-07-16,-,The Gentlemen,382.0,19.0,36322250.0,175,0
2020-07-19,-,Relic,38174.0,133.0,812242.0,17,0
2020-07-19,-,Archive,9143.0,18.0,118674.0,10,0
2020-07-19,-,Followed,6768.0,100.0,513305.0,31,0
2020-07-19,-,The Wretched,2406.0,34.0,1732418.0,80,0
2020-07-19,-,Becky,1817.0,12.0,934880.0,45,0
2020-07-19,-,I Still Believe,1767.0,41.0,10343170.0,129,0
2020-07-19,-,The Gentlemen,1611.0,33.0,36328785.0,178,0
2020-07-19,-,Human Capital,373.0,6.0,4331.0,3,0
2020-07-18,-,Relic,68269.0,133.0,774068.0,16,0
2020-07-18,-,Archive,14604.0,18.0,109531.0,9,0
2020-07-18,-,Followed,10685.0,100.0,506537.0,30,0
2020-07-18,-,The Wretched,4691.0,34.0,1730012.0,79,0
2020-07-18,-,Human Capital,3770.0,5.0,3958.0,2,0
2020-07-18,-,Becky,3393.0,12.0,933063.0,44,0
2020-07-18,-,The Gentlemen,2652.0,33.0,36327174.0,177,0
2020-07-18,-,I Still Believe,1832.0,41.0,10341403.0,128,0
2020-07-20,-,Relic,22862.0,133.0,835104.0,18,0
2020-07-20,-,Archive,4979.0,18.0,123653.0,11,0
2020-07-20,-,Followed,3645.0,75.0,516950.0,32,0
2020-07-20,-,The Wretched,2125.0,34.0,1734543.0,81,0
2020-07-20,-,Human Capital,888.0,5.0,5219.0,4,0
2020-07-20,-,The Gentlemen,649.0,33.0,36329434.0,179,0
2020-07-20,-,I Still Believe,147.0,41.0,10343317.0,130,0
2020-07-22,-,Relic,23789.0,133.0,879214.0,20,0
2020-07-22,-,The Wretched,5473.0,34.0,1741944.0,83,0
2020-07-22,-,Archive,4729.0,18.0,134360.0,13,0
2020-07-22,-,Followed,3333.0,75.0,524182.0,34,0
2020-07-22,-,Human Capital,970.0,5.0,6458.0,6,0
2020-07-22,-,The Gentlemen,685.0,33.0,36331512.0,181,0
2020-07-22,-,I Still Believe,258.0,41.0,10343941.0,132,0
2020-07-21,-,Relic,20321.0,133.0,855425.0,19,0
2020-07-21,-,Archive,5978.0,18.0,129631.0,12,0
2020-07-21,-,Followed,3899.0,75.0,520849.0,33,0
2020-07-21,-,The Wretched,1928.0,34.0,1736471.0,82,0
2020-07-21,-,The Gentlemen,1393.0,33.0,36330827.0,180,0
2020-07-21,-,I Still Believe,366.0,41.0,10343683.0,131,0
2020-07-21,-,Human Capital,269.0,5.0,5488.0,5,0
2020-07-23,-,Relic,23180.0,133.0,902394.0,21,0
2020-07-23,-,The Wretched,6404.0,34.0,1748348.0,84,0
2020-07-23,-,Archive,5233.0,18.0,139593.0,14,0
2020-07-23,-,Followed,3347.0,75.0,527529.0,35,0
2020-07-23,-,The Gentlemen,969.0,33.0,36332481.0,182,0
2020-07-23,-,I Still Believe,251.0,41.0,10344192.0,133,0
2020-07-23,-,Human Capital,138.0,5.0,6596.0,7,0
2020-07-25,-,The Rental,122666.0,250.0,305352.0,2,0
2020-07-25,-,The Big Ugly,44329.0,68.0,111424.0,2,0
2020-07-25,-,Relic,22495.0,85.0,951074.0,23,0
2020-07-25,-,The Wretched,6696.0,24.0,1764346.0,86,0
2020-07-25,-,Followed,2938.0,28.0,532751.0,37,0
2020-07-25,-,The Gentlemen,1967.0,29.0,36337612.0,184,0
2020-07-25,-,I Still Believe,855.0,25.0,10345632.0,135,0
2020-07-25,-,Becky,759.0,12.0,931395.0,51,0
2020-07-24,-,The Rental,182686.0,250.0,182686.0,1,1
2020-07-24,-,The Big Ugly,67095.0,68.0,67095.0,1,1
2020-07-24,-,Relic,26185.0,85.0,928579.0,22,0
2020-07-24,-,The Wretched,9302.0,24.0,1757650.0,85,0
2020-07-24,-,Becky,3451.0,12.0,930636.0,50,0
2020-07-24,-,The Gentlemen,3164.0,29.0,36335645.0,183,0
2020-07-24,-,Followed,2284.0,28.0,529813.0,36,0
2020-07-24,-,I Still Believe,585.0,25.0,10344777.0,134,0
2020-07-27,1,The Rental,45283.0,250.0,449135.0,4,0
2020-07-27,-,The Big Ugly,16829.0,68.0,169427.0,4,0
2020-07-27,-,Relic,6563.0,85.0,972674.0,25,0
2020-07-27,-,The Wretched,1689.0,24.0,1770517.0,88,0
2020-07-27,-,The Gentlemen,487.0,29.0,36339916.0,186,0
2020-07-27,-,Followed,88.0,8.0,533908.0,39,0
2020-07-27,-,I Still Believe,68.0,25.0,10346421.0,137,0
2020-07-26,-,The Rental,98500.0,250.0,403852.0,3,0
2020-07-26,-,The Big Ugly,41174.0,68.0,152598.0,3,0
2020-07-26,-,Relic,14051.0,85.0,966111.0,24,0
2020-07-26,-,The Wretched,4482.0,24.0,1768828.0,87,0
2020-07-26,-,The Gentlemen,1817.0,29.0,36339429.0,185,0
2020-07-26,-,Becky,1500.0,9.0,936456.0,52,0
2020-07-26,-,Followed,1069.0,28.0,533820.0,38,0
2020-07-26,-,I Still Believe,721.0,25.0,10346353.0,136,0
2020-07-28,1,The Rental,50364.0,250.0,499499.0,5,0
2020-07-28,-,The Big Ugly,19471.0,68.0,188898.0,5,0
2020-07-28,-,Relic,6341.0,85.0,979015.0,26,0
2020-07-28,-,The Wretched,2799.0,24.0,1773316.0,89,0
2020-07-28,-,The Gentlemen,1375.0,29.0,36341291.0,187,0
2020-07-28,-,I Still Believe,576.0,25.0,10346997.0,138,0
2020-07-28,-,Followed,115.0,6.0,534023.0,40,0
2020-07-29,1,The Rental,42584.0,250.0,542083.0,6,0
2020-07-29,-,The Big Ugly,16154.0,68.0,205052.0,6,0
2020-07-29,-,Relic,5864.0,85.0,984879.0,27,0
2020-07-29,-,The Wretched,2046.0,24.0,1775362.0,90,0
2020-07-29,-,The Gentlemen,753.0,29.0,36342044.0,188,0
2020-07-29,-,I Still Believe,480.0,25.0,10347477.0,139,0
2020-07-29,-,Followed,171.0,6.0,534194.0,41,0
2020-07-30,1,The Rental,56427.0,250.0,598510.0,7,0
2020-07-30,-,The Big Ugly,24330.0,68.0,229382.0,7,0
2020-07-30,-,Relic,8198.0,85.0,993077.0,28,0
2020-07-30,-,The Wretched,2526.0,24.0,1777888.0,91,0
2020-07-30,-,The Gentlemen,757.0,29.0,36342801.0,189,0
2020-07-30,-,I Still Believe,507.0,25.0,10347984.0,140,0
2020-07-30,-,Followed,108.0,6.0,534302.0,42,0
2020-08-01,1,The Rental,109791.0,242.0,818554.0,9,0
2020-08-01,-,The Big Ugly,42029.0,68.0,308188.0,9,0
2020-08-01,-,Summerland,9980.0,99.0,22533.0,2,0
2020-08-01,-,The Wretched,6848.0,22.0,1789315.0,93,0
2020-08-01,-,Relic,3481.0,36.0,1000084.0,30,0
2020-08-01,-,The Gentlemen,1827.0,36.0,36346373.0,191,0
2020-08-01,-,Followed,1471.0,6.0,535937.0,44,0
2020-08-01,-,What We Found,1160.0,8.0,1745.0,2,0
2020-08-01,-,I Still Believe,1070.0,32.0,10350017.0,142,0
2020-07-31,1,The Rental,110253.0,242.0,708763.0,8,0
2020-07-31,-,The Big Ugly,36777.0,68.0,266159.0,8,0
2020-07-31,-,Summerland,12553.0,99.0,12553.0,1,1
2020-07-31,-,The Wretched,4579.0,22.0,1782467.0,92,0
2020-07-31,-,Relic,3526.0,36.0,996603.0,29,0
2020-07-31,-,The Gentlemen,1745.0,36.0,36344546.0,190,0
2020-07-31,-,I Still Believe,963.0,32.0,10348947.0,141,0
2020-07-31,-,What We Found,585.0,8.0,585.0,1,1
2020-07-31,-,Followed,164.0,6.0,534466.0,43,0
2020-08-02,1,The Rental,70228.0,242.0,890390.0,10,0
2020-08-02,-,The Big Ugly,20506.0,68.0,328694.0,10,0
2020-08-02,-,Summerland,6348.0,99.0,28881.0,3,0
2020-08-02,-,Relic,2518.0,36.0,1002602.0,31,0
2020-08-02,-,The Wretched,2460.0,22.0,1791775.0,94,0
2020-08-02,-,The Gentlemen,2091.0,36.0,36348464.0,192,0
2020-08-02,-,I Still Believe,1288.0,32.0,10351305.0,143,0
2020-08-02,-,What We Found,975.0,8.0,2720.0,3,0
2020-08-02,-,Followed,859.0,6.0,536796.0,45,0
2020-08-03,1,The Rental,33041.0,242.0,923431.0,11,0
2020-08-03,-,The Big Ugly,9985.0,68.0,338679.0,11,0
2020-08-03,-,Summerland,2117.0,99.0,30998.0,4,0
2020-08-03,-,The Wretched,1493.0,22.0,1793268.0,95,0
2020-08-03,-,The Gentlemen,1106.0,36.0,36349570.0,193,0
2020-08-03,-,Relic,1065.0,36.0,1003667.0,32,0
2020-08-03,-,I Still Believe,366.0,32.0,10351671.0,144,0
2020-08-03,-,What We Found,307.0,8.0,3027.0,4,0
2020-08-03,-,Followed,26.0,6.0,536822.0,46,0
2020-08-04,1,The Rental,39362.0,242.0,962793.0,12,0
2020-08-04,-,The Big Ugly,11499.0,68.0,350178.0,12,0
2020-08-04,-,Summerland,2611.0,99.0,33609.0,5,0
2020-08-04,-,The Wretched,1281.0,22.0,1794549.0,96,0
2020-08-04,-,Relic,1191.0,36.0,1004858.0,33,0
2020-08-04,-,The Gentlemen,1116.0,36.0,36350686.0,194,0
2020-08-04,-,What We Found,360.0,8.0,3387.0,5,0
2020-08-04,-,I Still Believe,345.0,32.0,10352016.0,145,0
2020-08-04,-,Followed,83.0,6.0,536905.0,47,0
2020-08-06,1,The Rental,49257.0,242.0,1054732.0,14,0
2020-08-06,-,The Big Ugly,12730.0,68.0,374550.0,14,0
2020-08-06,-,Summerland,2733.0,99.0,38335.0,7,0
2020-08-06,-,The Wretched,2163.0,22.0,1798250.0,98,0
2020-08-06,-,Relic,846.0,36.0,1007472.0,35,0
2020-08-06,-,The Gentlemen,707.0,36.0,36352204.0,196,0
2020-08-06,-,Followed,507.0,6.0,537691.0,49,0
2020-08-06,-,What We Found,302.0,8.0,3931.0,7,0
2020-08-06,-,I Still Believe,201.0,32.0,10352559.0,147,0
2020-08-05,1,The Rental,42682.0,242.0,1005475.0,13,0
2020-08-05,-,The Big Ugly,11642.0,68.0,361820.0,13,0
2020-08-05,-,Summerland,1993.0,99.0,35602.0,6,0
2020-08-05,-,Relic,1768.0,36.0,1006626.0,34,0
2020-08-05,-,The Wretched,1538.0,22.0,1796087.0,97,0
2020-08-05,-,The Gentlemen,811.0,36.0,36351497.0,195,0
2020-08-05,-,I Still Believe,342.0,32.0,10352358.0,146,0
2020-08-05,-,Followed,279.0,6.0,537184.0,48,0
2020-08-05,-,What We Found,242.0,8.0,3629.0,6,0
2020-08-07,-,The Tax Collector,115000.0,129.0,115000.0,1,1
2020-08-07,-,The Rental,50983.0,178.0,1105715.0,15,0
2020-08-07,-,The Big Ugly,27295.0,36.0,401845.0,15,0
2020-08-07,-,Made in Italy,12137.0,111.0,12137.0,1,1
2020-08-07,-,Relic,4266.0,31.0,1011738.0,36,0
2020-08-07,-,Juvenile Delinquents,4103.0,4.0,4103.0,1,1
2020-08-07,-,I Still Believe,2497.0,24.0,10355056.0,148,0
2020-08-07,-,Summerland,2336.0,68.0,40671.0,8,0
2020-08-07,-,The Gentlemen,1411.0,38.0,36353615.0,197,0
2020-08-07,-,The Wretched,899.0,16.0,1799149.0,99,0
2020-08-07,-,What We Found,413.0,7.0,4344.0,8,0
2020-08-07,-,Followed,120.0,6.0,537811.0,50,0
2020-08-08,-,The Rental,58820.0,178.0,1164535.0,16,0
2020-08-08,-,The Big Ugly,27840.0,36.0,429685.0,16,0
2020-08-08,-,Made in Italy,13926.0,111.0,26063.0,2,0
2020-08-08,-,Relic,6865.0,31.0,1018603.0,37,0
2020-08-08,-,Juvenile Delinquents,4980.0,4.0,9083.0,2,0
2020-08-08,-,I Still Believe,2697.0,24.0,10357753.0,149,0
2020-08-08,-,Summerland,2302.0,68.0,42973.0,9,0
2020-08-08,-,The Gentlemen,1713.0,38.0,36355328.0,198,0
2020-08-08,-,The Wretched,1359.0,16.0,1800508.0,100,0
2020-08-08,-,What We Found,745.0,7.0,5089.0,9,0
2020-08-08,-,Followed,170.0,6.0,537981.0,51,0
2020-08-09,-,The Rental,30922.0,178.0,1195457.0,17,0
2020-08-09,-,The Big Ugly,16555.0,36.0,446240.0,17,0
2020-08-09,-,Made in Italy,7935.0,111.0,33998.0,3,0
2020-08-09,-,Relic,3048.0,31.0,1021651.0,38,0
2020-08-09,-,Juvenile Delinquents,2522.0,3.0,11605.0,3,0
2020-08-09,-,Summerland,1797.0,68.0,44770.0,10,0
2020-08-09,-,The Gentlemen,1369.0,38.0,36356697.0,199,0
2020-08-09,-,I Still Believe,633.0,24.0,10358386.0,150,0
2020-08-09,-,What We Found,369.0,7.0,5458.0,10,0
2020-08-09,-,The Wretched,303.0,16.0,1800811.0,101,0
2020-08-09,-,Followed,105.0,6.0,538086.0,52,0
2020-08-10,-,The Rental,19740.0,178.0,1215197.0,18,0
2020-08-10,-,The Big Ugly,8216.0,36.0,454456.0,18,0
2020-08-10,-,Made in Italy,3956.0,111.0,37954.0,4,0
2020-08-10,-,Relic,2770.0,31.0,1024421.0,39,0
2020-08-10,-,The Wretched,1363.0,16.0,1802174.0,102,0
2020-08-10,-,Summerland,1332.0,68.0,46102.0,11,0
2020-08-10,-,Juvenile Delinquents,1209.0,2.0,12814.0,4,0
2020-08-10,-,The Gentlemen,537.0,38.0,36357234.0,200,0
2020-08-10,-,I Still Believe,329.0,24.0,10358715.0,151,0
2020-08-10,-,What We Found,76.0,7.0,5534.0,11,0
2020-08-10,-,Followed,40.0,5.0,538126.0,53,0
2020-08-11,-,The Rental,20956.0,178.0,1236153.0,19,0
2020-08-11,-,The Big Ugly,8279.0,36.0,462735.0,19,0
2020-08-11,-,Made in Italy,4371.0,111.0,42325.0,5,0
2020-08-11,-,Relic,3199.0,31.0,1027620.0,40,0
2020-08-11,-,Summerland,1505.0,68.0,47607.0,12,0
2020-08-11,-,The Wretched,1383.0,16.0,1803557.0,103,0
2020-08-11,-,The Gentlemen,1270.0,38.0,36358504.0,201,0
2020-08-11,-,Juvenile Delinquents,910.0,2.0,13724.0,5,0
2020-08-11,-,I Still Believe,656.0,24.0,10359371.0,152,0
2020-08-11,-,What We Found,183.0,7.0,5717.0,12,0
2020-08-11,-,Followed,24.0,2.0,538150.0,54,0
2020-08-12,-,The Rental,23457.0,178.0,1259610.0,20,0
2020-08-12,-,The Big Ugly,8862.0,36.0,471597.0,20,0
2020-08-12,-,Made in Italy,4220.0,111.0,46545.0,6,0
2020-08-12,-,Relic,3351.0,31.0,1030971.0,41,0
2020-08-12,-,Juvenile Delinquents,1486.0,3.0,15210.0,6,0
2020-08-12,-,Summerland,1437.0,68.0,49044.0,13,0
2020-08-12,-,The Wretched,1197.0,16.0,1804754.0,104,0
2020-08-12,-,The Gentlemen,422.0,38.0,36358926.0,202,0
2020-08-12,-,What We Found,288.0,7.0,6005.0,13,0
2020-08-12,-,I Still Believe,85.0,24.0,10359456.0,153,0
2020-08-13,-,The Rental,19666.0,178.0,1279276.0,21,0
2020-08-13,-,The Big Ugly,8536.0,36.0,480133.0,21,0
2020-08-13,-,Made in Italy,5787.0,111.0,52332.0,7,0
2020-08-13,-,Relic,2915.0,31.0,1033886.0,42,0
2020-08-13,-,Summerland,1240.0,68.0,50284.0,14,0
2020-08-13,-,The Wretched,1138.0,16.0,1805892.0,105,0
2020-08-13,-,Juvenile Delinquents,850.0,1.0,16060.0,7,0
2020-08-13,-,I Still Believe,431.0,24.0,10359887.0,154,0
2020-08-13,-,The Gentlemen,423.0,38.0,36359349.0,203,0
2020-08-13,-,What We Found,167.0,7.0,6172.0,14,0
2020-08-13,-,Followed,29.0,3.0,538179.0,56,0
2020-08-16,1,The SpongeBob Movie: Sponge on the Run,231985.0,300.0,865824.0,3,0
2020-08-16,-,The Rental,18232.0,144.0,1372894.0,24,0
2020-08-16,-,Murder in the Woods,10063.0,25.0,48638.0,3,0
2020-08-16,-,Made in Italy,5230.0,101.0,73012.0,10,0
2020-08-16,-,The Big Ugly,4573.0,14.0,502388.0,24,0
2020-08-16,-,Sputnik,2619.0,32.0,11024.0,3,0
2020-08-16,-,Juvenile Delinquents,1680.0,1.0,23190.0,10,0
2020-08-16,-,Relic,1359.0,27.0,1039375.0,45,0
2020-08-16,-,The Gentlemen,1192.0,38.0,36363545.0,206,0
2020-08-16,-,I Still Believe,959.0,17.0,10363670.0,157,0
2020-08-16,-,Summerland,653.0,20.0,52822.0,17,0
2020-08-16,-,The Bay of Silence,463.0,16.0,1454.0,3,0
2020-08-16,-,The Wretched,150.0,7.0,1806698.0,108,0
2020-08-16,-,What We Found,119.0,6.0,6760.0,17,0
2020-08-14,1,The SpongeBob Movie: Sponge on the Run,338084.0,300.0,338084.0,1,1
2020-08-14,2,Unhinged,230000.0,299.0,230000.0,1,1
2020-08-14,-,The Rental,31867.0,144.0,1311143.0,22,0
2020-08-14,-,Murder in the Woods,18439.0,25.0,18439.0,1,1
2020-08-14,-,The Big Ugly,8120.0,14.0,488253.0,22,0
2020-08-14,-,Made in Italy,6700.0,101.0,59032.0,8,0
2020-08-14,-,Sputnik,4055.0,32.0,4055.0,1,1
2020-08-14,-,Juvenile Delinquents,2568.0,2.0,18628.0,8,0
2020-08-14,-,Relic,1658.0,27.0,1035544.0,43,0
2020-08-14,-,I Still Believe,1588.0,17.0,10361475.0,155,0
2020-08-14,-,The Gentlemen,1566.0,38.0,36360915.0,204,0
2020-08-14,-,Summerland,691.0,20.0,50975.0,15,0
2020-08-14,-,The Wretched,394.0,7.0,1806286.0,106,0
2020-08-14,-,The Bay of Silence,384.0,16.0,384.0,1,1
2020-08-14,-,What We Found,129.0,6.0,6301.0,15,0
2020-08-15,1,The SpongeBob Movie: Sponge on the Run,295755.0,300.0,633839.0,2,0
2020-08-15,-,The Rental,43519.0,144.0,1354662.0,23,0
2020-08-15,-,Murder in the Woods,20136.0,25.0,38575.0,2,0
2020-08-15,-,The Big Ugly,9562.0,14.0,497815.0,23,0
2020-08-15,-,Made in Italy,8750.0,101.0,67782.0,9,0
2020-08-15,-,Sputnik,4350.0,32.0,8405.0,2,0
2020-08-15,-,Juvenile Delinquents,2882.0,2.0,21510.0,9,0
2020-08-15,-,Relic,2472.0,27.0,1038016.0,44,0
2020-08-15,-,The Gentlemen,1438.0,38.0,36362353.0,205,0
2020-08-15,-,I Still Believe,1236.0,17.0,10362711.0,156,0
2020-08-15,-,Summerland,1194.0,20.0,52169.0,16,0
2020-08-15,-,The Bay of Silence,607.0,16.0,991.0,2,0
2020-08-15,-,What We Found,340.0,6.0,6641.0,16,0
2020-08-15,-,The Wretched,262.0,7.0,1806548.0,107,0
2020-08-17,1,The SpongeBob Movie: Sponge on the Run,140830.0,300.0,1006654.0,4,0
2020-08-17,-,The Rental,11469.0,144.0,1384363.0,25,0
2020-08-17,-,Murder in the Woods,5865.0,25.0,54503.0,4,0
2020-08-17,-,Made in Italy,2494.0,101.0,75506.0,11,0
2020-08-17,-,The Big Ugly,2477.0,14.0,504865.0,25,0
2020-08-17,-,Relic,1336.0,27.0,1040711.0,46,0
2020-08-17,-,Juvenile Delinquents,1182.0,1.0,24372.0,11,0
2020-08-17,-,Sputnik,533.0,32.0,11557.0,4,0
2020-08-17,-,The Gentlemen,266.0,38.0,36363811.0,207,0
2020-08-17,-,Summerland,231.0,20.0,53053.0,18,0
2020-08-17,-,I Still Believe,114.0,17.0,10363784.0,158,0
2020-08-17,-,The Bay of Silence,97.0,16.0,1551.0,4,0
2020-08-17,-,What We Found,74.0,6.0,6834.0,18,0
2020-08-17,-,The Wretched,74.0,7.0,1806772.0,109,0
2020-08-18,1,The SpongeBob Movie: Sponge on the Run,226142.0,300.0,1232796.0,5,0
2020-08-18,-,The Rental,10315.0,144.0,1394678.0,26,0
2020-08-18,-,Murder in the Woods,6542.0,25.0,61045.0,5,0
2020-08-18,-,The Big Ugly,3113.0,14.0,507978.0,26,0
2020-08-18,-,Made in Italy,1959.0,101.0,77465.0,12,0
2020-08-18,-,Relic,1153.0,27.0,1041864.0,47,0
2020-08-18,-,Juvenile Delinquents,1130.0,1.0,25502.0,12,0
2020-08-18,-,Sputnik,1005.0,32.0,12562.0,5,0
2020-08-18,-,The Gentlemen,504.0,38.0,36364315.0,208,0
2020-08-18,-,Summerland,264.0,20.0,53317.0,19,0
2020-08-18,-,The Bay of Silence,216.0,16.0,1767.0,5,0
2020-08-18,-,I Still Believe,135.0,17.0,10363919.0,159,0
2020-08-18,-,The Wretched,123.0,7.0,1806895.0,110,0
2020-08-18,-,What We Found,106.0,6.0,6940.0,19,0
2020-08-21,1,Unhinged,1480282.0,1823.0,2481883.0,8,0
2020-08-21,2,The SpongeBob Movie: Sponge on the Run,209211.0,326.0,1716212.0,8,0
2020-08-21,-,Words on Bathroom Walls,148288.0,924.0,148288.0,1,1
2020-08-21,-,The Rental,34393.0,105.0,1451347.0,29,0
2020-08-21,-,The Gentlemen,31196.0,38.0,36397679.0,211,0
2020-08-21,-,Tulsa,28424.0,191.0,28424.0,1,1
2020-08-21,-,Tesla,14981.0,108.0,14981.0,1,1
2020-08-21,-,I Still Believe,6636.0,115.0,10371645.0,162,0
2020-08-21,-,Made in Italy,1417.0,37.0,83282.0,15,0
2020-08-21,-,Juvenile Delinquents,1320.0,1.0,29092.0,15,0
2020-08-21,-,Murder in the Woods,1073.0,20.0,75368.0,8,0
2020-08-19,1,The SpongeBob Movie: Sponge on the Run,135647.0,300.0,1368443.0,6,0
2020-08-19,-,The Rental,11334.0,144.0,1406012.0,27,0
2020-08-19,-,Murder in the Woods,6310.0,25.0,67355.0,6,0
2020-08-19,-,The Big Ugly,2574.0,14.0,510552.0,27,0
2020-08-19,-,Made in Italy,2059.0,101.0,79524.0,13,0
2020-08-19,-,Juvenile Delinquents,980.0,1.0,26482.0,13,0
2020-08-19,-,Sputnik,968.0,32.0,13530.0,6,0
2020-08-19,-,The Gentlemen,719.0,38.0,36365034.0,209,0
2020-08-19,-,Relic,630.0,27.0,1042494.0,48,0
2020-08-19,-,Summerland,262.0,20.0,53579.0,20,0
2020-08-19,-,I Still Believe,212.0,17.0,10364131.0,160,0
2020-08-19,-,The Wretched,75.0,7.0,1806970.0,111,0
2020-08-19,-,The Bay of Silence,71.0,16.0,1838.0,6,0
2020-08-19,-,What We Found,22.0,6.0,6962.0,20,0
2020-08-20,1,The SpongeBob Movie: Sponge on the Run,138558.0,300.0,1507001.0,7,0
2020-08-20,-,The Rental,10942.0,144.0,1416954.0,28,0
2020-08-20,-,Murder in the Woods,6940.0,25.0,74295.0,7,0
2020-08-20,-,The Big Ugly,3555.0,14.0,514107.0,28,0
2020-08-20,-,Made in Italy,2341.0,101.0,81865.0,14,0
2020-08-20,-,The Gentlemen,1449.0,38.0,36366483.0,210,0
2020-08-20,-,Juvenile Delinquents,1290.0,1.0,27772.0,14,0
2020-08-20,-,The Wretched,1225.0,7.0,1808195.0,112,0
2020-08-20,-,Relic,984.0,27.0,1043478.0,49,0
2020-08-20,-,I Still Believe,878.0,17.0,10365009.0,161,0
2020-08-20,-,Sputnik,627.0,32.0,14177.0,7,0
2020-08-20,-,Summerland,153.0,20.0,53732.0,21,0
2020-08-20,-,The Bay of Silence,103.0,16.0,1941.0,7,0
2020-08-20,-,What We Found,13.0,6.0,6975.0,21,0
2020-08-22,1,Unhinged,1650312.0,1823.0,4132195.0,9,0
2020-08-22,2,The SpongeBob Movie: Sponge on the Run,215864.0,326.0,1932076.0,9,0
2020-08-22,-,Words on Bathroom Walls,174743.0,924.0,323031.0,2,0
2020-08-22,-,The Rental,45134.0,105.0,1496481.0,30,0
2020-08-22,-,The Gentlemen,43366.0,38.0,36441045.0,212,0
2020-08-22,-,Tulsa,28662.0,191.0,57086.0,2,0
2020-08-22,-,Tesla,17252.0,108.0,32233.0,2,0
2020-08-22,-,I Still Believe,7491.0,115.0,10379136.0,163,0
2020-08-22,-,Juvenile Delinquents,3220.0,1.0,32312.0,16,0
2020-08-22,-,Made in Italy,2740.0,37.0,86022.0,16,0
2020-08-22,-,Murder in the Woods,1855.0,20.0,77223.0,9,0
2020-08-23,1,Unhinged,890167.0,1823.0,5022362.0,10,0
2020-08-23,2,The SpongeBob Movie: Sponge on the Run,160310.0,326.0,2092386.0,10,0
2020-08-23,-,Words on Bathroom Walls,109937.0,924.0,432968.0,3,0
2020-08-23,-,Tulsa,21306.0,191.0,78392.0,3,0
2020-08-23,-,The Rental,13846.0,105.0,1510327.0,31,0
2020-08-23,-,The Gentlemen,13479.0,38.0,36454524.0,213,0
2020-08-23,-,Tesla,9932.0,108.0,42165.0,3,0
2020-08-23,-,I Still Believe,4479.0,115.0,10383615.0,164,0
2020-08-23,-,Made in Italy,2055.0,37.0,88077.0,17,0
2020-08-23,-,Murder in the Woods,977.0,20.0,78200.0,10,0
2020-08-23,-,Juvenile Delinquents,720.0,1.0,33032.0,17,0
2020-08-24,1,Unhinged,291202.0,1823.0,5313564.0,11,0
2020-08-24,-,The SpongeBob Movie: Sponge on the Run,95131.0,326.0,2187517.0,11,0
2020-08-24,-,Words on Bathroom Walls,49603.0,924.0,482571.0,4,0
2020-08-24,-,Tulsa,7431.0,191.0,85823.0,4,0
2020-08-24,-,The Rental,6390.0,105.0,1516717.0,32,0
2020-08-24,-,Tesla,3724.0,108.0,45889.0,4,0
2020-08-24,-,The Gentlemen,3600.0,38.0,36458124.0,214,0
2020-08-24,-,I Still Believe,1201.0,115.0,10384816.0,165,0
2020-08-24,-,Made in Italy,614.0,37.0,88691.0,18,0
2020-08-24,-,Murder in the Woods,363.0,20.0,78563.0,11,0
2020-08-25,1,Unhinged,371315.0,1823.0,5684879.0,12,0
2020-08-25,-,The SpongeBob Movie: Sponge on the Run,167047.0,326.0,2354564.0,12,0
2020-08-25,-,Words on Bathroom Walls,54499.0,924.0,537070.0,5,0
2020-08-25,-,Tulsa,9607.0,191.0,95430.0,5,0
2020-08-25,-,The Rental,6251.0,105.0,1522968.0,33,0
2020-08-25,-,Tesla,4369.0,108.0,50258.0,5,0
2020-08-25,-,The Gentlemen,3582.0,38.0,36461706.0,215,0
2020-08-25,-,I Still Believe,3242.0,115.0,10388058.0,166,0
2020-08-25,-,Made in Italy,768.0,37.0,89459.0,19,0
2020-08-25,-,Murder in the Woods,301.0,20.0,78864.0,12,0
2020-08-26,1,Unhinged,272806.0,1823.0,5957685.0,13,0
2020-08-26,-,The SpongeBob Movie: Sponge on the Run,86905.0,326.0,2441469.0,13,0
2020-08-26,-,Words on Bathroom Walls,50017.0,924.0,587087.0,6,0
2020-08-26,-,Tulsa,9405.0,191.0,104835.0,6,0
2020-08-26,-,The Rental,6585.0,105.0,1529553.0,34,0
2020-08-26,-,Tesla,4867.0,108.0,55125.0,6,0
2020-08-26,-,The Gentlemen,3272.0,38.0,36464978.0,216,0
2020-08-26,-,I Still Believe,1261.0,115.0,10389319.0,167,0
2020-08-26,-,Made in Italy,891.0,37.0,90350.0,20,0
2020-08-26,-,Murder in the Woods,283.0,20.0,79147.0,13,0
2020-08-27,1,Unhinged,280515.0,1823.0,6238200.0,14,0
2020-08-27,-,The SpongeBob Movie: Sponge on the Run,103132.0,326.0,2544601.0,14,0
2020-08-27,-,Words on Bathroom Walls,43158.0,924.0,630245.0,7,0
2020-08-27,-,Tulsa,8418.0,192.0,113253.0,7,0
2020-08-27,-,The Rental,8211.0,105.0,1538209.0,35,0
2020-08-27,-,The Gentlemen,6818.0,38.0,36471796.0,217,0
2020-08-27,-,Tesla,5466.0,108.0,60591.0,7,0
2020-08-27,-,I Still Believe,1236.0,115.0,10390555.0,168,0
2020-08-27,-,Made in Italy,806.0,37.0,91156.0,21,0
2020-08-27,-,Murder in the Woods,71.0,20.0,79218.0,14,0
2020-08-28,1,The New Mutants,3113501.0,2412.0,3113501.0,1,1
2020-08-28,2,Unhinged,834407.0,2331.0,7072607.0,15,0
2020-08-28,3,Bill & Ted Face the Music,452170.0,1007.0,452170.0,1,1
2020-08-28,-,The Personal History of David Copperfield,174275.0,1360.0,174275.0,1,1
2020-08-28,-,Words on Bathroom Walls,144482.0,1395.0,774727.0,8,0
2020-08-28,-,The SpongeBob Movie: Sponge on the Run,121871.0,314.0,2666472.0,15,0
2020-08-28,-,Tulsa,14465.0,160.0,127718.0,8,0
2020-08-28,-,The Rental,8284.0,58.0,1546493.0,36,0
2020-08-28,-,Tesla,5358.0,87.0,65949.0,8,0
2020-08-28,-,I Still Believe,3949.0,224.0,10394504.0,169,0
2020-08-28,-,Centigrade,3767.0,28.0,3767.0,1,1
2020-08-28,-,Murder in the Woods,1119.0,14.0,80337.0,15,0
2020-08-28,-,Made in Italy,699.0,16.0,91855.0,22,0
2020-08-28,-,Juvenile Delinquents,580.0,1.0,33612.0,22,0
2020-08-29,1,The New Mutants,2452864.0,2412.0,5566365.0,2,0
2020-08-29,2,Unhinged,1124040.0,2331.0,8196647.0,16,0
2020-08-29,3,Bill & Ted Face the Music,417113.0,1007.0,869283.0,2,0
2020-08-29,-,The Personal History of David Copperfield,198637.0,1360.0,372912.0,2,0
2020-08-29,-,Words on Bathroom Walls,193417.0,1395.0,968144.0,9,0
2020-08-29,-,The SpongeBob Movie: Sponge on the Run,174263.0,314.0,2840735.0,16,0
2020-08-29,-,Tulsa,18824.0,161.0,146542.0,9,0
2020-08-29,-,The Rental,10111.0,58.0,1556604.0,37,0
2020-08-29,-,I Still Believe,6007.0,224.0,10400511.0,170,0
2020-08-29,-,Tesla,5978.0,87.0,71927.0,9,0
2020-08-29,-,Centigrade,1432.0,28.0,5199.0,2,0
2020-08-29,-,Made in Italy,1327.0,16.0,93182.0,23,0
2020-08-29,-,Murder in the Woods,1199.0,14.0,81536.0,16,0
2020-08-31,1,The New Mutants,450293.0,2412.0,7487310.0,4,0
2020-08-31,-,Unhinged,183824.0,2331.0,9025406.0,18,0
2020-08-31,-,Bill & Ted Face the Music,95445.0,1007.0,1220452.0,4,0
2020-08-31,-,The SpongeBob Movie: Sponge on the Run,51741.0,314.0,3020886.0,18,0
2020-08-31,-,Words on Bathroom Walls,42334.0,1395.0,1121740.0,11,0
2020-08-31,-,The Personal History of David Copperfield,40357.0,1360.0,516157.0,4,0
2020-08-31,-,Tulsa,3443.0,162.0,162335.0,11,0
2020-08-31,-,The Rental,1251.0,58.0,1562299.0,39,0
2020-08-31,-,I Still Believe,1237.0,224.0,10405129.0,172,0
2020-08-31,-,Tesla,1076.0,87.0,77339.0,11,0
2020-08-31,-,Centigrade,984.0,28.0,7464.0,4,0
2020-08-31,-,Made in Italy,430.0,16.0,94307.0,25,0
2020-08-31,-,Murder in the Woods,204.0,14.0,82445.0,18,0
2020-08-30,1,The New Mutants,1470652.0,2412.0,7037017.0,3,0
2020-08-30,2,Unhinged,644935.0,2331.0,8841582.0,17,0
2020-08-30,3,Bill & Ted Face the Music,255724.0,1007.0,1125007.0,3,0
2020-08-30,-,The SpongeBob Movie: Sponge on the Run,128410.0,314.0,2969145.0,17,0
2020-08-30,-,Words on Bathroom Walls,111262.0,1395.0,1079406.0,10,0
2020-08-30,-,The Personal History of David Copperfield,102888.0,1360.0,475800.0,3,0
2020-08-30,-,Tulsa,12350.0,161.0,158892.0,10,0
2020-08-30,-,The Rental,4444.0,58.0,1561048.0,38,0
2020-08-30,-,Tesla,4336.0,87.0,76263.0,10,0
2020-08-30,-,I Still Believe,3381.0,224.0,10403892.0,171,0
2020-08-30,-,Centigrade,1281.0,28.0,6480.0,3,0
2020-08-30,-,Murder in the Woods,705.0,14.0,82241.0,17,0
2020-08-30,-,Made in Italy,695.0,16.0,93877.0,24,0
2020-08-30,-,Juvenile Delinquents,680.0,1.0,34292.0,24,0
2020-09-01,1,The New Mutants,466916.0,2412.0,7954226.0,5,0
2020-09-01,2,Unhinged,210829.0,2331.0,9236235.0,19,0
2020-09-01,3,Bill & Ted Face the Music,88697.0,1007.0,1309149.0,5,0
2020-09-01,-,The SpongeBob Movie: Sponge on the Run,64691.0,314.0,3085577.0,19,0
2020-09-01,-,The Personal History of David Copperfield,53844.0,1360.0,570001.0,5,0
2020-09-01,-,Words on Bathroom Walls,46890.0,1395.0,1168630.0,12,0
2020-09-01,-,Tulsa,6404.0,162.0,168739.0,12,0
2020-09-01,-,I Still Believe,1665.0,224.0,10406794.0,173,0
2020-09-01,-,Tesla,1424.0,87.0,78763.0,12,0
2020-09-01,-,The Rental,1365.0,58.0,1563664.0,40,0
2020-09-01,-,Centigrade,773.0,28.0,8237.0,5,0
2020-09-01,-,Made in Italy,522.0,16.0,94829.0,26,0
2020-09-01,-,Murder in the Woods,274.0,14.0,82719.0,19,0
2020-09-02,1,The New Mutants,393751.0,2412.0,8347977.0,6,0
2020-09-02,2,Unhinged,190334.0,2331.0,9426569.0,20,0
2020-09-02,3,Bill & Ted Face the Music,89499.0,1007.0,1398648.0,6,0
2020-09-02,-,The SpongeBob Movie: Sponge on the Run,63991.0,314.0,3149568.0,20,0
2020-09-02,-,Words on Bathroom Walls,45816.0,1395.0,1214446.0,13,0
2020-09-02,-,The Personal History of David Copperfield,43946.0,1360.0,613947.0,6,0
2020-09-02,-,Tulsa,4860.0,162.0,173599.0,13,0
2020-09-02,-,Murder in the Woods,2333.0,14.0,85052.0,20,0
2020-09-02,-,The Rental,1772.0,58.0,1565436.0,41,0
2020-09-02,-,I Still Believe,1763.0,224.0,10408557.0,174,0
2020-09-02,-,Tesla,1388.0,87.0,80151.0,13,0
2020-09-02,-,Centigrade,598.0,28.0,8835.0,6,0
2020-09-02,-,Made in Italy,564.0,16.0,95393.0,27,0
2020-09-04,-,The New Mutants,843068.0,2754.0,9595695.0,8,0
2020-09-04,-,Unhinged,486022.0,2402.0,10117230.0,22,0
2020-09-04,-,Bill & Ted Face the Music,223084.0,953.0,1717548.0,8,0
2020-09-04,-,The SpongeBob Movie: Sponge on the Run,94361.0,304.0,3291901.0,22,0
2020-09-04,-,The Personal History of David Copperfield,92960.0,1550.0,756433.0,8,0
2020-09-04,-,Words on Bathroom Walls,76756.0,1168.0,1336294.0,15,0
2020-09-04,-,My Brothers’ Crossing,6695.0,73.0,6695.0,2,0
2020-09-04,-,Tulsa,6126.0,82.0,182148.0,15,0
2020-09-04,-,Murder in the Woods,335.0,11.0,85621.0,22,0
2020-09-04,-,I Still Believe,319.0,6.0,10408989.0,176,0
2020-09-03,-,The New Mutants,404650.0,2412.0,8752627.0,7,0
2020-09-03,-,Unhinged,204639.0,2331.0,9631208.0,21,0
2020-09-03,-,Bill & Ted Face the Music,95816.0,1007.0,1494464.0,7,0
2020-09-03,-,The Personal History of David Copperfield,49526.0,1360.0,663473.0,7,0
2020-09-03,-,The SpongeBob Movie: Sponge on the Run,47972.0,314.0,3197540.0,21,0
2020-09-03,-,Words on Bathroom Walls,45092.0,1395.0,1259538.0,14,0
2020-09-03,-,Tulsa,2423.0,162.0,176022.0,14,0
2020-09-03,-,The Rental,889.0,58.0,1566325.0,42,0
2020-09-03,-,Centigrade,870.0,28.0,9705.0,7,0
2020-09-03,-,Tesla,844.0,87.0,81411.0,14,0
2020-09-03,-,Made in Italy,495.0,16.0,95888.0,28,0
2020-09-03,-,Murder in the Woods,234.0,14.0,85286.0,21,0
2020-09-03,-,I Still Believe,113.0,224.0,10408670.0,175,0
2020-09-05,-,The New Mutants,1192789.0,2754.0,10788484.0,9,0
2020-09-05,-,Unhinged,702376.0,2402.0,10819606.0,23,0
2020-09-05,-,Bill & Ted Face the Music,300049.0,953.0,2017597.0,9,0
2020-09-05,-,The SpongeBob Movie: Sponge on the Run,132776.0,304.0,3424677.0,23,0
2020-09-05,-,The Personal History of David Copperfield,125094.0,1550.0,881527.0,9,0
2020-09-05,-,Words on Bathroom Walls,107738.0,1168.0,1444032.0,16,0
2020-09-05,-,Tulsa,9157.0,82.0,191305.0,16,0
2020-09-05,-,My Brothers’ Crossing,6246.0,73.0,12941.0,3,0
2020-09-05,-,I Still Believe,443.0,6.0,10409432.0,177,0
2020-09-05,-,Murder in the Woods,299.0,11.0,85920.0,23,0
2020-09-06,-,The New Mutants,1001845.0,2754.0,11790329.0,10,0
2020-09-06,-,Unhinged,620031.0,2402.0,11439637.0,24,0
2020-09-06,-,Bill & Ted Face the Music,249975.0,953.0,2267572.0,10,0
2020-09-06,-,The SpongeBob Movie: Sponge on the Run,128264.0,304.0,3552941.0,24,0
2020-09-06,-,The Personal History of David Copperfield,109384.0,1550.0,990911.0,10,0
2020-09-06,-,Words on Bathroom Walls,91148.0,1168.0,1535180.0,17,0
2020-09-06,-,Tulsa,9319.0,82.0,200624.0,17,0
2020-09-06,-,My Brothers’ Crossing,6445.0,73.0,19386.0,4,0
2020-09-06,-,Murder in the Woods,958.0,11.0,86878.0,24,0
2020-09-06,-,I Still Believe,225.0,6.0,10409657.0,178,0
2020-09-07,-,The New Mutants,662993.0,2754.0,12453322.0,11,0
2020-09-07,-,Unhinged,396003.0,2402.0,11835640.0,25,0
2020-09-07,-,Bill & Ted Face the Music,106342.0,953.0,2373914.0,11,0
2020-09-07,-,The SpongeBob Movie: Sponge on the Run,102504.0,304.0,3655445.0,25,0
2020-09-07,-,The Personal History of David Copperfield,97904.0,1550.0,1088815.0,11,0
2020-09-07,-,Words on Bathroom Walls,79004.0,1168.0,1614184.0,18,0
2020-09-07,-,Tulsa,8003.0,82.0,208627.0,18,0
2020-09-07,-,My Brothers’ Crossing,4235.0,73.0,23621.0,5,0
2020-09-07,-,Murder in the Woods,322.0,11.0,87200.0,25,0
2020-09-07,-,I Still Believe,152.0,6.0,10409809.0,179,0
2020-09-10,-,The New Mutants,254152.0,2754.0,13240368.0,14,0
2020-09-10,-,Unhinged,160381.0,2402.0,12326556.0,28,0
2020-09-10,-,Bill & Ted Face the Music,50127.0,953.0,2514636.0,14,0
2020-09-10,-,The Personal History of David Copperfield,39942.0,1550.0,1211044.0,14,0
2020-09-10,-,Words on Bathroom Walls,29779.0,1168.0,1711536.0,21,0
2020-09-10,-,The SpongeBob Movie: Sponge on the Run,23060.0,304.0,3738316.0,28,0
2020-09-10,-,My Brothers’ Crossing,2105.0,73.0,29164.0,8,0
2020-09-10,-,Tulsa,1946.0,82.0,216833.0,21,0
2020-09-10,-,Murder in the Woods,255.0,11.0,87828.0,28,0
2020-09-10,-,I Still Believe,13.0,6.0,10410004.0,182,0
2020-09-09,-,The New Mutants,260201.0,2754.0,12986216.0,13,0
2020-09-09,-,Unhinged,160051.0,2402.0,12166175.0,27,0
2020-09-09,-,Bill & Ted Face the Music,44301.0,953.0,2464509.0,13,0
2020-09-09,-,The Personal History of David Copperfield,41224.0,1550.0,1171102.0,13,0
2020-09-09,-,Words on Bathroom Walls,33611.0,1168.0,1681757.0,20,0
2020-09-09,-,The SpongeBob Movie: Sponge on the Run,24828.0,304.0,3715256.0,27,0
2020-09-09,-,Tulsa,2274.0,82.0,214887.0,20,0
2020-09-09,-,My Brothers’ Crossing,1702.0,73.0,27059.0,7,0
2020-09-09,-,Murder in the Woods,172.0,11.0,87573.0,27,0
2020-09-09,-,I Still Believe,170.0,6.0,10409991.0,181,0
2020-09-08,-,The New Mutants,272693.0,2754.0,12726015.0,12,0
2020-09-08,-,Unhinged,170484.0,2402.0,12006124.0,26,0
2020-09-08,-,Bill & Ted Face the Music,46294.0,953.0,2420208.0,12,0
2020-09-08,-,The Personal History of David Copperfield,41063.0,1550.0,1129878.0,12,0
2020-09-08,-,The SpongeBob Movie: Sponge on the Run,34983.0,304.0,3690428.0,26,0
2020-09-08,-,Words on Bathroom Walls,33962.0,1168.0,1648146.0,19,0
2020-09-08,-,Tulsa,3986.0,82.0,212613.0,19,0
2020-09-08,-,My Brothers’ Crossing,1736.0,73.0,25357.0,6,0
2020-09-08,-,Murder in the Woods,201.0,11.0,87401.0,26,0
2020-09-08,-,I Still Believe,12.0,6.0,10409821.0,180,0
2020-09-11,-,The New Mutants,607439.0,2704.0,13847807.0,15,0
2020-09-11,-,Unhinged,448142.0,2365.0,12774698.0,29,0
2020-09-11,-,The Broken Hearts Gallery,440725.0,2209.0,440725.0,1,1
2020-09-11,-,Bill & Ted Face the Music,92852.0,807.0,2607488.0,15,0
2020-09-11,-,Words on Bathroom Walls,71182.0,1003.0,1782718.0,22,0
2020-09-11,-,The Personal History of David Copperfield,58113.0,1203.0,1269157.0,15,0
2020-09-11,-,The SpongeBob Movie: Sponge on the Run,47487.0,267.0,3785803.0,29,0
2020-09-11,-,Tulsa,7681.0,93.0,224514.0,22,0
2020-09-11,-,Rent-A-Pal,7325.0,56.0,7325.0,1,1
2020-09-11,-,My Brothers’ Crossing,3256.0,73.0,32420.0,9,0
2020-09-11,-,Murder in the Woods,24.0,1.0,87852.0,29,0
2020-09-12,-,The New Mutants,968913.0,2704.0,14816720.0,16,0
2020-09-12,-,Unhinged,710013.0,2365.0,13484711.0,30,0
2020-09-12,-,The Broken Hearts Gallery,447558.0,2209.0,888283.0,2,0
2020-09-12,-,Bill & Ted Face the Music,140414.0,807.0,2747902.0,16,0
2020-09-12,-,Words on Bathroom Walls,106447.0,1003.0,1889165.0,23,0
2020-09-12,-,The SpongeBob Movie: Sponge on the Run,102518.0,267.0,3888321.0,30,0
2020-09-12,-,The Personal History of David Copperfield,83931.0,1203.0,1353088.0,16,0
2020-09-12,-,Tulsa,12644.0,93.0,237158.0,23,0
2020-09-12,-,Rent-A-Pal,8659.0,56.0,15984.0,2,0
2020-09-12,-,My Brothers’ Crossing,4385.0,71.0,36805.0,10,0
2020-09-13,-,The New Mutants,512852.0,2704.0,15329572.0,17,0
2020-09-13,-,Unhinged,358267.0,2365.0,13842978.0,31,0
2020-09-13,-,The Broken Hearts Gallery,238118.0,2209.0,1126401.0,3,0
2020-09-13,-,The SpongeBob Movie: Sponge on the Run,75824.0,267.0,3964145.0,31,0
2020-09-13,-,Bill & Ted Face the Music,59387.0,807.0,2807289.0,17,0
2020-09-13,-,Words on Bathroom Walls,53322.0,1003.0,1942487.0,24,0
2020-09-13,-,The Personal History of David Copperfield,52484.0,1203.0,1405572.0,17,0
2020-09-13,-,Tulsa,6117.0,93.0,243275.0,24,0
2020-09-13,-,Rent-A-Pal,3666.0,56.0,19650.0,3,0
2020-09-13,-,My Brothers’ Crossing,2575.0,71.0,39380.0,11,0
2020-09-13,-,Murder in the Woods,60.0,1.0,87912.0,31,0
2020-09-14,-,The New Mutants,171810.0,2704.0,15501382.0,18,0
2020-09-14,-,Unhinged,127522.0,2365.0,13970500.0,32,0
2020-09-14,-,The Broken Hearts Gallery,107954.0,2209.0,1234355.0,4,0
2020-09-14,-,Bill & Ted Face the Music,29839.0,807.0,2837128.0,18,0
2020-09-14,-,Words on Bathroom Walls,22874.0,1003.0,1965361.0,25,0
2020-09-14,-,The Personal History of David Copperfield,21280.0,1203.0,1426852.0,18,0
2020-09-14,-,The SpongeBob Movie: Sponge on the Run,14058.0,267.0,3978203.0,32,0
2020-09-14,-,Tulsa,1594.0,93.0,244869.0,25,0
2020-09-14,-,My Brothers’ Crossing,1275.0,71.0,40655.0,12,0
2020-09-14,-,Rent-A-Pal,925.0,56.0,20575.0,4,0
2020-09-15,-,The New Mutants,222384.0,2704.0,15723766.0,19,0
2020-09-15,-,Unhinged,165710.0,2365.0,14136210.0,33,0
2020-09-15,-,The Broken Hearts Gallery,136861.0,2209.0,1371216.0,5,0
2020-09-15,-,Bill & Ted Face the Music,31570.0,807.0,2868698.0,19,0
2020-09-15,-,The Personal History of David Copperfield,30032.0,1203.0,1456884.0,19,0
2020-09-15,-,Words on Bathroom Walls,25927.0,1003.0,1991288.0,26,0
2020-09-15,-,The SpongeBob Movie: Sponge on the Run,21803.0,267.0,4000006.0,33,0
2020-09-15,-,Tulsa,3746.0,93.0,248615.0,26,0
2020-09-15,-,My Brothers’ Crossing,1235.0,71.0,41890.0,13,0
2020-09-15,-,Rent-A-Pal,1149.0,56.0,21724.0,5,0
2020-09-16,-,The New Mutants,194208.0,2704.0,15917974.0,20,0
2020-09-16,-,Unhinged,140228.0,2365.0,14276438.0,34,0
2020-09-16,-,The Broken Hearts Gallery,117019.0,2209.0,1488235.0,6,0
2020-09-16,-,Bill & Ted Face the Music,29114.0,807.0,2897812.0,20,0
2020-09-16,-,Words on Bathroom Walls,26112.0,1003.0,2017400.0,27,0
2020-09-16,-,The Personal History of David Copperfield,23030.0,1203.0,1479914.0,20,0
2020-09-16,-,The SpongeBob Movie: Sponge on the Run,15601.0,267.0,4015607.0,34,0
2020-09-16,-,The Secrets We Keep,10730.0,470.0,10730.0,1,1
2020-09-16,-,Tulsa,2073.0,93.0,250688.0,27,0
2020-09-16,-,Rent-A-Pal,1358.0,56.0,23082.0,6,0
2020-09-16,-,My Brothers’ Crossing,941.0,71.0,42831.0,14,0
2020-09-17,-,The New Mutants,191615.0,2704.0,16109589.0,21,0
2020-09-17,-,Unhinged,137475.0,2365.0,14413913.0,35,0
2020-09-17,-,The Broken Hearts Gallery,118659.0,2209.0,1606894.0,7,0
2020-09-17,-,Bill & Ted Face the Music,30637.0,807.0,2928449.0,21,0
2020-09-17,-,The Personal History of David Copperfield,26262.0,1203.0,1506176.0,21,0
2020-09-17,-,Words on Bathroom Walls,24771.0,1003.0,2042171.0,28,0
2020-09-17,-,The SpongeBob Movie: Sponge on the Run,15496.0,267.0,4031103.0,35,0
2020-09-17,-,The Secrets We Keep,13237.0,470.0,23967.0,2,0
2020-09-17,-,Tulsa,2043.0,93.0,252731.0,28,0
2020-09-17,-,Rent-A-Pal,1066.0,56.0,24148.0,7,0
2020-09-17,-,My Brothers’ Crossing,880.0,71.0,43711.0,15,0
2020-09-18,-,Infidel,528056.0,1724.0,528056.0,1,1
2020-09-18,-,The New Mutants,470209.0,2518.0,16579798.0,22,0
2020-09-18,-,Unhinged,385557.0,2324.0,14799470.0,36,0
2020-09-18,-,The Broken Hearts Gallery,267755.0,2221.0,1874649.0,8,0
2020-09-18,-,Bill & Ted Face the Music,59293.0,607.0,2987742.0,22,0
2020-09-18,-,The SpongeBob Movie: Sponge on the Run,52970.0,261.0,4084073.0,36,0
2020-09-18,-,The Personal History of David Copperfield,45026.0,1007.0,1551202.0,22,0
2020-09-18,-,Words on Bathroom Walls,43004.0,797.0,2085175.0,29,0
2020-09-18,-,No Escape,32338.0,45.0,32338.0,1,1
2020-09-18,-,The Secrets We Keep,28645.0,471.0,52612.0,3,0
2020-09-18,-,The Nest,22963.0,301.0,22963.0,1,1
2020-09-18,-,Tulsa,11560.0,135.0,264291.0,29,0
2020-09-18,-,The Way I See it,7355.0,124.0,7355.0,1,1
2020-09-18,-,My Brothers’ Crossing,1998.0,55.0,45709.0,16,0
2020-09-18,-,Foster Boy,1878.0,1.0,1878.0,1,1
2020-09-18,-,Last Call,175.0,3.0,175.0,1,1
2020-09-18,-,Murder in the Woods,46.0,2.0,87958.0,36,0
2020-09-20,-,The New Mutants,406189.0,2518.0,17741422.0,24,0
2020-09-20,-,Infidel,330143.0,1724.0,1384296.0,3,0
2020-09-20,-,Unhinged,303687.0,2324.0,15695476.0,38,0
2020-09-20,-,The Broken Hearts Gallery,184609.0,2221.0,2409216.0,10,0
2020-09-20,-,The SpongeBob Movie: Sponge on the Run,51971.0,261.0,4236803.0,38,0
2020-09-20,-,The Personal History of David Copperfield,39251.0,1007.0,1652515.0,24,0
2020-09-20,-,Bill & Ted Face the Music,37444.0,607.0,3117463.0,24,0
2020-09-20,-,Words on Bathroom Walls,37067.0,797.0,2189528.0,31,0
2020-09-20,-,The Secrets We Keep,23002.0,471.0,112273.0,5,0
2020-09-20,-,The Nest,16261.0,301.0,65540.0,3,0
2020-09-20,-,No Escape,14016.0,45.0,79182.0,3,0
2020-09-20,-,Tulsa,9895.0,135.0,291648.0,31,0
2020-09-20,-,The Way I See it,7050.0,124.0,25150.0,3,0
2020-09-20,-,Foster Boy,1734.0,1.0,6100.0,3,0
2020-09-20,-,My Brothers’ Crossing,840.0,55.0,49044.0,18,0
2020-09-20,-,Last Call,59.0,3.0,478.0,3,0
2020-09-19,-,The New Mutants,755435.0,2518.0,17335233.0,23,0
2020-09-19,-,Unhinged,592319.0,2324.0,15391789.0,37,0
2020-09-19,-,Infidel,526097.0,1724.0,1054153.0,2,0
2020-09-19,-,The Broken Hearts Gallery,349958.0,2221.0,2224607.0,9,0
2020-09-19,-,The SpongeBob Movie: Sponge on the Run,100759.0,261.0,4184832.0,37,0
2020-09-19,-,Bill & Ted Face the Music,92277.0,607.0,3080019.0,23,0
2020-09-19,-,Words on Bathroom Walls,67286.0,797.0,2152461.0,30,0
2020-09-19,-,The Personal History of David Copperfield,62062.0,1007.0,1613264.0,23,0
2020-09-19,-,The Secrets We Keep,36659.0,471.0,89271.0,4,0
2020-09-19,-,No Escape,32828.0,45.0,65166.0,2,0
2020-09-19,-,The Nest,26316.0,301.0,49279.0,2,0
2020-09-19,-,Tulsa,17462.0,135.0,281753.0,30,0
2020-09-19,-,The Way I See it,10745.0,124.0,18100.0,2,0
2020-09-19,-,My Brothers’ Crossing,2495.0,55.0,48204.0,17,0
2020-09-19,-,Foster Boy,2488.0,1.0,4366.0,2,0
2020-09-19,-,Last Call,244.0,3.0,419.0,2,0
2020-09-19,-,Murder in the Woods,64.0,2.0,88022.0,37,0
2020-09-21,-,The New Mutants,130463.0,2518.0,17871885.0,25,0
2020-09-21,-,Infidel,129357.0,1724.0,1513653.0,4,0
2020-09-21,-,Unhinged,108587.0,2324.0,15804063.0,39,0
2020-09-21,-,The Broken Hearts Gallery,80559.0,2221.0,2489775.0,11,0
2020-09-21,-,Bill & Ted Face the Music,17854.0,607.0,3135317.0,25,0
2020-09-21,-,Words on Bathroom Walls,17624.0,797.0,2207152.0,32,0
2020-09-21,-,The Personal History of David Copperfield,16169.0,1007.0,1668684.0,25,0
2020-09-21,-,The Secrets We Keep,13962.0,471.0,126235.0,6,0
2020-09-21,-,The SpongeBob Movie: Sponge on the Run,10183.0,261.0,4246986.0,39,0
2020-09-21,-,No Escape,4725.0,45.0,83907.0,4,0
2020-09-21,-,Tulsa,3109.0,135.0,294757.0,32,0
2020-09-21,-,The Way I See it,2900.0,124.0,28050.0,4,0
2020-09-21,-,My Brothers’ Crossing,340.0,55.0,49384.0,19,0
2020-09-22,-,Infidel,164620.0,1724.0,1678273.0,5,0
2020-09-22,-,The New Mutants,161090.0,2518.0,18032975.0,26,0
2020-09-22,-,Unhinged,141745.0,2324.0,15945808.0,40,0
2020-09-22,-,The Broken Hearts Gallery,100471.0,2221.0,2590246.0,12,0
2020-09-22,-,The Personal History of David Copperfield,22581.0,1007.0,1691265.0,26,0
2020-09-22,-,Words on Bathroom Walls,21014.0,797.0,2228166.0,33,0
2020-09-22,-,Bill & Ted Face the Music,20309.0,607.0,3155626.0,26,0
2020-09-22,-,The SpongeBob Movie: Sponge on the Run,18698.0,261.0,4265684.0,40,0
2020-09-22,-,The Secrets We Keep,14958.0,471.0,141193.0,7,0
2020-09-22,-,Tulsa,5220.0,135.0,299977.0,33,0
2020-09-22,-,No Escape,5127.0,45.0,89034.0,5,0
2020-09-22,-,The Way I See it,2865.0,124.0,30915.0,5,0
2020-09-22,-,My Brothers’ Crossing,616.0,55.0,50000.0,20,0
2020-09-23,-,The New Mutants,141426.0,2518.0,18174401.0,27,0
2020-09-23,-,Infidel,127534.0,1724.0,1805807.0,6,0
2020-09-23,-,Unhinged,122161.0,2324.0,16067969.0,41,0
2020-09-23,-,The Broken Hearts Gallery,87841.0,2221.0,2678087.0,13,0
2020-09-23,-,Bill & Ted Face the Music,19178.0,607.0,3174804.0,27,0
2020-09-23,-,Words on Bathroom Walls,19097.0,797.0,2247263.0,34,0
2020-09-23,-,The Personal History of David Copperfield,18065.0,1007.0,1709330.0,27,0
2020-09-23,-,The SpongeBob Movie: Sponge on the Run,13329.0,261.0,4279013.0,41,0
2020-09-23,-,The Secrets We Keep,13080.0,471.0,154273.0,8,0
2020-09-23,-,No Escape,5330.0,45.0,94364.0,6,0
2020-09-23,-,Tulsa,3139.0,135.0,303116.0,34,0
2020-09-23,-,The Way I See it,2945.0,124.0,33860.0,6,0
2020-09-23,-,My Brothers’ Crossing,470.0,55.0,50470.0,21,0
2020-09-23,-,Murder in the Woods,10.0,2.0,88032.0,41,0
2020-09-24,-,The New Mutants,137757.0,2518.0,18312158.0,28,0
2020-09-24,-,Infidel,123792.0,1724.0,1929599.0,7,0
2020-09-24,-,Unhinged,121578.0,2324.0,16189547.0,42,0
2020-09-24,-,The Broken Hearts Gallery,90336.0,2221.0,2768423.0,14,0
2020-09-24,-,Bill & Ted Face the Music,20906.0,607.0,3195710.0,28,0
2020-09-24,-,The Personal History of David Copperfield,16687.0,1007.0,1726017.0,28,0
2020-09-24,-,Words on Bathroom Walls,16556.0,797.0,2263819.0,35,0
2020-09-24,-,The SpongeBob Movie: Sponge on the Run,14367.0,261.0,4293380.0,42,0
2020-09-24,-,The Secrets We Keep,13109.0,471.0,167382.0,9,0
2020-09-24,-,No Escape,6148.0,45.0,100512.0,7,0
2020-09-24,-,Tulsa,3952.0,135.0,307068.0,35,0
2020-09-24,-,The Way I See it,2745.0,124.0,36605.0,7,0
2020-09-24,-,My Brothers’ Crossing,567.0,55.0,51037.0,22,0
2020-09-25,-,Star Wars Ep. V: The Empire Strikes Back,360000.0,2097.0,290631960.0,14738,0
2020-09-25,-,The New Mutants,341011.0,2305.0,18653169.0,29,0
2020-09-25,-,Unhinged,287691.0,2182.0,16477238.0,43,0
2020-09-25,-,Infidel,247699.0,1885.0,2177298.0,8,0
2020-09-25,-,The Broken Hearts Gallery,156643.0,2141.0,2925066.0,15,0
2020-09-25,-,Shortcut,101500.0,725.0,101500.0,1,1
2020-09-25,-,The Last Shift,101275.0,871.0,101275.0,1,1
2020-09-25,-,Kajillionaire,88310.0,529.0,88310.0,1,1
2020-09-25,-,Ava,68652.0,222.0,68652.0,1,1
2020-09-25,-,The SpongeBob Movie: Sponge on the Run,37724.0,250.0,4331104.0,43,0
2020-09-25,-,Bill & Ted Face the Music,26821.0,353.0,3222531.0,29,0
2020-09-25,-,Words on Bathroom Walls,23129.0,487.0,2286948.0,36,0
2020-09-25,-,On the Basis of Sex,17530.0,829.0,24640217.0,641,0
2020-09-25,-,The Personal History of David Copperfield,16987.0,512.0,1743004.0,29,0
2020-09-25,-,The Secrets We Keep,13651.0,449.0,181033.0,10,0
2020-09-25,-,No Escape,13226.0,39.0,113738.0,8,0
2020-09-25,-,Tulsa,10070.0,159.0,317138.0,36,0
2020-09-25,-,The Way I See it,1920.0,124.0,38525.0,8,0
2020-09-25,-,My Brothers’ Crossing,1206.0,15.0,52243.0,23,0
2020-09-26,-,The New Mutants,523815.0,2305.0,19176984.0,30,0
2020-09-26,-,Unhinged,438913.0,2182.0,16916151.0,44,0
2020-09-26,-,Star Wars Ep. V: The Empire Strikes Back,321000.0,2097.0,290952960.0,14739,0
2020-09-26,-,Infidel,311151.0,1885.0,2488449.0,9,0
2020-09-26,-,The Broken Hearts Gallery,212065.0,2141.0,3137131.0,16,0
2020-09-26,-,Shortcut,113100.0,725.0,214600.0,2,0
2020-09-26,-,The Last Shift,87063.0,871.0,188338.0,2,0
2020-09-26,-,Kajillionaire,77900.0,529.0,166210.0,2,0
2020-09-26,-,Ava,64499.0,222.0,133151.0,2,0
2020-09-26,-,The SpongeBob Movie: Sponge on the Run,64314.0,250.0,4395418.0,44,0
2020-09-26,-,Words on Bathroom Walls,35480.0,487.0,2322428.0,37,0
2020-09-26,-,Bill & Ted Face the Music,31606.0,353.0,3254137.0,30,0
2020-09-26,-,The Personal History of David Copperfield,25758.0,512.0,1768762.0,30,0
2020-09-26,-,On the Basis of Sex,22825.0,829.0,24663042.0,642,0
2020-09-26,-,The Secrets We Keep,16534.0,449.0,197567.0,11,0
2020-09-26,-,Tulsa,15263.0,159.0,332401.0,37,0
2020-09-26,-,No Escape,6258.0,39.0,119996.0,9,0
2020-09-26,-,The Way I See it,3600.0,124.0,42125.0,9,0
2020-09-26,-,My Brothers’ Crossing,1150.0,15.0,53393.0,24,0
2020-09-27,-,The New Mutants,307262.0,2305.0,19484246.0,31,0
2020-09-27,-,Unhinged,241299.0,2182.0,17157450.0,45,0
2020-09-27,-,Star Wars Ep. V: The Empire Strikes Back,227000.0,2097.0,291179960.0,14740,0
2020-09-27,-,Infidel,202286.0,1885.0,2690735.0,10,0
2020-09-27,-,The Broken Hearts Gallery,132489.0,2141.0,3269620.0,17,0
2020-09-27,-,Shortcut,64525.0,725.0,279125.0,3,0
2020-09-27,-,The Last Shift,58153.0,871.0,246491.0,3,0
2020-09-27,-,Kajillionaire,49465.0,529.0,215675.0,3,0
2020-09-27,-,The SpongeBob Movie: Sponge on the Run,40317.0,250.0,4435735.0,45,0
2020-09-27,-,Ava,37198.0,222.0,170349.0,3,0
2020-09-27,-,Words on Bathroom Walls,21209.0,487.0,2343637.0,38,0
2020-09-27,-,On the Basis of Sex,15855.0,829.0,24678897.0,643,0
2020-09-27,-,Bill & Ted Face the Music,15726.0,353.0,3269863.0,31,0
2020-09-27,-,The Personal History of David Copperfield,14551.0,512.0,1783313.0,31,0
2020-09-27,-,The Secrets We Keep,12430.0,449.0,209997.0,12,0
2020-09-27,-,Tulsa,10253.0,159.0,342654.0,38,0
2020-09-27,-,No Escape,7210.0,39.0,127206.0,10,0
2020-09-27,-,The Way I See it,2390.0,124.0,44515.0,10,0
2020-09-27,-,My Brothers’ Crossing,1036.0,15.0,54429.0,25,0
2020-09-29,-,The New Mutants,117800.0,2305.0,19709930.0,33,0
2020-09-29,-,Unhinged,103446.0,2182.0,17349579.0,47,0
2020-09-29,-,Infidel,69678.0,1885.0,2841593.0,12,0
2020-09-29,-,The Broken Hearts Gallery,52346.0,2141.0,3367396.0,19,0
2020-09-29,-,Shortcut,39150.0,725.0,358150.0,5,0
2020-09-29,-,The Last Shift,32538.0,871.0,308596.0,5,0
2020-09-29,-,Kajillionaire,23980.0,529.0,261105.0,5,0
2020-09-29,-,The SpongeBob Movie: Sponge on the Run,13559.0,250.0,4455526.0,47,0
2020-09-29,-,Ava,11997.0,222.0,192922.0,5,0
2020-09-29,-,Words on Bathroom Walls,11036.0,487.0,2366220.0,40,0
2020-09-29,-,Bill & Ted Face the Music,8954.0,353.0,3287552.0,33,0
2020-09-29,-,The Personal History of David Copperfield,7734.0,512.0,1796961.0,33,0
2020-09-29,-,On the Basis of Sex,7240.0,829.0,24692332.0,645,0
2020-09-29,-,Tulsa,5315.0,159.0,350908.0,40,0
2020-09-29,-,The Secrets We Keep,3981.0,449.0,220337.0,14,0
2020-09-29,-,No Escape,2238.0,39.0,130688.0,12,0
2020-09-29,-,The Way I See it,905.0,124.0,46295.0,12,0
2020-09-29,-,My Brothers’ Crossing,243.0,15.0,55178.0,27,0
2020-09-28,-,The New Mutants,107884.0,2305.0,19592130.0,32,0
2020-09-28,-,Unhinged,88683.0,2182.0,17246133.0,46,0
2020-09-28,-,Infidel,81180.0,1885.0,2771915.0,11,0
2020-09-28,-,The Broken Hearts Gallery,45430.0,2141.0,3315050.0,18,0
2020-09-28,-,Shortcut,39875.0,725.0,319000.0,4,0
2020-09-28,-,The Last Shift,29567.0,871.0,276058.0,4,0
2020-09-28,-,Kajillionaire,21450.0,529.0,237125.0,4,0
2020-09-28,-,Words on Bathroom Walls,11547.0,487.0,2355184.0,39,0
2020-09-28,-,Ava,10576.0,222.0,180925.0,4,0
2020-09-28,-,Bill & Ted Face the Music,8735.0,353.0,3278598.0,32,0
2020-09-28,-,The Secrets We Keep,6359.0,449.0,216356.0,13,0
2020-09-28,-,The SpongeBob Movie: Sponge on the Run,6232.0,250.0,4441967.0,46,0
2020-09-28,-,On the Basis of Sex,6195.0,829.0,24685092.0,644,0
2020-09-28,-,The Personal History of David Copperfield,5914.0,512.0,1789227.0,32,0
2020-09-28,-,Tulsa,2939.0,159.0,345593.0,39,0
2020-09-28,-,No Escape,1244.0,39.0,128450.0,11,0
2020-09-28,-,The Way I See it,875.0,124.0,45390.0,11,0
2020-09-28,-,My Brothers’ Crossing,506.0,15.0,54935.0,26,0
2020-09-30,-,The New Mutants,99559.0,2305.0,19809489.0,34,0
2020-09-30,-,Unhinged,85663.0,2182.0,17435242.0,48,0
2020-09-30,-,Infidel,64331.0,1885.0,2905924.0,13,0
2020-09-30,-,The Broken Hearts Gallery,46108.0,2141.0,3413504.0,20,0
2020-09-30,-,Shortcut,45675.0,725.0,403825.0,6,0
2020-09-30,-,The Last Shift,28973.0,871.0,337569.0,6,0
2020-09-30,-,Kajillionaire,21625.0,529.0,282730.0,6,0
2020-09-30,-,Ava,11184.0,222.0,204106.0,6,0
2020-09-30,-,Words on Bathroom Walls,10241.0,487.0,2376461.0,41,0
2020-09-30,-,Bill & Ted Face the Music,9049.0,353.0,3296601.0,34,0
2020-09-30,-,The SpongeBob Movie: Sponge on the Run,8168.0,250.0,4463694.0,48,0
2020-09-30,-,The Personal History of David Copperfield,7634.0,512.0,1804595.0,34,0
2020-09-30,-,On the Basis of Sex,6215.0,829.0,24698547.0,646,0
2020-09-30,-,Tulsa,3452.0,159.0,354360.0,41,0
2020-09-30,-,The Secrets We Keep,3192.0,449.0,223529.0,15,0
2020-09-30,-,The Way I See it,1310.0,124.0,47605.0,13,0
2020-09-30,-,No Escape,1004.0,39.0,131692.0,13,0
2020-09-30,-,My Brothers’ Crossing,230.0,15.0,55408.0,28,0
2020-10-01,-,The New Mutants,104572.0,2305.0,19914061.0,35,0
2020-10-01,-,Unhinged,97412.0,2182.0,17532654.0,49,0
2020-10-01,-,Infidel,66041.0,1885.0,2971965.0,14,0
2020-10-01,-,The Broken Hearts Gallery,44897.0,2141.0,3458401.0,21,0
2020-10-01,-,Shortcut,39150.0,725.0,442975.0,7,0
2020-10-01,-,The Last Shift,26768.0,871.0,364337.0,7,0
2020-10-01,-,Kajillionaire,21710.0,529.0,304440.0,7,0
2020-10-01,-,Ava,15264.0,222.0,219370.0,7,0
2020-10-01,-,Words on Bathroom Walls,11986.0,487.0,2388447.0,42,0
2020-10-01,-,Bill & Ted Face the Music,8810.0,353.0,3305411.0,35,0
2020-10-01,-,The SpongeBob Movie: Sponge on the Run,7222.0,250.0,4470916.0,49,0
2020-10-01,-,The Personal History of David Copperfield,6575.0,512.0,1811170.0,35,0
2020-10-01,-,On the Basis of Sex,6290.0,829.0,24704837.0,647,0
2020-10-01,-,The Secrets We Keep,3557.0,449.0,227086.0,16,0
2020-10-01,-,Tulsa,3397.0,159.0,357757.0,42,0
2020-10-01,-,No Escape,2433.0,39.0,134125.0,14,0
2020-10-01,-,The Way I See it,1425.0,124.0,49030.0,14,0
2020-10-01,-,My Brothers’ Crossing,303.0,15.0,55711.0,29,0
2020-10-02,-,Hocus Pocus,650000.0,2570.0,39923060.0,9941,0
2020-10-02,-,The New Mutants,281694.0,2154.0,20195755.0,36,0
2020-10-02,-,Unhinged,236603.0,2023.0,17769257.0,50,0
2020-10-02,-,Infidel,142882.0,1792.0,3114847.0,15,0
2020-10-02,-,Star Wars Ep. V: The Empire Strikes Back,95000.0,1675.0,291274960.0,14745,0
2020-10-02,-,The Broken Hearts Gallery,90186.0,2100.0,3548587.0,22,0
2020-10-02,-,Possessor,87427.0,320.0,87427.0,1,1
2020-10-02,-,Shortcut,70740.0,655.0,513715.0,8,0
2020-10-02,-,Save Yourselves!,48657.0,388.0,48657.0,1,1
2020-10-02,-,The Last Shift,42633.0,886.0,406970.0,8,0
2020-10-02,-,Ava,36976.0,252.0,256346.0,8,0
2020-10-02,-,The Call,36781.0,195.0,36781.0,1,1
2020-10-02,-,Kajillionaire,32450.0,547.0,336890.0,8,0
2020-10-02,-,The SpongeBob Movie: Sponge on the Run,20127.0,215.0,4491043.0,50,0
2020-10-02,-,Words on Bathroom Walls,16004.0,314.0,2404451.0,43,0
2020-10-02,-,A Call to Spy,15015.0,75.0,15015.0,1,1
2020-10-02,-,The Personal History of David Copperfield,11862.0,285.0,1823032.0,36,0
2020-10-02,-,Bill & Ted Face the Music,9479.0,207.0,3314890.0,36,0
2020-10-02,-,Tulsa,7351.0,159.0,365108.0,43,0
2020-10-02,-,No Escape,3128.0,50.0,137253.0,15,0
2020-10-02,-,The Secrets We Keep,1673.0,113.0,228759.0,17,0
2020-10-02,-,My Brothers’ Crossing,583.0,9.0,56294.0,30,0
2020-10-03,-,Hocus Pocus,850000.0,2570.0,40773060.0,9942,0
2020-10-03,-,The New Mutants,494676.0,2154.0,20690431.0,37,0
2020-10-03,-,Unhinged,399207.0,2023.0,18168464.0,51,0
2020-10-03,-,Infidel,193856.0,1792.0,3308703.0,16,0
2020-10-03,-,Star Wars Ep. V: The Empire Strikes Back,150000.0,1675.0,291424960.0,14746,0
2020-10-03,-,The Broken Hearts Gallery,115577.0,2100.0,3664164.0,23,0
2020-10-03,-,Possessor,110158.0,320.0,197585.0,2,0
2020-10-03,-,Shortcut,92355.0,655.0,606070.0,9,0
2020-10-03,-,The Call,63255.0,195.0,100036.0,2,0
2020-10-03,-,The Last Shift,60845.0,886.0,467815.0,9,0
2020-10-03,-,Save Yourselves!,58966.0,388.0,107623.0,2,0
2020-10-03,-,Ava,51870.0,252.0,308216.0,9,0
2020-10-03,-,The SpongeBob Movie: Sponge on the Run,48871.0,215.0,4539914.0,51,0
2020-10-03,-,Kajillionaire,44125.0,547.0,381015.0,9,0
2020-10-03,-,Words on Bathroom Walls,24329.0,314.0,2428780.0,44,0
2020-10-03,-,Bill & Ted Face the Music,13461.0,207.0,3328351.0,37,0
2020-10-03,-,A Call to Spy,13063.0,75.0,28078.0,2,0
2020-10-03,-,The Personal History of David Copperfield,12321.0,285.0,1835353.0,37,0
2020-10-03,-,Tulsa,9702.0,159.0,374810.0,44,0
2020-10-03,-,No Escape,6201.0,50.0,143454.0,16,0
2020-10-03,-,The Secrets We Keep,2360.0,113.0,231119.0,18,0
2020-10-03,-,My Brothers’ Crossing,483.0,9.0,56777.0,31,0
2020-10-05,-,The New Mutants,80710.0,2154.0,21036929.0,39,0
2020-10-05,-,Unhinged,67823.0,2023.0,18447855.0,53,0
2020-10-05,-,Infidel,40171.0,1792.0,3472586.0,18,0
2020-10-05,-,The Broken Hearts Gallery,27105.0,2100.0,3761842.0,25,0
2020-10-05,-,Possessor,25611.0,320.0,278275.0,4,0
2020-10-05,-,The Last Shift,17084.0,886.0,522482.0,11,0
2020-10-05,-,Save Yourselves!,15007.0,388.0,157701.0,4,0
2020-10-05,-,The Call,12375.0,195.0,150612.0,4,0
2020-10-05,-,Kajillionaire,10580.0,547.0,419985.0,11,0
2020-10-05,-,Ava,8797.0,252.0,344857.0,11,0
2020-10-05,-,Words on Bathroom Walls,8174.0,314.0,2451981.0,46,0
2020-10-05,-,The SpongeBob Movie: Sponge on the Run,4913.0,215.0,4577856.0,53,0
2020-10-05,-,Bill & Ted Face the Music,4652.0,207.0,3340450.0,39,0
2020-10-05,-,The Personal History of David Copperfield,3232.0,285.0,1847012.0,39,0
2020-10-05,-,A Call to Spy,3100.0,75.0,38198.0,4,0
2020-10-05,-,Tulsa,1805.0,159.0,382271.0,46,0
2020-10-05,-,No Escape,665.0,50.0,146695.0,18,0
2020-10-05,-,The Secrets We Keep,382.0,113.0,204842.0,20,0
2020-10-05,-,My Brothers’ Crossing,195.0,9.0,57941.0,33,0
2020-10-04,-,Hocus Pocus,425000.0,2570.0,41198060.0,9943,0
2020-10-04,-,The New Mutants,265788.0,2154.0,20956219.0,38,0
2020-10-04,-,Unhinged,211568.0,2023.0,18380032.0,52,0
2020-10-04,-,Infidel,123712.0,1792.0,3432415.0,17,0
2020-10-04,-,Star Wars Ep. V: The Empire Strikes Back,90000.0,1675.0,291514960.0,14747,0
2020-10-04,-,The Broken Hearts Gallery,70573.0,2100.0,3734737.0,24,0
2020-10-04,-,Possessor,55079.0,320.0,252664.0,3,0
2020-10-04,-,Shortcut,46905.0,655.0,652975.0,10,0
2020-10-04,-,The Call,38201.0,195.0,138237.0,3,0
2020-10-04,-,The Last Shift,37583.0,886.0,505398.0,10,0
2020-10-04,-,Save Yourselves!,35071.0,388.0,142694.0,3,0
2020-10-04,-,The SpongeBob Movie: Sponge on the Run,33029.0,215.0,4572943.0,52,0
2020-10-04,-,Kajillionaire,28390.0,547.0,409405.0,10,0
2020-10-04,-,Ava,27844.0,252.0,336060.0,10,0
2020-10-04,-,Words on Bathroom Walls,15027.0,314.0,2443807.0,45,0
2020-10-04,-,The Personal History of David Copperfield,8427.0,285.0,1843780.0,38,0
2020-10-04,-,Bill & Ted Face the Music,7447.0,207.0,3335798.0,38,0
2020-10-04,-,A Call to Spy,7020.0,75.0,35098.0,3,0
2020-10-04,-,Tulsa,5656.0,159.0,380466.0,45,0
2020-10-04,-,No Escape,2576.0,50.0,146030.0,17,0
2020-10-04,-,The Secrets We Keep,1715.0,113.0,204460.0,19,0
2020-10-04,-,My Brothers’ Crossing,969.0,9.0,57746.0,32,0
2020-10-06,-,The New Mutants,98686.0,2154.0,21135615.0,40,0
2020-10-06,-,Unhinged,92477.0,2023.0,18540332.0,54,0
2020-10-06,-,Infidel,56487.0,1792.0,3529073.0,19,0
2020-10-06,-,The Broken Hearts Gallery,37371.0,2100.0,3799213.0,26,0
2020-10-06,-,Possessor,30989.0,320.0,309264.0,5,0
2020-10-06,-,The Last Shift,24201.0,886.0,546683.0,12,0
2020-10-06,-,Save Yourselves!,17533.0,388.0,175234.0,5,0
2020-10-06,-,Kajillionaire,12715.0,547.0,432700.0,12,0
2020-10-06,-,The Call,11775.0,195.0,162387.0,5,0
2020-10-06,-,Ava,10434.0,252.0,355291.0,12,0
2020-10-06,-,The SpongeBob Movie: Sponge on the Run,10002.0,215.0,4587858.0,54,0
2020-10-06,-,Words on Bathroom Walls,8748.0,314.0,2460729.0,47,0
2020-10-06,-,A Call to Spy,4820.0,75.0,43018.0,5,0
2020-10-06,-,Bill & Ted Face the Music,4425.0,207.0,3344875.0,40,0
2020-10-06,-,The Personal History of David Copperfield,4276.0,285.0,1851288.0,40,0
2020-10-06,-,Tulsa,4152.0,159.0,386423.0,47,0
2020-10-06,-,The Secrets We Keep,797.0,113.0,205639.0,21,0
2020-10-06,-,No Escape,714.0,50.0,147409.0,19,0
2020-10-06,-,My Brothers’ Crossing,225.0,9.0,58166.0,34,0
2020-10-07,-,The New Mutants,83027.0,2154.0,21218642.0,41,0
2020-10-07,-,Unhinged,74652.0,2023.0,18614984.0,55,0
2020-10-07,-,Infidel,41345.0,1792.0,3570418.0,20,0
2020-10-07,-,The Broken Hearts Gallery,28532.0,2100.0,3827745.0,27,0
2020-10-07,-,Possessor,27580.0,320.0,336844.0,6,0
2020-10-07,-,The Last Shift,19827.0,886.0,566510.0,13,0
2020-10-07,-,Save Yourselves!,14689.0,388.0,189923.0,6,0
2020-10-07,-,The Call,10335.0,195.0,172722.0,6,0
2020-10-07,-,Kajillionaire,10325.0,547.0,443025.0,13,0
2020-10-07,-,Ava,9483.0,252.0,364774.0,13,0
2020-10-07,-,Words on Bathroom Walls,9226.0,314.0,2469955.0,48,0
2020-10-07,-,The SpongeBob Movie: Sponge on the Run,4967.0,215.0,4592825.0,55,0
2020-10-07,-,Bill & Ted Face the Music,4444.0,207.0,3349319.0,41,0
2020-10-07,-,The Personal History of David Copperfield,4095.0,285.0,1855383.0,41,0
2020-10-07,-,A Call to Spy,2663.0,75.0,45681.0,6,0
2020-10-07,-,Tulsa,2108.0,159.0,388531.0,48,0
2020-10-07,-,No Escape,897.0,50.0,148306.0,20,0
2020-10-07,-,The Secrets We Keep,501.0,113.0,206140.0,22,0
2020-10-07,-,My Brothers’ Crossing,211.0,9.0,58377.0,35,0
2020-10-08,-,The New Mutants,87419.0,2154.0,21306061.0,42,0
2020-10-08,-,Unhinged,78401.0,2023.0,18693385.0,56,0
2020-10-08,-,Infidel,43971.0,1792.0,3614389.0,21,0
2020-10-08,-,The Broken Hearts Gallery,29591.0,2100.0,3857336.0,28,0
2020-10-08,-,Possessor,29511.0,320.0,366355.0,7,0
2020-10-08,-,The Last Shift,21095.0,886.0,587605.0,14,0
2020-10-08,-,Yellow Rose,19838.0,900.0,19838.0,1,1
2020-10-08,-,Save Yourselves!,16687.0,388.0,206610.0,7,0
2020-10-08,-,The Call,15395.0,195.0,188117.0,7,0
2020-10-08,-,Ava,12263.0,252.0,377037.0,14,0
2020-10-08,-,Kajillionaire,10680.0,547.0,453705.0,14,0
2020-10-08,-,Words on Bathroom Walls,8952.0,314.0,2478907.0,49,0
2020-10-08,-,The SpongeBob Movie: Sponge on the Run,6965.0,215.0,4599790.0,56,0
2020-10-08,-,Bill & Ted Face the Music,4216.0,207.0,3353535.0,42,0
2020-10-08,-,A Call to Spy,3905.0,75.0,49586.0,7,0
2020-10-08,-,The Personal History of David Copperfield,3750.0,285.0,1859133.0,42,0
2020-10-08,-,Tulsa,2254.0,159.0,390785.0,49,0
2020-10-08,-,No Escape,1152.0,50.0,149458.0,21,0
2020-10-08,-,The Secrets We Keep,532.0,113.0,206672.0,23,0
2020-10-08,-,My Brothers’ Crossing,228.0,9.0,58605.0,36,0
2020-10-09,1,The War with Grandpa,1102100.0,2250.0,1102100.0,1,1
2020-10-09,-,Hocus Pocus,384000.0,2113.0,41582060.0,9948,0
2020-10-09,-,Coco,210000.0,1899.0,209936015.0,1053,0
2020-10-09,-,Unhinged,192491.0,1608.0,18885876.0,57,0
2020-10-09,-,The New Mutants,191654.0,1663.0,21497715.0,43,0
2020-10-09,-,Infidel,64966.0,959.0,3679355.0,22,0
2020-10-09,-,Possessor,52203.0,303.0,418558.0,8,0
2020-10-09,-,Yellow Rose,46249.0,900.0,66087.0,1,0
2020-10-09,-,Star Wars Ep. V: The Empire Strikes Back,44000.0,825.0,291558960.0,14752,0
2020-10-09,-,The Wolf of Snow Hollow,33237.0,112.0,33237.0,1,1
2020-10-09,-,The Broken Hearts Gallery,29599.0,721.0,3886935.0,29,0
2020-10-09,-,The Call,24980.0,195.0,213097.0,8,0
2020-10-09,-,Bill & Ted Face the Music,22201.0,107.0,3375736.0,43,0
2020-10-09,-,Save Yourselves!,15996.0,346.0,222606.0,8,0
2020-10-09,-,Ava,13955.0,174.0,390992.0,15,0
2020-10-09,-,The SpongeBob Movie: Sponge on the Run,12303.0,191.0,4612093.0,57,0
2020-10-09,-,Kajillionaire,11530.0,267.0,465235.0,15,0
2020-10-09,-,A Call to Spy,11090.0,79.0,60676.0,8,0
2020-10-09,-,Pray: The Story of Patrick Peyton,10402.0,44.0,10402.0,1,1
2020-10-09,-,Henchmen,9224.0,181.0,9224.0,8,0
2020-10-09,-,Words on Bathroom Walls,7807.0,173.0,2486714.0,50,0
2020-10-09,-,The Last Shift,6504.0,264.0,594109.0,15,0
2020-10-09,-,Tulsa,2864.0,83.0,393649.0,50,0
2020-10-09,-,No Escape,2387.0,40.0,151845.0,22,0
2020-10-09,-,The Personal History of David Copperfield,2374.0,93.0,1861507.0,43,0
2020-10-09,-,My Brothers’ Crossing,190.0,3.0,58795.0,37,0
2020-10-10,1,The War with Grandpa,1563319.0,2250.0,2665419.0,2,0
2020-10-10,-,Hocus Pocus,463000.0,2113.0,42045060.0,9949,0
2020-10-10,-,The New Mutants,318676.0,1663.0,21816391.0,44,0
2020-10-10,-,Unhinged,308745.0,1608.0,19194621.0,58,0
2020-10-10,-,Coco,242000.0,1899.0,210178015.0,1054,0
2020-10-10,-,Infidel,85263.0,959.0,3764618.0,23,0
2020-10-10,-,Possessor,64471.0,303.0,483029.0,9,0
2020-10-10,-,Yellow Rose,63417.0,900.0,129504.0,2,0
2020-10-10,-,Star Wars Ep. V: The Empire Strikes Back,62000.0,825.0,291620960.0,14753,0
2020-10-10,-,The Call,40175.0,195.0,253272.0,9,0
2020-10-10,-,The Wolf of Snow Hollow,38650.0,112.0,71887.0,2,0
2020-10-10,-,The Broken Hearts Gallery,37952.0,721.0,3924887.0,30,0
2020-10-10,-,Bill & Ted Face the Music,27793.0,107.0,3403529.0,44,0
2020-10-10,-,The SpongeBob Movie: Sponge on the Run,22179.0,191.0,4634272.0,58,0
2020-10-10,-,Ava,20142.0,174.0,411134.0,16,0
2020-10-10,-,Save Yourselves!,19967.0,346.0,242573.0,9,0
2020-10-10,-,Kajillionaire,15890.0,267.0,481125.0,16,0
2020-10-10,-,A Call to Spy,13369.0,79.0,74045.0,9,0
2020-10-10,-,Henchmen,12970.0,181.0,22194.0,9,0
2020-10-10,-,Words on Bathroom Walls,10402.0,173.0,2497116.0,51,0
2020-10-10,-,The Last Shift,8579.0,264.0,602688.0,16,0
2020-10-10,-,Pray: The Story of Patrick Peyton,6353.0,44.0,16755.0,2,0
2020-10-10,-,Tulsa,3794.0,83.0,397443.0,51,0
2020-10-10,-,The Personal History of David Copperfield,2773.0,93.0,1864280.0,44,0
2020-10-10,-,No Escape,2484.0,40.0,154329.0,23,0
2020-10-10,-,My Brothers’ Crossing,168.0,3.0,58963.0,38,0
2020-10-11,1,The War with Grandpa,958461.0,2250.0,3623880.0,3,0
2020-10-11,-,Hocus Pocus,314000.0,2113.0,42359060.0,9950,0
2020-10-11,-,The New Mutants,195492.0,1663.0,22011883.0,45,0
2020-10-11,-,Unhinged,181583.0,1608.0,19376204.0,59,0
2020-10-11,-,Coco,151000.0,1899.0,210329015.0,1055,0
2020-10-11,-,Infidel,55373.0,959.0,3819991.0,24,0
2020-10-11,-,Yellow Rose,40664.0,900.0,170168.0,3,0
2020-10-11,-,Star Wars Ep. V: The Empire Strikes Back,39000.0,825.0,291659960.0,14754,0
2020-10-11,-,Possessor,34169.0,303.0,517198.0,10,0
2020-10-11,-,The Call,24046.0,195.0,277318.0,10,0
2020-10-11,-,The Broken Hearts Gallery,23865.0,721.0,3948752.0,31,0
2020-10-11,-,Bill & Ted Face the Music,20124.0,107.0,3423653.0,45,0
2020-10-11,-,The Wolf of Snow Hollow,20056.0,112.0,91943.0,3,0
2020-10-11,-,Save Yourselves!,13822.0,346.0,256395.0,10,0
2020-10-11,-,The SpongeBob Movie: Sponge on the Run,13761.0,191.0,4648033.0,59,0
2020-10-11,-,Ava,11416.0,174.0,422550.0,17,0
2020-10-11,-,Kajillionaire,10925.0,267.0,492050.0,17,0
2020-10-11,-,Henchmen,8029.0,181.0,30223.0,10,0
2020-10-11,-,Pray: The Story of Patrick Peyton,7642.0,44.0,24397.0,3,0
2020-10-11,-,Words on Bathroom Walls,7610.0,173.0,2504726.0,52,0
2020-10-11,-,A Call to Spy,5303.0,79.0,79348.0,10,0
2020-10-11,-,The Last Shift,5143.0,264.0,607831.0,17,0
2020-10-11,-,Tulsa,2704.0,83.0,400147.0,52,0
2020-10-11,-,No Escape,2295.0,40.0,156624.0,24,0
2020-10-11,-,The Personal History of David Copperfield,1212.0,93.0,1865492.0,45,0
2020-10-11,-,My Brothers’ Crossing,126.0,3.0,59089.0,39,0
2020-10-12,1,The War with Grandpa,424613.0,2250.0,4048493.0,4,0
2020-10-12,-,The New Mutants,81733.0,1663.0,22093616.0,46,0
2020-10-12,-,Unhinged,74160.0,1608.0,19450364.0,60,0
2020-10-12,-,Infidel,24099.0,959.0,3844090.0,25,0
2020-10-12,-,Yellow Rose,21489.0,900.0,191657.0,4,0
2020-10-12,-,Possessor,19235.0,303.0,536433.0,11,0
2020-10-12,-,The Wolf of Snow Hollow,14105.0,112.0,106048.0,4,0
2020-10-12,-,The SpongeBob Movie: Sponge on the Run,13424.0,191.0,4661457.0,60,0
2020-10-12,-,The Broken Hearts Gallery,11783.0,721.0,3960535.0,32,0
2020-10-12,-,The Call,8018.0,195.0,285336.0,11,0
2020-10-12,-,Kajillionaire,6005.0,267.0,498055.0,18,0
2020-10-12,-,Save Yourselves!,5667.0,346.0,262062.0,11,0
2020-10-12,-,Words on Bathroom Walls,4926.0,173.0,2509652.0,53,0
2020-10-12,-,Ava,4556.0,174.0,427106.0,18,0
2020-10-12,-,The Last Shift,3935.0,264.0,611766.0,18,0
2020-10-12,-,Pray: The Story of Patrick Peyton,3263.0,44.0,27660.0,4,0
2020-10-12,-,A Call to Spy,2913.0,79.0,82261.0,11,0
2020-10-12,-,Henchmen,2689.0,181.0,32912.0,11,0
2020-10-12,-,Bill & Ted Face the Music,1764.0,107.0,3425417.0,46,0
2020-10-12,-,The Personal History of David Copperfield,1039.0,93.0,1866531.0,46,0
2020-10-12,-,Tulsa,729.0,83.0,400876.0,53,0
2020-10-12,-,No Escape,654.0,40.0,157278.0,25,0
2020-10-12,-,My Brothers’ Crossing,86.0,3.0,59175.0,40,0
2020-10-13,1,The War with Grandpa,306958.0,2250.0,4355451.0,5,0
2020-10-13,-,Unhinged,65392.0,1608.0,19515756.0,61,0
2020-10-13,-,The New Mutants,60874.0,1663.0,22154490.0,47,0
2020-10-13,-,Infidel,21682.0,959.0,3865772.0,26,0
2020-10-13,-,Yellow Rose,19209.0,900.0,210866.0,5,0
2020-10-13,-,Possessor,18081.0,303.0,554514.0,12,0
2020-10-13,-,The Wolf of Snow Hollow,10919.0,112.0,116967.0,5,0
2020-10-13,-,The Broken Hearts Gallery,10486.0,721.0,3971021.0,33,0
2020-10-13,-,The Call,6258.0,195.0,291594.0,12,0
2020-10-13,-,Save Yourselves!,5751.0,346.0,269061.0,12,0
2020-10-13,-,Kajillionaire,4720.0,267.0,502775.0,19,0
2020-10-13,-,Ava,4160.0,174.0,431266.0,19,0
2020-10-13,-,The Last Shift,3495.0,264.0,615261.0,19,0
2020-10-13,-,The SpongeBob Movie: Sponge on the Run,3407.0,191.0,4664864.0,61,0
2020-10-13,-,Words on Bathroom Walls,3385.0,173.0,2513037.0,54,0
2020-10-13,-,A Call to Spy,3084.0,79.0,85345.0,12,0
2020-10-13,-,Pray: The Story of Patrick Peyton,2297.0,33.0,29957.0,5,0
2020-10-13,-,Henchmen,1818.0,181.0,34730.0,12,0
2020-10-13,-,Bill & Ted Face the Music,1406.0,107.0,3426823.0,47,0
2020-10-13,-,Tulsa,1374.0,83.0,402250.0,54,0
2020-10-13,-,The Personal History of David Copperfield,1022.0,93.0,1867553.0,47,0
2020-10-13,-,No Escape,645.0,40.0,157923.0,26,0
2020-10-13,-,My Brothers’ Crossing,80.0,3.0,59250.0,41,0
2020-10-15,2,The War with Grandpa,205210.0,2250.0,4754332.0,7,0
2020-10-15,-,The New Mutants,48770.0,1663.0,22256526.0,49,0
2020-10-15,-,Unhinged,44937.0,1608.0,19613301.0,63,0
2020-10-15,-,Possessor,18415.0,303.0,590469.0,14,0
2020-10-15,-,The Wolf of Snow Hollow,13460.0,112.0,141695.0,7,0
2020-10-15,-,Infidel,13162.0,959.0,3898774.0,28,0
2020-10-15,-,Yellow Rose,12368.0,900.0,239573.0,7,0
2020-10-15,-,Save Yourselves!,8046.0,346.0,283963.0,14,0
2020-10-15,-,The Broken Hearts Gallery,7120.0,721.0,3987009.0,35,0
2020-10-15,-,The Call,6250.0,195.0,304945.0,14,0
2020-10-15,-,Kajillionaire,4160.0,267.0,511515.0,21,0
2020-10-15,-,Ava,3942.0,174.0,438672.0,21,0
2020-10-15,-,A Call to Spy,3422.0,79.0,92087.0,14,0
2020-10-15,-,Words on Bathroom Walls,3247.0,173.0,2520113.0,56,0
2020-10-15,-,Henchmen,2890.0,181.0,39297.0,14,0
2020-10-15,-,The SpongeBob Movie: Sponge on the Run,2840.0,191.0,4669794.0,63,0
2020-10-15,-,The Last Shift,2002.0,264.0,619784.0,21,0
2020-10-15,-,Bill & Ted Face the Music,1915.0,107.0,3430128.0,49,0
2020-10-15,-,Pray: The Story of Patrick Peyton,1336.0,26.0,32980.0,7,0
2020-10-15,-,Tulsa,999.0,83.0,404201.0,56,0
2020-10-15,-,The Personal History of David Copperfield,978.0,93.0,1869141.0,49,0
2020-10-15,-,No Escape,559.0,40.0,158869.0,28,0
2020-10-15,-,My Brothers’ Crossing,65.0,3.0,59390.0,43,0
2020-10-14,1,The War with Grandpa,193671.0,2250.0,4549122.0,6,0
2020-10-14,-,The New Mutants,53266.0,1663.0,22207756.0,48,0
2020-10-14,-,Unhinged,52608.0,1608.0,19568364.0,62,0
2020-10-14,-,Infidel,19840.0,959.0,3885612.0,27,0
2020-10-14,-,Possessor,17538.0,303.0,572052.0,13,0
2020-10-14,-,Yellow Rose,16339.0,900.0,227205.0,6,0
2020-10-14,-,The Wolf of Snow Hollow,11268.0,112.0,128235.0,6,0
2020-10-14,-,The Broken Hearts Gallery,8868.0,721.0,3979889.0,34,0
2020-10-14,-,Save Yourselves!,6856.0,346.0,275917.0,13,0
2020-10-14,-,The Call,6101.0,195.0,297695.0,13,0
2020-10-14,-,Kajillionaire,4580.0,267.0,507355.0,20,0
2020-10-14,-,Words on Bathroom Walls,3829.0,173.0,2516866.0,55,0
2020-10-14,-,Ava,3464.0,174.0,434730.0,20,0
2020-10-14,-,A Call to Spy,3027.0,79.0,88372.0,13,0
2020-10-14,-,The Last Shift,2521.0,264.0,617782.0,20,0
2020-10-14,-,The SpongeBob Movie: Sponge on the Run,2090.0,191.0,4666954.0,62,0
2020-10-14,-,Pray: The Story of Patrick Peyton,1687.0,25.0,31644.0,6,0
2020-10-14,-,Henchmen,1677.0,181.0,36407.0,13,0
2020-10-14,-,Bill & Ted Face the Music,1390.0,107.0,3428213.0,48,0
2020-10-14,-,Tulsa,952.0,83.0,403202.0,55,0
2020-10-14,-,The Personal History of David Copperfield,610.0,93.0,1868163.0,48,0
2020-10-14,-,No Escape,387.0,40.0,158310.0,27,0
2020-10-14,-,My Brothers’ Crossing,75.0,3.0,59325.0,42,0
2020-10-16,1,Honest Thief,1319000.0,2425.0,1826389.0,1,1
2020-10-16,2,The War with Grandpa,729638.0,2260.0,5483970.0,8,0
2020-10-16,-,The Nightmare Before Christmas,465000.0,2194.0,75534160.0,9866,0
2020-10-16,-,Hocus Pocus,251000.0,1640.0,42610060.0,9955,0
2020-10-16,-,2 Hearts,196029.0,1683.0,196029.0,1,1
2020-10-16,-,The New Mutants,128838.0,1293.0,22385364.0,50,0
2020-10-16,-,Unhinged,125167.0,1276.0,19738468.0,64,0
2020-10-16,-,Love and Monsters,90216.0,387.0,90216.0,1,1
2020-10-16,-,The Kid Detective,43741.0,865.0,43741.0,1,1
2020-10-16,-,Coco,42000.0,775.0,210371015.0,1060,0
2020-10-16,-,Star Wars Ep. V: The Empire Strikes Back,25000.0,480.0,291684960.0,14759,0
2020-10-16,-,Possessor,24977.0,188.0,615446.0,15,0
2020-10-16,-,Infidel,22637.0,471.0,3921411.0,29,0
2020-10-16,-,Yellow Rose,21488.0,900.0,261061.0,8,0
2020-10-16,-,The Call,16750.0,195.0,321695.0,15,0
2020-10-16,-,Legend of Deification,11748.0,25.0,203369.0,16,0
2020-10-16,-,Train to Busan Presents: Peninsula,9046.0,25.0,1204113.0,71,0
2020-10-16,-,The Wolf of Snow Hollow,8683.0,89.0,150378.0,8,0
2020-10-16,-,The Broken Hearts Gallery,8208.0,259.0,3995217.0,36,0
2020-10-16,-,Cut Throat City,8132.0,25.0,848155.0,78,0
2020-10-16,-,The SpongeBob Movie: Sponge on the Run,7635.0,131.0,4677429.0,64,0
2020-10-16,-,Ava,6404.0,69.0,445076.0,22,0
2020-10-16,-,A Call to Spy,4326.0,44.0,96413.0,15,0
2020-10-16,-,Save Yourselves!,4254.0,80.0,288217.0,15,0
2020-10-16,-,Kajillionaire,3965.0,91.0,515480.0,22,0
2020-10-16,-,Pray: The Story of Patrick Peyton,3794.0,51.0,36774.0,8,0
2020-10-16,-,The Last Shift,3163.0,51.0,622947.0,22,0
2020-10-16,-,Counter Column,2788.0,2.0,3526.0,1,1
2020-10-16,-,Sh*thouse,2141.0,28.0,2141.0,1,1
2020-10-16,-,Words on Bathroom Walls,1893.0,66.0,2522006.0,57,0
2020-10-16,-,Henchmen,1879.0,87.0,41176.0,15,0
2020-10-16,-,Bill & Ted Face the Music,1869.0,42.0,3431997.0,50,0
2020-10-16,-,The Personal History of David Copperfield,1691.0,64.0,1870832.0,50,0
2020-10-16,-,Twiceborn,1414.0,7.0,1414.0,1,1
2020-10-16,-,Tulsa,1289.0,36.0,405490.0,57,0
2020-10-16,-,No Escape,1014.0,24.0,159883.0,29,0
2020-10-16,-,A Mermaid in Paris,336.0,10.0,336.0,1,1
2020-10-17,1,Honest Thief,1472004.0,2425.0,3298393.0,2,0
2020-10-17,2,The War with Grandpa,1136572.0,2260.0,6620542.0,9,0
2020-10-17,-,The Nightmare Before Christmas,567000.0,2194.0,76101160.0,9867,0
2020-10-17,-,Hocus Pocus,339000.0,1640.0,42949060.0,9956,0
2020-10-17,-,The New Mutants,212641.0,1293.0,22598005.0,51,0
2020-10-17,-,2 Hearts,209494.0,1683.0,405523.0,2,0
2020-10-17,-,Unhinged,195958.0,1276.0,19934426.0,65,0
2020-10-17,-,Love and Monsters,120062.0,387.0,210278.0,2,0
2020-10-17,-,Coco,59000.0,775.0,210430015.0,1061,0
2020-10-17,-,The Kid Detective,58661.0,865.0,102402.0,2,0
2020-10-17,-,Star Wars Ep. V: The Empire Strikes Back,34000.0,480.0,291718960.0,14760,0
2020-10-17,-,Possessor,31000.0,188.0,646469.0,16,0
2020-10-17,-,Infidel,29500.0,471.0,3950774.0,30,0
2020-10-17,-,The Call,29150.0,160.0,350845.0,16,0
2020-10-17,-,Yellow Rose,27832.0,900.0,288893.0,9,0
2020-10-17,-,The SpongeBob Movie: Sponge on the Run,23733.0,131.0,4701162.0,65,0
2020-10-17,-,Ava,12692.0,69.0,457768.0,23,0
2020-10-17,-,The Wolf of Snow Hollow,11739.0,89.0,162117.0,9,0
2020-10-17,-,The Broken Hearts Gallery,8439.0,259.0,4003656.0,37,0
2020-10-17,-,Save Yourselves!,6255.0,80.0,294472.0,16,0
2020-10-17,-,A Call to Spy,4983.0,44.0,101396.0,16,0
2020-10-17,-,Kajillionaire,4545.0,91.0,520025.0,23,0
2020-10-17,-,The Last Shift,4447.0,51.0,627394.0,23,0
2020-10-17,-,Henchmen,3648.0,87.0,44824.0,16,0
2020-10-17,-,Words on Bathroom Walls,3402.0,66.0,2525408.0,58,0
2020-10-17,-,Pray: The Story of Patrick Peyton,3188.0,44.0,39962.0,9,0
2020-10-17,-,Sh*thouse,2323.0,28.0,4464.0,2,0
2020-10-17,-,Bill & Ted Face the Music,2291.0,42.0,3434288.0,51,0
2020-10-17,-,Counter Column,2112.0,2.0,5638.0,2,0
2020-10-17,-,The Personal History of David Copperfield,2000.0,64.0,1873141.0,51,0
2020-10-17,-,No Escape,1856.0,24.0,161739.0,30,0
2020-10-17,-,Twiceborn,1802.0,7.0,3216.0,2,0
2020-10-17,-,Tulsa,1370.0,36.0,406860.0,58,0
2020-10-17,-,A Mermaid in Paris,469.0,10.0,805.0,2,0
2020-10-18,1,Honest Thief,816962.0,2425.0,4115355.0,3,0
2020-10-18,2,The War with Grandpa,640313.0,2260.0,7260855.0,10,0
2020-10-18,-,The Nightmare Before Christmas,291000.0,2194.0,76392160.0,9868,0
2020-10-18,-,Hocus Pocus,166000.0,1640.0,43115060.0,9957,0
2020-10-18,-,The New Mutants,126799.0,1293.0,22724804.0,52,0
2020-10-18,-,2 Hearts,117414.0,1683.0,522937.0,3,0
2020-10-18,-,Unhinged,103088.0,1276.0,20037514.0,66,0
2020-10-18,-,Lupin III: The First,83295.0,418.0,83295.0,1,1
2020-10-18,-,Love and Monsters,60024.0,387.0,270302.0,3,0
2020-10-18,-,The Kid Detective,37816.0,865.0,140218.0,3,0
2020-10-18,-,Coco,30000.0,775.0,210460015.0,1062,0
2020-10-18,-,Yellow Rose,21334.0,900.0,310227.0,10,0
2020-10-18,-,Star Wars Ep. V: The Empire Strikes Back,20000.0,480.0,291738960.0,14761,0
2020-10-18,-,Infidel,19440.0,471.0,3970531.0,31,0
2020-10-18,-,The SpongeBob Movie: Sponge on the Run,16072.0,131.0,4717234.0,66,0
2020-10-18,-,The Call,16028.0,160.0,366873.0,17,0
2020-10-18,-,Possessor,15236.0,188.0,661154.0,17,0
2020-10-18,-,The Wolf of Snow Hollow,6491.0,89.0,168608.0,10,0
2020-10-18,-,The Broken Hearts Gallery,5150.0,259.0,4008806.0,38,0
2020-10-18,-,Pray: The Story of Patrick Peyton,4815.0,51.0,44777.0,10,0
2020-10-18,-,Ava,4541.0,69.0,462309.0,24,0
2020-10-18,-,Kajillionaire,3965.0,91.0,523990.0,24,0
2020-10-18,-,Save Yourselves!,2835.0,80.0,297307.0,17,0
2020-10-18,-,Henchmen,2576.0,87.0,47400.0,17,0
2020-10-18,-,The Last Shift,2459.0,51.0,629853.0,24,0
2020-10-18,-,Words on Bathroom Walls,2313.0,66.0,2527721.0,59,0
2020-10-18,-,A Call to Spy,2177.0,44.0,103573.0,17,0
2020-10-18,-,Twiceborn,2001.0,7.0,5217.0,3,0
2020-10-18,-,Bill & Ted Face the Music,1717.0,42.0,3436005.0,52,0
2020-10-18,-,Counter Column,1555.0,2.0,7193.0,3,0
2020-10-18,-,The Personal History of David Copperfield,1371.0,64.0,1874025.0,52,0
2020-10-18,-,Sh*thouse,1081.0,28.0,5545.0,3,0
2020-10-18,-,Tulsa,974.0,36.0,407834.0,59,0
2020-10-18,-,No Escape,795.0,24.0,162534.0,31,0
2020-10-18,-,A Mermaid in Paris,397.0,10.0,1202.0,3,0
2020-10-19,1,Honest Thief,227512.0,2425.0,4342867.0,4,0
2020-10-19,2,The War with Grandpa,134629.0,2260.0,7395484.0,11,0
2020-10-19,-,The New Mutants,36918.0,1293.0,22761722.0,53,0
2020-10-19,-,2 Hearts,31487.0,1683.0,554424.0,4,0
2020-10-19,-,Unhinged,29815.0,1276.0,20067329.0,67,0
2020-10-19,-,Love and Monsters,20802.0,387.0,291104.0,4,0
2020-10-19,-,The Kid Detective,16155.0,865.0,156373.0,4,0
2020-10-19,-,Yellow Rose,6883.0,900.0,317110.0,11,0
2020-10-19,-,Infidel,6741.0,471.0,3977272.0,32,0
2020-10-19,-,Possessor,6122.0,188.0,667276.0,18,0
2020-10-19,-,The Call,6110.0,154.0,372983.0,18,0
2020-10-19,-,The Broken Hearts Gallery,2238.0,259.0,4011044.0,39,0
2020-10-19,-,The SpongeBob Movie: Sponge on the Run,2175.0,131.0,4719409.0,67,0
2020-10-19,-,The Wolf of Snow Hollow,2050.0,89.0,170658.0,11,0
2020-10-19,-,Ava,1470.0,69.0,463779.0,25,0
2020-10-19,-,A Call to Spy,1365.0,44.0,104938.0,18,0
2020-10-19,-,The Last Shift,1212.0,51.0,631065.0,25,0
2020-10-19,-,Kajillionaire,1155.0,91.0,525145.0,25,0
2020-10-19,-,Words on Bathroom Walls,951.0,66.0,2528672.0,60,0
2020-10-19,-,Pray: The Story of Patrick Peyton,933.0,23.0,45710.0,11,0
2020-10-19,-,Bill & Ted Face the Music,873.0,42.0,3436878.0,53,0
2020-10-19,-,Save Yourselves!,821.0,80.0,298128.0,18,0
2020-10-19,-,Counter Column,650.0,2.0,7843.0,4,0
2020-10-19,-,Henchmen,578.0,87.0,47978.0,18,0
2020-10-19,-,Twiceborn,547.0,7.0,5764.0,4,0
2020-10-19,-,The Personal History of David Copperfield,476.0,64.0,1874501.0,53,0
2020-10-19,-,No Escape,308.0,24.0,162842.0,32,0
2020-10-19,-,Lupin III: The First,249.0,1.0,83544.0,2,0
2020-10-19,-,Sh*thouse,240.0,28.0,5785.0,4,0
2020-10-19,-,A Mermaid in Paris,189.0,10.0,1391.0,4,0
2020-10-19,-,Tulsa,177.0,36.0,408011.0,60,0
2020-10-20,1,Honest Thief,340599.0,2425.0,4683466.0,5,0
2020-10-20,2,The War with Grandpa,183076.0,2260.0,7578560.0,12,0
2020-10-20,-,2 Hearts,52332.0,1683.0,606756.0,5,0
2020-10-20,-,The New Mutants,43646.0,1293.0,22805368.0,54,0
2020-10-20,-,Unhinged,43568.0,1276.0,20110897.0,68,0
2020-10-20,-,Love and Monsters,26423.0,387.0,317527.0,5,0
2020-10-20,-,The Kid Detective,20905.0,865.0,177278.0,5,0
2020-10-20,-,Yellow Rose,8937.0,900.0,326047.0,12,0
2020-10-20,-,Infidel,7651.0,471.0,3984923.0,33,0
2020-10-20,-,Possessor,7346.0,188.0,674622.0,19,0
2020-10-20,-,The Call,5770.0,154.0,378753.0,19,0
2020-10-20,-,The SpongeBob Movie: Sponge on the Run,3959.0,131.0,4723368.0,68,0
2020-10-20,-,Kajillionaire,2880.0,91.0,528025.0,26,0
2020-10-20,-,The Wolf of Snow Hollow,2758.0,89.0,173416.0,12,0
2020-10-20,-,The Broken Hearts Gallery,2440.0,259.0,4013484.0,40,0
2020-10-20,-,Ava,2199.0,69.0,465978.0,26,0
2020-10-20,-,A Call to Spy,2010.0,44.0,106948.0,19,0
2020-10-20,-,Pray: The Story of Patrick Peyton,1587.0,37.0,47297.0,12,0
2020-10-20,-,Save Yourselves!,1380.0,80.0,299508.0,19,0
2020-10-20,-,The Last Shift,1308.0,51.0,632373.0,26,0
2020-10-20,-,Words on Bathroom Walls,1142.0,66.0,2529814.0,61,0
2020-10-20,-,Counter Column,870.0,2.0,8713.0,5,0
2020-10-20,-,The Personal History of David Copperfield,559.0,64.0,1875060.0,54,0
2020-10-20,-,Lupin III: The First,559.0,1.0,84103.0,3,0
2020-10-20,-,Bill & Ted Face the Music,555.0,42.0,3437433.0,54,0
2020-10-20,-,Henchmen,439.0,87.0,48417.0,19,0
2020-10-20,-,No Escape,371.0,24.0,163213.0,33,0
2020-10-20,-,Twiceborn,358.0,7.0,6122.0,5,0
2020-10-20,-,Tulsa,284.0,36.0,408295.0,61,0
2020-10-20,-,A Mermaid in Paris,250.0,10.0,1641.0,5,0
2020-10-20,-,Sh*thouse,50.0,28.0,5835.0,5,0
2020-10-21,1,Honest Thief,230188.0,2425.0,4913654.0,6,0
2020-10-21,2,The War with Grandpa,127906.0,2260.0,7706466.0,13,0
2020-10-21,-,Lupin III: The First,44075.0,418.0,128178.0,4,0
2020-10-21,-,Unhinged,33235.0,1276.0,20144132.0,69,0
2020-10-21,-,The New Mutants,31523.0,1293.0,22836891.0,55,0
2020-10-21,-,2 Hearts,31445.0,1683.0,638201.0,6,0
2020-10-21,-,Love and Monsters,21312.0,387.0,338839.0,6,0
2020-10-21,-,The Kid Detective,17736.0,865.0,195014.0,6,0
2020-10-21,-,Yellow Rose,7941.0,900.0,333988.0,13,0
2020-10-21,-,Infidel,5857.0,471.0,3990780.0,34,0
2020-10-21,-,Possessor,5804.0,188.0,680426.0,20,0
2020-10-21,-,The Call,4850.0,154.0,383603.0,20,0
2020-10-21,-,The SpongeBob Movie: Sponge on the Run,3405.0,131.0,4726773.0,69,0
2020-10-21,-,Ava,2342.0,69.0,468320.0,27,0
2020-10-21,-,The Broken Hearts Gallery,2202.0,259.0,4015686.0,41,0
2020-10-21,-,Kajillionaire,1965.0,91.0,529990.0,27,0
2020-10-21,-,The Wolf of Snow Hollow,1904.0,89.0,175320.0,13,0
2020-10-21,-,Save Yourselves!,1654.0,80.0,301162.0,20,0
2020-10-21,-,A Call to Spy,1535.0,44.0,108483.0,20,0
2020-10-21,-,Words on Bathroom Walls,1482.0,66.0,2531296.0,62,0
2020-10-21,-,Pray: The Story of Patrick Peyton,1446.0,27.0,48743.0,13,0
2020-10-21,-,The Last Shift,1294.0,51.0,633667.0,27,0
2020-10-21,-,Bill & Ted Face the Music,927.0,42.0,3438360.0,55,0
2020-10-21,-,Counter Column,686.0,2.0,9399.0,6,0
2020-10-21,-,The Personal History of David Copperfield,590.0,64.0,1875650.0,55,0
2020-10-21,-,Henchmen,467.0,87.0,48884.0,20,0
2020-10-21,-,No Escape,356.0,24.0,163569.0,34,0
2020-10-21,-,Twiceborn,303.0,7.0,6425.0,6,0
2020-10-21,-,Tulsa,279.0,36.0,408574.0,62,0
2020-10-21,-,Sh*thouse,263.0,28.0,6098.0,6,0
2020-10-21,-,A Mermaid in Paris,199.0,10.0,1840.0,6,0
2020-10-22,1,Honest Thief,212620.0,2425.0,5126274.0,7,0
2020-10-22,2,The War with Grandpa,130581.0,2260.0,7837047.0,14,0
2020-10-22,-,2 Hearts,31620.0,1683.0,669821.0,7,0
2020-10-22,-,The New Mutants,30823.0,1293.0,22867714.0,56,0
2020-10-22,-,Unhinged,28917.0,1276.0,20173049.0,70,0
2020-10-22,-,Love and Monsters,23436.0,387.0,362275.0,7,0
2020-10-22,-,The Kid Detective,14717.0,865.0,209731.0,7,0
2020-10-22,-,Yellow Rose,7133.0,900.0,341121.0,14,0
2020-10-22,-,Possessor,6616.0,188.0,687042.0,21,0
2020-10-22,-,Infidel,4842.0,471.0,3995622.0,35,0
2020-10-22,-,The Call,4250.0,154.0,387853.0,21,0
2020-10-22,-,The SpongeBob Movie: Sponge on the Run,3612.0,131.0,4730385.0,70,0
2020-10-22,-,The Broken Hearts Gallery,2534.0,259.0,4018220.0,42,0
2020-10-22,-,The Wolf of Snow Hollow,2352.0,89.0,177672.0,14,0
2020-10-22,-,Ava,2209.0,69.0,470529.0,28,0
2020-10-22,-,A Call to Spy,1803.0,44.0,110286.0,21,0
2020-10-22,-,Kajillionaire,1440.0,91.0,531430.0,28,0
2020-10-22,-,Bill & Ted Face the Music,1300.0,42.0,3439660.0,56,0
2020-10-22,-,The Last Shift,1267.0,51.0,634934.0,28,0
2020-10-22,-,Words on Bathroom Walls,1182.0,66.0,2532478.0,63,0
2020-10-22,-,Pray: The Story of Patrick Peyton,1044.0,22.0,49787.0,14,0
2020-10-22,-,Henchmen,792.0,87.0,49676.0,21,0
2020-10-22,-,Sh*thouse,761.0,28.0,6859.0,7,0
2020-10-22,-,The Personal History of David Copperfield,648.0,64.0,1876298.0,56,0
2020-10-22,-,Lupin III: The First,415.0,1.0,128593.0,5,0
2020-10-22,-,No Escape,312.0,24.0,163881.0,35,0
2020-10-22,-,Tulsa,286.0,36.0,408860.0,63,0
2020-10-22,-,Counter Column,256.0,2.0,9655.0,7,0
2020-10-22,-,Twiceborn,193.0,7.0,6618.0,7,0
2020-10-22,-,A Mermaid in Paris,148.0,10.0,1988.0,7,0
2020-10-23,1,Honest Thief,718018.0,2502.0,5844292.0,8,0
2020-10-23,2,The War with Grandpa,544821.0,2345.0,8381868.0,15,0
2020-10-23,3,The Empty Man,456548.0,2027.0,456548.0,1,1
2020-10-23,-,After We Collided,206101.0,460.0,1858374.0,43,0
2020-10-23,-,The Nightmare Before Christmas,194000.0,1614.0,194000.0,9873,0
2020-10-23,-,Hocus Pocus,179000.0,1277.0,179000.0,9962,0
2020-10-23,-,"Monsters, Inc.",164000.0,1875.0,289587425.0,6931,0
2020-10-23,-,2 Hearts,109675.0,1678.0,779496.0,8,0
2020-10-23,-,The New Mutants,80044.0,830.0,22947758.0,57,0
2020-10-23,-,Unhinged,80015.0,905.0,20253064.0,71,0
2020-10-23,-,The Addams Family,77025.0,1307.0,97262832.0,379,0
2020-10-23,-,Love and Monsters,68564.0,380.0,430839.0,8,0
2020-10-23,-,The Kid Detective,32779.0,857.0,242510.0,8,0
2020-10-23,-,The Call,12155.0,116.0,400008.0,22,0
2020-10-23,-,Possessor,9602.0,104.0,696644.0,22,0
2020-10-23,-,Infidel,8332.0,192.0,4003954.0,36,0
2020-10-23,-,The SpongeBob Movie: Sponge on the Run,6040.0,94.0,4736425.0,71,0
2020-10-23,-,The Broken Hearts Gallery,4875.0,159.0,4023095.0,43,0
2020-10-23,-,A Call to Spy,3920.0,25.0,114206.0,22,0
2020-10-23,-,Ava,3789.0,17.0,474318.0,29,0
2020-10-23,-,Sh*thouse,3221.0,28.0,10080.0,8,0
2020-10-23,-,The Last Shift,2490.0,13.0,637424.0,29,0
2020-10-23,-,Yellow Rose,2427.0,104.0,343548.0,15,0
2020-10-23,-,Murder in the Woods,2254.0,38.0,90305.0,71,0
2020-10-23,-,Lupin III: The First,2238.0,27.0,130831.0,6,0
2020-10-23,-,Pray: The Story of Patrick Peyton,2126.0,30.0,51913.0,15,0
2020-10-23,-,The Wolf of Snow Hollow,1987.0,19.0,179659.0,15,0
2020-10-23,-,Counter Column,1226.0,7.0,10881.0,8,0
2020-10-23,-,Words on Bathroom Walls,782.0,21.0,2533260.0,64,0
2020-10-23,-,Twiceborn,469.0,10.0,7087.0,8,0
2020-10-23,-,No Escape,456.0,14.0,164337.0,36,0
2020-10-23,-,Tulsa,303.0,10.0,409163.0,64,0
2020-10-24,1,Honest Thief,1055487.0,2502.0,6899779.0,9,0
2020-10-24,-,The War with Grandpa,868026.0,2345.0,9249894.0,16,0
2020-10-24,-,The Empty Man,544612.0,2027.0,1001160.0,2,0
2020-10-24,-,The Nightmare Before Christmas,256000.0,1614.0,76648160.0,9874,0
2020-10-24,-,Hocus Pocus,234000.0,1277.0,43349060.0,9963,0
2020-10-24,-,"Monsters, Inc.",222000.0,1875.0,289809425.0,6932,0
2020-10-24,-,After We Collided,138088.0,460.0,1996462.0,44,0
2020-10-24,-,2 Hearts,136065.0,1678.0,915561.0,9,0
2020-10-24,-,The Addams Family,129093.0,1307.0,97391925.0,380,0
2020-10-24,-,The New Mutants,126573.0,830.0,23074331.0,58,0
2020-10-24,-,Unhinged,124607.0,905.0,20377671.0,72,0
2020-10-24,-,Love and Monsters,100859.0,380.0,531698.0,9,0
2020-10-24,-,The Kid Detective,38014.0,857.0,280524.0,9,0
2020-10-24,-,The Call,20445.0,116.0,420453.0,23,0
2020-10-24,-,The SpongeBob Movie: Sponge on the Run,14072.0,94.0,4750497.0,72,0
2020-10-24,-,Possessor,12387.0,104.0,709031.0,23,0
2020-10-24,-,Infidel,11947.0,192.0,4015901.0,37,0
2020-10-24,-,The Broken Hearts Gallery,6008.0,159.0,4029103.0,44,0
2020-10-24,-,Ava,5063.0,17.0,479381.0,30,0
2020-10-24,-,Murder in the Woods,4347.0,38.0,94652.0,72,0
2020-10-24,-,A Call to Spy,3807.0,25.0,118013.0,23,0
2020-10-24,-,Sh*thouse,3750.0,28.0,13830.0,9,0
2020-10-24,-,No Ordinary Love,3516.0,2.0,3516.0,1,1
2020-10-24,-,Yellow Rose,3277.0,104.0,346825.0,16,0
2020-10-24,-,The Wolf of Snow Hollow,2617.0,19.0,182276.0,16,0
2020-10-24,-,Pray: The Story of Patrick Peyton,2286.0,30.0,54199.0,16,0
2020-10-24,-,The Last Shift,1806.0,13.0,639230.0,30,0
2020-10-24,-,Lupin III: The First,1796.0,27.0,132627.0,7,0
2020-10-24,-,Twiceborn,1176.0,10.0,8263.0,9,0
2020-10-24,-,No Escape,1075.0,14.0,165412.0,37,0
2020-10-24,-,Counter Column,862.0,7.0,11743.0,9,0
2020-10-24,-,Words on Bathroom Walls,809.0,21.0,2534069.0,65,0
2020-10-24,-,Tulsa,201.0,10.0,409364.0,65,0
2020-10-25,1,Honest Thief,580517.0,2502.0,7480296.0,10,0
2020-10-25,2,The War with Grandpa,500322.0,2345.0,9750216.0,17,0
2020-10-25,3,The Empty Man,309166.0,2027.0,1310326.0,3,0
2020-10-25,-,The Nightmare Before Christmas,127000.0,1614.0,76969160.0,9875,0
2020-10-25,-,Hocus Pocus,117000.0,1277.0,43466060.0,9964,0
2020-10-25,-,"Monsters, Inc.",108000.0,1875.0,289917425.0,6933,0
2020-10-25,-,After We Collided,78710.0,460.0,2075172.0,45,0
2020-10-25,-,The Addams Family,76723.0,1307.0,97468648.0,381,0
2020-10-25,-,The New Mutants,75785.0,830.0,23150116.0,59,0
2020-10-25,-,2 Hearts,73270.0,1678.0,988831.0,10,0
2020-10-25,-,Unhinged,57214.0,905.0,20434885.0,73,0
2020-10-25,-,Love and Monsters,47380.0,380.0,579078.0,10,0
2020-10-25,-,The Kid Detective,22167.0,857.0,302691.0,10,0
2020-10-25,-,The SpongeBob Movie: Sponge on the Run,11258.0,94.0,4761755.0,73,0
2020-10-25,-,The Call,10259.0,116.0,430712.0,24,0
2020-10-25,-,Infidel,7947.0,192.0,4023848.0,38,0
2020-10-25,-,Possessor,6069.0,104.0,715100.0,24,0
2020-10-25,-,The Broken Hearts Gallery,3479.0,159.0,4032582.0,45,0
2020-10-25,-,Yellow Rose,2381.0,104.0,349206.0,17,0
2020-10-25,-,Ava,2380.0,17.0,481761.0,31,0
2020-10-25,-,Murder in the Woods,2178.0,38.0,96830.0,73,0
2020-10-25,-,Pray: The Story of Patrick Peyton,2037.0,23.0,56236.0,17,0
2020-10-25,-,Lupin III: The First,1558.0,27.0,134185.0,8,0
2020-10-25,-,A Call to Spy,1504.0,25.0,119517.0,24,0
2020-10-25,-,Sh*thouse,1274.0,28.0,15104.0,10,0
2020-10-25,-,Twiceborn,1140.0,10.0,9403.0,10,0
2020-10-25,-,No Ordinary Love,1140.0,2.0,4656.0,2,0
2020-10-25,-,The Last Shift,1116.0,13.0,640346.0,31,0
2020-10-25,-,The Wolf of Snow Hollow,964.0,19.0,183240.0,17,0
2020-10-25,-,Words on Bathroom Walls,737.0,21.0,2534806.0,66,0
2020-10-25,-,Counter Column,686.0,7.0,12429.0,10,0
2020-10-25,-,No Escape,343.0,14.0,165755.0,38,0
2020-10-25,-,Tulsa,223.0,10.0,409587.0,66,0
2020-10-26,1,Honest Thief,152433.0,2502.0,7632729.0,11,0
2020-10-26,2,The War with Grandpa,94010.0,2345.0,9844226.0,18,0
2020-10-26,3,The Empty Man,91053.0,2027.0,1401379.0,4,0
2020-10-26,-,The New Mutants,24331.0,830.0,23174447.0,60,0
2020-10-26,-,The Addams Family,21440.0,1307.0,97490088.0,382,0
2020-10-26,-,2 Hearts,18075.0,1678.0,1006906.0,11,0
2020-10-26,-,Unhinged,17563.0,905.0,20452448.0,74,0
2020-10-26,-,After We Collided,17316.0,460.0,2092488.0,46,0
2020-10-26,-,Love and Monsters,14886.0,380.0,593964.0,11,0
2020-10-26,-,The Kid Detective,9068.0,857.0,311759.0,11,0
2020-10-26,-,Possessor,4233.0,104.0,719333.0,25,0
2020-10-26,-,The Call,3590.0,116.0,434302.0,25,0
2020-10-26,-,Infidel,2154.0,192.0,4026002.0,39,0
2020-10-26,-,The Broken Hearts Gallery,1435.0,159.0,4034017.0,46,0
2020-10-26,-,Ava,1375.0,17.0,483136.0,32,0
2020-10-26,-,Yellow Rose,1163.0,104.0,350369.0,18,0
2020-10-26,-,The SpongeBob Movie: Sponge on the Run,1156.0,94.0,4762911.0,74,0
2020-10-26,-,The Last Shift,877.0,13.0,641223.0,32,0
2020-10-26,-,A Call to Spy,811.0,25.0,120328.0,25,0
2020-10-26,-,Murder in the Woods,622.0,38.0,97452.0,74,0
2020-10-26,-,Sh*thouse,568.0,28.0,15672.0,11,0
2020-10-26,-,Lupin III: The First,456.0,27.0,134641.0,9,0
2020-10-26,-,Words on Bathroom Walls,382.0,21.0,2535188.0,67,0
2020-10-26,-,Counter Column,345.0,7.0,12774.0,11,0
2020-10-26,-,Pray: The Story of Patrick Peyton,251.0,9.0,56487.0,18,0
2020-10-26,-,The Wolf of Snow Hollow,221.0,19.0,183461.0,18,0
2020-10-26,-,Twiceborn,186.0,10.0,9589.0,11,0
2020-10-26,-,No Escape,160.0,14.0,165915.0,39,0
2020-10-26,-,Tulsa,21.0,10.0,409608.0,67,0
2020-10-27,1,Honest Thief,222149.0,2502.0,7854878.0,12,0
2020-10-27,2,The War with Grandpa,143858.0,2345.0,9988084.0,19,0
2020-10-27,3,The Empty Man,123967.0,2027.0,1525346.0,5,0
2020-10-27,-,2 Hearts,33628.0,1678.0,1040534.0,12,0
2020-10-27,-,The Addams Family,30765.0,1307.0,97520853.0,383,0
2020-10-27,-,The New Mutants,26350.0,830.0,23200797.0,61,0
2020-10-27,-,Unhinged,24255.0,905.0,20476703.0,75,0
2020-10-27,-,After We Collided,18002.0,460.0,2110490.0,47,0
2020-10-27,-,Love and Monsters,15433.0,380.0,609397.0,12,0
2020-10-27,-,The Kid Detective,11565.0,857.0,323324.0,12,0
2020-10-27,-,Possessor,4614.0,104.0,723947.0,26,0
2020-10-27,-,Infidel,2825.0,192.0,4028827.0,40,0
2020-10-27,-,The Call,2815.0,116.0,437117.0,26,0
2020-10-27,-,The Broken Hearts Gallery,1951.0,159.0,4035968.0,47,0
2020-10-27,-,Murder in the Woods,1756.0,38.0,99208.0,75,0
2020-10-27,-,The SpongeBob Movie: Sponge on the Run,1683.0,94.0,4764594.0,75,0
2020-10-27,-,A Call to Spy,1305.0,25.0,121633.0,26,0
2020-10-27,-,Yellow Rose,1286.0,104.0,351655.0,19,0
2020-10-27,-,Ava,1114.0,17.0,484250.0,33,0
2020-10-27,-,Lupin III: The First,789.0,27.0,135430.0,10,0
2020-10-27,-,The Last Shift,760.0,13.0,641983.0,33,0
2020-10-27,-,Sh*thouse,615.0,28.0,16287.0,12,0
2020-10-27,-,Pray: The Story of Patrick Peyton,603.0,30.0,57090.0,19,0
2020-10-27,-,The Wolf of Snow Hollow,459.0,19.0,183920.0,19,0
2020-10-27,-,Counter Column,370.0,7.0,13144.0,12,0
2020-10-27,-,Words on Bathroom Walls,348.0,21.0,2535536.0,68,0
2020-10-27,-,Twiceborn,230.0,10.0,9819.0,12,0
2020-10-27,-,No Escape,114.0,14.0,166029.0,40,0
2020-10-27,-,Tulsa,13.0,10.0,409621.0,68,0
2020-10-28,1,Honest Thief,161502.0,2502.0,8016380.0,13,0
2020-10-28,2,The War with Grandpa,104617.0,2345.0,10092701.0,20,0
2020-10-28,3,The Empty Man,100661.0,2027.0,1626007.0,6,0
2020-10-28,-,The Addams Family,31183.0,1307.0,97552036.0,384,0
2020-10-28,-,The New Mutants,24029.0,830.0,23224826.0,62,0
2020-10-28,-,2 Hearts,21686.0,1678.0,1062220.0,13,0
2020-10-28,-,Unhinged,19602.0,905.0,20496305.0,76,0
2020-10-28,-,Love and Monsters,17009.0,380.0,626406.0,13,0
2020-10-28,-,After We Collided,14474.0,460.0,2124964.0,48,0
2020-10-28,-,The Kid Detective,10494.0,857.0,333818.0,13,0
2020-10-28,-,Possessor,5168.0,104.0,729115.0,27,0
2020-10-28,-,The Call,4575.0,116.0,441692.0,27,0
2020-10-28,-,Infidel,2837.0,192.0,4031664.0,41,0
2020-10-28,-,The Broken Hearts Gallery,1763.0,159.0,4037731.0,48,0
2020-10-28,-,Ava,1679.0,17.0,485929.0,34,0
2020-10-28,-,The SpongeBob Movie: Sponge on the Run,1503.0,94.0,4766097.0,76,0
2020-10-28,-,Yellow Rose,1170.0,104.0,352825.0,20,0
2020-10-28,-,A Call to Spy,1104.0,25.0,122737.0,27,0
2020-10-28,-,Murder in the Woods,799.0,38.0,100007.0,76,0
2020-10-28,-,The Last Shift,787.0,13.0,642770.0,34,0
2020-10-28,-,Lupin III: The First,605.0,27.0,136035.0,11,0
2020-10-28,-,The Wolf of Snow Hollow,595.0,19.0,184515.0,20,0
2020-10-28,-,Sh*thouse,538.0,28.0,16825.0,13,0
2020-10-28,-,Pray: The Story of Patrick Peyton,526.0,30.0,57616.0,20,0
2020-10-28,-,Words on Bathroom Walls,270.0,21.0,2535806.0,69,0
2020-10-28,-,No Escape,243.0,14.0,166272.0,41,0
2020-10-28,-,Twiceborn,240.0,10.0,10059.0,13,0
2020-10-28,-,Counter Column,173.0,7.0,13317.0,13,0
2020-10-28,-,Tulsa,45.0,10.0,409666.0,69,0
2020-10-29,1,Honest Thief,168882.0,2502.0,8185262.0,14,0
2020-10-29,2,The War with Grandpa,115504.0,2345.0,10208205.0,21,0
2020-10-29,3,The Empty Man,81670.0,2027.0,1707677.0,7,0
2020-10-29,-,The Addams Family,32348.0,1307.0,97584384.0,385,0
2020-10-29,-,2 Hearts,20576.0,1678.0,1082796.0,14,0
2020-10-29,-,The New Mutants,20334.0,830.0,23245160.0,63,0
2020-10-29,-,Love and Monsters,19192.0,380.0,645598.0,14,0
2020-10-29,-,Unhinged,18765.0,905.0,20515070.0,77,0
2020-10-29,-,After We Collided,16991.0,460.0,2141955.0,49,0
2020-10-29,-,The Kid Detective,9943.0,857.0,343761.0,14,0
2020-10-29,-,The Call,4595.0,116.0,446287.0,28,0
2020-10-29,-,Possessor,3824.0,104.0,732939.0,28,0
2020-10-29,-,Infidel,2536.0,192.0,4034200.0,42,0
2020-10-29,-,The Broken Hearts Gallery,1816.0,159.0,4039547.0,49,0
2020-10-29,-,The SpongeBob Movie: Sponge on the Run,1745.0,94.0,4767842.0,77,0
2020-10-29,-,Ava,1682.0,17.0,487611.0,35,0
2020-10-29,-,Yellow Rose,1105.0,104.0,353930.0,21,0
2020-10-29,-,A Call to Spy,1002.0,25.0,123739.0,28,0
2020-10-29,-,The Last Shift,888.0,13.0,643658.0,35,0
2020-10-29,-,Pray: The Story of Patrick Peyton,737.0,30.0,58353.0,21,0
2020-10-29,-,Murder in the Woods,567.0,38.0,100574.0,77,0
2020-10-29,-,The Wolf of Snow Hollow,511.0,19.0,185026.0,21,0
2020-10-29,-,Sh*thouse,460.0,28.0,17285.0,14,0
2020-10-29,-,Lupin III: The First,333.0,27.0,136368.0,12,0
2020-10-29,-,Words on Bathroom Walls,263.0,21.0,2536069.0,70,0
2020-10-29,-,Counter Column,262.0,7.0,13579.0,14,0
2020-10-29,-,Twiceborn,200.0,10.0,10259.0,14,0
2020-10-29,-,No Escape,158.0,14.0,166430.0,42,0
2020-10-29,-,Tulsa,22.0,10.0,409688.0,70,0
2020-10-30,1,Come Play,1094030.0,2183.0,1094030.0,1,1
2020-10-30,2,Honest Thief,452351.0,2360.0,8637613.0,15,0
2020-10-30,3,The War with Grandpa,391023.0,2365.0,10599228.0,22,0
2020-10-30,4,The Empty Man,187942.0,2051.0,1895619.0,8,0
2020-10-30,5,Hocus Pocus,182000.0,1130.0,43827060.0,9969,0
2020-10-30,-,The Nightmare Before Christmas,144000.0,1222.0,77113160.0,9880,0
2020-10-30,-,"Monsters, Inc.",82000.0,1237.0,289999425.0,6938,0
2020-10-30,-,Spell,71434.0,369.0,71434.0,1,1
2020-10-30,-,The Addams Family,57598.0,1007.0,97641982.0,386,0
2020-10-30,-,Alita: Battle Angel,51000.0,1060.0,85761210.0,625,0
2020-10-30,-,The New Mutants,43907.0,552.0,23289067.0,64,0
2020-10-30,-,Love and Monsters,42052.0,248.0,687650.0,15,0
2020-10-30,-,After We Collided,41220.0,546.0,2183175.0,50,0
2020-10-30,-,2 Hearts,40710.0,894.0,1123506.0,15,0
2020-10-30,-,Unhinged,36716.0,602.0,20551786.0,78,0
2020-10-30,-,The Call,12685.0,78.0,458972.0,29,0
2020-10-30,-,Possessor,4993.0,88.0,737932.0,29,0
2020-10-30,-,The Kid Detective,3584.0,154.0,347345.0,15,0
2020-10-30,-,The SpongeBob Movie: Sponge on the Run,3071.0,88.0,4770913.0,78,0
2020-10-30,-,A Call to Spy,2753.0,23.0,126492.0,29,0
2020-10-30,-,Infidel,2655.0,69.0,4036855.0,43,0
2020-10-30,-,Ava,1890.0,9.0,489501.0,36,0
2020-10-30,-,The Broken Hearts Gallery,1427.0,82.0,4040974.0,50,0
2020-10-30,-,Murder in the Woods,1391.0,35.0,101965.0,78,0
2020-10-30,-,Yellow Rose,1094.0,34.0,355024.0,22,0
2020-10-30,-,Tulsa,426.0,10.0,410114.0,71,0
2020-10-30,-,Pray: The Story of Patrick Peyton,407.0,10.0,58760.0,22,0
2020-10-30,-,Lupin III: The First,395.0,24.0,136763.0,13,0
2020-10-30,-,Counter Column,358.0,6.0,13937.0,15,0
2020-10-30,-,Words on Bathroom Walls,310.0,11.0,2536379.0,71,0
2020-10-30,-,No Escape,270.0,8.0,166700.0,43,0
2020-10-30,-,Twiceborn,35.0,3.0,10294.0,15,0
2020-10-31,1,Come Play,1331245.0,2183.0,2425275.0,2,0
2020-10-31,2,Honest Thief,531663.0,2360.0,9169276.0,16,0
2020-10-31,3,The War with Grandpa,431756.0,2365.0,11030984.0,23,0
2020-10-31,4,The Empty Man,253731.0,2051.0,2149350.0,9,0
2020-10-31,5,Hocus Pocus,174000.0,1130.0,44001060.0,9970,0
2020-10-31,-,The Nightmare Before Christmas,157000.0,1222.0,77270160.0,9881,0
2020-10-31,-,"Monsters, Inc.",99000.0,1237.0,290098425.0,6939,0
2020-10-31,-,Spell,89321.0,369.0,160755.0,2,0
2020-10-31,-,The Addams Family,78041.0,1007.0,97720023.0,387,0
2020-10-31,-,The New Mutants,58234.0,552.0,23347301.0,65,0
2020-10-31,-,Love and Monsters,52555.0,248.0,740205.0,16,0
2020-10-31,-,Unhinged,46766.0,602.0,20598552.0,79,0
2020-10-31,-,Alita: Battle Angel,42000.0,1060.0,85803210.0,626,0
2020-10-31,-,2 Hearts,37351.0,894.0,1160857.0,16,0
2020-10-31,-,After We Collided,28446.0,546.0,2211621.0,51,0
2020-10-31,-,The Call,17957.0,78.0,476929.0,30,0
2020-10-31,-,Possessor,5266.0,88.0,743198.0,30,0
2020-10-31,-,The SpongeBob Movie: Sponge on the Run,4636.0,88.0,4775549.0,79,0
2020-10-31,-,Infidel,3860.0,69.0,4040715.0,44,0
2020-10-31,-,The Kid Detective,3651.0,154.0,350996.0,16,0
2020-10-31,-,A Call to Spy,2573.0,23.0,129065.0,30,0
2020-10-31,-,Ava,2296.0,9.0,491797.0,37,0
2020-10-31,-,Murder in the Woods,1996.0,35.0,103961.0,79,0
2020-10-31,-,The Broken Hearts Gallery,1481.0,82.0,4042455.0,51,0
2020-10-31,-,Lupin III: The First,1192.0,24.0,137955.0,14,0
2020-10-31,-,Yellow Rose,688.0,34.0,355712.0,23,0
2020-10-31,-,Pray: The Story of Patrick Peyton,617.0,12.0,59377.0,23,0
2020-10-31,-,No Escape,543.0,8.0,167243.0,44,0
2020-10-31,-,Tulsa,361.0,10.0,410475.0,72,0
2020-10-31,-,Words on Bathroom Walls,355.0,11.0,2536734.0,72,0
2020-10-31,-,Counter Column,222.0,6.0,14159.0,16,0
2020-10-31,-,Twiceborn,74.0,3.0,10368.0,16,0
2020-11-01,1,Come Play,694600.0,2183.0,3119875.0,3,0
2020-11-01,2,The War with Grandpa,447941.0,2365.0,11478925.0,24,0
2020-11-01,3,Honest Thief,389065.0,2360.0,9558341.0,17,0
2020-11-01,4,The Empty Man,135678.0,2051.0,2285028.0,10,0
2020-11-01,5,Hocus Pocus,100000.0,1130.0,44101060.0,9971,0
2020-11-01,-,The Nightmare Before Christmas,85000.0,1222.0,77355160.0,9882,0
2020-11-01,-,The Addams Family,51321.0,1007.0,97771344.0,388,0
2020-11-01,-,"Monsters, Inc.",51000.0,1237.0,290149425.0,6940,0
2020-11-01,-,The New Mutants,46395.0,552.0,23393696.0,66,0
2020-11-01,-,Spell,45836.0,369.0,206591.0,3,0
2020-11-01,-,Alita: Battle Angel,35000.0,1060.0,85838210.0,627,0
2020-11-01,-,Unhinged,34319.0,602.0,20632871.0,80,0
2020-11-01,-,2 Hearts,33544.0,894.0,1194401.0,17,0
2020-11-01,-,Love and Monsters,33087.0,248.0,773292.0,17,0
2020-11-01,-,After We Collided,32980.0,546.0,2244601.0,52,0
2020-11-01,-,The SpongeBob Movie: Sponge on the Run,6817.0,88.0,4782366.0,80,0
2020-11-01,-,The Call,6224.0,78.0,483153.0,31,0
2020-11-01,-,Possessor,3369.0,88.0,746567.0,31,0
2020-11-01,-,The Kid Detective,3249.0,154.0,354245.0,17,0
2020-11-01,-,Infidel,2569.0,69.0,4043284.0,45,0
2020-11-01,-,Ava,1774.0,9.0,493571.0,38,0
2020-11-01,-,The Broken Hearts Gallery,1745.0,82.0,4044200.0,52,0
2020-11-01,-,A Call to Spy,1292.0,23.0,130357.0,31,0
2020-11-01,-,Pray: The Story of Patrick Peyton,1178.0,12.0,60560.0,24,0
2020-11-01,-,Yellow Rose,979.0,34.0,356691.0,24,0
2020-11-01,-,Murder in the Woods,902.0,35.0,104863.0,80,0
2020-11-01,-,Lupin III: The First,767.0,24.0,138722.0,15,0
2020-11-01,-,Tulsa,372.0,10.0,410847.0,73,0
2020-11-01,-,Counter Column,330.0,6.0,14489.0,17,0
2020-11-01,-,Words on Bathroom Walls,309.0,11.0,2537043.0,73,0
2020-11-01,-,No Escape,254.0,8.0,167497.0,45,0
2020-11-01,-,Twiceborn,39.0,3.0,10407.0,17,0
2020-11-02,1,Come Play,251070.0,2183.0,3370945.0,4,0
2020-11-02,2,Honest Thief,113925.0,2360.0,9672266.0,18,0
2020-11-02,3,The War with Grandpa,100030.0,2365.0,11578955.0,25,0
2020-11-02,-,The Empty Man,42417.0,2051.0,2327445.0,11,0
2020-11-02,-,The Addams Family,18961.0,1007.0,97790305.0,389,0
2020-11-02,-,The New Mutants,15423.0,552.0,23409119.0,67,0
2020-11-02,-,Spell,12551.0,369.0,219142.0,4,0
2020-11-02,-,Unhinged,11855.0,602.0,20644726.0,81,0
2020-11-02,-,Love and Monsters,10911.0,248.0,784203.0,18,0
2020-11-02,-,2 Hearts,9935.0,894.0,1204336.0,18,0
2020-11-02,-,After We Collided,9325.0,546.0,2253926.0,53,0
2020-11-02,-,The Call,2180.0,78.0,485333.0,32,0
2020-11-02,-,The Kid Detective,1263.0,154.0,355508.0,18,0
2020-11-02,-,Possessor,1235.0,88.0,747802.0,32,0
2020-11-02,-,Ava,1047.0,9.0,494618.0,39,0
2020-11-02,-,The SpongeBob Movie: Sponge on the Run,885.0,88.0,4783251.0,81,0
2020-11-02,-,Infidel,701.0,69.0,4043985.0,46,0
2020-11-02,-,A Call to Spy,666.0,23.0,131023.0,32,0
2020-11-02,-,The Broken Hearts Gallery,577.0,82.0,4044777.0,53,0
2020-11-02,-,Yellow Rose,444.0,34.0,357135.0,25,0
2020-11-02,-,Murder in the Woods,430.0,35.0,105293.0,81,0
2020-11-02,-,No Escape,190.0,8.0,167687.0,46,0
2020-11-02,-,Counter Column,130.0,5.0,14619.0,18,0
2020-11-02,-,Words on Bathroom Walls,127.0,11.0,2537170.0,74,0
2020-11-02,-,Pray: The Story of Patrick Peyton,110.0,12.0,60670.0,25,0
2020-11-02,-,Lupin III: The First,83.0,24.0,138805.0,16,0
2020-11-02,-,Twiceborn,43.0,3.0,10450.0,18,0
2020-11-02,-,Tulsa,28.0,10.0,410875.0,74,0
2020-11-03,1,Come Play,223545.0,2183.0,3594490.0,5,0
2020-11-03,2,Honest Thief,142860.0,2360.0,9815126.0,19,0
2020-11-03,3,The War with Grandpa,136523.0,2365.0,11715478.0,26,0
2020-11-03,-,The Empty Man,46170.0,2051.0,2373615.0,12,0
2020-11-03,-,The Addams Family,20007.0,1007.0,97810312.0,390,0
2020-11-03,-,The New Mutants,17391.0,552.0,23426510.0,68,0
2020-11-03,-,2 Hearts,15806.0,894.0,1220142.0,19,0
2020-11-03,-,Unhinged,13263.0,602.0,20657989.0,82,0
2020-11-03,-,Love and Monsters,12766.0,248.0,796969.0,19,0
2020-11-03,-,Spell,12668.0,369.0,231810.0,5,0
2020-11-03,-,After We Collided,10143.0,546.0,2264069.0,54,0
2020-11-03,-,The Call,2050.0,78.0,487383.0,33,0
2020-11-03,-,The Kid Detective,1867.0,154.0,357375.0,19,0
2020-11-03,-,The SpongeBob Movie: Sponge on the Run,1681.0,88.0,4784932.0,82,0
2020-11-03,-,Possessor,1659.0,88.0,749461.0,33,0
2020-11-03,-,A Call to Spy,1055.0,23.0,132078.0,33,0
2020-11-03,-,Murder in the Woods,930.0,35.0,106223.0,82,0
2020-11-03,-,Ava,918.0,9.0,495536.0,40,0
2020-11-03,-,Infidel,798.0,69.0,4044783.0,47,0
2020-11-03,-,The Broken Hearts Gallery,752.0,82.0,4045529.0,54,0
2020-11-03,-,Yellow Rose,489.0,34.0,357624.0,26,0
2020-11-03,-,Words on Bathroom Walls,381.0,11.0,2537551.0,75,0
2020-11-03,-,Pray: The Story of Patrick Peyton,249.0,12.0,60919.0,26,0
2020-11-03,-,Counter Column,110.0,5.0,14729.0,19,0
2020-11-03,-,Tulsa,97.0,10.0,410972.0,75,0
2020-11-03,-,No Escape,72.0,8.0,167759.0,47,0
2020-11-03,-,Twiceborn,17.0,3.0,10467.0,19,0
2020-11-03,-,Lupin III: The First,16.0,24.0,138821.0,17,0
2020-11-04,1,Come Play,177115.0,2183.0,3771605.0,6,0
2020-11-04,2,Honest Thief,108398.0,2360.0,9923524.0,20,0
2020-11-04,3,The War with Grandpa,86121.0,2365.0,11801599.0,27,0
2020-11-04,-,The Empty Man,37763.0,2051.0,2411378.0,13,0
2020-11-04,-,The Addams Family,18216.0,1007.0,97828528.0,391,0
2020-11-04,-,The New Mutants,15715.0,552.0,23442225.0,69,0
2020-11-04,-,Unhinged,12718.0,602.0,20670707.0,83,0
2020-11-04,-,Love and Monsters,12008.0,248.0,808977.0,20,0
2020-11-04,-,Spell,11246.0,369.0,243056.0,6,0
2020-11-04,-,2 Hearts,10659.0,894.0,1230801.0,20,0
2020-11-04,-,After We Collided,9174.0,546.0,2273243.0,55,0
2020-11-04,-,The Call,2085.0,78.0,489468.0,34,0
2020-11-04,-,Possessor,1858.0,88.0,751319.0,34,0
2020-11-04,-,The SpongeBob Movie: Sponge on the Run,1459.0,88.0,4786391.0,83,0
2020-11-04,-,The Kid Detective,1255.0,154.0,358630.0,20,0
2020-11-04,-,Ava,1096.0,9.0,496632.0,41,0
2020-11-04,-,Infidel,871.0,69.0,4045654.0,48,0
2020-11-04,-,A Call to Spy,819.0,23.0,132897.0,34,0
2020-11-04,-,The Broken Hearts Gallery,617.0,82.0,4046146.0,55,0
2020-11-04,-,Yellow Rose,526.0,34.0,358150.0,27,0
2020-11-04,-,Murder in the Woods,374.0,35.0,106597.0,83,0
2020-11-04,-,Lupin III: The First,172.0,24.0,138993.0,18,0
2020-11-04,-,Words on Bathroom Walls,172.0,11.0,2537723.0,76,0
2020-11-04,-,No Escape,116.0,8.0,167875.0,48,0
2020-11-04,-,Counter Column,115.0,5.0,14844.0,20,0
2020-11-04,-,Tulsa,107.0,10.0,411079.0,76,0
2020-11-04,-,Twiceborn,80.0,3.0,10547.0,20,0
2020-11-05,1,Come Play,160220.0,2183.0,3931825.0,7,0
2020-11-05,2,Honest Thief,112998.0,2360.0,10036522.0,21,0
2020-11-05,3,The War with Grandpa,101010.0,2365.0,11902609.0,28,0
2020-11-05,-,The Empty Man,36099.0,2051.0,2447477.0,14,0
2020-11-05,-,The Addams Family,19013.0,1007.0,97847541.0,392,0
2020-11-05,-,The New Mutants,15174.0,552.0,23457399.0,70,0
2020-11-05,-,Spell,14687.0,369.0,257743.0,7,0
2020-11-05,-,Unhinged,11457.0,602.0,20682164.0,84,0
2020-11-05,-,Love and Monsters,11174.0,248.0,820151.0,21,0
2020-11-05,-,After We Collided,10383.0,546.0,2283626.0,56,0
2020-11-05,-,2 Hearts,9573.0,894.0,1240374.0,21,0
2020-11-05,-,The Call,2215.0,78.0,491683.0,35,0
2020-11-05,-,The Kid Detective,1652.0,154.0,360282.0,21,0
2020-11-05,-,The SpongeBob Movie: Sponge on the Run,1605.0,88.0,4787996.0,84,0
2020-11-05,-,Possessor,1566.0,88.0,752885.0,35,0
2020-11-05,-,Yellow Rose,1126.0,34.0,359276.0,28,0
2020-11-05,-,Ava,1115.0,9.0,497747.0,42,0
2020-11-05,-,The Broken Hearts Gallery,1085.0,82.0,4047231.0,56,0
2020-11-05,-,Infidel,1071.0,69.0,4046725.0,49,0
2020-11-05,-,A Call to Spy,807.0,23.0,133704.0,35,0
2020-11-05,-,Murder in the Woods,289.0,35.0,106886.0,84,0
2020-11-05,-,Words on Bathroom Walls,197.0,11.0,2537920.0,77,0
2020-11-05,-,No Escape,87.0,8.0,167962.0,49,0
2020-11-05,-,Lupin III: The First,73.0,24.0,139066.0,19,0
2020-11-05,-,Counter Column,48.0,5.0,14892.0,21,0
2020-11-05,-,Twiceborn,43.0,3.0,10590.0,21,0
2020-11-05,-,Tulsa,20.0,10.0,411099.0,77,0
2020-11-06,1,Let Him Go,1479580.0,2454.0,1479580.0,1,1
2020-11-06,2,Come Play,544985.0,2213.0,4476810.0,8,0
2020-11-06,3,The War with Grandpa,400812.0,2348.0,12303421.0,29,0
2020-11-06,-,Honest Thief,346927.0,2360.0,10383449.0,22,0
2020-11-06,-,Toy Story,161000.0,2102.0,191957233.0,9117,0
2020-11-06,-,The Empty Man,89425.0,1243.0,2536902.0,15,0
2020-11-06,-,The Informer,47275.0,283.0,47275.0,1,1
2020-11-06,-,Spell,42459.0,368.0,300202.0,8,0
2020-11-06,-,The New Mutants,34156.0,327.0,23491555.0,71,0
2020-11-06,-,Love and Monsters,34064.0,177.0,854215.0,22,0
2020-11-06,-,Unhinged,26133.0,374.0,20708297.0,85,0
2020-11-06,-,After We Collided,19818.0,546.0,2303444.0,57,0
2020-11-06,-,2 Hearts,18592.0,379.0,1258966.0,22,0
2020-11-06,-,The Call,5210.0,53.0,496893.0,36,0
2020-11-06,-,The Broken Hearts Gallery,4273.0,258.0,4051504.0,57,0
2020-11-06,-,The Addams Family,2921.0,107.0,97850462.0,393,0
2020-11-06,-,A Call to Spy,2671.0,27.0,136375.0,36,0
2020-11-06,-,Kindred,2459.0,50.0,2459.0,1,1
2020-11-06,-,The SpongeBob Movie: Sponge on the Run,2357.0,55.0,4790353.0,85,0
2020-11-06,-,Yellow Rose,1676.0,17.0,360952.0,29,0
2020-11-06,-,The Kid Detective,764.0,64.0,361046.0,22,0
2020-11-06,-,Words on Bathroom Walls,691.0,9.0,2538611.0,78,0
2020-11-06,-,Infidel,620.0,30.0,4047345.0,50,0
2020-11-06,-,Pray: The Story of Patrick Peyton,578.0,19.0,62111.0,29,0
2020-11-06,-,Murder in the Woods,464.0,9.0,107350.0,85,0
2020-11-06,-,Tulsa,437.0,9.0,411536.0,78,0
2020-11-06,-,Twiceborn,76.0,1.0,10666.0,22,0
2020-11-06,-,Love by Drowning,72.0,4.0,72.0,1,1
2020-11-06,-,Counter Column,58.0,6.0,14950.0,22,0
2020-11-07,1,Let Him Go,1620470.0,2454.0,3100050.0,2,0
2020-11-07,2,Come Play,838825.0,2213.0,5315635.0,9,0
2020-11-07,3,The War with Grandpa,718897.0,2348.0,13022318.0,30,0
2020-11-07,-,Honest Thief,523165.0,2360.0,10906614.0,23,0
2020-11-07,-,Toy Story,233000.0,2102.0,192190233.0,9118,0
2020-11-07,-,The Empty Man,132374.0,1243.0,2669276.0,16,0
2020-11-07,-,Spell,63685.0,368.0,363887.0,9,0
2020-11-07,-,The New Mutants,57636.0,327.0,23549191.0,72,0
2020-11-07,-,The Informer,53635.0,283.0,100910.0,2,0
2020-11-07,-,Love and Monsters,48896.0,177.0,903111.0,23,0
2020-11-07,-,Unhinged,35420.0,374.0,20743717.0,86,0
2020-11-07,-,After We Collided,27698.0,546.0,2331142.0,58,0
2020-11-07,-,2 Hearts,26051.0,379.0,1285017.0,23,0
2020-11-07,-,The SpongeBob Movie: Sponge on the Run,7320.0,55.0,4797673.0,86,0
2020-11-07,-,The Call,7259.0,53.0,504152.0,37,0
2020-11-07,-,The Broken Hearts Gallery,5055.0,258.0,4056559.0,58,0
2020-11-07,-,The Addams Family,4410.0,107.0,97854872.0,394,0
2020-11-07,-,A Call to Spy,3803.0,27.0,140178.0,37,0
2020-11-07,-,Kindred,2529.0,50.0,4988.0,2,0
2020-11-07,-,Yellow Rose,1996.0,17.0,362948.0,30,0
2020-11-07,-,The Kid Detective,1257.0,64.0,362303.0,23,0
2020-11-07,-,Infidel,1140.0,30.0,4048485.0,51,0
2020-11-07,-,Words on Bathroom Walls,1002.0,9.0,2539613.0,79,0
2020-11-07,-,Pray: The Story of Patrick Peyton,864.0,19.0,62975.0,30,0
2020-11-07,-,Murder in the Woods,692.0,9.0,108042.0,86,0
2020-11-07,-,Tulsa,650.0,9.0,412186.0,79,0
2020-11-07,-,Counter Column,150.0,6.0,15100.0,23,0
2020-11-07,-,Twiceborn,110.0,1.0,10776.0,23,0
2020-11-07,-,Love by Drowning,107.0,4.0,179.0,2,0
2020-11-08,1,Let Him Go,900420.0,2454.0,4000470.0,3,0
2020-11-08,2,Come Play,409270.0,2213.0,5724905.0,10,0
2020-11-08,3,The War with Grandpa,386775.0,2348.0,13409093.0,31,0
2020-11-08,-,Honest Thief,270999.0,2360.0,11177613.0,24,0
2020-11-08,-,Toy Story,111000.0,2102.0,192301233.0,9119,0
2020-11-08,-,The Empty Man,72551.0,1243.0,2741827.0,17,0
2020-11-08,-,The New Mutants,35928.0,327.0,23585119.0,73,0
2020-11-08,-,The Informer,32565.0,283.0,133475.0,3,0
2020-11-08,-,Spell,29007.0,368.0,392894.0,10,0
2020-11-08,-,Love and Monsters,24714.0,177.0,927825.0,24,0
2020-11-08,-,Unhinged,18818.0,374.0,20762535.0,87,0
2020-11-08,-,After We Collided,12705.0,546.0,2343847.0,59,0
2020-11-08,-,2 Hearts,12188.0,379.0,1297205.0,24,0
2020-11-08,-,The SpongeBob Movie: Sponge on the Run,5025.0,55.0,4802698.0,87,0
2020-11-08,-,The Addams Family,3943.0,107.0,97858815.0,395,0
2020-11-08,-,The Broken Hearts Gallery,3182.0,258.0,4059741.0,59,0
2020-11-08,-,The Call,2915.0,53.0,507067.0,38,0
2020-11-08,-,Kindred,1807.0,50.0,6795.0,3,0
2020-11-08,-,A Call to Spy,1416.0,27.0,141696.0,38,0
2020-11-08,-,Yellow Rose,1173.0,17.0,364121.0,31,0
2020-11-08,-,Pray: The Story of Patrick Peyton,1063.0,19.0,64038.0,31,0
2020-11-08,-,The Kid Detective,880.0,64.0,363183.0,24,0
2020-11-08,-,Infidel,680.0,30.0,4049165.0,52,0
2020-11-08,-,Words on Bathroom Walls,590.0,9.0,2540203.0,80,0
2020-11-08,-,Murder in the Woods,398.0,9.0,108440.0,87,0
2020-11-08,-,Tulsa,227.0,9.0,412413.0,80,0
2020-11-08,-,Twiceborn,198.0,1.0,10974.0,24,0
2020-11-08,-,Counter Column,145.0,6.0,15245.0,24,0
2020-11-08,-,Love by Drowning,88.0,4.0,267.0,3,0
2020-11-09,1,Let Him Go,221810.0,2454.0,4222280.0,4,0
2020-11-09,2,Come Play,111845.0,2213.0,5836750.0,11,0
2020-11-09,3,Honest Thief,77194.0,2360.0,11254807.0,25,0
2020-11-09,4,The War with Grandpa,73251.0,2348.0,13482344.0,32,0
2020-11-09,-,The Empty Man,22962.0,1243.0,2764789.0,18,0
2020-11-09,-,The New Mutants,14024.0,327.0,23599143.0,74,0
2020-11-09,-,The Informer,11609.0,283.0,145084.0,4,0
2020-11-09,-,Spell,9054.0,368.0,401948.0,11,0
2020-11-09,-,Love and Monsters,8761.0,177.0,936586.0,25,0
2020-11-09,-,Unhinged,6153.0,374.0,20768688.0,88,0
2020-11-09,-,2 Hearts,4329.0,379.0,1301534.0,25,0
2020-11-09,-,After We Collided,3231.0,546.0,2347078.0,60,0
2020-11-09,-,The Addams Family,1761.0,107.0,97860576.0,396,0
2020-11-09,-,The Call,1650.0,53.0,508717.0,39,0
2020-11-09,-,Pray: The Story of Patrick Peyton,1470.0,19.0,65508.0,32,0
2020-11-09,-,The Broken Hearts Gallery,964.0,258.0,4060705.0,60,0
2020-11-09,-,Yellow Rose,881.0,17.0,365002.0,32,0
2020-11-09,-,A Call to Spy,642.0,27.0,142338.0,39,0
2020-11-09,-,The SpongeBob Movie: Sponge on the Run,612.0,55.0,4803310.0,88,0
2020-11-09,-,Kindred,354.0,50.0,7149.0,4,0
2020-11-09,-,Words on Bathroom Walls,324.0,9.0,2540527.0,81,0
2020-11-09,-,Infidel,266.0,30.0,4049431.0,53,0
2020-11-09,-,The Kid Detective,170.0,64.0,363353.0,25,0
2020-11-09,-,Murder in the Woods,142.0,9.0,108582.0,88,0
2020-11-09,-,Tulsa,69.0,9.0,412482.0,81,0
2020-11-09,-,Twiceborn,16.0,1.0,10990.0,25,0
2020-11-10,1,Let Him Go,359795.0,2454.0,4582075.0,5,0
2020-11-10,2,Come Play,140660.0,2213.0,5977410.0,12,0
2020-11-10,3,The War with Grandpa,127965.0,2348.0,13610309.0,33,0
2020-11-10,4,Honest Thief,116377.0,2360.0,11371184.0,26,0
2020-11-10,-,The Empty Man,29501.0,1243.0,2794290.0,19,0
2020-11-10,-,The New Mutants,19932.0,327.0,23619075.0,75,0
2020-11-10,-,The Informer,15442.0,283.0,160526.0,5,0
2020-11-10,-,Love and Monsters,12987.0,177.0,949573.0,26,0
2020-11-10,-,Spell,10356.0,368.0,412304.0,12,0
2020-11-10,-,Unhinged,8378.0,374.0,20777066.0,89,0
2020-11-10,-,2 Hearts,7024.0,379.0,1308558.0,26,0
2020-11-10,-,After We Collided,4513.0,546.0,2351591.0,61,0
2020-11-10,-,A Call to Spy,1457.0,27.0,143795.0,40,0
2020-11-10,-,The Addams Family,1218.0,107.0,97861794.0,397,0
2020-11-10,-,The SpongeBob Movie: Sponge on the Run,956.0,55.0,4804266.0,89,0
2020-11-10,-,Yellow Rose,937.0,17.0,365939.0,33,0
2020-11-10,-,The Broken Hearts Gallery,505.0,258.0,4061210.0,61,0
2020-11-10,-,Infidel,500.0,30.0,4049931.0,54,0
2020-11-10,-,Kindred,454.0,50.0,7603.0,5,0
2020-11-10,-,The Kid Detective,403.0,64.0,363756.0,26,0
2020-11-10,-,Words on Bathroom Walls,315.0,9.0,2540842.0,82,0
2020-11-10,-,Pray: The Story of Patrick Peyton,266.0,19.0,65774.0,33,0
2020-11-10,-,Murder in the Woods,143.0,9.0,108725.0,89,0
2020-11-10,-,Twiceborn,104.0,1.0,11094.0,26,0
2020-11-10,-,Counter Column,103.0,5.0,15348.0,26,0
2020-11-10,-,Tulsa,77.0,9.0,412559.0,82,0
2020-11-11,1,Let Him Go,311155.0,2454.0,4893230.0,6,0
2020-11-11,2,The War with Grandpa,205493.0,2348.0,13815802.0,34,0
2020-11-11,3,Come Play,149600.0,2213.0,6127010.0,13,0
2020-11-11,4,Honest Thief,127956.0,2217.0,11499140.0,27,0
2020-11-11,-,The Empty Man,31086.0,1243.0,2825376.0,20,0
2020-11-11,-,The New Mutants,24344.0,327.0,23643419.0,76,0
2020-11-11,-,The Informer,15526.0,283.0,176052.0,6,0
2020-11-11,-,Love and Monsters,13005.0,177.0,962578.0,27,0
2020-11-11,-,Spell,10493.0,368.0,422797.0,13,0
2020-11-11,-,Unhinged,10002.0,374.0,20787068.0,90,0
2020-11-11,-,2 Hearts,7238.0,379.0,1315796.0,27,0
2020-11-11,-,The SpongeBob Movie: Sponge on the Run,5583.0,55.0,4809849.0,90,0
2020-11-11,-,After We Collided,4872.0,546.0,2356463.0,62,0
2020-11-11,-,The Addams Family,1729.0,107.0,97863523.0,398,0
2020-11-11,-,The Broken Hearts Gallery,1238.0,258.0,4062448.0,62,0
2020-11-11,-,Yellow Rose,979.0,17.0,366918.0,34,0
2020-11-11,-,A Call to Spy,861.0,27.0,144656.0,41,0
2020-11-11,-,Kindred,535.0,50.0,8138.0,6,0
2020-11-11,-,Infidel,459.0,30.0,4050390.0,55,0
2020-11-11,-,Words on Bathroom Walls,405.0,9.0,2541247.0,83,0
2020-11-11,-,Twiceborn,220.0,1.0,11314.0,27,0
2020-11-11,-,Tulsa,207.0,9.0,412766.0,83,0
2020-11-11,-,The Kid Detective,205.0,64.0,363961.0,27,0
2020-11-11,-,Pray: The Story of Patrick Peyton,141.0,19.0,65915.0,34,0
2020-11-11,-,Counter Column,56.0,5.0,15404.0,27,0
2020-11-11,-,Murder in the Woods,31.0,9.0,108756.0,90,0
2020-11-12,1,Let Him Go,194235.0,2454.0,5087465.0,7,0
2020-11-12,2,Come Play,89530.0,2213.0,6216540.0,14,0
2020-11-12,3,The War with Grandpa,86901.0,2348.0,13902703.0,35,0
2020-11-12,4,Honest Thief,82986.0,2217.0,11582126.0,28,0
2020-11-12,-,The Empty Man,15511.0,1243.0,2840887.0,21,0
2020-11-12,-,The New Mutants,13076.0,327.0,23656495.0,77,0
2020-11-12,-,The Informer,11353.0,283.0,187405.0,7,0
2020-11-12,-,Love and Monsters,9007.0,177.0,971585.0,28,0
2020-11-12,-,Unhinged,7543.0,374.0,20794611.0,91,0
2020-11-12,-,Spell,7444.0,368.0,430241.0,14,0
2020-11-12,-,After We Collided,4002.0,546.0,2360465.0,63,0
2020-11-12,-,2 Hearts,3953.0,148.0,1319749.0,28,0
2020-11-12,-,The Call,1425.0,53.0,513292.0,42,0
2020-11-12,-,The Addams Family,1210.0,107.0,97864733.0,399,0
2020-11-12,-,The SpongeBob Movie: Sponge on the Run,941.0,55.0,4810790.0,91,0
2020-11-12,-,Yellow Rose,931.0,17.0,367849.0,35,0
2020-11-12,-,Words on Bathroom Walls,700.0,9.0,2541947.0,84,0
2020-11-12,-,The Broken Hearts Gallery,459.0,258.0,4062907.0,63,0
2020-11-12,-,A Call to Spy,430.0,27.0,145086.0,42,0
2020-11-12,-,Kindred,324.0,50.0,8462.0,7,0
2020-11-12,-,Infidel,303.0,30.0,4050693.0,56,0
2020-11-12,-,Pray: The Story of Patrick Peyton,261.0,19.0,66176.0,35,0
2020-11-12,-,Twiceborn,213.0,1.0,11527.0,28,0
2020-11-12,-,The Kid Detective,177.0,64.0,364138.0,28,0
2020-11-12,-,Counter Column,42.0,5.0,15446.0,28,0
2020-11-12,-,Tulsa,38.0,9.0,412804.0,84,0
2020-11-12,-,Murder in the Woods,10.0,9.0,108766.0,91,0
2020-11-13,1,Freaky,1486810.0,2472.0,1486810.0,1,1
2020-11-13,2,Let Him Go,558530.0,2458.0,5645995.0,8,0
2020-11-13,3,Come Play,335875.0,1966.0,6552415.0,15,0
2020-11-13,4,The War with Grandpa,329459.0,2145.0,14232162.0,36,0
2020-11-13,5,Honest Thief,238634.0,1843.0,11820760.0,29,0
2020-11-13,-,Guardians of the Galaxy,123000.0,1560.0,333295112.0,2297,0
2020-11-13,-,True to the Game 2: Gena’s Story,81749.0,281.0,404640.0,8,0
2020-11-13,-,Toy Story,63000.0,1360.0,192364233.0,9124,0
2020-11-13,-,Come Away,30330.0,475.0,30330.0,1,1
2020-11-13,-,Ammonite,29959.0,280.0,29959.0,1,1
2020-11-13,-,The Empty Man,26605.0,506.0,2867492.0,22,0
2020-11-13,-,Love and Monsters,24928.0,129.0,996513.0,29,0
2020-11-13,-,The New Mutants,24259.0,215.0,23680754.0,78,0
2020-11-13,-,The Informer,19544.0,168.0,206949.0,8,0
2020-11-13,-,Spell,17561.0,159.0,447802.0,15,0
2020-11-13,-,Unhinged,9416.0,176.0,20804027.0,92,0
2020-11-13,-,2 Hearts,6206.0,148.0,1325955.0,29,0
2020-11-13,-,After We Collided,5460.0,141.0,2365925.0,64,0
2020-11-13,-,A Call to Spy,2058.0,8.0,147144.0,43,0
2020-11-13,-,Pray: The Story of Patrick Peyton,1364.0,11.0,67540.0,36,0
2020-11-13,-,The Broken Hearts Gallery,1006.0,239.0,4063913.0,64,0
2020-11-13,-,The Call,480.0,20.0,513772.0,43,0
2020-11-13,-,Tulsa,303.0,6.0,413107.0,85,0
2020-11-13,-,Infidel,157.0,7.0,4050850.0,57,0
2020-11-13,-,Words on Bathroom Walls,143.0,4.0,2542090.0,85,0
2020-11-13,-,Murder in the Woods,126.0,1.0,108892.0,92,0
2020-11-14,1,Freaky,1397115.0,2472.0,2883925.0,2,0
2020-11-14,2,Let Him Go,794710.0,2458.0,6440705.0,9,0
2020-11-14,3,The War with Grandpa,643841.0,2145.0,14876003.0,37,0
2020-11-14,4,Come Play,506860.0,1966.0,7059275.0,16,0
2020-11-14,5,Honest Thief,362130.0,1843.0,12182890.0,30,0
2020-11-14,-,Guardians of the Galaxy,185000.0,1560.0,333480112.0,2298,0
2020-11-14,-,True to the Game 2: Gena’s Story,120884.0,281.0,525524.0,9,0
2020-11-14,-,Toy Story,105000.0,1360.0,192469233.0,9125,0
2020-11-14,-,Come Away,47885.0,475.0,78215.0,2,0
2020-11-14,-,Love and Monsters,36360.0,129.0,1032873.0,30,0
2020-11-14,-,The New Mutants,34610.0,215.0,23715364.0,79,0
2020-11-14,-,The Empty Man,33792.0,506.0,2901284.0,23,0
2020-11-14,-,Ammonite,32356.0,280.0,62315.0,2,0
2020-11-14,-,The Informer,27569.0,168.0,234518.0,9,0
2020-11-14,-,Spell,25636.0,159.0,473438.0,16,0
2020-11-14,-,Unhinged,12832.0,176.0,20816859.0,93,0
2020-11-14,-,2 Hearts,7574.0,148.0,1333529.0,30,0
2020-11-14,-,After We Collided,7316.0,141.0,2373241.0,65,0
2020-11-14,-,A Call to Spy,2059.0,8.0,149203.0,44,0
2020-11-14,-,The Broken Hearts Gallery,1267.0,239.0,4065180.0,65,0
2020-11-14,-,The Call,1010.0,20.0,514782.0,44,0
2020-11-14,-,Pray: The Story of Patrick Peyton,596.0,11.0,68136.0,37,0
2020-11-14,-,Murder in the Woods,215.0,1.0,109107.0,93,0
2020-11-14,-,Tulsa,206.0,6.0,413313.0,86,0
2020-11-14,-,Infidel,138.0,7.0,4050988.0,58,0
2020-11-14,-,Words on Bathroom Walls,106.0,4.0,2542196.0,86,0
2020-11-16,1,Freaky,209880.0,2472.0,3810235.0,4,0
2020-11-16,2,Let Him Go,90855.0,2458.0,6923755.0,11,0
2020-11-16,3,Come Play,56030.0,1966.0,7345925.0,18,0
2020-11-16,4,The War with Grandpa,55907.0,2145.0,15279182.0,39,0
2020-11-16,5,Honest Thief,48356.0,1843.0,12410473.0,32,0
2020-11-16,-,The New Mutants,9186.0,215.0,23748816.0,81,0
2020-11-16,-,Ammonite,8090.0,280.0,95642.0,4,0
2020-11-16,-,Come Away,5675.0,475.0,111759.0,4,0
2020-11-16,-,Love and Monsters,5187.0,129.0,1053700.0,32,0
2020-11-16,-,The Informer,5171.0,168.0,253902.0,11,0
2020-11-16,-,The Empty Man,4863.0,506.0,2926501.0,25,0
2020-11-16,-,Spell,3311.0,159.0,488024.0,18,0
2020-11-16,-,2 Hearts,955.0,148.0,1337764.0,32,0
2020-11-16,-,After We Collided,921.0,141.0,2377892.0,67,0
2020-11-16,-,A Call to Spy,380.0,8.0,150141.0,46,0
2020-11-16,-,The Broken Hearts Gallery,318.0,239.0,4066487.0,67,0
2020-11-16,-,The Call,175.0,20.0,515352.0,46,0
2020-11-16,-,Pray: The Story of Patrick Peyton,69.0,11.0,69249.0,39,0
2020-11-16,-,Infidel,31.0,7.0,4051064.0,60,0
2020-11-16,-,Words on Bathroom Walls,12.0,4.0,2542356.0,88,0
2020-11-15,1,Freaky,716430.0,2472.0,3600355.0,3,0
2020-11-15,2,Let Him Go,392195.0,2458.0,6832900.0,10,0
2020-11-15,3,The War with Grandpa,347272.0,2145.0,15223275.0,38,0
2020-11-15,4,Come Play,230620.0,1966.0,7289895.0,17,0
2020-11-15,5,Honest Thief,179227.0,1843.0,12362117.0,31,0
2020-11-15,-,Guardians of the Galaxy,98000.0,1560.0,333578112.0,2299,0
2020-11-15,-,True to the Game 2: Gena’s Story,85186.0,281.0,610710.0,10,0
2020-11-15,-,Toy Story,54000.0,1360.0,192523233.0,9126,0
2020-11-15,-,Come Away,27869.0,475.0,106084.0,3,0
2020-11-15,-,Ammonite,25237.0,280.0,87552.0,3,0
2020-11-15,-,The New Mutants,24266.0,215.0,23739630.0,80,0
2020-11-15,-,The Empty Man,20354.0,506.0,2921638.0,24,0
2020-11-15,-,Love and Monsters,15640.0,129.0,1048513.0,31,0
2020-11-15,-,The Informer,14213.0,168.0,248731.0,10,0
2020-11-15,-,Spell,11275.0,159.0,484713.0,17,0
2020-11-15,-,Unhinged,6509.0,176.0,20823368.0,94,0
2020-11-15,-,After We Collided,3730.0,141.0,2376971.0,66,0
2020-11-15,-,2 Hearts,3280.0,148.0,1336809.0,31,0
2020-11-15,-,Pray: The Story of Patrick Peyton,1044.0,11.0,69180.0,38,0
2020-11-15,-,The Broken Hearts Gallery,989.0,239.0,4066169.0,66,0
2020-11-15,-,A Call to Spy,549.0,8.0,149761.0,45,0
2020-11-15,-,The Call,395.0,20.0,515177.0,45,0
2020-11-15,-,Tulsa,209.0,6.0,413522.0,87,0
2020-11-15,-,Words on Bathroom Walls,148.0,4.0,2542344.0,87,0
2020-11-15,-,Counter Column,56.0,1.0,15502.0,31,0
2020-11-15,-,Infidel,45.0,7.0,4051033.0,59,0
2020-11-17,1,Freaky,242345.0,2472.0,4052580.0,5,0
2020-11-17,2,Let Him Go,131240.0,2458.0,7054995.0,12,0
2020-11-17,3,The War with Grandpa,73971.0,2145.0,15353153.0,40,0
2020-11-17,4,Honest Thief,63201.0,1843.0,12473674.0,33,0
2020-11-17,5,Come Play,63005.0,1966.0,7408930.0,19,0
2020-11-17,-,Ammonite,10222.0,280.0,105864.0,5,0
2020-11-17,-,Come Away,9660.0,475.0,121419.0,5,0
2020-11-17,-,The New Mutants,7921.0,215.0,23756737.0,82,0
2020-11-17,-,Love and Monsters,6795.0,129.0,1060495.0,33,0
2020-11-17,-,The Empty Man,6761.0,506.0,2933262.0,26,0
2020-11-17,-,The Informer,6217.0,168.0,260119.0,12,0
2020-11-17,-,Spell,4215.0,159.0,492239.0,19,0
2020-11-17,-,2 Hearts,1568.0,148.0,1339332.0,33,0
2020-11-17,-,After We Collided,1131.0,141.0,2379023.0,68,0
2020-11-17,-,A Call to Spy,623.0,8.0,150764.0,47,0
2020-11-17,-,Pray: The Story of Patrick Peyton,234.0,11.0,69483.0,40,0
2020-11-17,-,The Call,220.0,20.0,515572.0,47,0
2020-11-17,-,Infidel,57.0,7.0,4051121.0,61,0
2020-11-17,-,Words on Bathroom Walls,36.0,4.0,2542392.0,89,0
2020-11-17,-,Murder in the Woods,13.0,1.0,109120.0,96,0
2020-11-18,1,Freaky,165890.0,2472.0,4218470.0,6,0
2020-11-18,2,Let Him Go,82400.0,2458.0,7137395.0,13,0
2020-11-18,3,Come Play,48295.0,1966.0,7457225.0,20,0
2020-11-18,4,The War with Grandpa,46568.0,2145.0,15399721.0,41,0
2020-11-18,5,Honest Thief,41851.0,1843.0,12515525.0,34,0
2020-11-18,-,Ammonite,7891.0,280.0,113755.0,6,0
2020-11-18,-,The New Mutants,7283.0,215.0,23764020.0,83,0
2020-11-18,-,Love and Monsters,5577.0,129.0,1066072.0,34,0
2020-11-18,-,The Informer,5182.0,168.0,265301.0,13,0
2020-11-18,-,Come Away,4662.0,475.0,126081.0,6,0
2020-11-18,-,The Empty Man,3983.0,506.0,2937245.0,27,0
2020-11-18,-,Spell,2575.0,159.0,494814.0,20,0
2020-11-18,-,2 Hearts,1019.0,148.0,1340351.0,34,0
2020-11-18,-,After We Collided,858.0,141.0,2379881.0,69,0
2020-11-18,-,A Call to Spy,568.0,8.0,151332.0,48,0
2020-11-18,-,Pray: The Story of Patrick Peyton,158.0,11.0,69641.0,41,0
2020-11-18,-,The Call,155.0,20.0,515727.0,48,0
2020-11-18,-,Words on Bathroom Walls,22.0,4.0,2542414.0,90,0
2020-11-19,1,Freaky,153825.0,2472.0,4372295.0,7,0
2020-11-19,2,Let Him Go,81905.0,2458.0,7219300.0,14,0
2020-11-19,3,The War with Grandpa,49872.0,2145.0,15449593.0,42,0
2020-11-19,4,Come Play,47440.0,1966.0,7504665.0,21,0
2020-11-19,5,Honest Thief,43044.0,1843.0,12558569.0,35,0
2020-11-19,-,Ammonite,8333.0,280.0,122088.0,7,0
2020-11-19,-,The New Mutants,7341.0,215.0,23771361.0,84,0
2020-11-19,-,Spell,5290.0,159.0,500104.0,21,0
2020-11-19,-,The Informer,5098.0,168.0,270399.0,14,0
2020-11-19,-,Love and Monsters,4642.0,129.0,1070714.0,35,0
2020-11-19,-,Come Away,4389.0,475.0,130470.0,7,0
2020-11-19,-,The Empty Man,3216.0,506.0,2940461.0,28,0
2020-11-19,-,2 Hearts,1142.0,148.0,1341493.0,35,0
2020-11-19,-,After We Collided,1020.0,141.0,2380901.0,70,0
2020-11-19,-,A Call to Spy,597.0,8.0,151929.0,49,0
2020-11-19,-,Pray: The Story of Patrick Peyton,151.0,11.0,69792.0,42,0
2020-11-19,-,The Call,104.0,20.0,515831.0,49,0
2020-11-19,-,Counter Column,25.0,1.0,15527.0,35,0
2020-11-19,-,Words on Bathroom Walls,22.0,4.0,2542436.0,91,0
2020-11-19,-,Infidel,15.0,7.0,4051136.0,63,0
2020-11-20,1,Freaky,407445.0,2057.0,4779740.0,8,0
2020-11-20,2,Let Him Go,227080.0,1907.0,7446380.0,15,0
2020-11-20,3,The War with Grandpa,198030.0,1688.0,15647623.0,43,0
2020-11-20,4,Come Play,159650.0,1364.0,7664315.0,22,0
2020-11-20,5,The Santa Clause,149000.0,1581.0,144982357.0,9507,0
2020-11-20,6,Honest Thief,132954.0,1254.0,12691523.0,36,0
2020-11-20,7,Vanguard,127665.0,1375.0,127665.0,1,1
2020-11-20,-,The Last Vermeer,84036.0,912.0,84036.0,1,1
2020-11-20,-,Buddy Games,54987.0,401.0,54987.0,1,1
2020-11-20,-,The Forgotten Carols,53788.0,59.0,53788.0,1,1
2020-11-20,-,True to the Game 2: Gena’s Story,46439.0,216.0,657149.0,15,0
2020-11-20,-,Guardians of the Galaxy,40000.0,815.0,333618112.0,2304,0
2020-11-20,-,Come Away,10521.0,264.0,140991.0,8,0
2020-11-20,-,The New Mutants,10236.0,105.0,23781597.0,85,0
2020-11-20,-,The Empty Man,7637.0,202.0,2948098.0,29,0
2020-11-20,-,Ammonite,6999.0,180.0,94551.0,8,0
2020-11-20,-,Embattled,6494.0,68.0,6494.0,1,1
2020-11-20,-,The Informer,4569.0,63.0,274968.0,15,0
2020-11-20,-,2 Hearts,1042.0,54.0,1342535.0,36,0
2020-11-20,-,After We Collided,670.0,30.0,2381571.0,71,0
2020-11-20,-,Pray: The Story of Patrick Peyton,534.0,12.0,70326.0,43,0
2020-11-20,-,Infidel,237.0,12.0,4051373.0,64,0
2020-11-20,-,The Call,175.0,6.0,516006.0,50,0
2020-11-20,-,Words on Bathroom Walls,36.0,1.0,2542472.0,92,0
2020-11-21,1,Freaky,567445.0,2057.0,5347185.0,9,0
2020-11-21,2,The War with Grandpa,347056.0,1688.0,15994679.0,44,0
2020-11-21,3,Let Him Go,319815.0,1907.0,7766195.0,16,0
2020-11-21,4,Come Play,263290.0,1364.0,7927605.0,23,0
2020-11-21,5,The Santa Clause,206000.0,1581.0,145188357.0,9508,0
2020-11-21,6,Honest Thief,202247.0,1254.0,12893770.0,37,0
2020-11-21,7,Vanguard,155111.0,1375.0,282776.0,2,0
2020-11-21,-,The Last Vermeer,85764.0,912.0,169800.0,2,0
2020-11-21,-,True to the Game 2: Gena’s Story,67725.0,216.0,724874.0,16,0
2020-11-21,-,Guardians of the Galaxy,63000.0,815.0,333681112.0,2305,0
2020-11-21,-,Buddy Games,60465.0,401.0,115452.0,2,0
2020-11-21,-,The Forgotten Carols,44564.0,59.0,98352.0,2,0
2020-11-21,-,The New Mutants,17717.0,105.0,23799314.0,86,0
2020-11-21,-,Come Away,15615.0,264.0,156606.0,9,0
2020-11-21,-,The Empty Man,11093.0,202.0,2959191.0,30,0
2020-11-21,-,Ammonite,9309.0,180.0,103860.0,9,0
2020-11-21,-,The Informer,6716.0,63.0,281684.0,16,0
2020-11-21,-,Embattled,5844.0,68.0,12338.0,2,0
2020-11-21,-,2 Hearts,2092.0,54.0,1344627.0,37,0
2020-11-21,-,After We Collided,923.0,30.0,2382494.0,72,0
2020-11-21,-,Infidel,309.0,12.0,4051682.0,65,0
2020-11-21,-,Pray: The Story of Patrick Peyton,101.0,12.0,70427.0,44,0
2020-11-21,-,The Call,80.0,6.0,516086.0,51,0
2020-11-21,-,Murder in the Woods,25.0,1.0,109145.0,100,0
2020-11-21,-,Words on Bathroom Walls,13.0,1.0,2542485.0,93,0
2020-11-22,1,Freaky,306260.0,2057.0,5653445.0,10,0
2020-11-22,2,The War with Grandpa,202049.0,1688.0,16196728.0,45,0
2020-11-22,3,Let Him Go,177245.0,1907.0,7943440.0,17,0
2020-11-22,4,Come Play,139565.0,1364.0,8067170.0,24,0
2020-11-22,5,Honest Thief,110649.0,1254.0,13004419.0,38,0
2020-11-22,6,The Santa Clause,106000.0,1581.0,145294357.0,9509,0
2020-11-22,7,Vanguard,97652.0,1375.0,380428.0,3,0
2020-11-22,-,The Last Vermeer,55891.0,912.0,225691.0,3,0
2020-11-22,-,True to the Game 2: Gena’s Story,46852.0,216.0,993782.0,17,0
2020-11-22,-,Buddy Games,35045.0,401.0,150497.0,3,0
2020-11-22,-,Guardians of the Galaxy,33000.0,815.0,333714112.0,2306,0
2020-11-22,-,The New Mutants,13765.0,105.0,23813079.0,87,0
2020-11-22,-,Come Away,9950.0,264.0,166556.0,10,0
2020-11-22,-,Ammonite,7075.0,180.0,145471.0,10,0
2020-11-22,-,The Forgotten Carols,6446.0,59.0,104798.0,3,0
2020-11-22,-,The Empty Man,6278.0,202.0,2965469.0,31,0
2020-11-22,-,The Informer,4489.0,63.0,286173.0,17,0
2020-11-22,-,Embattled,2803.0,68.0,15141.0,3,0
2020-11-22,-,2 Hearts,963.0,54.0,1345590.0,38,0
2020-11-22,-,After We Collided,524.0,30.0,2383018.0,73,0
2020-11-22,-,Pray: The Story of Patrick Peyton,247.0,12.0,70674.0,45,0
2020-11-22,-,Infidel,119.0,12.0,4051801.0,66,0
2020-11-22,-,Murder in the Woods,110.0,1.0,109255.0,101,0
2020-11-22,-,The Call,104.0,6.0,516190.0,52,0
2020-11-22,-,Words on Bathroom Walls,9.0,1.0,2542494.0,94,0
2020-11-23,1,Freaky,119060.0,2057.0,5772505.0,11,0
2020-11-23,2,The War with Grandpa,65623.0,1688.0,16262351.0,46,0
2020-11-23,3,Let Him Go,54020.0,1907.0,7997460.0,18,0
2020-11-23,4,Come Play,52115.0,1364.0,8119285.0,25,0
2020-11-23,5,Honest Thief,32225.0,1254.0,13036644.0,39,0
2020-11-23,-,Vanguard,30490.0,604.0,410918.0,4,0
2020-11-23,-,The Last Vermeer,22116.0,912.0,247807.0,4,0
2020-11-23,-,The Forgotten Carols,17516.0,59.0,122314.0,4,0
2020-11-23,-,Buddy Games,11847.0,401.0,162344.0,4,0
2020-11-23,-,Come Away,3458.0,264.0,170014.0,11,0
2020-11-23,-,The New Mutants,2648.0,105.0,23815727.0,88,0
2020-11-23,-,The Empty Man,1634.0,202.0,2967103.0,32,0
2020-11-23,-,The Informer,931.0,63.0,287104.0,18,0
2020-11-23,-,Embattled,585.0,68.0,15726.0,4,0
2020-11-23,-,2 Hearts,432.0,54.0,1346022.0,39,0
2020-11-23,-,After We Collided,403.0,30.0,2383421.0,74,0
2020-11-23,-,The Call,95.0,6.0,516285.0,53,0
2020-11-23,-,Infidel,66.0,12.0,4051867.0,67,0
2020-11-23,-,Murder in the Woods,44.0,1.0,109299.0,102,0
2020-11-23,-,Pray: The Story of Patrick Peyton,33.0,12.0,70707.0,46,0
2020-11-23,-,Words on Bathroom Walls,9.0,1.0,2542503.0,95,0
2020-11-24,1,Freaky,146675.0,2057.0,5919180.0,12,0
2020-11-24,2,The War with Grandpa,103191.0,1688.0,16365542.0,47,0
2020-11-24,3,Let Him Go,74875.0,1907.0,8072335.0,19,0
2020-11-24,4,Come Play,63220.0,1364.0,8182505.0,26,0
2020-11-24,-,Vanguard,44226.0,776.0,455144.0,5,0
2020-11-24,-,Honest Thief,43791.0,1254.0,13080435.0,40,0
2020-11-24,-,The Last Vermeer,30067.0,912.0,277874.0,5,0
2020-11-24,-,The Forgotten Carols,20758.0,59.0,143072.0,5,0
2020-11-24,-,Buddy Games,14929.0,401.0,177273.0,5,0
2020-11-24,-,Come Away,5258.0,264.0,175272.0,12,0
2020-11-24,-,The Empty Man,2369.0,202.0,2969472.0,33,0
2020-11-24,-,The New Mutants,2167.0,105.0,23817894.0,89,0
2020-11-24,-,Embattled,1112.0,68.0,16838.0,5,0
2020-11-24,-,The Informer,1061.0,63.0,288165.0,19,0
2020-11-24,-,2 Hearts,385.0,54.0,1346407.0,40,0
2020-11-24,-,After We Collided,274.0,30.0,2383695.0,75,0
2020-11-24,-,The Call,155.0,6.0,516440.0,54,0
2020-11-24,-,Infidel,49.0,12.0,4051916.0,68,0
2020-11-24,-,Words on Bathroom Walls,9.0,1.0,2542512.0,96,0
2020-11-25,1,The Croods: A New Age,1880615.0,2211.0,1880615.0,1,1
2020-11-25,2,Freaky,157105.0,2057.0,6076285.0,13,0
2020-11-25,3,The War with Grandpa,93175.0,1688.0,16458717.0,48,0
2020-11-25,4,Let Him Go,67685.0,1447.0,8140020.0,20,0
2020-11-25,5,Come Play,54110.0,1029.0,8236615.0,27,0
2020-11-25,6,Honest Thief,37107.0,975.0,13117542.0,41,0
2020-11-25,-,The Santa Clause,35000.0,1090.0,145329357.0,9512,0
2020-11-25,-,The Last Vermeer,27456.0,896.0,305330.0,6,0
2020-11-25,-,Vanguard,27175.0,632.0,482319.0,6,0
2020-11-25,-,The Forgotten Carols,22083.0,59.0,165155.0,6,0
2020-11-25,-,Frozen,20000.0,1367.0,400758009.0,2561,0
2020-11-25,-,Buddy Games,17898.0,397.0,195171.0,6,0
2020-11-25,-,True to the Game 2: Gena’s Story,15104.0,180.0,983446.0,20,0
2020-11-25,-,The Informer,1134.0,63.0,289299.0,20,0
2020-11-25,-,The New Mutants,1065.0,40.0,23818959.0,90,0
2020-11-25,-,Stardust,869.0,38.0,869.0,1,1
2020-11-25,-,Come Away,755.0,264.0,176027.0,13,0
2020-11-25,-,The Empty Man,685.0,95.0,2970157.0,34,0
2020-11-25,-,Embattled,637.0,66.0,17475.0,6,0
2020-11-25,-,Last Call,375.0,17.0,375.0,69,0
2020-11-25,-,2 Hearts,322.0,54.0,1346729.0,41,0
2020-11-25,-,After We Collided,192.0,13.0,2383887.0,76,0
2020-11-25,-,The Call,80.0,4.0,516520.0,55,0
2020-11-25,-,Infidel,45.0,12.0,4051961.0,69,0
2020-11-25,-,Pray: The Story of Patrick Peyton,10.0,12.0,70710.0,48,0
2020-11-25,-,Words on Bathroom Walls,6.0,1.0,2542518.0,97,0
2020-11-26,1,The Croods: A New Age,2669640.0,2211.0,4550255.0,2,0
2020-11-26,2,Freaky,166700.0,2057.0,6242985.0,14,0
2020-11-26,3,The War with Grandpa,155094.0,1688.0,16613811.0,49,0
2020-11-26,4,Let Him Go,113405.0,987.0,8253425.0,21,0
2020-11-26,5,Honest Thief,73852.0,975.0,13191394.0,42,0
2020-11-26,6,Come Play,48410.0,694.0,8285025.0,28,0
2020-11-26,-,The Santa Clause,40000.0,1090.0,145369357.0,9513,0
2020-11-26,-,Vanguard,39636.0,1200.0,521955.0,7,0
2020-11-26,-,The Last Vermeer,32975.0,896.0,338305.0,7,0
2020-11-26,-,The Forgotten Carols,25059.0,63.0,190214.0,7,0
2020-11-26,-,Buddy Games,21142.0,397.0,216313.0,7,0
2020-11-26,-,True to the Game 2: Gena’s Story,19709.0,180.0,1003155.0,21,0
2020-11-26,-,Frozen,15000.0,1367.0,400773009.0,2562,0
2020-11-26,-,The Informer,1650.0,63.0,290949.0,21,0
2020-11-26,-,The New Mutants,1375.0,40.0,23820334.0,91,0
2020-11-26,-,Come Away,1328.0,264.0,177409.0,14,0
2020-11-26,-,The Empty Man,1000.0,95.0,2971157.0,35,0
2020-11-26,-,Embattled,954.0,66.0,18429.0,7,0
2020-11-26,-,Stardust,808.0,38.0,1677.0,2,0
2020-11-26,-,Last Call,505.0,17.0,880.0,70,0
2020-11-26,-,2 Hearts,417.0,54.0,1347146.0,42,0
2020-11-26,-,After We Collided,165.0,13.0,2384052.0,77,0
2020-11-26,-,Infidel,29.0,12.0,4051990.0,70,0
2020-11-26,-,Pray: The Story of Patrick Peyton,10.0,12.0,70720.0,49,0
2020-11-27,1,The Croods: A New Age,3907655.0,2211.0,8457910.0,3,0
2020-11-27,2,Freaky,281030.0,1735.0,6524015.0,15,0
2020-11-27,3,The War with Grandpa,222303.0,1500.0,16836114.0,50,0
2020-11-27,4,Let Him Go,169660.0,1447.0,8423085.0,22,0
2020-11-27,5,Honest Thief,127169.0,975.0,13318563.0,43,0
2020-11-27,6,Come Play,123615.0,1029.0,8408640.0,29,0
2020-11-27,-,The Santa Clause,60000.0,1090.0,145429357.0,9514,0
2020-11-27,-,Vanguard,57185.0,1200.0,579140.0,8,0
2020-11-27,-,The Last Vermeer,54849.0,896.0,393154.0,8,0
2020-11-27,-,Frozen,45000.0,1367.0,400818009.0,2563,0
2020-11-27,-,Buddy Games,40743.0,397.0,257056.0,8,0
2020-11-27,-,True to the Game 2: Gena’s Story,39670.0,180.0,1042825.0,22,0
2020-11-27,-,The Forgotten Carols,33278.0,63.0,223492.0,8,0
2020-11-27,-,Embattled,4412.0,46.0,22841.0,8,0
2020-11-27,-,The Informer,3403.0,28.0,294352.0,22,0
2020-11-27,-,The Empty Man,2970.0,95.0,2974127.0,36,0
2020-11-27,-,Ammonite,2500.0,58.0,156180.0,15,0
2020-11-27,-,The New Mutants,2161.0,40.0,23822495.0,92,0
2020-11-27,-,Come Away,2035.0,264.0,179444.0,15,0
2020-11-27,-,Stardust,1240.0,44.0,2917.0,3,0
2020-11-27,-,Last Call,695.0,17.0,1575.0,71,0
2020-11-27,-,After We Collided,464.0,13.0,2384516.0,78,0
2020-11-27,-,2 Hearts,442.0,19.0,1347588.0,43,0
2020-11-27,-,Pray: The Story of Patrick Peyton,67.0,2.0,70787.0,50,0
2020-11-28,1,The Croods: A New Age,3614945.0,2211.0,12072855.0,4,0
2020-11-28,2,Freaky,333535.0,1735.0,6857550.0,16,0
2020-11-28,3,The War with Grandpa,245467.0,1500.0,17081581.0,51,0
2020-11-28,4,Let Him Go,184530.0,1447.0,8607615.0,23,0
2020-11-28,5,Come Play,169470.0,1029.0,8578110.0,30,0
2020-11-28,6,Honest Thief,145986.0,975.0,13464549.0,44,0
2020-11-28,-,The Santa Clause,70000.0,1090.0,145499357.0,9515,0
2020-11-28,-,Vanguard,62859.0,1200.0,641999.0,9,0
2020-11-28,-,The Last Vermeer,58994.0,896.0,452148.0,9,0
2020-11-28,-,Frozen,50000.0,1367.0,400868009.0,2564,0
2020-11-28,-,True to the Game 2: Gena’s Story,44108.0,180.0,1086933.0,23,0
2020-11-28,-,Buddy Games,43595.0,397.0,300651.0,9,0
2020-11-28,-,The Forgotten Carols,33974.0,63.0,257466.0,9,0
2020-11-28,-,The Informer,3840.0,28.0,298192.0,23,0
2020-11-28,-,The Empty Man,2854.0,95.0,2976981.0,37,0
2020-11-28,-,Ammonite,2750.0,58.0,158930.0,16,0
2020-11-28,-,Come Away,2698.0,264.0,182142.0,16,0
2020-11-28,-,The New Mutants,2492.0,40.0,23824987.0,93,0
2020-11-28,-,Embattled,2123.0,46.0,24964.0,9,0
2020-11-28,-,Stardust,2123.0,44.0,5040.0,4,0
2020-11-28,-,Last Call,966.0,17.0,2541.0,72,0
2020-11-28,-,After We Collided,479.0,13.0,2384995.0,79,0
2020-11-28,-,2 Hearts,420.0,19.0,1348008.0,44,0
2020-11-28,-,Pray: The Story of Patrick Peyton,16.0,2.0,70803.0,51,0
2020-11-29,1,The Croods: A New Age,2201600.0,2211.0,14274455.0,5,0
2020-11-29,2,Freaky,185205.0,1735.0,7042755.0,17,0
2020-11-29,3,The War with Grandpa,124803.0,1500.0,17206384.0,52,0
2020-11-29,4,Let Him Go,99505.0,1447.0,8707120.0,24,0
2020-11-29,5,Come Play,80685.0,1029.0,8658795.0,31,0
2020-11-29,6,Honest Thief,76983.0,975.0,13541532.0,45,0
2020-11-29,-,The Santa Clause,40000.0,1090.0,145539357.0,9516,0
2020-11-29,-,Vanguard,39438.0,1200.0,681437.0,10,0
2020-11-29,-,The Last Vermeer,36687.0,896.0,488835.0,10,0
2020-11-29,-,True to the Game 2: Gena’s Story,30875.0,180.0,1117808.0,24,0
2020-11-29,-,Frozen,25000.0,1367.0,400893009.0,2565,0
2020-11-29,-,Buddy Games,24003.0,397.0,324654.0,10,0
2020-11-29,-,The Forgotten Carols,4060.0,63.0,261526.0,10,0
2020-11-29,-,The Informer,2268.0,28.0,300460.0,24,0
2020-11-29,-,Ammonite,2000.0,58.0,160930.0,17,0
2020-11-29,-,The New Mutants,1965.0,40.0,23826952.0,94,0
2020-11-29,-,The Empty Man,1784.0,95.0,2978765.0,38,0
2020-11-29,-,Stardust,924.0,44.0,5993.0,5,0
2020-11-29,-,Come Away,917.0,264.0,183059.0,17,0
2020-11-29,-,Embattled,839.0,46.0,25828.0,10,0
2020-11-29,-,Last Call,453.0,13.0,2994.0,73,0
2020-11-29,-,After We Collided,313.0,13.0,2385308.0,80,0
2020-11-29,-,2 Hearts,300.0,19.0,1348308.0,45,0
2020-12-01,1,The Croods: A New Age,512065.0,2211.0,15226845.0,7,0
2020-12-01,2,Freaky,64250.0,1735.0,7163160.0,19,0
2020-12-01,3,Let Him Go,36130.0,1447.0,8766235.0,26,0
2020-12-01,4,The War with Grandpa,32588.0,1500.0,17261085.0,54,0
2020-12-01,5,Honest Thief,25693.0,975.0,13587945.0,47,0
2020-12-01,-,Come Play,24050.0,1029.0,8703590.0,33,0
2020-12-01,-,The Last Vermeer,19439.0,896.0,519827.0,12,0
2020-12-01,-,Vanguard,17146.0,312.0,708827.0,12,0
2020-12-01,-,The Forgotten Carols,11130.0,63.0,281672.0,12,0
2020-12-01,-,Buddy Games,9749.0,397.0,342806.0,12,0
2020-12-01,-,The Climb,1099.0,52.0,219142.0,19,0
2020-12-01,-,The Empty Man,795.0,95.0,2980269.0,40,0
2020-12-01,-,Embattled,604.0,46.0,26564.0,12,0
2020-12-01,-,The New Mutants,465.0,40.0,23828081.0,96,0
2020-12-01,-,Stardust,461.0,44.0,6804.0,7,0
2020-12-01,-,Come Away,456.0,264.0,183803.0,19,0
2020-12-01,-,Last Call,415.0,16.0,3644.0,75,0
2020-12-01,-,2 Hearts,210.0,19.0,1348652.0,47,0
2020-12-01,-,After We Collided,49.0,13.0,2385453.0,82,0
2020-11-30,1,The Croods: A New Age,440325.0,2211.0,14714780.0,6,0
2020-11-30,2,Freaky,56155.0,1735.0,7098910.0,18,0
2020-11-30,3,Let Him Go,22985.0,1447.0,8730105.0,25,0
2020-11-30,4,The War with Grandpa,22113.0,1500.0,17228497.0,53,0
2020-11-30,-,Come Play,20745.0,1029.0,8679540.0,32,0
2020-11-30,-,Honest Thief,20720.0,975.0,13562252.0,46,0
2020-11-30,-,The Last Vermeer,11553.0,896.0,500388.0,11,0
2020-11-30,-,Vanguard,10244.0,312.0,691681.0,11,0
2020-11-30,-,The Forgotten Carols,9016.0,63.0,270542.0,11,0
2020-11-30,-,Buddy Games,8403.0,397.0,333057.0,11,0
2020-11-30,-,The Climb,1049.0,52.0,218043.0,18,0
2020-11-30,-,The Empty Man,709.0,95.0,2979474.0,39,0
2020-11-30,-,The New Mutants,664.0,40.0,23827616.0,95,0
2020-11-30,-,Stardust,350.0,44.0,6343.0,6,0
2020-11-30,-,Come Away,288.0,264.0,183347.0,18,0
2020-11-30,-,Last Call,235.0,16.0,3229.0,74,0
2020-11-30,-,2 Hearts,134.0,19.0,1348442.0,46,0
2020-11-30,-,Embattled,132.0,46.0,25960.0,11,0
2020-11-30,-,After We Collided,96.0,13.0,2385404.0,81,0
2020-12-02,1,The Croods: A New Age,332730.0,2211.0,15559575.0,8,0
2020-12-02,2,Freaky,60235.0,1735.0,7223395.0,20,0
2020-12-02,3,Let Him Go,24130.0,1447.0,8790365.0,27,0
2020-12-02,4,The War with Grandpa,23114.0,1500.0,17284199.0,55,0
2020-12-02,5,Come Play,21550.0,1029.0,8725140.0,34,0
2020-12-02,6,Honest Thief,21268.0,975.0,13609213.0,48,0
2020-12-02,-,Vanguard,12082.0,450.0,720909.0,13,0
2020-12-02,-,The Last Vermeer,11665.0,896.0,531492.0,13,0
2020-12-02,-,Buddy Games,8760.0,397.0,351566.0,13,0
2020-12-02,-,The Forgotten Carols,7452.0,63.0,289124.0,13,0
2020-12-02,-,The Empty Man,762.0,95.0,2981031.0,41,0
2020-12-02,-,Stardust,570.0,44.0,7374.0,8,0
2020-12-02,-,The New Mutants,524.0,40.0,23828605.0,97,0
2020-12-02,-,Come Away,308.0,264.0,184111.0,20,0
2020-12-02,-,Last Call,265.0,16.0,3909.0,76,0
2020-12-02,-,Embattled,234.0,46.0,26798.0,13,0
2020-12-02,-,2 Hearts,167.0,19.0,1348819.0,48,0
2020-12-02,-,After We Collided,100.0,13.0,2385553.0,83,0
2020-12-02,-,Pray: The Story of Patrick Peyton,20.0,1.0,70823.0,55,0
2020-12-03,1,The Croods: A New Age,340835.0,2211.0,15900410.0,9,0
2020-12-03,2,Freaky,57945.0,1735.0,7281340.0,21,0
2020-12-03,3,Let Him Go,26030.0,1447.0,8816395.0,28,0
2020-12-03,4,Honest Thief,23151.0,975.0,13632364.0,49,0
2020-12-03,5,The War with Grandpa,21102.0,1500.0,17305301.0,56,0
2020-12-03,-,Come Play,20690.0,1029.0,8745830.0,35,0
2020-12-03,-,The Last Vermeer,11408.0,896.0,542900.0,14,0
2020-12-03,-,Buddy Games,10002.0,397.0,361568.0,14,0
2020-12-03,-,Vanguard,8583.0,450.0,729492.0,14,0
2020-12-03,-,The Forgotten Carols,8582.0,63.0,297706.0,14,0
2020-12-03,-,The New Mutants,475.0,40.0,23829080.0,98,0
2020-12-03,-,Stardust,368.0,44.0,7742.0,9,0
2020-12-03,-,Come Away,366.0,264.0,184477.0,21,0
2020-12-03,-,Embattled,227.0,46.0,27025.0,14,0
2020-12-03,-,Last Call,205.0,16.0,4114.0,77,0
2020-12-03,-,Pray: The Story of Patrick Peyton,171.0,1.0,70994.0,56,0
2020-12-03,-,2 Hearts,146.0,19.0,1348965.0,49,0
2020-12-03,-,After We Collided,127.0,13.0,2385680.0,84,0
2020-12-03,-,The Empty Man,123.0,95.0,2981154.0,42,0
2020-12-04,1,The Croods: A New Age,1145745.0,2205.0,17046155.0,10,0
2020-12-04,2,Half Brothers,237450.0,1369.0,237450.0,1,1
2020-12-04,3,Freaky,144675.0,1502.0,7426015.0,22,0
2020-12-04,4,All My Life,141710.0,970.0,141710.0,1,1
2020-12-04,5,The War with Grandpa,78809.0,1285.0,17384110.0,57,0
2020-12-04,-,Come Play,65125.0,773.0,8810955.0,36,0
2020-12-04,-,Let Him Go,64660.0,1113.0,8881055.0,29,0
2020-12-04,-,Die Hard,62000.0,1172.0,81412242.0,11831,0
2020-12-04,-,Honest Thief,56814.0,785.0,13689178.0,50,0
2020-12-04,-,Mario Puzo’s The Godfather Coda: The Death of Michael Corleone,21675.0,179.0,66542204.0,10938,0
2020-12-04,-,The Last Vermeer,19938.0,865.0,562838.0,15,0
2020-12-04,-,Dr. Seuss’ The Grinch,19000.0,140.0,270639950.0,757,0
2020-12-04,-,The Forgotten Carols,15738.0,68.0,313444.0,15,0
2020-12-04,-,Frozen,15000.0,1357.0,400908009.0,2570,0
2020-12-04,-,Vanguard,12500.0,350.0,741992.0,15,0
2020-12-04,-,Buddy Games,12288.0,199.0,373856.0,15,0
2020-12-04,-,The New Mutants,530.0,30.0,23829610.0,99,0
2020-12-04,-,The Empty Man,330.0,70.0,2981484.0,43,0
2020-12-04,-,After We Collided,153.0,8.0,2385833.0,85,0
2020-12-04,-,Last Call,135.0,12.0,4249.0,78,0
2020-12-04,-,2 Hearts,96.0,5.0,1349061.0,50,0
2020-12-04,-,Pray: The Story of Patrick Peyton,24.0,1.0,71018.0,57,0
2020-12-05,1,The Croods: A New Age,2053380.0,2205.0,19099535.0,11,0
2020-12-05,2,Half Brothers,287560.0,1369.0,525010.0,2,0
2020-12-05,3,Freaky,216225.0,1502.0,7642240.0,23,0
2020-12-05,4,The War with Grandpa,155261.0,1285.0,17539371.0,58,0
2020-12-05,5,All My Life,146815.0,970.0,288525.0,2,0
2020-12-05,-,Come Play,112780.0,517.0,8923735.0,37,0
2020-12-05,-,Let Him Go,94940.0,779.0,8975995.0,30,0
2020-12-05,-,Honest Thief,88826.0,785.0,13778004.0,51,0
2020-12-05,-,Die Hard,83000.0,1172.0,81495242.0,11832,0
2020-12-05,-,Frozen,35000.0,1357.0,400943009.0,2571,0
2020-12-05,-,The Last Vermeer,25073.0,865.0,587911.0,16,0
2020-12-05,-,The Forgotten Carols,21831.0,68.0,335275.0,16,0
2020-12-05,-,Mario Puzo’s The Godfather Coda: The Death of Michael Corleone,19931.0,179.0,66562135.0,10939,0
2020-12-05,-,Vanguard,14800.0,350.0,756792.0,16,0
2020-12-05,-,Buddy Games,13883.0,199.0,387739.0,16,0
2020-12-05,-,The New Mutants,1650.0,30.0,23831260.0,100,0
2020-12-05,-,The Empty Man,460.0,70.0,2981944.0,44,0
2020-12-05,-,After We Collided,186.0,8.0,2386019.0,86,0
2020-12-05,-,Last Call,160.0,12.0,4409.0,79,0
2020-12-05,-,2 Hearts,91.0,5.0,1349152.0,51,0
2020-12-05,-,Pray: The Story of Patrick Peyton,26.0,1.0,71044.0,58,0
2020-12-06,1,The Croods: A New Age,1240730.0,2205.0,20340265.0,12,0
2020-12-06,2,Half Brothers,175150.0,1369.0,700160.0,3,0
2020-12-06,3,Freaky,113710.0,1502.0,7755950.0,24,0
2020-12-06,4,The War with Grandpa,81824.0,1285.0,17621195.0,59,0
2020-12-06,5,All My Life,81790.0,970.0,370315.0,3,0
2020-12-06,-,Come Play,51960.0,773.0,8975695.0,38,0
2020-12-06,-,Let Him Go,49010.0,1113.0,9025005.0,31,0
2020-12-06,-,Honest Thief,46116.0,785.0,13824120.0,52,0
2020-12-06,-,Die Hard,44000.0,1172.0,81539242.0,11833,0
2020-12-06,-,The Last Vermeer,16223.0,865.0,604134.0,17,0
2020-12-06,-,Mario Puzo’s The Godfather Coda: The Death of Michael Corleone,12996.0,179.0,66575131.0,10940,0
2020-12-06,-,Frozen,10000.0,1357.0,400953009.0,2572,0
2020-12-06,-,Vanguard,9872.0,350.0,766664.0,17,0
2020-12-06,-,Buddy Games,7775.0,199.0,395514.0,17,0
2020-12-06,-,The Forgotten Carols,3377.0,68.0,338652.0,17,0
2020-12-06,-,The New Mutants,1040.0,30.0,23832300.0,101,0
2020-12-06,-,The Empty Man,452.0,70.0,2982396.0,45,0
2020-12-06,-,After We Collided,246.0,8.0,2386265.0,87,0
2020-12-06,-,Last Call,235.0,12.0,4644.0,80,0
2020-12-06,-,2 Hearts,18.0,5.0,1349170.0,52,0
2020-12-06,-,Pray: The Story of Patrick Peyton,16.0,1.0,71060.0,59,0
2020-12-07,1,The Croods: A New Age,190220.0,2205.0,20530485.0,13,0
2020-12-07,2,Half Brothers,39775.0,1369.0,739935.0,4,0
2020-12-07,3,Freaky,38750.0,1502.0,7794700.0,25,0
2020-12-07,4,All My Life,24980.0,970.0,395295.0,4,0
2020-12-07,5,The War with Grandpa,16025.0,1285.0,17637220.0,60,0
2020-12-07,6,Honest Thief,14413.0,785.0,13838533.0,53,0
2020-12-07,7,Come Play,14255.0,773.0,8989950.0,39,0
2020-12-07,8,Let Him Go,12915.0,1113.0,9037920.0,32,0
2020-12-07,-,The Forgotten Carols,8327.0,68.0,346979.0,18,0
2020-12-07,-,The Last Vermeer,4949.0,865.0,609083.0,18,0
2020-12-07,-,Mario Puzo’s The Godfather Coda: The Death of Michael Corleone,4275.0,179.0,66579406.0,10941,0
2020-12-07,-,Vanguard,3162.0,97.0,769826.0,18,0
2020-12-07,-,Buddy Games,2645.0,199.0,398159.0,18,0
2020-12-07,-,The Empty Man,191.0,70.0,2982587.0,46,0
2020-12-07,-,The New Mutants,142.0,30.0,23832442.0,102,0
2020-12-07,-,Last Call,135.0,12.0,4779.0,81,0
2020-12-07,-,After We Collided,38.0,8.0,2386303.0,88,0
2020-12-07,-,2 Hearts,22.0,5.0,1349192.0,53,0
2020-12-07,-,Pray: The Story of Patrick Peyton,8.0,1.0,71068.0,60,0
2020-12-09,1,The Croods: A New Age,209880.0,2205.0,21019990.0,15,0
2020-12-09,2,Half Brothers,43210.0,1369.0,845735.0,6,0
2020-12-09,3,Freaky,38790.0,1502.0,7878040.0,27,0
2020-12-09,4,All My Life,23145.0,970.0,455560.0,6,0
2020-12-09,5,The War with Grandpa,17077.0,1285.0,17679372.0,62,0
2020-12-09,-,Honest Thief,14331.0,785.0,13870797.0,55,0
2020-12-09,-,Come Play,14330.0,773.0,9019035.0,41,0
2020-12-09,-,Let Him Go,13875.0,1113.0,9070830.0,34,0
2020-12-09,-,The Forgotten Carols,7035.0,68.0,364751.0,20,0
2020-12-09,-,The Last Vermeer,6041.0,865.0,622607.0,20,0
2020-12-09,-,Mario Puzo’s The Godfather Coda: The Death of Michael Corleone,4884.0,179.0,66589768.0,10943,0
2020-12-09,-,Vanguard,2811.0,88.0,777498.0,20,0
2020-12-09,-,Buddy Games,2620.0,199.0,403452.0,20,0
2020-12-09,-,Pray: The Story of Patrick Peyton,281.0,1.0,71486.0,62,0
2020-12-09,-,The New Mutants,168.0,30.0,23832702.0,104,0
2020-12-09,-,The Empty Man,56.0,70.0,2982730.0,48,0
2020-12-09,-,2 Hearts,44.0,5.0,1349284.0,55,0
2020-12-08,1,The Croods: A New Age,279625.0,2205.0,20810110.0,14,0
2020-12-08,2,Half Brothers,62590.0,1369.0,802525.0,5,0
2020-12-08,3,Freaky,44550.0,1502.0,7839250.0,26,0
2020-12-08,4,All My Life,37120.0,970.0,432415.0,5,0
2020-12-08,5,The War with Grandpa,25075.0,1285.0,17662295.0,61,0
2020-12-08,-,Let Him Go,19035.0,1113.0,9056955.0,33,0
2020-12-08,-,Honest Thief,17933.0,785.0,13856466.0,54,0
2020-12-08,-,Come Play,14755.0,773.0,9004705.0,40,0
2020-12-08,-,The Forgotten Carols,10737.0,68.0,357716.0,19,0
2020-12-08,-,The Last Vermeer,7483.0,865.0,616566.0,19,0
2020-12-08,-,Mario Puzo’s The Godfather Coda: The Death of Michael Corleone,5478.0,179.0,66584884.0,10942,0
2020-12-08,-,Vanguard,4861.0,132.0,774687.0,19,0
2020-12-08,-,Buddy Games,2673.0,199.0,400832.0,19,0
2020-12-08,-,Pray: The Story of Patrick Peyton,145.0,1.0,71205.0,61,0
2020-12-08,-,Last Call,115.0,12.0,4894.0,82,0
2020-12-08,-,The New Mutants,92.0,30.0,23832534.0,103,0
2020-12-08,-,The Empty Man,87.0,70.0,2982674.0,47,0
2020-12-08,-,2 Hearts,48.0,5.0,1349240.0,54,0
2020-12-08,-,After We Collided,22.0,8.0,2386325.0,89,0
2020-12-10,1,The Croods: A New Age,230115.0,2205.0,21250105.0,16,0
2020-12-10,2,Half Brothers,45790.0,1369.0,891525.0,7,0
2020-12-10,-,Freaky,40325.0,1502.0,7918365.0,28,0
2020-12-10,-,All My Life,25370.0,970.0,480930.0,7,0
2020-12-10,-,The War with Grandpa,18583.0,1285.0,17697955.0,63,0
2020-12-10,-,Let Him Go,15220.0,1113.0,9086050.0,35,0
2020-12-10,-,Honest Thief,14974.0,785.0,13885771.0,56,0
2020-12-10,-,Come Play,14680.0,773.0,9033715.0,42,0
2020-12-10,-,The Forgotten Carols,7591.0,68.0,372342.0,21,0
2020-12-10,-,The Last Vermeer,5470.0,865.0,628077.0,21,0
2020-12-10,-,Vanguard,4027.0,101.0,781525.0,21,0
2020-12-10,-,Mario Puzo’s The Godfather Coda: The Death of Michael Corleone,3684.0,179.0,66593452.0,10944,0
2020-12-10,-,Buddy Games,2452.0,199.0,405904.0,21,0
2020-12-10,-,The New Mutants,334.0,30.0,23833036.0,105,0
2020-12-10,-,Pray: The Story of Patrick Peyton,178.0,1.0,71664.0,63,0
2020-12-10,-,The Empty Man,125.0,70.0,2982855.0,49,0
2020-12-10,-,After We Collided,59.0,8.0,2386384.0,91,0
2020-12-11,1,The Croods: A New Age,777565.0,2115.0,22027670.0,17,0
2020-12-11,2,Half Brothers,149070.0,1386.0,1040595.0,8,0
2020-12-11,-,Freaky,98150.0,1235.0,8016515.0,29,0
2020-12-11,-,All My Life,70275.0,965.0,551205.0,8,0
2020-12-11,-,The War with Grandpa,69179.0,1080.0,17767134.0,64,0
2020-12-11,-,Come Play,49670.0,610.0,9083385.0,43,0
2020-12-11,-,Die Hard,49000.0,823.0,81588242.0,11838,0
2020-12-11,-,Honest Thief,41574.0,625.0,13927345.0,57,0
2020-12-11,-,Let Him Go,37605.0,765.0,9123655.0,36,0
2020-12-11,-,Wild Mountain Thyme,37030.0,450.0,37030.0,1,1
2020-12-11,-,How the Grinch Stole Christmas,34000.0,300.0,260078825.0,7330,0
2020-12-11,-,Dr. Seuss’ The Grinch,32000.0,335.0,270671950.0,764,0
2020-12-11,-,The Forgotten Carols,10876.0,70.0,383218.0,22,0
2020-12-11,-,The Last Vermeer,10307.0,869.0,638384.0,22,0
2020-12-11,-,Mario Puzo’s The Godfather Coda: The Death of Michael Corleone,4914.0,156.0,66598366.0,10945,0
2020-12-11,-,Vanguard,4000.0,200.0,785525.0,22,0
2020-12-11,-,The New Mutants,2988.0,234.0,23836024.0,106,0
2020-12-11,-,The Empty Man,1471.0,175.0,2984326.0,50,0
2020-12-11,-,Pray: The Story of Patrick Peyton,123.0,1.0,71787.0,64,0
2020-12-11,-,After We Collided,8.0,2.0,2386392.0,92,0
2020-12-12,1,The Croods: A New Age,1435040.0,2115.0,23462710.0,18,0
2020-12-12,2,Half Brothers,218325.0,1386.0,1258920.0,9,0
2020-12-12,-,Freaky,137995.0,1235.0,8154510.0,30,0
2020-12-12,-,The War with Grandpa,127095.0,1080.0,17894229.0,65,0
2020-12-12,-,All My Life,89255.0,965.0,640460.0,9,0
2020-12-12,-,Come Play,85370.0,610.0,9168755.0,44,0
2020-12-12,-,Honest Thief,60422.0,625.0,13987767.0,58,0
2020-12-12,-,Let Him Go,56700.0,765.0,9180355.0,37,0
2020-12-12,-,Die Hard,53000.0,823.0,81641242.0,11839,0
2020-12-12,-,Wild Mountain Thyme,36623.0,450.0,73653.0,2,0
2020-12-12,-,The Forgotten Carols,15775.0,70.0,398993.0,23,0
2020-12-12,-,The Last Vermeer,13994.0,869.0,652378.0,23,0
2020-12-12,-,Mario Puzo’s The Godfather Coda: The Death of Michael Corleone,6052.0,156.0,66604418.0,10946,0
2020-12-12,-,The New Mutants,5471.0,234.0,23841495.0,107,0
2020-12-12,-,Vanguard,5000.0,200.0,790525.0,23,0
2020-12-12,-,The Empty Man,2393.0,175.0,2986719.0,51,0
2020-12-12,-,Pray: The Story of Patrick Peyton,72.0,1.0,71859.0,65,0
2020-12-12,-,After We Collided,12.0,2.0,2386404.0,93,0
2020-12-14,1,The Croods: A New Age,150370.0,2115.0,24461010.0,20,0
2020-12-14,2,Half Brothers,33845.0,1386.0,1420395.0,11,0
2020-12-14,-,Freaky,27220.0,1235.0,8260300.0,32,0
2020-12-14,-,All My Life,13890.0,965.0,704715.0,11,0
2020-12-14,-,The War with Grandpa,12802.0,1080.0,17977889.0,67,0
2020-12-14,-,Wild Mountain Thyme,11313.0,450.0,106302.0,4,0
2020-12-14,-,Come Play,10555.0,610.0,9220390.0,46,0
2020-12-14,-,Honest Thief,10040.0,625.0,14031031.0,60,0
2020-12-14,-,The Forgotten Carols,7782.0,70.0,408440.0,25,0
2020-12-14,-,Let Him Go,7215.0,765.0,9217145.0,39,0
2020-12-14,-,The Last Vermeer,2895.0,869.0,664252.0,25,0
2020-12-14,-,Mario Puzo’s The Godfather Coda: The Death of Michael Corleone,1538.0,156.0,66609957.0,10948,0
2020-12-14,-,The New Mutants,1098.0,234.0,23846186.0,109,0
2020-12-14,-,The Empty Man,620.0,175.0,2988859.0,53,0
2020-12-13,1,The Croods: A New Age,847930.0,2115.0,24310640.0,19,0
2020-12-13,2,Half Brothers,127630.0,1386.0,1386550.0,10,0
2020-12-13,-,Freaky,78570.0,1235.0,8233080.0,31,0
2020-12-13,-,The War with Grandpa,70858.0,1080.0,17965087.0,66,0
2020-12-13,-,All My Life,50365.0,965.0,690825.0,10,0
2020-12-13,-,Come Play,41080.0,610.0,9209835.0,45,0
2020-12-13,-,Die Hard,34000.0,823.0,81675242.0,11840,0
2020-12-13,-,Honest Thief,33224.0,625.0,14020991.0,59,0
2020-12-13,-,Let Him Go,29575.0,765.0,9209930.0,38,0
2020-12-13,-,Wild Mountain Thyme,21336.0,450.0,94989.0,3,0
2020-12-13,-,The Last Vermeer,8979.0,869.0,661357.0,24,0
2020-12-13,-,Mario Puzo’s The Godfather Coda: The Death of Michael Corleone,4001.0,156.0,66608419.0,10947,0
2020-12-13,-,The New Mutants,3593.0,234.0,23845088.0,108,0
2020-12-13,-,Vanguard,3000.0,200.0,793525.0,24,0
2020-12-13,-,The Forgotten Carols,1665.0,70.0,400658.0,24,0
2020-12-13,-,The Empty Man,1520.0,175.0,2988239.0,52,0
2020-12-13,-,Pray: The Story of Patrick Peyton,365.0,1.0,72224.0,66,0
2020-12-13,-,After We Collided,40.0,2.0,2386444.0,94,0
2020-12-16,1,The Croods: A New Age,170225.0,2115.0,24848560.0,22,0
2020-12-16,2,Half Brothers,34370.0,1386.0,1501010.0,13,0
2020-12-16,-,Freaky,25385.0,1235.0,8319540.0,34,0
2020-12-16,-,All My Life,16070.0,965.0,743845.0,13,0
2020-12-16,-,The War with Grandpa,15769.0,1080.0,18014685.0,69,0
2020-12-16,-,Wild Mountain Thyme,14118.0,450.0,136333.0,6,0
2020-12-16,-,Come Play,10420.0,610.0,9241540.0,48,0
2020-12-16,-,Honest Thief,10353.0,625.0,14054074.0,62,0
2020-12-16,-,Let Him Go,8840.0,765.0,9238505.0,41,0
2020-12-16,-,The Forgotten Carols,6003.0,70.0,422443.0,27,0
2020-12-16,-,The Last Vermeer,3759.0,869.0,673194.0,27,0
2020-12-16,-,Mario Puzo’s The Godfather Coda: The Death of Michael Corleone,2004.0,156.0,66614347.0,10950,0
2020-12-16,-,The New Mutants,990.0,234.0,23848566.0,111,0
2020-12-16,-,The Empty Man,513.0,175.0,2990175.0,55,0
2020-12-16,-,After We Collided,23.0,141.0,2386475.0,97,0
2020-12-15,1,The Croods: A New Age,217325.0,2115.0,24678335.0,21,0
2020-12-15,2,Half Brothers,46245.0,1386.0,1466640.0,12,0
2020-12-15,-,Freaky,33855.0,1235.0,8294155.0,33,0
2020-12-15,-,All My Life,23060.0,965.0,727775.0,12,0
2020-12-15,-,The War with Grandpa,21027.0,1080.0,17998916.0,68,0
2020-12-15,-,Wild Mountain Thyme,15913.0,450.0,122215.0,5,0
2020-12-15,-,Honest Thief,12690.0,625.0,14043721.0,61,0
2020-12-15,-,Let Him Go,12520.0,765.0,9229665.0,40,0
2020-12-15,-,Come Play,10730.0,610.0,9231120.0,47,0
2020-12-15,-,The Forgotten Carols,8000.0,70.0,416440.0,26,0
2020-12-15,-,The Last Vermeer,5183.0,869.0,669435.0,26,0
2020-12-15,-,Mario Puzo’s The Godfather Coda: The Death of Michael Corleone,2386.0,156.0,66612343.0,10949,0
2020-12-15,-,The New Mutants,1390.0,234.0,23847576.0,110,0
2020-12-15,-,The Empty Man,803.0,175.0,2989662.0,54,0
2020-12-15,-,After We Collided,8.0,141.0,2386452.0,96,0
2020-12-17,1,The Croods: A New Age,180710.0,2115.0,25029270.0,23,0
2020-12-17,2,Half Brothers,36420.0,1386.0,1537430.0,14,0
2020-12-17,3,Freaky,22135.0,1235.0,8341675.0,35,0
2020-12-17,-,The War with Grandpa,15648.0,1080.0,18030333.0,70,0
2020-12-17,-,All My Life,14720.0,965.0,758565.0,14,0
2020-12-17,-,Wild Mountain Thyme,12180.0,450.0,148513.0,7,0
2020-12-17,-,Honest Thief,9540.0,625.0,14063614.0,63,0
2020-12-17,-,Come Play,8040.0,610.0,9249580.0,49,0
2020-12-17,-,Let Him Go,7635.0,765.0,9246140.0,42,0
2020-12-17,-,The Forgotten Carols,5619.0,70.0,428062.0,28,0
2020-12-17,-,The Last Vermeer,2764.0,869.0,675958.0,28,0
2020-12-17,-,Mario Puzo’s The Godfather Coda: The Death of Michael Corleone,1512.0,156.0,66615859.0,10951,0
2020-12-17,-,The New Mutants,445.0,234.0,23849011.0,112,0
2020-12-17,-,The Empty Man,355.0,175.0,2990530.0,56,0
2020-12-17,-,After We Collided,8.0,141.0,2386483.0,98,0
2020-12-19,1,The Croods: A New Age,884055.0,1906.0,26460740.0,25,0
2020-12-19,2,Monster Hunter,796432.0,1736.0,1621396.0,2,0
2020-12-19,3,Fatale,345657.0,1107.0,685152.0,2,0
2020-12-19,-,Half Brothers,110415.0,1143.0,1728145.0,16,0
2020-12-19,-,The War with Grandpa,82353.0,803.0,18161207.0,72,0
2020-12-19,-,Freaky,71930.0,785.0,8467445.0,37,0
2020-12-19,-,Come Play,51865.0,427.0,9332775.0,51,0
2020-12-19,-,The Muppet Christmas Carol,43000.0,725.0,27352507.0,10236,0
2020-12-19,-,All My Life,29910.0,609.0,811315.0,16,0
2020-12-19,-,Honest Thief,28297.0,355.0,14110704.0,65,0
2020-12-19,-,Let Him Go,24855.0,406.0,9288370.0,44,0
2020-12-19,-,Wild Mountain Thyme,18230.0,431.0,182914.0,9,0
2020-12-19,-,The Forgotten Carols,12064.0,45.0,448619.0,30,0
2020-12-19,-,The Last Vermeer,2726.0,76.0,680765.0,30,0
2020-12-19,-,The New Mutants,737.0,52.0,23850241.0,114,0
2020-12-19,-,The Empty Man,722.0,80.0,2991613.0,58,0
2020-12-19,-,St. Patrick’s Day,100.0,1.0,135.0,2,0
2020-12-19,-,Pray: The Story of Patrick Peyton,25.0,1.0,72295.0,72,0
2020-12-18,1,Monster Hunter,824964.0,1736.0,824964.0,1,1
2020-12-18,2,The Croods: A New Age,547415.0,1906.0,25576685.0,24,0
2020-12-18,3,Fatale,339495.0,1107.0,339495.0,1,1
2020-12-18,-,Half Brothers,80300.0,1143.0,1617730.0,15,0
2020-12-18,-,Freaky,53840.0,785.0,8395515.0,36,0
2020-12-18,-,The War with Grandpa,48521.0,803.0,18078854.0,71,0
2020-12-18,-,Come Play,31330.0,427.0,9280910.0,50,0
2020-12-18,-,The Muppet Christmas Carol,28000.0,725.0,27309507.0,10235,0
2020-12-18,-,Dr. Seuss’ The Grinch,27000.0,250.0,270788950.0,771,0
2020-12-18,-,All My Life,22840.0,609.0,781405.0,15,0
2020-12-18,-,Honest Thief,18793.0,355.0,14082407.0,64,0
2020-12-18,-,Let Him Go,17375.0,406.0,9263515.0,43,0
2020-12-18,-,Wild Mountain Thyme,16171.0,431.0,164684.0,8,0
2020-12-18,-,The Forgotten Carols,8493.0,45.0,436555.0,29,0
2020-12-18,-,The Last Vermeer,2081.0,76.0,678039.0,29,0
2020-12-18,-,The New Mutants,493.0,52.0,23849504.0,113,0
2020-12-18,-,The Empty Man,361.0,80.0,2990891.0,57,0
2020-12-18,-,Pray: The Story of Patrick Peyton,38.0,1.0,72270.0,71,0
2020-12-18,-,St. Patrick’s Day,35.0,1.0,35.0,1,1
2020-12-21,1,The Croods: A New Age,323075.0,1906.0,27431580.0,27,0
2020-12-21,2,Monster Hunter,215470.0,1736.0,2416739.0,4,0
2020-12-21,3,Fatale,94849.0,1107.0,1012961.0,4,0
2020-12-21,-,Half Brothers,33890.0,1143.0,1842925.0,18,0
2020-12-21,-,The War with Grandpa,30773.0,803.0,18253215.0,74,0
2020-12-21,-,Freaky,22620.0,785.0,8539200.0,39,0
2020-12-21,-,Come Play,17345.0,427.0,9385585.0,53,0
2020-12-21,-,All My Life,10120.0,609.0,843450.0,18,0
2020-12-21,-,Honest Thief,10022.0,355.0,14140492.0,67,0
2020-12-21,-,The Forgotten Carols,8194.0,45.0,458197.0,32,0
2020-12-21,-,Let Him Go,5185.0,406.0,9309955.0,46,0
2020-12-21,-,Wild Mountain Thyme,4922.0,431.0,199796.0,11,0
2020-12-21,-,The Last Vermeer,651.0,76.0,682925.0,32,0
2020-12-21,-,The New Mutants,320.0,52.0,23851358.0,116,0
2020-12-21,-,The Empty Man,140.0,80.0,2992246.0,60,0
2020-12-21,-,St. Patrick’s Day,25.0,1.0,160.0,4,0
2020-12-20,1,The Croods: A New Age,647765.0,1906.0,27108505.0,26,0
2020-12-20,2,Monster Hunter,579873.0,1736.0,2201269.0,3,0
2020-12-20,3,Fatale,232960.0,1107.0,918112.0,3,0
2020-12-20,-,Half Brothers,80890.0,1143.0,1809035.0,17,0
2020-12-20,-,The War with Grandpa,61235.0,803.0,18222442.0,73,0
2020-12-20,-,Freaky,49135.0,785.0,8516580.0,38,0
2020-12-20,-,Come Play,35465.0,427.0,9368240.0,52,0
2020-12-20,-,All My Life,22015.0,609.0,833330.0,17,0
2020-12-20,-,The Muppet Christmas Carol,21000.0,725.0,27373507.0,10237,0
2020-12-20,-,Honest Thief,19766.0,355.0,14130470.0,66,0
2020-12-20,-,Let Him Go,16400.0,406.0,9304770.0,45,0
2020-12-20,-,Wild Mountain Thyme,11960.0,431.0,194874.0,10,0
2020-12-20,-,The Last Vermeer,1509.0,76.0,682274.0,31,0
2020-12-20,-,The Forgotten Carols,1384.0,45.0,450003.0,31,0
2020-12-20,-,The New Mutants,797.0,52.0,23851038.0,115,0
2020-12-20,-,The Empty Man,493.0,80.0,2992106.0,59,0
2020-12-20,-,Pray: The Story of Patrick Peyton,52.0,1.0,72347.0,73,0
2020-12-22,1,The Croods: A New Age,420110.0,1906.0,27851690.0,28,0
2020-12-22,2,Monster Hunter,249836.0,1736.0,2666575.0,5,0
2020-12-22,3,Fatale,103591.0,1107.0,1116552.0,5,0
2020-12-22,-,The War with Grandpa,45008.0,803.0,18298223.0,75,0
2020-12-22,-,Half Brothers,41540.0,1143.0,1884465.0,19,0
2020-12-22,-,Freaky,27770.0,785.0,8566970.0,40,0
2020-12-22,-,Come Play,16885.0,427.0,9402470.0,54,0
2020-12-22,-,All My Life,13155.0,609.0,856605.0,19,0
2020-12-22,-,Honest Thief,10285.0,355.0,14150777.0,68,0
2020-12-22,-,The Forgotten Carols,9441.0,45.0,467638.0,33,0
2020-12-22,-,Let Him Go,7130.0,406.0,9317085.0,47,0
2020-12-22,-,Wild Mountain Thyme,6870.0,431.0,206665.0,12,0
2020-12-22,-,The Last Vermeer,620.0,76.0,683545.0,33,0
2020-12-22,-,The New Mutants,416.0,52.0,23851774.0,117,0
2020-12-22,-,The Empty Man,157.0,80.0,2992403.0,61,0
2020-12-22,-,St. Patrick’s Day,70.0,1.0,230.0,5,0
2020-12-23,1,The Croods: A New Age,416835.0,1906.0,28268525.0,29,0
2020-12-23,-,Monster Hunter,232184.0,1736.0,2898759.0,6,0
2020-12-23,-,Fatale,101572.0,1107.0,1218124.0,6,0
2020-12-23,-,The War with Grandpa,52918.0,803.0,18351141.0,76,0
2020-12-23,-,Half Brothers,36760.0,1143.0,1921225.0,20,0
2020-12-23,-,Freaky,29720.0,785.0,8596690.0,41,0
2020-12-23,-,Come Play,17440.0,427.0,9419910.0,55,0
2020-12-23,-,Honest Thief,12797.0,355.0,14163574.0,69,0
2020-12-23,-,All My Life,12065.0,609.0,868670.0,20,0
2020-12-23,-,The Forgotten Carols,10667.0,45.0,478305.0,34,0
2020-12-23,-,Let Him Go,8545.0,406.0,9325630.0,48,0
2020-12-23,-,Wild Mountain Thyme,6776.0,431.0,213441.0,13,0
2020-12-23,-,The Last Vermeer,1000.0,76.0,684545.0,34,0
2020-12-23,-,The New Mutants,435.0,52.0,23852209.0,118,0
2020-12-23,-,The Empty Man,200.0,80.0,2992603.0,62,0
2020-12-23,-,St. Patrick’s Day,10.0,1.0,240.0,6,0
2020-12-24,1,The Croods: A New Age,348215.0,1906.0,28616740.0,30,0
2020-12-24,-,Monster Hunter,193658.0,1736.0,3092417.0,7,0
2020-12-24,-,Fatale,83398.0,1107.0,1301522.0,7,0
2020-12-24,-,The War with Grandpa,66617.0,803.0,18417758.0,77,0
2020-12-24,-,Half Brothers,33420.0,1143.0,1954645.0,21,0
2020-12-24,-,Freaky,13405.0,785.0,8610095.0,42,0
2020-12-24,-,The Forgotten Carols,13145.0,45.0,491450.0,35,0
2020-12-24,-,Let Him Go,9995.0,406.0,9335625.0,49,0
2020-12-24,-,Come Play,7540.0,427.0,9427450.0,56,0
2020-12-24,-,All My Life,7075.0,609.0,875745.0,21,0
2020-12-24,-,The Last Vermeer,835.0,76.0,685380.0,35,0
2020-12-24,-,The New Mutants,285.0,52.0,23852494.0,119,0
2020-12-24,-,The Empty Man,75.0,80.0,2992678.0,63,0
2020-12-24,-,St. Patrick’s Day,20.0,1.0,260.0,7,0
2020-12-25,-,News of the World,1000325.0,1900.0,1000325.0,1,1
2020-12-25,-,The Croods: A New Age,527990.0,1726.0,29144730.0,31,0
2020-12-25,-,Monster Hunter,354035.0,1817.0,3446452.0,8,0
2020-12-25,-,Promising Young Woman,256800.0,1310.0,256800.0,1,1
2020-12-25,-,Fatale,206331.0,1168.0,1507853.0,8,0
2020-12-25,-,Pinocchio,107305.0,786.0,107305.0,1,1
2020-12-25,-,The War with Grandpa,51233.0,515.0,18468991.0,78,0
2020-12-25,-,Freaky,15780.0,255.0,8625875.0,43,0
2020-12-25,-,How the Grinch Stole Christmas,14000.0,150.0,260348825.0,7344,0
2020-12-25,-,Dr. Seuss’ The Grinch,13000.0,150.0,270801950.0,778,0
2020-12-25,-,Half Brothers,12820.0,186.0,1967465.0,22,0
2020-12-25,-,Come Play,10820.0,123.0,9438270.0,57,0
2020-12-25,-,The Muppet Christmas Carol,3000.0,160.0,27376507.0,10242,0
2020-12-25,-,All My Life,2445.0,133.0,878190.0,22,0
2020-12-25,-,Let Him Go,2245.0,54.0,9337870.0,50,0
2020-12-25,-,The Forgotten Carols,2010.0,48.0,493460.0,36,0
2020-12-25,-,The New Mutants,1000.0,10.0,23853494.0,120,0
2020-12-25,-,The Empty Man,1000.0,80.0,2993678.0,64,0
2020-12-26,-,News of the World,769880.0,1900.0,1770205.0,2,0
2020-12-26,-,The Croods: A New Age,668730.0,1726.0,29813460.0,32,0
2020-12-26,-,Monster Hunter,427395.0,1817.0,3873847.0,9,0
2020-12-26,-,Fatale,264274.0,1168.0,1772127.0,9,0
2020-12-26,-,Promising Young Woman,262785.0,1310.0,519585.0,2,0
2020-12-26,-,Pinocchio,90013.0,786.0,197318.0,2,0
2020-12-26,-,The War with Grandpa,42292.0,515.0,18511283.0,79,0
2020-12-26,-,Freaky,19035.0,255.0,8644910.0,44,0
2020-12-26,-,Come Play,18575.0,123.0,9456845.0,58,0
2020-12-26,-,Half Brothers,12905.0,186.0,1980370.0,23,0
2020-12-26,-,All My Life,4755.0,133.0,882945.0,23,0
2020-12-26,-,The Forgotten Carols,3017.0,48.0,496477.0,37,0
2020-12-26,-,The Muppet Christmas Carol,3000.0,160.0,27379507.0,10243,0
2020-12-26,-,Let Him Go,2510.0,54.0,9340380.0,51,0
2020-12-26,-,The New Mutants,1000.0,52.0,23854494.0,121,0
2020-12-26,-,The Empty Man,1000.0,100.0,2994678.0,65,0
2020-12-27,-,The Croods: A New Age,548885.0,1726.0,30362345.0,33,0
2020-12-27,-,News of the World,480225.0,1900.0,2250430.0,3,0
2020-12-27,-,Monster Hunter,316183.0,1817.0,4190030.0,10,0
2020-12-27,-,Promising Young Woman,199720.0,1310.0,719305.0,3,0
2020-12-27,-,Fatale,189220.0,1168.0,1961347.0,10,0
2020-12-27,-,Pinocchio,74791.0,786.0,272109.0,3,0
2020-12-27,-,The War with Grandpa,33994.0,515.0,18545277.0,80,0
2020-12-27,-,Freaky,16050.0,255.0,8660960.0,45,0
2020-12-27,-,Come Play,13435.0,123.0,9470280.0,59,0
2020-12-27,-,Half Brothers,10380.0,186.0,1990750.0,24,0
2020-12-27,-,All My Life,3370.0,133.0,886315.0,24,0
2020-12-27,-,Let Him Go,2010.0,54.0,9342390.0,52,0
2020-12-27,-,The Empty Man,1000.0,90.0,2995678.0,66,0
2020-12-27,-,The New Mutants,1000.0,28.0,23855494.0,122,0
2020-12-27,-,The Forgotten Carols,371.0,48.0,496848.0,38,0
2020-12-29,-,The Croods: A New Age,520430.0,1726.0,31323105.0,35,0
2020-12-29,-,News of the World,330990.0,1900.0,2881845.0,5,0
2020-12-29,-,Monster Hunter,210930.0,1736.0,4591824.0,12,0
2020-12-29,-,Promising Young Woman,123050.0,1310.0,969475.0,5,0
2020-12-29,-,Fatale,108938.0,1168.0,2174114.0,12,0
2020-12-29,-,Pinocchio,58159.0,786.0,379868.0,5,0
2020-12-29,-,The War with Grandpa,36796.0,515.0,18612106.0,82,0
2020-12-29,-,Freaky,10330.0,255.0,8682735.0,47,0
2020-12-29,-,Come Play,8910.0,123.0,9488020.0,61,0
2020-12-29,-,Half Brothers,6170.0,186.0,2002425.0,26,0
2020-12-29,-,All My Life,3835.0,133.0,893350.0,26,0
2020-12-29,-,Let Him Go,1230.0,54.0,9344815.0,54,0
2020-12-29,-,The Forgotten Carols,1062.0,48.0,498845.0,40,0
2020-12-29,-,The New Mutants,45.0,28.0,23855559.0,124,0
2020-12-28,-,The Croods: A New Age,440330.0,1726.0,30802675.0,34,0
2020-12-28,-,News of the World,300425.0,1900.0,2550855.0,4,0
2020-12-28,-,Monster Hunter,190864.0,1736.0,4380894.0,11,0
2020-12-28,-,Promising Young Woman,127120.0,1310.0,846425.0,4,0
2020-12-28,-,Fatale,103829.0,1168.0,2065176.0,11,0
2020-12-28,-,Pinocchio,49600.0,786.0,321709.0,4,0
2020-12-28,-,The War with Grandpa,30033.0,515.0,18575310.0,81,0
2020-12-28,-,Freaky,11445.0,255.0,8672405.0,46,0
2020-12-28,-,Come Play,8830.0,123.0,9479110.0,60,0
2020-12-28,-,Half Brothers,5505.0,186.0,1996255.0,25,0
2020-12-28,-,All My Life,3200.0,133.0,889515.0,25,0
2020-12-28,-,Let Him Go,1195.0,54.0,9343585.0,53,0
2020-12-28,-,The Forgotten Carols,935.0,48.0,497783.0,39,0
2020-12-28,-,The Empty Man,20.0,90.0,2995698.0,67,0
2020-12-28,-,The New Mutants,20.0,28.0,23855514.0,123,0
2020-12-31,-,News of the World,515100.0,1900.0,3717170.0,7,0
2020-12-31,-,The Croods: A New Age,477995.0,1726.0,32334280.0,37,0
2020-12-31,-,Monster Hunter,207532.0,1817.0,5018403.0,14,0
2020-12-31,-,Promising Young Woman,113540.0,1310.0,1208180.0,7,0
2020-12-31,-,Fatale,104683.0,1168.0,2388133.0,14,0
2020-12-31,-,Pinocchio,54337.0,786.0,488838.0,7,0
2020-12-31,-,The War with Grandpa,48890.0,515.0,18702194.0,84,0
2020-12-31,-,Freaky,7960.0,255.0,8702060.0,49,0
2020-12-31,-,Half Brothers,6890.0,186.0,2016150.0,28,0
2020-12-31,-,Come Play,6340.0,123.0,9505540.0,63,0
2020-12-31,-,All My Life,2715.0,133.0,899585.0,28,0
2020-12-31,-,Let Him Go,1950.0,54.0,9347940.0,56,0
2020-12-31,-,The Forgotten Carols,1002.0,48.0,500692.0,42,0
2020-12-31,-,The New Mutants,10.0,1.0,23855569.0,126,0
2020-12-30,-,The Croods: A New Age,533180.0,1726.0,31856285.0,36,0
2020-12-30,-,News of the World,320225.0,1900.0,3202070.0,6,0
2020-12-30,-,Monster Hunter,219047.0,1817.0,4810871.0,13,0
2020-12-30,-,Promising Young Woman,125165.0,1310.0,1094640.0,6,0
2020-12-30,-,Fatale,109336.0,1168.0,2283450.0,13,0
2020-12-30,-,Pinocchio,54633.0,786.0,434501.0,6,0
2020-12-30,-,The War with Grandpa,41198.0,515.0,18653304.0,83,0
2020-12-30,-,Freaky,11365.0,255.0,8694100.0,48,0
2020-12-30,-,Come Play,11180.0,123.0,9499200.0,62,0
2020-12-30,-,Half Brothers,6835.0,186.0,2009260.0,27,0
2020-12-30,-,All My Life,3520.0,133.0,896870.0,27,0
2020-12-30,-,Let Him Go,1175.0,54.0,9345990.0,55,0
2020-12-30,-,The Forgotten Carols,845.0,48.0,499690.0,41,0
2021-01-01,-,The Croods: A New Age,785700.0,1751.0,33119980.0,38,0
2021-01-01,-,News of the World,605735.0,1928.0,4322905.0,8,0
2021-01-01,-,Monster Hunter,439894.0,1807.0,5458297.0,15,0
2021-01-01,-,Promising Young Woman,238235.0,1333.0,1446415.0,8,0
2021-01-01,-,Fatale,235170.0,1183.0,2623303.0,15,0
2021-01-01,-,Pinocchio,105575.0,824.0,594413.0,8,0
2021-01-01,-,The War with Grandpa,57675.0,305.0,18759869.0,85,0
2021-01-01,-,Alien,30000.0,505.0,62992707.0,15198,0
2021-01-01,-,Come Play,19925.0,110.0,9525465.0,64,0
2021-01-01,-,Shadow in the Cloud,16681.0,70.0,16681.0,1,1
2021-01-01,-,Freaky,15850.0,201.0,8717910.0,50,0
2021-01-01,-,Half Brothers,14705.0,134.0,2030855.0,29,0
2021-01-01,-,All My Life,3365.0,88.0,902950.0,29,0
2021-01-01,-,Let Him Go,2635.0,49.0,9350575.0,57,0
2021-01-01,-,The Forgotten Carols,376.0,20.0,501068.0,43,0
2021-01-03,-,The Croods: A New Age,540745.0,1751.0,34558715.0,40,0
2021-01-03,-,News of the World,356065.0,1928.0,5407350.0,10,0
2021-01-03,-,Monster Hunter,300363.0,1807.0,6282381.0,17,0
2021-01-03,-,Promising Young Woman,167335.0,1333.0,1896080.0,10,0
2021-01-03,-,Fatale,163410.0,1183.0,3089694.0,17,0
2021-01-03,-,Pinocchio,71949.0,824.0,782555.0,10,0
2021-01-03,-,The War with Grandpa,39229.0,305.0,18861607.0,87,0
2021-01-03,-,Alien,16000.0,505.0,63037707.0,15200,0
2021-01-03,-,Freaky,13955.0,201.0,8757960.0,52,0
2021-01-03,-,Come Play,13645.0,110.0,9564845.0,66,0
2021-01-03,-,Half Brothers,10065.0,134.0,2056635.0,31,0
2021-01-03,-,Shadow in the Cloud,8186.0,70.0,39117.0,3,0
2021-01-03,-,All My Life,2855.0,88.0,909940.0,31,0
2021-01-03,-,Let Him Go,1605.0,49.0,9355765.0,59,0
2021-01-03,-,The Forgotten Carols,232.0,20.0,501629.0,45,0
2021-01-02,-,The Croods: A New Age,897990.0,1751.0,34017970.0,39,0
2021-01-02,-,News of the World,728380.0,1928.0,5051285.0,9,0
2021-01-02,-,Monster Hunter,523721.0,1807.0,5982018.0,16,0
2021-01-02,-,Fatale,302981.0,1183.0,2926284.0,16,0
2021-01-02,-,Promising Young Woman,282330.0,1333.0,1728745.0,9,0
2021-01-02,-,Pinocchio,116193.0,824.0,710606.0,9,0
2021-01-02,-,The War with Grandpa,62509.0,305.0,18822378.0,86,0
2021-01-02,-,Alien,29000.0,505.0,63021707.0,15199,0
2021-01-02,-,Freaky,26095.0,201.0,8744005.0,51,0
2021-01-02,-,Come Play,25735.0,110.0,9551200.0,65,0
2021-01-02,-,Half Brothers,15715.0,134.0,2046570.0,30,0
2021-01-02,-,Shadow in the Cloud,14250.0,70.0,30931.0,2,0
2021-01-02,-,All My Life,4135.0,88.0,907085.0,30,0
2021-01-02,-,Let Him Go,3585.0,49.0,9354160.0,58,0
2021-01-02,-,The Forgotten Carols,329.0,20.0,501397.0,44,0
2021-01-04,-,The Croods: A New Age,161045.0,1751.0,34719760.0,41,0
2021-01-04,-,Monster Hunter,117321.0,1807.0,6399702.0,18,0
2021-01-04,-,News of the World,108920.0,1928.0,5516270.0,11,0
2021-01-04,-,Promising Young Woman,62895.0,1333.0,1958975.0,11,0
2021-01-04,-,Fatale,61127.0,1183.0,3150821.0,18,0
2021-01-04,-,Pinocchio,30848.0,824.0,813403.0,11,0
2021-01-04,-,The War with Grandpa,10017.0,305.0,18871624.0,88,0
2021-01-04,-,Freaky,7155.0,201.0,8765115.0,53,0
2021-01-04,-,Come Play,6250.0,110.0,9571095.0,67,0
2021-01-04,-,Half Brothers,3775.0,134.0,2060410.0,32,0
2021-01-04,-,Shadow in the Cloud,3445.0,70.0,42562.0,4,0
2021-01-04,-,All My Life,1175.0,88.0,911115.0,32,0
2021-01-04,-,Let Him Go,510.0,49.0,9356275.0,60,0
2021-01-04,-,The Forgotten Carols,122.0,20.0,501751.0,46,0
2021-01-05,-,News of the World,146820.0,1928.0,5663090.0,12,0
2021-01-05,-,The Croods: A New Age,143710.0,1751.0,34863470.0,42,0
2021-01-05,-,Monster Hunter,119264.0,1807.0,6518966.0,19,0
2021-01-05,-,Promising Young Woman,71355.0,1333.0,2030330.0,12,0
2021-01-05,-,Fatale,69501.0,1183.0,3220322.0,19,0
2021-01-05,-,Pinocchio,33898.0,824.0,847301.0,12,0
2021-01-05,-,The War with Grandpa,9293.0,305.0,18880917.0,89,0
2021-01-05,-,Freaky,5700.0,201.0,8770815.0,54,0
2021-01-05,-,Come Play,4170.0,110.0,9575265.0,68,0
2021-01-05,-,Shadow in the Cloud,3067.0,70.0,45629.0,5,0
2021-01-05,-,Half Brothers,2685.0,134.0,2063095.0,33,0
2021-01-05,-,All My Life,1030.0,88.0,912145.0,33,0
2021-01-05,-,Let Him Go,450.0,49.0,9356725.0,61,0
2021-01-05,-,The Forgotten Carols,209.0,20.0,501960.0,47,0
2021-01-06,-,The Croods: A New Age,94025.0,1751.0,34957495.0,43,0
2021-01-06,-,Monster Hunter,91085.0,1807.0,6610051.0,20,0
2021-01-06,-,News of the World,86870.0,1928.0,5749960.0,13,0
2021-01-06,-,Fatale,56019.0,1183.0,3276341.0,20,0
2021-01-06,-,Promising Young Woman,54870.0,1333.0,2085200.0,13,0
2021-01-06,-,Pinocchio,28677.0,824.0,875978.0,13,0
2021-01-06,-,The War with Grandpa,5512.0,305.0,18886429.0,90,0
2021-01-06,-,Come Play,4455.0,110.0,9579720.0,69,0
2021-01-06,-,Freaky,4385.0,201.0,8775200.0,55,0
2021-01-06,-,Shadow in the Cloud,2675.0,70.0,48304.0,6,0
2021-01-06,-,Half Brothers,1970.0,134.0,2065065.0,34,0
2021-01-06,-,All My Life,685.0,88.0,912830.0,34,0
2021-01-06,-,Let Him Go,475.0,49.0,9357200.0,62,0
2021-01-06,-,The Forgotten Carols,105.0,20.0,502065.0,48,0
2021-01-07,-,News of the World,111010.0,1928.0,5860970.0,14,0
2021-01-07,-,The Croods: A New Age,108155.0,1751.0,35065650.0,44,0
2021-01-07,-,Monster Hunter,95359.0,1807.0,6705410.0,21,0
2021-01-07,-,Fatale,64862.0,1183.0,3341203.0,21,0
2021-01-07,-,Promising Young Woman,61980.0,1333.0,2147180.0,14,0
2021-01-07,-,Pinocchio,28243.0,824.0,904221.0,14,0
2021-01-07,-,The War with Grandpa,7560.0,305.0,18893989.0,91,0
2021-01-07,-,Freaky,5645.0,201.0,8780845.0,56,0
2021-01-07,-,Come Play,4280.0,110.0,9584000.0,70,0
2021-01-07,-,Shadow in the Cloud,3562.0,70.0,51866.0,7,0
2021-01-07,-,Half Brothers,3020.0,134.0,2068085.0,35,0
2021-01-07,-,All My Life,1105.0,88.0,913935.0,35,0
2021-01-07,-,Let Him Go,825.0,49.0,9358025.0,63,0
2021-01-07,-,The Forgotten Carols,128.0,20.0,502193.0,49,0
2021-01-08,-,The Croods: A New Age,403895.0,1751.0,35469545.0,45,0
2021-01-08,-,News of the World,396170.0,1928.0,6257140.0,15,0
2021-01-08,-,Monster Hunter,285720.0,1765.0,6991130.0,22,0
2021-01-08,-,Fatale,192337.0,1222.0,3533540.0,22,0
2021-01-08,-,Promising Young Woman,178410.0,1333.0,2325590.0,15,0
2021-01-08,-,Pinocchio,55640.0,821.0,959861.0,15,0
2021-01-08,-,The War with Grandpa,34737.0,385.0,18928726.0,92,0
2021-01-08,-,Come Play,25515.0,110.0,9609515.0,71,0
2021-01-08,-,Alien,21000.0,456.0,63058707.0,15205,0
2021-01-08,-,Shadow in the Cloud,18601.0,107.0,70467.0,8,0
2021-01-08,-,Half Brothers,16690.0,134.0,2084775.0,36,0
2021-01-08,-,Freaky,15335.0,201.0,8796180.0,57,0
2021-01-08,-,The Forgotten Carols,4.0,1.0,502197.0,50,0
2021-01-10,-,The Croods: A New Age,521040.0,1751.0,36876405.0,47,0
2021-01-10,-,Monster Hunter,287525.0,1765.0,7811442.0,24,0
2021-01-10,-,News of the World,279815.0,1928.0,7097155.0,17,0
2021-01-10,-,Fatale,162798.0,1222.0,3997809.0,24,0
2021-01-10,-,Promising Young Woman,137040.0,1333.0,2713465.0,17,0
2021-01-10,-,Pinocchio,66009.0,821.0,1125189.0,17,0
2021-01-10,-,The War with Grandpa,41584.0,385.0,19048778.0,94,0
2021-01-10,-,Come Play,21985.0,110.0,9679430.0,73,0
2021-01-10,-,Half Brothers,14755.0,134.0,2125640.0,38,0
2021-01-10,-,Shadow in the Cloud,14138.0,107.0,112069.0,10,0
2021-01-10,-,Alien,13000.0,456.0,63097707.0,15207,0
2021-01-10,-,Freaky,11230.0,201.0,8830595.0,59,0
2021-01-09,-,The Croods: A New Age,885820.0,1751.0,36355365.0,46,0
2021-01-09,-,News of the World,560200.0,1928.0,6817340.0,16,0
2021-01-09,-,Monster Hunter,532787.0,1765.0,7523917.0,23,0
2021-01-09,-,Fatale,301471.0,1222.0,3835011.0,23,0
2021-01-09,-,Promising Young Woman,250835.0,1333.0,2576425.0,16,0
2021-01-09,-,Pinocchio,99319.0,821.0,1059180.0,16,0
2021-01-09,-,The War with Grandpa,78468.0,385.0,19007194.0,93,0
2021-01-09,-,Come Play,47930.0,110.0,9657445.0,72,0
2021-01-09,-,Shadow in the Cloud,27464.0,107.0,97931.0,9,0
2021-01-09,-,Half Brothers,26110.0,134.0,2110885.0,37,0
2021-01-09,-,Alien,26000.0,456.0,63084707.0,15206,0
2021-01-09,-,Freaky,23185.0,201.0,8819365.0,58,0
2021-01-09,-,The Forgotten Carols,16.0,1.0,502213.0,51,0
2021-01-11,-,The Croods: A New Age,80340.0,1751.0,36956745.0,48,0
2021-01-11,-,Monster Hunter,65453.0,1765.0,7876895.0,25,0
2021-01-11,-,News of the World,64400.0,1928.0,7161555.0,18,0
2021-01-11,-,Fatale,47590.0,1222.0,4045399.0,25,0
2021-01-11,-,Promising Young Woman,44285.0,1333.0,2757750.0,18,0
2021-01-11,-,Pinocchio,12531.0,821.0,1137720.0,18,0
2021-01-11,-,Come Play,7865.0,110.0,9687295.0,74,0
2021-01-11,-,The War with Grandpa,6718.0,385.0,19055496.0,95,0
2021-01-11,-,Shadow in the Cloud,5878.0,107.0,117947.0,11,0
2021-01-11,-,Freaky,4905.0,201.0,8835500.0,60,0
2021-01-11,-,Half Brothers,3830.0,134.0,2129470.0,39,0
2021-01-11,-,The Forgotten Carols,6.0,1.0,502219.0,53,0
2021-01-13,-,The Croods: A New Age,85440.0,1751.0,37161220.0,50,0
2021-01-13,-,News of the World,81195.0,1928.0,7365930.0,20,0
2021-01-13,-,Monster Hunter,72188.0,1765.0,8039756.0,27,0
2021-01-13,-,Fatale,53866.0,1222.0,4162322.0,27,0
2021-01-13,-,Promising Young Woman,47910.0,1333.0,2865375.0,20,0
2021-01-13,-,Pinocchio,12805.0,821.0,1168615.0,20,0
2021-01-13,-,Come Play,7910.0,110.0,9701690.0,76,0
2021-01-13,-,The War with Grandpa,7695.0,385.0,19073894.0,97,0
2021-01-13,-,Shadow in the Cloud,6842.0,107.0,130745.0,13,0
2021-01-13,-,Freaky,4750.0,201.0,8845620.0,62,0
2021-01-13,-,Half Brothers,4165.0,134.0,2138165.0,41,0
2021-01-12,-,News of the World,123180.0,1928.0,7284735.0,19,0
2021-01-12,-,The Croods: A New Age,119035.0,1751.0,37075780.0,49,0
2021-01-12,-,Monster Hunter,90673.0,1765.0,7967568.0,26,0
2021-01-12,-,Fatale,63057.0,1222.0,4108456.0,26,0
2021-01-12,-,Promising Young Woman,59715.0,1333.0,2817465.0,19,0
2021-01-12,-,Pinocchio,18090.0,821.0,1155810.0,19,0
2021-01-12,-,The War with Grandpa,10703.0,385.0,19066199.0,96,0
2021-01-12,-,Come Play,6485.0,110.0,9693780.0,75,0
2021-01-12,-,Shadow in the Cloud,5956.0,107.0,123903.0,12,0
2021-01-12,-,Freaky,5370.0,201.0,8840870.0,61,0
2021-01-12,-,Half Brothers,4530.0,134.0,2134000.0,40,0
2021-01-12,-,The Forgotten Carols,21.0,1.0,502240.0,54,0
2021-01-15,1,The Marksman,1050151.0,1975.0,1050151.0,1,1
2021-01-15,-,The Croods: A New Age,423720.0,1855.0,37673185.0,52,0
2021-01-15,-,News of the World,308255.0,1953.0,7762595.0,22,0
2021-01-15,-,Monster Hunter,228133.0,1694.0,8338240.0,29,0
2021-01-15,-,Promising Young Woman,129545.0,1333.0,3045840.0,22,0
2021-01-15,-,Fatale,128760.0,1175.0,4341605.0,29,0
2021-01-15,-,Pinocchio,37053.0,660.0,1218416.0,22,0
2021-01-15,-,The Emperor's New Groove,35000.0,744.0,89331573.0,7337,0
2021-01-15,-,The War with Grandpa,33693.0,422.0,19115143.0,99,0
2021-01-15,-,Come Play,24375.0,159.0,9733405.0,78,0
2021-01-15,-,American Skin,15587.0,51.0,15587.0,1,1
2021-01-15,-,Freaky,11090.0,136.0,8861400.0,64,0
2021-01-15,-,Half Brothers,10680.0,151.0,2152110.0,43,0
2021-01-15,-,MLK/FBI,5969.0,120.0,5969.0,1,1
2021-01-15,-,Bloody Hell,3885.0,21.0,3885.0,2,0
2021-01-15,-,Shadow in the Cloud,3072.0,68.0,138105.0,15,0
2021-01-14,-,News of the World,88410.0,1928.0,7454340.0,21,0
2021-01-14,-,The Croods: A New Age,88245.0,1751.0,37249465.0,51,0
2021-01-14,-,Monster Hunter,70351.0,1765.0,8110107.0,28,0
2021-01-14,-,Promising Young Woman,50920.0,1333.0,2916295.0,21,0
2021-01-14,-,Fatale,50523.0,1222.0,4212845.0,28,0
2021-01-14,-,Pinocchio,12748.0,821.0,1181363.0,21,0
2021-01-14,-,The War with Grandpa,7556.0,385.0,19081450.0,98,0
2021-01-14,-,Come Play,7340.0,110.0,9709030.0,77,0
2021-01-14,-,Freaky,4690.0,201.0,8850310.0,63,0
2021-01-14,-,Shadow in the Cloud,4288.0,107.0,135033.0,14,0
2021-01-14,-,Half Brothers,3265.0,134.0,2141430.0,42,0
2021-01-14,-,The Forgotten Carols,12.0,1.0,502252.0,56,0
2021-01-16,1,The Marksman,1248209.0,1975.0,2298360.0,2,0
2021-01-16,-,The Croods: A New Age,911185.0,1855.0,38584370.0,53,0
2021-01-16,-,News of the World,431430.0,1953.0,8194025.0,23,0
2021-01-16,-,Monster Hunter,408962.0,1694.0,8747202.0,30,0
2021-01-16,-,Fatale,207661.0,1175.0,4549266.0,30,0
2021-01-16,-,Promising Young Woman,184960.0,1333.0,3230800.0,23,0
2021-01-16,-,The Emperor's New Groove,75000.0,744.0,89406573.0,7338,0
2021-01-16,-,The War with Grandpa,71451.0,422.0,19186594.0,100,0
2021-01-16,-,Pinocchio,63715.0,660.0,1282131.0,23,0
2021-01-16,-,Come Play,46975.0,159.0,9780380.0,79,0
2021-01-16,-,Freaky,19640.0,136.0,8881040.0,65,0
2021-01-16,-,Half Brothers,18360.0,151.0,2170470.0,44,0
2021-01-16,-,American Skin,18259.0,51.0,33846.0,2,0
2021-01-16,-,MLK/FBI,9133.0,120.0,15102.0,2,0
2021-01-16,-,Bloody Hell,5379.0,21.0,9264.0,3,0
2021-01-16,-,Shadow in the Cloud,3826.0,68.0,141931.0,16,0
2021-01-17,1,The Marksman,805844.0,1975.0,3104204.0,3,0
2021-01-17,-,The Croods: A New Age,665965.0,1855.0,39250335.0,54,0
2021-01-17,-,Monster Hunter,293208.0,1694.0,9040410.0,31,0
2021-01-17,-,News of the World,258170.0,1953.0,8452195.0,24,0
2021-01-17,-,Fatale,134049.0,1175.0,4683315.0,31,0
2021-01-17,-,Promising Young Woman,131310.0,1333.0,3362110.0,24,0
2021-01-17,-,The War with Grandpa,56754.0,422.0,19243348.0,101,0
2021-01-17,-,Pinocchio,56109.0,660.0,1338240.0,24,0
2021-01-17,-,The Emperor's New Groove,50000.0,744.0,89456573.0,7339,0
2021-01-17,-,Come Play,32655.0,159.0,9813035.0,80,0
2021-01-17,-,Half Brothers,14690.0,151.0,2185160.0,45,0
2021-01-17,-,American Skin,12564.0,51.0,46410.0,3,0
2021-01-17,-,Freaky,11285.0,136.0,8892325.0,66,0
2021-01-17,-,MLK/FBI,6501.0,120.0,21603.0,3,0
2021-01-17,-,Bloody Hell,3880.0,21.0,13144.0,4,0
2021-01-17,-,Shadow in the Cloud,3242.0,68.0,145173.0,17,0
2021-01-18,-,The Croods: A New Age,506755.0,1855.0,39757090.0,55,0
2021-01-18,-,The Marksman,399053.0,1975.0,3503257.0,4,0
2021-01-18,-,News of the World,182315.0,1953.0,8634510.0,25,0
2021-01-18,-,Monster Hunter,159918.0,1694.0,9200328.0,32,0
2021-01-18,-,Promising Young Woman,91670.0,1333.0,3453780.0,25,0
2021-01-18,-,Fatale,69402.0,1175.0,4752717.0,32,0
2021-01-18,-,The Emperor's New Groove,59000.0,744.0,89515573.0,7340,0
2021-01-18,-,The War with Grandpa,41549.0,422.0,19284897.0,102,0
2021-01-18,-,Pinocchio,38556.0,660.0,1376796.0,25,0
2021-01-18,-,Come Play,17260.0,159.0,9830295.0,81,0
2021-01-18,-,Half Brothers,7435.0,151.0,2192595.0,46,0
2021-01-18,-,MLK/FBI,6660.0,120.0,28263.0,4,0
2021-01-18,-,American Skin,6407.0,51.0,52817.0,4,0
2021-01-18,-,Freaky,5670.0,136.0,8897995.0,67,0
2021-01-18,-,Shadow in the Cloud,1926.0,68.0,147099.0,18,0
2021-01-18,-,Bloody Hell,1855.0,21.0,14999.0,5,0
2021-01-19,1,The Marksman,259783.0,1975.0,3763040.0,5,0
2021-01-19,-,The Croods: A New Age,110450.0,1855.0,39867540.0,56,0
2021-01-19,-,News of the World,88075.0,1953.0,8722585.0,26,0
2021-01-19,-,Monster Hunter,64523.0,1694.0,9264851.0,33,0
2021-01-19,-,Promising Young Woman,49185.0,1333.0,3502965.0,26,0
2021-01-19,-,Fatale,41640.0,1175.0,4794357.0,33,0
2021-01-19,-,Pinocchio,10406.0,660.0,1387202.0,26,0
2021-01-19,-,The War with Grandpa,8521.0,422.0,19293418.0,103,0
2021-01-19,-,Come Play,6095.0,159.0,9836390.0,82,0
2021-01-19,-,American Skin,3401.0,51.0,56218.0,5,0
2021-01-19,-,Freaky,2950.0,136.0,8900945.0,68,0
2021-01-19,-,Half Brothers,2840.0,151.0,2195435.0,47,0
2021-01-19,-,MLK/FBI,2713.0,120.0,30976.0,5,0
2021-01-19,-,Shadow in the Cloud,1697.0,68.0,148796.0,19,0
2021-01-19,-,Bloody Hell,1529.0,21.0,16528.0,6,0
2021-01-20,1,The Marksman,142829.0,1975.0,3905869.0,6,0
2021-01-20,-,The Croods: A New Age,69585.0,1855.0,39937125.0,57,0
2021-01-20,-,Monster Hunter,53772.0,1694.0,9318623.0,34,0
2021-01-20,-,News of the World,52135.0,1953.0,8774720.0,27,0
2021-01-20,-,Promising Young Woman,36880.0,1333.0,3539845.0,27,0
2021-01-20,-,Fatale,29906.0,1175.0,4824263.0,34,0
2021-01-20,-,Pinocchio,8067.0,660.0,1395269.0,27,0
2021-01-20,-,Come Play,7150.0,159.0,9843540.0,83,0
2021-01-20,-,The War with Grandpa,5937.0,422.0,19299355.0,104,0
2021-01-20,-,American Skin,3023.0,51.0,59241.0,6,0
2021-01-20,-,Freaky,2730.0,136.0,8903675.0,69,0
2021-01-20,-,Half Brothers,2305.0,151.0,2197740.0,48,0
2021-01-20,-,MLK/FBI,1921.0,120.0,32897.0,6,0
2021-01-20,-,Shadow in the Cloud,1627.0,68.0,150423.0,20,0
2021-01-20,-,Bloody Hell,995.0,21.0,17523.0,7,0
2021-01-21,1,The Marksman,157925.0,1975.0,4063794.0,7,0
2021-01-21,-,The Croods: A New Age,78330.0,1855.0,40015455.0,58,0
2021-01-21,-,News of the World,67145.0,1953.0,8841865.0,28,0
2021-01-21,-,Monster Hunter,56203.0,1694.0,9374826.0,35,0
2021-01-21,-,Promising Young Woman,39620.0,1333.0,3579465.0,28,0
2021-01-21,-,Fatale,34339.0,1175.0,4858602.0,35,0
2021-01-21,-,Pinocchio,9609.0,660.0,1404878.0,28,0
2021-01-21,-,The War with Grandpa,6059.0,422.0,19305414.0,105,0
2021-01-21,-,Come Play,5995.0,159.0,9849535.0,84,0
2021-01-21,-,American Skin,4791.0,51.0,64032.0,7,0
2021-01-21,-,Freaky,3030.0,136.0,8906705.0,70,0
2021-01-21,-,MLK/FBI,2509.0,120.0,35406.0,7,0
2021-01-21,-,Half Brothers,2395.0,151.0,2200135.0,49,0
2021-01-21,-,Bloody Hell,1819.0,19.0,19342.0,8,0
2021-01-21,-,Shadow in the Cloud,1403.0,107.0,151826.0,21,0
2021-01-23,1,The Marksman,994045.0,2018.0,5655413.0,9,0
2021-01-23,-,The Croods: A New Age,910945.0,1876.0,41318200.0,60,0
2021-01-23,-,Monster Hunter,398369.0,1661.0,9981250.0,37,0
2021-01-23,-,News of the World,389375.0,1874.0,9479650.0,30,0
2021-01-23,-,Fatale,195595.0,1130.0,5166630.0,37,0
2021-01-23,-,Promising Young Woman,180540.0,1236.0,3885065.0,30,0
2021-01-23,-,Our Friend,105100.0,543.0,190110.0,2,0
2021-01-23,-,The War with Grandpa,78550.0,507.0,19419020.0,107,0
2021-01-23,-,Pinocchio,62221.0,602.0,1496826.0,30,0
2021-01-23,-,The Emperor's New Groove,55000.0,635.0,89597573.0,7345,0
2021-01-23,-,Come Play,50760.0,166.0,9923745.0,86,0
2021-01-23,-,Heaven,28705.0,200.0,57215.0,114,0
2021-01-23,-,No Man’s Land,28141.0,254.0,46854.0,2,0
2021-01-23,-,American Skin,24896.0,72.0,105953.0,9,0
2021-01-23,-,Freaky,19530.0,134.0,8937305.0,72,0
2021-01-23,-,Half Brothers,15575.0,108.0,2225155.0,51,0
2021-01-23,-,Bloody Hell,3490.0,17.0,25337.0,10,0
2021-01-23,-,MLK/FBI,2842.0,79.0,39692.0,9,0
2021-01-23,-,Shadow in the Cloud,1405.0,22.0,154015.0,23,0
2021-01-22,1,The Marksman,597574.0,2018.0,4661368.0,8,0
2021-01-22,-,The Croods: A New Age,391800.0,1876.0,40407255.0,59,0
2021-01-22,-,News of the World,248410.0,1874.0,9090275.0,29,0
2021-01-22,-,Monster Hunter,208055.0,1661.0,9582881.0,36,0
2021-01-22,-,Promising Young Woman,125060.0,1236.0,3704525.0,29,0
2021-01-22,-,Fatale,112433.0,1130.0,4971035.0,36,0
2021-01-22,-,Our Friend,85010.0,543.0,85010.0,1,1
2021-01-22,-,The War with Grandpa,35056.0,507.0,19340470.0,106,0
2021-01-22,-,Pinocchio,29727.0,602.0,1434605.0,29,0
2021-01-22,-,Heaven,28510.0,200.0,28510.0,113,0
2021-01-22,-,The Emperor's New Groove,27000.0,635.0,89542573.0,7344,0
2021-01-22,-,Come Play,23450.0,166.0,9872985.0,85,0
2021-01-22,-,No Man’s Land,18713.0,254.0,18713.0,1,1
2021-01-22,-,American Skin,17025.0,72.0,81057.0,8,0
2021-01-22,-,Freaky,11070.0,134.0,8917775.0,71,0
2021-01-22,-,Half Brothers,9445.0,108.0,2209580.0,50,0
2021-01-22,-,Bloody Hell,2505.0,17.0,21847.0,9,0
2021-01-22,-,MLK/FBI,1444.0,79.0,36850.0,8,0
2021-01-22,-,Shadow in the Cloud,784.0,22.0,152610.0,22,0
2021-01-24,1,The Croods: A New Age,493100.0,1876.0,41811300.0,61,0
2021-01-24,-,The Marksman,437325.0,2018.0,6092738.0,10,0
2021-01-24,-,Monster Hunter,218892.0,1661.0,10200142.0,38,0
2021-01-24,-,News of the World,146490.0,1874.0,9626140.0,31,0
2021-01-24,-,Promising Young Woman,91025.0,1236.0,3976090.0,31,0
2021-01-24,-,Fatale,90770.0,1130.0,5257400.0,38,0
2021-01-24,-,Our Friend,60050.0,543.0,250160.0,3,0
2021-01-24,-,The War with Grandpa,46568.0,507.0,19465588.0,108,0
2021-01-24,-,Pinocchio,38414.0,602.0,1535240.0,31,0
2021-01-24,-,The Emperor's New Groove,33000.0,635.0,89630573.0,7346,0
2021-01-24,-,Come Play,22945.0,166.0,9946690.0,87,0
2021-01-24,-,Heaven,16333.0,200.0,73548.0,115,0
2021-01-24,-,American Skin,12177.0,72.0,118130.0,10,0
2021-01-24,-,No Man’s Land,12115.0,254.0,58969.0,3,0
2021-01-24,-,Half Brothers,8555.0,108.0,2233710.0,52,0
2021-01-24,-,Freaky,8290.0,134.0,8945595.0,73,0
2021-01-24,-,MLK/FBI,1317.0,79.0,41009.0,10,0
2021-01-24,-,Bloody Hell,1299.0,16.0,26636.0,11,0
2021-01-24,-,Shadow in the Cloud,872.0,22.0,154887.0,24,0
2021-01-25,1,The Marksman,105750.0,2018.0,6198488.0,11,0
2021-01-25,-,The Croods: A New Age,61800.0,1876.0,41873100.0,62,0
2021-01-25,-,Monster Hunter,43674.0,1661.0,10243816.0,39,0
2021-01-25,-,News of the World,41130.0,1874.0,9667270.0,32,0
2021-01-25,-,Fatale,26825.0,1130.0,5284225.0,39,0
2021-01-25,-,Promising Young Woman,25415.0,1236.0,4001505.0,32,0
2021-01-25,-,Pinocchio,6311.0,602.0,1541551.0,32,0
2021-01-25,-,Come Play,5510.0,166.0,9952200.0,88,0
2021-01-25,-,The War with Grandpa,4762.0,507.0,19470350.0,109,0
2021-01-25,-,American Skin,3720.0,72.0,121850.0,11,0
2021-01-25,-,No Man’s Land,3244.0,254.0,62213.0,4,0
2021-01-25,-,Heaven,3062.0,200.0,76610.0,116,0
2021-01-25,-,Freaky,2260.0,134.0,8947855.0,74,0
2021-01-25,-,Half Brothers,1985.0,108.0,2235695.0,53,0
2021-01-25,-,Bloody Hell,681.0,13.0,27317.0,12,0
2021-01-25,-,Shadow in the Cloud,422.0,22.0,155309.0,25,0
2021-01-25,-,MLK/FBI,285.0,79.0,41294.0,11,0
2021-01-26,1,The Marksman,153353.0,2018.0,6351841.0,12,0
2021-01-26,-,The Croods: A New Age,91720.0,1876.0,41964820.0,63,0
2021-01-26,-,News of the World,61195.0,1874.0,9728465.0,33,0
2021-01-26,-,Monster Hunter,58114.0,1661.0,10301930.0,40,0
2021-01-26,-,Promising Young Woman,35020.0,1236.0,4036525.0,33,0
2021-01-26,-,Fatale,31302.0,1130.0,5315527.0,40,0
2021-01-26,-,Pinocchio,8508.0,602.0,1550059.0,33,0
2021-01-26,-,The War with Grandpa,8439.0,507.0,19478789.0,110,0
2021-01-26,-,No Man’s Land,6150.0,254.0,68363.0,5,0
2021-01-26,-,American Skin,4358.0,72.0,126208.0,12,0
2021-01-26,-,Come Play,4175.0,166.0,9956375.0,89,0
2021-01-26,-,Heaven,3794.0,200.0,80404.0,117,0
2021-01-26,-,Freaky,3045.0,134.0,8950900.0,75,0
2021-01-26,-,Half Brothers,2205.0,108.0,2237900.0,54,0
2021-01-26,-,Bloody Hell,720.0,13.0,28037.0,13,0
2021-01-26,-,MLK/FBI,470.0,79.0,41764.0,12,0
2021-01-26,-,Shadow in the Cloud,378.0,22.0,155687.0,26,0
2021-01-27,1,The Marksman,102998.0,2018.0,6454839.0,13,0
2021-01-27,-,The Croods: A New Age,66470.0,1876.0,42031290.0,64,0
2021-01-27,-,Monster Hunter,48091.0,1661.0,10350021.0,41,0
2021-01-27,-,News of the World,42130.0,1874.0,9770595.0,34,0
2021-01-27,-,Promising Young Woman,30570.0,1236.0,4067095.0,34,0
2021-01-27,-,Fatale,27468.0,1130.0,5342995.0,41,0
2021-01-27,-,The War with Grandpa,7672.0,507.0,19486461.0,111,0
2021-01-27,-,Pinocchio,6937.0,602.0,1556996.0,34,0
2021-01-27,-,Come Play,5755.0,166.0,9962130.0,90,0
2021-01-27,-,No Man’s Land,4619.0,254.0,72982.0,6,0
2021-01-27,-,American Skin,3889.0,72.0,130097.0,13,0
2021-01-27,-,Heaven,3570.0,200.0,83974.0,118,0
2021-01-27,-,Freaky,2900.0,134.0,8953800.0,76,0
2021-01-27,-,Half Brothers,2140.0,108.0,2240040.0,55,0
2021-01-27,-,Bloody Hell,636.0,14.0,28673.0,14,0
2021-01-27,-,MLK/FBI,473.0,79.0,42237.0,13,0
2021-01-27,-,Shadow in the Cloud,364.0,22.0,156051.0,27,0
2021-01-28,1,The Marksman,123628.0,2018.0,6578467.0,14,0
2021-01-28,-,The Croods: A New Age,75775.0,1876.0,42107065.0,65,0
2021-01-28,-,Monster Hunter,52786.0,1661.0,10402807.0,42,0
2021-01-28,-,News of the World,46330.0,1874.0,9816925.0,35,0
2021-01-28,-,Promising Young Woman,33775.0,1236.0,4100870.0,35,0
2021-01-28,-,Fatale,30607.0,1130.0,5373602.0,42,0
2021-01-28,-,The War with Grandpa,8672.0,507.0,19495133.0,112,0
2021-01-28,-,Pinocchio,7503.0,602.0,1564499.0,35,0
2021-01-28,-,Come Play,5515.0,166.0,9967645.0,91,0
2021-01-28,-,No Man’s Land,5323.0,254.0,78305.0,7,0
2021-01-28,-,American Skin,4924.0,72.0,135021.0,14,0
2021-01-28,-,Heaven,3363.0,200.0,87337.0,119,0
2021-01-28,-,Freaky,3240.0,134.0,8957040.0,77,0
2021-01-28,-,Half Brothers,1940.0,108.0,2241980.0,56,0
2021-01-28,-,Bloody Hell,850.0,15.0,29523.0,15,0
2021-01-28,-,MLK/FBI,672.0,79.0,42909.0,14,0
2021-01-28,-,Shadow in the Cloud,253.0,22.0,156304.0,28,0
2021-01-31,-,The Croods: A New Age,510495.0,1901.0,43924835.0,68,0
2021-01-31,-,The Marksman,300670.0,2018.0,7830057.0,17,0
2021-01-31,-,Monster Hunter,197776.0,1515.0,11138035.0,45,0
2021-01-31,-,News of the World,134420.0,1674.0,10359205.0,38,0
2021-01-31,-,Promising Young Woman,62855.0,1056.0,4366505.0,38,0
2021-01-31,-,Fatale,50017.0,1022.0,5591323.0,45,0
2021-01-31,-,The War with Grandpa,37691.0,525.0,19636466.0,115,0
2021-01-31,-,Our Friend,37220.0,818.0,449418.0,10,0
2021-01-31,-,Groundhog Day,25331.0,845.0,70992303.0,10216,0
2021-01-31,-,Supernova,23484.0,330.0,90096.0,3,0
2021-01-31,-,Pinocchio,23368.0,395.0,1637560.0,38,0
2021-01-31,-,Come Play,21930.0,164.0,10060570.0,94,0
2021-01-31,-,Remember the Titans,16000.0,730.0,115719751.0,7430,0
2021-01-31,-,Heaven,11097.0,200.0,123630.0,122,0
2021-01-31,-,Freaky,7340.0,150.0,8988025.0,80,0
2021-01-31,-,American Skin,5513.0,55.0,161017.0,17,0
2021-01-31,-,The Night,2900.0,33.0,11010.0,3,0
2021-01-31,-,Shadow in the Cloud,114.0,6.0,156835.0,31,0
2021-01-31,-,Bloody Hell,95.0,2.0,29954.0,18,0
2021-01-30,-,The Croods: A New Age,907725.0,1901.0,43414340.0,67,0
2021-01-30,-,The Marksman,599435.0,2018.0,7529387.0,16,0
2021-01-30,-,Monster Hunter,359183.0,1515.0,10940259.0,44,0
2021-01-30,-,News of the World,250670.0,1674.0,10224785.0,37,0
2021-01-30,-,Promising Young Woman,119930.0,1056.0,4303650.0,37,0
2021-01-30,-,Fatale,102315.0,1022.0,5541306.0,44,0
2021-01-30,-,The War with Grandpa,72165.0,525.0,19598775.0,114,0
2021-01-30,-,Our Friend,63358.0,818.0,412198.0,9,0
2021-01-30,-,Come Play,47065.0,164.0,10038640.0,93,0
2021-01-30,-,Supernova,38080.0,330.0,66612.0,2,0
2021-01-30,-,Groundhog Day,37895.0,845.0,70966972.0,10215,0
2021-01-30,-,Pinocchio,33334.0,395.0,1614192.0,37,0
2021-01-30,-,Remember the Titans,30000.0,730.0,115703751.0,7429,0
2021-01-30,-,Heaven,16008.0,200.0,112533.0,121,0
2021-01-30,-,Freaky,13730.0,150.0,8980685.0,79,0
2021-01-30,-,American Skin,12843.0,55.0,155504.0,16,0
2021-01-30,-,The Night,4028.0,33.0,8110.0,2,0
2021-01-30,-,Bloody Hell,264.0,3.0,29859.0,17,0
2021-01-30,-,Shadow in the Cloud,238.0,6.0,156721.0,30,0
2021-01-29,-,The Croods: A New Age,399550.0,1901.0,42506615.0,66,0
2021-01-29,-,The Marksman,351485.0,2018.0,6929952.0,15,0
2021-01-29,-,Monster Hunter,178269.0,1515.0,10581076.0,43,0
2021-01-29,-,News of the World,157190.0,1674.0,9974115.0,36,0
2021-01-29,-,Promising Young Woman,82850.0,1056.0,4183720.0,36,0
2021-01-29,-,Fatale,65389.0,1022.0,5438991.0,43,0
2021-01-29,-,Our Friend,37620.0,818.0,348840.0,8,0
2021-01-29,-,The War with Grandpa,31477.0,525.0,19526610.0,113,0
2021-01-29,-,Supernova,28532.0,330.0,28532.0,1,1
2021-01-29,-,Come Play,23930.0,164.0,9991575.0,92,0
2021-01-29,-,Groundhog Day,22104.0,845.0,70929077.0,10214,0
2021-01-29,-,Remember the Titans,19000.0,730.0,115673751.0,7428,0
2021-01-29,-,Pinocchio,16359.0,395.0,1580858.0,36,0
2021-01-29,-,Freaky,9915.0,150.0,8966955.0,78,0
2021-01-29,-,Heaven,9188.0,200.0,96525.0,120,0
2021-01-29,-,American Skin,7640.0,55.0,142661.0,15,0
2021-01-29,-,The Night,4082.0,33.0,4082.0,1,1
2021-01-29,-,Shadow in the Cloud,179.0,6.0,156483.0,29,0
2021-01-29,-,Bloody Hell,72.0,2.0,29595.0,16,0
2021-02-01,-,The Croods: A New Age,65815.0,1901.0,43990650.0,69,0
2021-02-01,-,The Marksman,56075.0,2018.0,7886132.0,18,0
2021-02-01,-,Monster Hunter,33566.0,1515.0,11171601.0,46,0
2021-02-01,-,News of the World,23080.0,1674.0,10382285.0,39,0
2021-02-01,-,Promising Young Woman,16700.0,1056.0,4383205.0,39,0
2021-02-01,-,Fatale,14742.0,1022.0,5606065.0,46,0
2021-02-01,-,Our Friend,7377.0,818.0,456795.0,11,0
2021-02-01,-,Supernova,5529.0,330.0,95625.0,4,0
2021-02-01,-,Groundhog Day,5204.0,845.0,70997507.0,10217,0
2021-02-01,-,Come Play,4610.0,164.0,10065180.0,95,0
2021-02-01,-,Pinocchio,4347.0,395.0,1641907.0,39,0
2021-02-01,-,The War with Grandpa,3767.0,525.0,19640233.0,116,0
2021-02-01,-,Freaky,2400.0,150.0,8990425.0,81,0
2021-02-01,-,American Skin,1948.0,55.0,162965.0,18,0
2021-02-01,-,Heaven,1353.0,200.0,124983.0,123,0
2021-02-01,-,The Night,829.0,33.0,11839.0,4,0
2021-02-01,-,Bloody Hell,41.0,2.0,29995.0,19,0
2021-02-05,-,The Croods: A New Age,410220.0,1935.0,44669770.0,73,0
2021-02-05,-,The Marksman,302282.0,2018.0,8415727.0,22,0
2021-02-05,-,Monster Hunter,160312.0,1476.0,11457207.0,50,0
2021-02-05,-,News of the World,128615.0,1537.0,10612345.0,43,0
2021-02-05,-,Promising Young Woman,73905.0,923.0,4527580.0,43,0
2021-02-05,-,Fatale,52692.0,864.0,5708934.0,50,0
2021-02-05,-,The War with Grandpa,36492.0,530.0,19693568.0,120,0
2021-02-05,-,Earwig and the Witch,31248.0,430.0,64075.0,3,0
2021-02-05,-,Our Friend,27471.0,627.0,520882.0,15,0
2021-02-05,-,Come Play,23320.0,166.0,10102890.0,99,0
2021-02-05,-,Supernova,17528.0,328.0,136274.0,8,0
2021-02-05,-,Pinocchio,12631.0,292.0,1668736.0,43,0
2021-02-05,-,Little Fish,8394.0,84.0,8394.0,1,1
2021-02-05,-,Freaky,7560.0,127.0,9006010.0,85,0
2021-02-05,-,American Skin,7464.0,39.0,178338.0,22,0
2021-02-05,-,Groundhog Day,6545.0,135.0,71054622.0,10221,0
2021-02-05,-,Dara Of Jasenovac,5093.0,12.0,5093.0,1,1
2021-02-05,-,Heaven,4675.0,131.0,136104.0,127,0
2021-02-05,-,Bloody Hell,596.0,3.0,30609.0,23,0
2021-02-03,-,The Croods: A New Age,83075.0,1901.0,44173390.0,71,0
2021-02-03,-,The Marksman,64588.0,2018.0,8042363.0,20,0
2021-02-03,-,Monster Hunter,38331.0,1515.0,11257178.0,48,0
2021-02-03,-,News of the World,29145.0,1674.0,10455555.0,41,0
2021-02-03,-,Promising Young Woman,23600.0,1056.0,4430930.0,41,0
2021-02-03,-,Earwig and the Witch,20144.0,430.0,20144.0,1,1
2021-02-03,-,Fatale,15830.0,1022.0,5639626.0,48,0
2021-02-03,-,Our Friend,9140.0,818.0,482982.0,13,0
2021-02-03,-,Supernova,6990.0,330.0,110576.0,6,0
2021-02-03,-,The War with Grandpa,5182.0,525.0,19651522.0,118,0
2021-02-03,-,Groundhog Day,5093.0,845.0,71042792.0,10219,0
2021-02-03,-,Come Play,4690.0,164.0,10074275.0,97,0
2021-02-03,-,Pinocchio,4458.0,395.0,1651401.0,41,0
2021-02-03,-,American Skin,2846.0,55.0,168397.0,20,0
2021-02-03,-,Freaky,2685.0,150.0,8995950.0,83,0
2021-02-03,-,Heaven,1522.0,200.0,129281.0,125,0
2021-02-03,-,The Night,1068.0,33.0,14327.0,6,0
2021-02-03,-,Shadow in the Cloud,48.0,6.0,156907.0,34,0
2021-02-02,-,The Croods: A New Age,99665.0,1901.0,44090315.0,70,0
2021-02-02,-,The Marksman,91643.0,2018.0,7977775.0,19,0
2021-02-02,-,Monster Hunter,47246.0,1515.0,11218847.0,47,0
2021-02-02,-,News of the World,44125.0,1674.0,10426410.0,40,0
2021-02-02,-,Groundhog Day,40192.0,845.0,71037699.0,10218,0
2021-02-02,-,Promising Young Woman,24125.0,1056.0,4407330.0,40,0
2021-02-02,-,Fatale,17731.0,1022.0,5623796.0,47,0
2021-02-02,-,Our Friend,17047.0,818.0,473842.0,12,0
2021-02-02,-,Supernova,7961.0,330.0,103586.0,5,0
2021-02-02,-,The War with Grandpa,6107.0,525.0,19646340.0,117,0
2021-02-02,-,Pinocchio,5036.0,395.0,1646943.0,40,0
2021-02-02,-,Come Play,4405.0,164.0,10069585.0,96,0
2021-02-02,-,Freaky,2840.0,150.0,8993265.0,82,0
2021-02-02,-,Heaven,2776.0,200.0,127759.0,124,0
2021-02-02,-,American Skin,2586.0,55.0,165551.0,19,0
2021-02-02,-,The Night,1420.0,33.0,13259.0,5,0
2021-02-02,-,Shadow in the Cloud,24.0,6.0,156859.0,33,0
2021-02-04,-,The Croods: A New Age,86160.0,1901.0,44259550.0,72,0
2021-02-04,-,The Marksman,71082.0,2018.0,8113445.0,21,0
2021-02-04,-,Monster Hunter,39717.0,1515.0,11296895.0,49,0
2021-02-04,-,News of the World,28175.0,1674.0,10483730.0,42,0
2021-02-04,-,Promising Young Woman,22745.0,1056.0,4453675.0,42,0
2021-02-04,-,Fatale,16616.0,1022.0,5656242.0,49,0
2021-02-04,-,Earwig and the Witch,12683.0,430.0,32827.0,2,0
2021-02-04,-,Our Friend,10429.0,818.0,493411.0,14,0
2021-02-04,-,Supernova,8170.0,330.0,118746.0,7,0
2021-02-04,-,The War with Grandpa,5554.0,525.0,19657076.0,119,0
2021-02-04,-,Come Play,5295.0,164.0,10079570.0,98,0
2021-02-04,-,Groundhog Day,5285.0,845.0,71048077.0,10220,0
2021-02-04,-,Pinocchio,4704.0,395.0,1656105.0,42,0
2021-02-04,-,Freaky,2500.0,150.0,8998450.0,84,0
2021-02-04,-,American Skin,2477.0,55.0,170874.0,21,0
2021-02-04,-,Heaven,2148.0,200.0,131429.0,126,0
2021-02-04,-,The Night,1240.0,33.0,15567.0,7,0
2021-02-04,-,Shadow in the Cloud,25.0,6.0,156932.0,35,0
2021-02-06,-,The Croods: A New Age,919885.0,1935.0,45589655.0,74,0
2021-02-06,-,The Marksman,531454.0,2018.0,8947181.0,23,0
2021-02-06,-,Monster Hunter,317908.0,1476.0,11775115.0,51,0
2021-02-06,-,News of the World,203200.0,1537.0,10815545.0,44,0
2021-02-06,-,Promising Young Woman,110090.0,923.0,4637670.0,44,0
2021-02-06,-,The War with Grandpa,91393.0,530.0,19784961.0,121,0
2021-02-06,-,Fatale,86048.0,864.0,5794982.0,51,0
2021-02-06,-,Our Friend,44075.0,627.0,564957.0,16,0
2021-02-06,-,Come Play,43800.0,166.0,10146690.0,100,0
2021-02-06,-,Earwig and the Witch,36846.0,430.0,100921.0,4,0
2021-02-06,-,Supernova,28443.0,328.0,164717.0,9,0
2021-02-06,-,Pinocchio,25947.0,292.0,1694683.0,44,0
2021-02-06,-,Freaky,13625.0,127.0,9019635.0,86,0
2021-02-06,-,Groundhog Day,12008.0,135.0,71066630.0,10222,0
2021-02-06,-,Little Fish,10040.0,84.0,18434.0,2,0
2021-02-06,-,American Skin,9066.0,39.0,187404.0,23,0
2021-02-06,-,Dara Of Jasenovac,6612.0,12.0,11705.0,2,0
2021-02-06,-,Heaven,6472.0,131.0,142576.0,128,0
2021-02-06,-,Bloody Hell,972.0,4.0,31581.0,24,0
2021-02-09,-,The Croods: A New Age,92805.0,1935.0,46110300.0,77,0
2021-02-09,-,The Marksman,77709.0,2018.0,9204049.0,26,0
2021-02-09,-,Monster Hunter,44057.0,1476.0,11962972.0,54,0
2021-02-09,-,News of the World,28010.0,1537.0,10924055.0,47,0
2021-02-09,-,Fatale,16658.0,864.0,5847369.0,54,0
2021-02-09,-,Promising Young Woman,14680.0,923.0,4707935.0,47,0
2021-02-09,-,Our Friend,10204.0,309.0,593068.0,19,0
2021-02-09,-,The War with Grandpa,9152.0,530.0,19829341.0,124,0
2021-02-09,-,Pinocchio,6769.0,292.0,1717822.0,47,0
2021-02-09,-,Supernova,5054.0,328.0,183377.0,12,0
2021-02-09,-,Come Play,4005.0,166.0,10169920.0,103,0
2021-02-09,-,Little Fish,1965.0,84.0,25186.0,5,0
2021-02-09,-,Dara Of Jasenovac,1898.0,12.0,20351.0,5,0
2021-02-09,-,American Skin,1896.0,39.0,192498.0,26,0
2021-02-09,-,Earwig and the Witch,1439.0,430.0,127851.0,7,0
2021-02-09,-,Heaven,1211.0,131.0,147323.0,131,0
2021-02-09,-,Groundhog Day,1025.0,135.0,71071839.0,10225,0
2021-02-09,-,Freaky,855.0,127.0,9026830.0,89,0
2021-02-09,-,Bloody Hell,343.0,2.0,32606.0,27,0
2021-02-10,-,The Croods: A New Age,75135.0,1935.0,46185435.0,78,0
2021-02-10,-,The Marksman,53064.0,2018.0,9257113.0,27,0
2021-02-10,-,Monster Hunter,36629.0,1476.0,11999601.0,55,0
2021-02-10,-,News of the World,20035.0,1537.0,10944090.0,48,0
2021-02-10,-,Promising Young Woman,16870.0,923.0,4724805.0,48,0
2021-02-10,-,Fatale,13113.0,864.0,5860482.0,55,0
2021-02-10,-,The War with Grandpa,7180.0,530.0,19836521.0,125,0
2021-02-10,-,Our Friend,5646.0,172.0,598714.0,20,0
2021-02-10,-,Come Play,5080.0,166.0,10175000.0,104,0
2021-02-10,-,Pinocchio,4985.0,292.0,1722807.0,48,0
2021-02-10,-,Supernova,4887.0,328.0,188264.0,13,0
2021-02-10,-,Little Fish,2174.0,84.0,27360.0,6,0
2021-02-10,-,Dara Of Jasenovac,2022.0,12.0,22373.0,6,0
2021-02-10,-,Freaky,1960.0,127.0,9028790.0,90,0
2021-02-10,-,American Skin,1919.0,39.0,194417.0,27,0
2021-02-10,-,Earwig and the Witch,1841.0,430.0,129692.0,8,0
2021-02-10,-,Heaven,768.0,131.0,148091.0,132,0
2021-02-10,-,Groundhog Day,661.0,135.0,71072500.0,10226,0
2021-02-10,-,Bloody Hell,564.0,2.0,33170.0,28,0
2021-02-07,-,The Croods: A New Age,350140.0,1935.0,45939795.0,75,0
2021-02-07,-,The Marksman,125849.0,2018.0,9073030.0,24,0
2021-02-07,-,Monster Hunter,107506.0,1476.0,11882621.0,52,0
2021-02-07,-,News of the World,60175.0,1537.0,10875720.0,45,0
2021-02-07,-,Promising Young Woman,37980.0,923.0,4675650.0,45,0
2021-02-07,-,The War with Grandpa,29105.0,530.0,19814066.0,122,0
2021-02-07,-,Earwig and the Witch,23935.0,430.0,124856.0,5,0
2021-02-07,-,Fatale,22610.0,864.0,5817592.0,52,0
2021-02-07,-,Come Play,14265.0,166.0,10160955.0,101,0
2021-02-07,-,Our Friend,12797.0,627.0,577754.0,17,0
2021-02-07,-,Pinocchio,11981.0,292.0,1706664.0,45,0
2021-02-07,-,Supernova,10010.0,328.0,174727.0,10,0
2021-02-07,-,Dara Of Jasenovac,5005.0,12.0,16710.0,3,0
2021-02-07,-,Freaky,4560.0,127.0,9024195.0,87,0
2021-02-07,-,Little Fish,3121.0,84.0,21555.0,3,0
2021-02-07,-,Groundhog Day,2962.0,135.0,71069592.0,10223,0
2021-02-07,-,Heaven,2734.0,131.0,145310.0,129,0
2021-02-07,-,American Skin,1731.0,39.0,189135.0,24,0
2021-02-07,-,Bloody Hell,240.0,1.0,31821.0,25,0
2021-02-08,-,The Croods: A New Age,77700.0,1935.0,46017495.0,76,0
2021-02-08,-,The Marksman,53310.0,2018.0,9126340.0,25,0
2021-02-08,-,Monster Hunter,36294.0,1476.0,11918915.0,53,0
2021-02-08,-,News of the World,20325.0,1537.0,10896045.0,46,0
2021-02-08,-,Promising Young Woman,17605.0,923.0,4693255.0,46,0
2021-02-08,-,Fatale,13119.0,864.0,5830711.0,53,0
2021-02-08,-,The War with Grandpa,6123.0,530.0,19820189.0,123,0
2021-02-08,-,Our Friend,5110.0,177.0,582864.0,18,0
2021-02-08,-,Come Play,4960.0,166.0,10165915.0,102,0
2021-02-08,-,Pinocchio,4389.0,292.0,1711053.0,46,0
2021-02-08,-,Supernova,3596.0,328.0,178323.0,11,0
2021-02-08,-,Freaky,1780.0,127.0,9025975.0,88,0
2021-02-08,-,Dara Of Jasenovac,1743.0,12.0,18453.0,4,0
2021-02-08,-,Little Fish,1666.0,84.0,23221.0,4,0
2021-02-08,-,Earwig and the Witch,1556.0,430.0,126412.0,6,0
2021-02-08,-,American Skin,1467.0,39.0,190602.0,25,0
2021-02-08,-,Groundhog Day,1222.0,135.0,71070814.0,10224,0
2021-02-08,-,Heaven,802.0,131.0,146112.0,130,0
2021-02-08,-,Bloody Hell,442.0,1.0,32263.0,26,0
2021-02-11,-,The Croods: A New Age,93275.0,1935.0,46278710.0,79,0
2021-02-11,-,The Marksman,66272.0,2018.0,9323385.0,28,0
2021-02-11,-,Monster Hunter,37567.0,1476.0,12037168.0,56,0
2021-02-11,-,News of the World,28440.0,1537.0,10972530.0,49,0
2021-02-11,-,Groundhog Day,25343.0,135.0,71097843.0,10227,0
2021-02-11,-,Promising Young Woman,15510.0,923.0,4740315.0,49,0
2021-02-11,-,Fatale,14624.0,864.0,5875106.0,56,0
2021-02-11,-,The War with Grandpa,9449.0,530.0,19845970.0,126,0
2021-02-11,-,Our Friend,5610.0,172.0,604324.0,21,0
2021-02-11,-,Come Play,4730.0,166.0,10179730.0,105,0
2021-02-11,-,Pinocchio,4417.0,292.0,1727224.0,49,0
2021-02-11,-,Supernova,4309.0,328.0,192573.0,14,0
2021-02-11,-,Dara Of Jasenovac,3157.0,12.0,25530.0,7,0
2021-02-11,-,American Skin,2310.0,39.0,196727.0,28,0
2021-02-11,-,Earwig and the Witch,2143.0,430.0,131835.0,9,0
2021-02-11,-,Freaky,2065.0,127.0,9030855.0,91,0
2021-02-11,-,Little Fish,1876.0,84.0,29236.0,7,0
2021-02-12,-,The Croods: A New Age,379620.0,1890.0,46658330.0,80,0
2021-02-12,-,Land,259585.0,1231.0,259585.0,1,1
2021-02-12,-,The Marksman,228175.0,1825.0,9551560.0,29,0
2021-02-12,-,Monster Hunter,135702.0,1366.0,12172870.0,57,0
2021-02-12,-,News of the World,85305.0,1243.0,11057835.0,50,0
2021-02-12,-,The Mauritanian,46643.0,248.0,46643.0,1,1
2021-02-12,-,Promising Young Woman,44445.0,733.0,4784760.0,50,0
2021-02-12,-,The War with Grandpa,35914.0,525.0,19881884.0,127,0
2021-02-12,-,Fatale,28000.0,667.0,5903106.0,57,0
2021-02-12,-,Come Play,18095.0,148.0,10197825.0,106,0
2021-02-12,-,The World to Come,12508.0,277.0,12508.0,1,1
2021-02-12,-,Pinocchio,8370.0,201.0,1735594.0,50,0
2021-02-12,-,Our Friend,7000.0,285.0,611324.0,22,0
2021-02-12,-,American Skin,4842.0,20.0,201569.0,29,0
2021-02-12,-,Supernova,4025.0,179.0,196598.0,15,0
2021-02-12,-,Earwig and the Witch,2975.0,80.0,134810.0,10,0
2021-02-12,-,Dara Of Jasenovac,2340.0,21.0,27870.0,8,0
2021-02-14,-,The Croods: A New Age,864895.0,1890.0,48358535.0,82,0
2021-02-14,-,The Marksman,426388.0,1825.0,10425473.0,31,0
2021-02-14,-,Land,302120.0,1231.0,899810.0,3,0
2021-02-14,-,Monster Hunter,285446.0,1366.0,12720299.0,59,0
2021-02-14,-,News of the World,136240.0,1243.0,11348360.0,52,0
2021-02-14,-,Promising Young Woman,83940.0,733.0,4939070.0,52,0
2021-02-14,-,Fatale,79552.0,667.0,6038981.0,59,0
2021-02-14,-,The War with Grandpa,73775.0,525.0,20037434.0,129,0
2021-02-14,-,The Mauritanian,60536.0,248.0,163789.0,3,0
2021-02-14,-,Come Play,42800.0,148.0,10276340.0,108,0
2021-02-14,-,The World to Come,20614.0,277.0,50384.0,3,0
2021-02-14,-,Pinocchio,17533.0,201.0,1768626.0,52,0
2021-02-14,-,American Skin,12253.0,20.0,221792.0,31,0
2021-02-14,-,Earwig and the Witch,9421.0,80.0,151570.0,12,0
2021-02-14,-,Our Friend,9000.0,285.0,632324.0,24,0
2021-02-14,-,Supernova,8506.0,179.0,212570.0,17,0
2021-02-14,-,Dara Of Jasenovac,3559.0,21.0,34597.0,10,0
2021-02-13,-,The Croods: A New Age,835310.0,1890.0,47493640.0,81,0
2021-02-13,-,The Marksman,447525.0,1825.0,9999085.0,30,0
2021-02-13,-,Land,338105.0,1231.0,597690.0,2,0
2021-02-13,-,Monster Hunter,261983.0,1366.0,12434853.0,58,0
2021-02-13,-,News of the World,154285.0,1243.0,11212120.0,51,0
2021-02-13,-,The War with Grandpa,81775.0,525.0,19963659.0,128,0
2021-02-13,-,Promising Young Woman,70370.0,733.0,4855130.0,51,0
2021-02-13,-,The Mauritanian,56610.0,248.0,103253.0,2,0
2021-02-13,-,Fatale,56323.0,667.0,5959429.0,58,0
2021-02-13,-,Come Play,35715.0,148.0,10233540.0,107,0
2021-02-13,-,The World to Come,17262.0,277.0,29770.0,2,0
2021-02-13,-,Pinocchio,15499.0,201.0,1751093.0,51,0
2021-02-13,-,Our Friend,12000.0,285.0,623324.0,23,0
2021-02-13,-,American Skin,7970.0,20.0,209539.0,30,0
2021-02-13,-,Supernova,7466.0,179.0,204064.0,16,0
2021-02-13,-,Earwig and the Witch,7339.0,80.0,142149.0,11,0
2021-02-13,-,Dara Of Jasenovac,3168.0,21.0,31038.0,9,0
2021-02-15,-,The Croods: A New Age,500440.0,1890.0,48858975.0,83,0
2021-02-15,-,The Little Things,430000.0,2090.0,10675000.0,18,0
2021-02-15,-,Judas and the Black Messiah,415000.0,1888.0,2485000.0,4,0
2021-02-15,-,Wonder Woman 1984,200000.0,1681.0,41887000.0,53,0
2021-02-15,-,The Marksman,102527.0,1825.0,10528000.0,32,0
2021-02-15,-,Land,90595.0,1231.0,990405.0,4,0
2021-02-15,-,Monster Hunter,80319.0,1366.0,12800618.0,60,0
2021-02-15,-,News of the World,64370.0,1243.0,11412730.0,53,0
2021-02-15,-,Promising Young Woman,35875.0,733.0,4974945.0,53,0
2021-02-15,-,The War with Grandpa,33411.0,525.0,20070845.0,130,0
2021-02-15,-,The Mauritanian,15989.0,248.0,179778.0,4,0
2021-02-15,-,Come Play,12050.0,148.0,10288390.0,109,0
2021-02-15,-,Fatale,11648.0,667.0,6050629.0,60,0
2021-02-15,-,Pinocchio,7416.0,201.0,1776042.0,53,0
2021-02-15,-,The World to Come,4801.0,277.0,55185.0,4,0
2021-02-15,-,Earwig and the Witch,3139.0,80.0,154709.0,13,0
2021-02-15,-,Supernova,2273.0,179.0,214843.0,18,0
2021-02-15,-,Dara Of Jasenovac,647.0,21.0,35244.0,11,0
2021-02-15,-,American Skin,567.0,20.0,222359.0,32,0
2021-02-16,-,The Croods: A New Age,115015.0,1890.0,48973990.0,84,0
2021-02-16,-,Land,62055.0,1231.0,1052460.0,5,0
2021-02-16,-,The Marksman,61516.0,1825.0,10589516.0,33,0
2021-02-16,-,Monster Hunter,35093.0,1366.0,12835711.0,61,0
2021-02-16,-,News of the World,20320.0,1243.0,11433050.0,54,0
2021-02-16,-,The War with Grandpa,13932.0,525.0,20084777.0,131,0
2021-02-16,-,The Mauritanian,12724.0,248.0,192502.0,5,0
2021-02-16,-,Promising Young Woman,8505.0,733.0,4983450.0,54,0
2021-02-16,-,Fatale,7065.0,667.0,6057694.0,61,0
2021-02-16,-,Come Play,5005.0,148.0,10293395.0,110,0
2021-02-16,-,The World to Come,3522.0,277.0,58707.0,5,0
2021-02-16,-,Pinocchio,2315.0,201.0,1778357.0,54,0
2021-02-16,-,Supernova,1660.0,179.0,216503.0,19,0
2021-02-16,-,Earwig and the Witch,1005.0,80.0,155714.0,14,0
2021-02-16,-,American Skin,900.0,20.0,223259.0,33,0
2021-02-16,-,Dara Of Jasenovac,484.0,21.0,35728.0,12,0
2021-02-17,-,The Croods: A New Age,92445.0,1890.0,49066435.0,85,0
2021-02-17,-,The Marksman,41097.0,1825.0,10630613.0,34,0
2021-02-17,-,Land,34440.0,1231.0,1086900.0,6,0
2021-02-17,-,Monster Hunter,29117.0,1366.0,12864828.0,62,0
2021-02-17,-,News of the World,12230.0,1243.0,11445280.0,55,0
2021-02-17,-,The Mauritanian,10322.0,248.0,202824.0,6,0
2021-02-17,-,The War with Grandpa,9540.0,525.0,20094317.0,132,0
2021-02-17,-,Promising Young Woman,8210.0,733.0,4991660.0,55,0
2021-02-17,-,Fatale,7655.0,667.0,6065349.0,62,0
2021-02-17,-,Come Play,3780.0,148.0,10297175.0,111,0
2021-02-17,-,The World to Come,3278.0,277.0,61985.0,6,0
2021-02-17,-,Pinocchio,2584.0,201.0,1780941.0,55,0
2021-02-17,-,Supernova,1404.0,179.0,217907.0,20,0
2021-02-17,-,Earwig and the Witch,1298.0,80.0,157012.0,15,0
2021-02-17,-,American Skin,1238.0,20.0,224497.0,34,0
2021-02-17,-,Dara Of Jasenovac,445.0,21.0,36173.0,13,0
2021-02-18,-,The Croods: A New Age,87770.0,1890.0,49154205.0,86,0
2021-02-18,-,The Marksman,44736.0,1825.0,10675349.0,35,0
2021-02-18,-,Land,39305.0,1231.0,1126205.0,7,0
2021-02-18,-,Monster Hunter,32557.0,1366.0,12897385.0,63,0
2021-02-18,-,News of the World,16280.0,1243.0,11461560.0,56,0
2021-02-18,-,The Mauritanian,11728.0,248.0,214552.0,7,0
2021-02-18,-,The War with Grandpa,10612.0,525.0,20104929.0,133,0
2021-02-18,-,Promising Young Woman,9335.0,733.0,5000995.0,56,0
2021-02-18,-,Fatale,6324.0,667.0,6071673.0,63,0
2021-02-18,-,Come Play,3740.0,148.0,10300915.0,112,0
2021-02-18,-,The World to Come,3018.0,277.0,65003.0,7,0
2021-02-18,-,Pinocchio,2476.0,201.0,1783417.0,56,0
2021-02-18,-,Supernova,2036.0,179.0,219943.0,21,0
2021-02-18,-,Dara Of Jasenovac,1400.0,21.0,37573.0,14,0
2021-02-18,-,Earwig and the Witch,1345.0,80.0,158357.0,16,0
2021-02-18,-,American Skin,1254.0,20.0,225751.0,35,0
2021-02-19,-,The Croods: A New Age,365600.0,1913.0,49519805.0,87,0
2021-02-19,-,The Marksman,198714.0,1643.0,10874063.0,36,0
2021-02-19,-,Land,138700.0,1251.0,1264905.0,8,0
2021-02-19,-,Monster Hunter,125287.0,1311.0,13022672.0,64,0
2021-02-19,-,News of the World,64960.0,1161.0,11526520.0,57,0
2021-02-19,-,The War with Grandpa,52950.0,653.0,20157879.0,134,0
2021-02-19,-,The Mauritanian,35327.0,287.0,249879.0,8,0
2021-02-19,-,Promising Young Woman,28900.0,679.0,5029895.0,57,0
2021-02-19,-,Blithe Spirit,28105.0,239.0,28105.0,1,1
2021-02-19,-,Fatale,24281.0,608.0,6095954.0,64,0
2021-02-19,-,Come Play,17290.0,143.0,10318205.0,113,0
2021-02-19,-,Pinocchio,6108.0,164.0,1789525.0,57,0
2021-02-19,-,The World to Come,5853.0,276.0,70856.0,8,0
2021-02-19,-,The Violent Heart,3984.0,93.0,3984.0,1,1
2021-02-19,-,American Skin,3659.0,16.0,229410.0,36,0
2021-02-19,-,Earwig and the Witch,3224.0,45.0,161581.0,17,0
2021-02-19,-,Our Friend,3215.0,131.0,635539.0,29,0
2021-02-19,-,Dara Of Jasenovac,730.0,23.0,38303.0,15,0
2021-02-19,-,Supernova,656.0,39.0,220599.0,22,0
2021-02-20,-,The Croods: A New Age,846055.0,1913.0,50365860.0,88,0
2021-02-20,-,The Marksman,379783.0,1643.0,11253846.0,37,0
2021-02-20,-,Monster Hunter,243915.0,1311.0,13266587.0,65,0
2021-02-20,-,Land,227725.0,1251.0,1492630.0,9,0
2021-02-20,-,News of the World,113495.0,1161.0,11640015.0,58,0
2021-02-20,-,The War with Grandpa,109476.0,653.0,20267355.0,135,0
2021-02-20,-,The Mauritanian,63884.0,287.0,313763.0,9,0
2021-02-20,-,Promising Young Woman,49280.0,679.0,5079175.0,58,0
2021-02-20,-,Fatale,42266.0,608.0,6138220.0,65,0
2021-02-20,-,Blithe Spirit,41489.0,239.0,69594.0,2,0
2021-02-20,-,Come Play,35080.0,143.0,10353285.0,114,0
2021-02-20,-,Pinocchio,13326.0,164.0,1802851.0,58,0
2021-02-20,-,The World to Come,11733.0,276.0,82589.0,9,0
2021-02-20,-,American Skin,6384.0,16.0,235794.0,37,0
2021-02-20,-,The Violent Heart,6000.0,93.0,9984.0,2,0
2021-02-20,-,Earwig and the Witch,5839.0,45.0,167420.0,18,0
2021-02-20,-,Our Friend,4755.0,131.0,640294.0,30,0
2021-02-20,-,Dara Of Jasenovac,1875.0,23.0,40178.0,16,0
2021-02-20,-,Supernova,1313.0,39.0,221912.0,23,0
2021-02-21,-,The Croods: A New Age,506800.0,1913.0,50872660.0,89,0
2021-02-21,-,The Marksman,203209.0,1643.0,11457055.0,38,0
2021-02-21,-,Monster Hunter,151302.0,1311.0,13417889.0,66,0
2021-02-21,-,Land,133585.0,1251.0,1626215.0,10,0
2021-02-21,-,The War with Grandpa,70836.0,653.0,20338191.0,136,0
2021-02-21,-,News of the World,63350.0,1161.0,11703365.0,59,0
2021-02-21,-,The Mauritanian,37861.0,287.0,351624.0,10,0
2021-02-21,-,Promising Young Woman,26430.0,679.0,5105605.0,59,0
2021-02-21,-,Fatale,21864.0,608.0,6160084.0,66,0
2021-02-21,-,Blithe Spirit,18965.0,239.0,88559.0,3,0
2021-02-21,-,Come Play,17180.0,143.0,10370465.0,115,0
2021-02-21,-,Pinocchio,9216.0,164.0,1812067.0,59,0
2021-02-21,-,The World to Come,7828.0,276.0,90417.0,10,0
2021-02-21,-,American Skin,4800.0,16.0,240594.0,38,0
2021-02-21,-,The Violent Heart,3822.0,93.0,13806.0,3,0
2021-02-21,-,Earwig and the Witch,3553.0,45.0,170973.0,19,0
2021-02-21,-,Our Friend,2679.0,131.0,642973.0,31,0
2021-02-21,-,Dara Of Jasenovac,2142.0,23.0,42320.0,17,0
2021-02-21,-,Supernova,1080.0,39.0,222992.0,24,0
2021-02-22,-,The Croods: A New Age,65190.0,1913.0,50937850.0,90,0
2021-02-22,-,The Marksman,39306.0,1643.0,11496361.0,39,0
2021-02-22,-,Monster Hunter,27867.0,1311.0,13445756.0,67,0
2021-02-22,-,Land,26990.0,1251.0,1653205.0,11,0
2021-02-22,-,News of the World,11895.0,1161.0,11715260.0,60,0
2021-02-22,-,The Mauritanian,10716.0,287.0,362340.0,11,0
2021-02-22,-,Promising Young Woman,7800.0,679.0,5113405.0,60,0
2021-02-22,-,The War with Grandpa,7643.0,653.0,20345834.0,137,0
2021-02-22,-,Fatale,6801.0,608.0,6166885.0,67,0
2021-02-22,-,Blithe Spirit,5799.0,239.0,94358.0,4,0
2021-02-22,-,Come Play,4465.0,143.0,10374930.0,116,0
2021-02-22,-,Pinocchio,2734.0,164.0,1814801.0,60,0
2021-02-22,-,American Skin,2009.0,16.0,242603.0,39,0
2021-02-22,-,The World to Come,1950.0,276.0,92367.0,11,0
2021-02-22,-,The Violent Heart,793.0,6.0,14599.0,4,0
2021-02-22,-,Earwig and the Witch,380.0,45.0,171353.0,20,0
2021-02-22,-,Our Friend,369.0,131.0,643342.0,32,0
2021-02-22,-,Dara Of Jasenovac,333.0,23.0,42653.0,18,0
2021-02-22,-,Supernova,282.0,39.0,223274.0,25,0
2021-02-23,-,The Croods: A New Age,90755.0,1913.0,51028605.0,91,0
2021-02-23,-,The Marksman,58452.0,1643.0,11554813.0,40,0
2021-02-23,-,Land,55610.0,1251.0,1708815.0,12,0
2021-02-23,-,Monster Hunter,34615.0,1311.0,13480371.0,68,0
2021-02-23,-,News of the World,19225.0,1161.0,11734485.0,61,0
2021-02-23,-,The Mauritanian,16349.0,287.0,378689.0,12,0
2021-02-23,-,Promising Young Woman,13240.0,679.0,5126645.0,61,0
2021-02-23,-,The War with Grandpa,10032.0,653.0,20355866.0,138,0
2021-02-23,-,Blithe Spirit,9325.0,239.0,103683.0,5,0
2021-02-23,-,Fatale,7982.0,608.0,6174867.0,68,0
2021-02-23,-,Come Play,4900.0,143.0,10379830.0,117,0
2021-02-23,-,The Violent Heart,3252.0,63.0,17851.0,5,0
2021-02-23,-,The World to Come,2753.0,276.0,95120.0,12,0
2021-02-23,-,Pinocchio,1999.0,164.0,1816800.0,61,0
2021-02-23,-,American Skin,1623.0,16.0,244226.0,40,0
2021-02-23,-,Our Friend,1419.0,131.0,644761.0,33,0
2021-02-23,-,Earwig and the Witch,1268.0,45.0,172621.0,21,0
2021-02-23,-,Dara Of Jasenovac,592.0,23.0,43245.0,19,0
2021-02-23,-,Supernova,335.0,39.0,223609.0,26,0
2021-02-24,-,The Croods: A New Age,69900.0,1913.0,51098505.0,92,0
2021-02-24,-,The Marksman,43599.0,1643.0,11598412.0,41,0
2021-02-24,-,Monster Hunter,31180.0,1311.0,13511551.0,69,0
2021-02-24,-,Land,28550.0,1251.0,1737365.0,13,0
2021-02-24,-,News of the World,14035.0,1161.0,11748520.0,62,0
2021-02-24,-,The Mauritanian,12786.0,287.0,391475.0,13,0
2021-02-24,-,Promising Young Woman,9050.0,679.0,5135695.0,62,0
2021-02-24,-,The War with Grandpa,8765.0,653.0,20364631.0,139,0
2021-02-24,-,Fatale,7346.0,608.0,6182213.0,69,0
2021-02-24,-,Blithe Spirit,5784.0,239.0,109467.0,6,0
2021-02-24,-,Come Play,4625.0,143.0,10384455.0,118,0
2021-02-24,-,The World to Come,2443.0,276.0,97563.0,13,0
2021-02-24,-,Pinocchio,2272.0,164.0,1819072.0,62,0
2021-02-24,-,American Skin,1932.0,16.0,246158.0,41,0
2021-02-24,-,The Violent Heart,786.0,9.0,18637.0,6,0
2021-02-24,-,Our Friend,620.0,131.0,645381.0,34,0
2021-02-24,-,Earwig and the Witch,484.0,45.0,173105.0,22,0
2021-02-24,-,Dara Of Jasenovac,295.0,23.0,43540.0,20,0
2021-02-24,-,Supernova,200.0,39.0,223809.0,27,0
2021-02-25,-,The Croods: A New Age,76880.0,1913.0,51175385.0,93,0
2021-02-25,-,The Marksman,47013.0,1643.0,11645425.0,42,0
2021-02-25,-,Monster Hunter,32567.0,1311.0,13544118.0,70,0
2021-02-25,-,Land,31640.0,1251.0,1769005.0,14,0
2021-02-25,-,News of the World,16070.0,1161.0,11764590.0,63,0
2021-02-25,-,The Mauritanian,13335.0,287.0,404810.0,14,0
2021-02-25,-,Crisis,12047.0,216.0,12047.0,1,1
2021-02-25,-,Blithe Spirit,10986.0,239.0,120453.0,7,0
2021-02-25,-,The War with Grandpa,10867.0,653.0,20375498.0,140,0
2021-02-25,-,Promising Young Woman,10265.0,679.0,5145960.0,63,0
2021-02-25,-,Fatale,8176.0,608.0,6190389.0,70,0
2021-02-25,-,Come Play,4985.0,143.0,10389440.0,119,0
2021-02-25,-,The World to Come,2984.0,276.0,100547.0,14,0
2021-02-25,-,Pinocchio,2818.0,164.0,1821890.0,63,0
2021-02-25,-,American Skin,1769.0,16.0,247927.0,42,0
2021-02-25,-,The Violent Heart,977.0,10.0,19614.0,7,0
2021-02-25,-,Our Friend,775.0,131.0,655711.0,35,0
2021-02-25,-,Dara Of Jasenovac,681.0,23.0,44221.0,21,0
2021-02-25,-,Earwig and the Witch,599.0,45.0,173704.0,23,0
2021-02-25,-,Supernova,213.0,39.0,224022.0,28,0
2021-02-26,1,Tom and Jerry,4000000.0,2475.0,4000000.0,1,1
2021-02-26,-,The Croods: A New Age,277770.0,1912.0,51453155.0,94,0
2021-02-26,-,The Marksman,188941.0,1414.0,11834366.0,43,0
2021-02-26,-,Monster Hunter,115929.0,1238.0,13660047.0,71,0
2021-02-26,-,Land,100145.0,1349.0,1869150.0,15,0
2021-02-26,-,Nomadland,99000.0,1200.0,602000.0,8,0
2021-02-26,-,Crisis,58132.0,216.0,58132.0,2,0
2021-02-26,-,News of the World,55390.0,992.0,11819980.0,64,0
2021-02-26,-,The Mauritanian,34003.0,287.0,438813.0,15,0
2021-02-26,-,The War with Grandpa,30699.0,621.0,20406197.0,141,0
2021-02-26,-,Promising Young Woman,29945.0,575.0,5175905.0,64,0
2021-02-26,-,Blithe Spirit,23424.0,238.0,143877.0,8,0
2021-02-26,-,Come Play,18450.0,123.0,10407890.0,120,0
2021-02-26,-,Fatale,16681.0,511.0,6207070.0,71,0
2021-02-26,-,Safer at Home,11971.0,79.0,11971.0,1,1
2021-02-26,-,The Vigil,7806.0,55.0,7806.0,1,1
2021-02-26,-,American Skin,3450.0,11.0,251377.0,43,0
2021-02-26,-,Pinocchio,3208.0,114.0,1825098.0,64,0
2021-02-26,-,The World to Come,1342.0,93.0,101889.0,15,0
2021-02-26,-,Dara Of Jasenovac,1090.0,19.0,45311.0,22,0
2021-02-26,-,The Violent Heart,1000.0,28.0,20614.0,8,0
2021-02-26,-,Our Friend,554.0,1.0,656265.0,36,0
2021-02-26,-,Supernova,395.0,13.0,224417.0,29,0
2021-02-27,-,The Croods: A New Age,603130.0,1912.0,52056285.0,95,0
2021-02-27,-,The Marksman,327426.0,1414.0,12161792.0,44,0
2021-02-27,-,Monster Hunter,212034.0,1238.0,13872081.0,72,0
2021-02-27,-,Land,155940.0,1349.0,2025090.0,16,0
2021-02-27,-,Nomadland,150000.0,1200.0,752000.0,9,0
2021-02-27,-,News of the World,91960.0,992.0,11911940.0,65,0
2021-02-27,-,Crisis,82763.0,216.0,140895.0,3,0
2021-02-27,-,The War with Grandpa,65146.0,621.0,20471343.0,142,0
2021-02-27,-,The Mauritanian,54602.0,287.0,493415.0,16,0
2021-02-27,-,Promising Young Woman,42480.0,575.0,5218385.0,65,0
2021-02-27,-,Come Play,31480.0,123.0,10439370.0,121,0
2021-02-27,-,Blithe Spirit,31442.0,238.0,175319.0,9,0
2021-02-27,-,Fatale,30377.0,511.0,6237447.0,72,0
2021-02-27,-,Safer at Home,16329.0,79.0,28300.0,2,0
2021-02-27,-,The Vigil,10832.0,55.0,18638.0,2,0
2021-02-27,-,American Skin,8199.0,11.0,259576.0,44,0
2021-02-27,-,The World to Come,2458.0,93.0,104347.0,16,0
2021-02-27,-,Pinocchio,2253.0,114.0,1827351.0,65,0
2021-02-27,-,The Violent Heart,1800.0,28.0,22414.0,9,0
2021-02-27,-,Dara Of Jasenovac,1681.0,19.0,46992.0,23,0
2021-02-27,-,Our Friend,746.0,1.0,657011.0,37,0
2021-02-27,-,Supernova,512.0,13.0,224929.0,30,0
2021-03-01,-,The Croods: A New Age,97090.0,1912.0,52527135.0,97,0
2021-03-01,-,The Marksman,36155.0,1414.0,12382582.0,46,0
2021-03-01,-,Monster Hunter,33163.0,1238.0,14035439.0,74,0
2021-03-01,-,Land,17970.0,1349.0,2132350.0,18,0
2021-03-01,-,News of the World,12075.0,992.0,11982255.0,67,0
2021-03-01,-,Crisis,10748.0,216.0,201397.0,5,0
2021-03-01,-,The Mauritanian,9468.0,287.0,534470.0,18,0
2021-03-01,-,Promising Young Woman,8090.0,575.0,5257780.0,67,0
2021-03-01,-,The War with Grandpa,5825.0,621.0,20519343.0,144,0
2021-03-01,-,Fatale,5655.0,511.0,6258164.0,74,0
2021-03-01,-,Come Play,5025.0,123.0,10462075.0,123,0
2021-03-01,-,Blithe Spirit,3705.0,238.0,193773.0,11,0
2021-03-01,-,Safer at Home,3379.0,79.0,38812.0,4,0
2021-03-01,-,American Skin,1708.0,11.0,265293.0,46,0
2021-03-01,-,The Vigil,1353.0,55.0,24535.0,4,0
2021-03-01,-,The World to Come,582.0,93.0,106900.0,18,0
2021-03-01,-,Pinocchio,432.0,114.0,1830868.0,67,0
2021-03-01,-,Dara Of Jasenovac,121.0,19.0,48718.0,25,0
2021-03-01,-,Supernova,62.0,13.0,225798.0,32,0
2021-02-28,-,The Croods: A New Age,373760.0,1912.0,52430045.0,96,0
2021-02-28,-,The Marksman,184635.0,1414.0,12346427.0,45,0
2021-02-28,-,Monster Hunter,130195.0,1238.0,14002276.0,73,0
2021-02-28,-,Nomadland,92000.0,1200.0,1031000.0,10,0
2021-02-28,-,Land,89290.0,1349.0,2114380.0,17,0
2021-02-28,-,News of the World,58240.0,992.0,11970180.0,66,0
2021-02-28,-,Crisis,49754.0,216.0,190649.0,4,0
2021-02-28,-,The War with Grandpa,42175.0,621.0,20513518.0,143,0
2021-02-28,-,The Mauritanian,31587.0,287.0,525002.0,17,0
2021-02-28,-,Promising Young Woman,31305.0,575.0,5249690.0,66,0
2021-02-28,-,Come Play,17680.0,123.0,10457050.0,122,0
2021-02-28,-,Fatale,15062.0,511.0,6252509.0,73,0
2021-02-28,-,Blithe Spirit,14749.0,238.0,190068.0,10,0
2021-02-28,-,Safer at Home,7133.0,79.0,35433.0,3,0
2021-02-28,-,The Vigil,4544.0,55.0,23182.0,3,0
2021-02-28,-,American Skin,4009.0,11.0,263585.0,45,0
2021-02-28,-,Pinocchio,3085.0,114.0,1830436.0,66,0
2021-02-28,-,The World to Come,1971.0,93.0,106318.0,17,0
2021-02-28,-,Dara Of Jasenovac,1605.0,19.0,48597.0,24,0
2021-02-28,-,The Violent Heart,1200.0,28.0,23614.0,10,0
2021-02-28,-,Supernova,807.0,13.0,225736.0,31,0
2021-02-28,-,Our Friend,500.0,1.0,657511.0,38,0
2021-03-02,-,The Croods: A New Age,115930.0,1912.0,52643065.0,98,0
2021-03-02,-,The Marksman,49331.0,1414.0,12431913.0,47,0
2021-03-02,-,Monster Hunter,38608.0,1238.0,14074047.0,75,0
2021-03-02,-,Land,35190.0,1349.0,2167540.0,19,0
2021-03-02,-,News of the World,20195.0,992.0,12002450.0,68,0
2021-03-02,-,The Mauritanian,14857.0,287.0,549327.0,19,0
2021-03-02,-,Crisis,14840.0,216.0,216237.0,6,0
2021-03-02,-,Promising Young Woman,11135.0,575.0,5268915.0,68,0
2021-03-02,-,The War with Grandpa,7566.0,621.0,20526909.0,145,0
2021-03-02,-,Blithe Spirit,7172.0,238.0,200945.0,12,0
2021-03-02,-,Fatale,5951.0,511.0,6264115.0,75,0
2021-03-02,-,Come Play,4345.0,123.0,10466420.0,124,0
2021-03-02,-,Safer at Home,4147.0,79.0,42959.0,5,0
2021-03-02,-,The Vigil,2122.0,55.0,26657.0,5,0
2021-03-02,-,American Skin,1328.0,11.0,266621.0,47,0
2021-03-02,-,The World to Come,682.0,93.0,107582.0,19,0
2021-03-02,-,Dara Of Jasenovac,256.0,19.0,48974.0,26,0
2021-03-02,-,Pinocchio,176.0,114.0,1831044.0,68,0
2021-03-02,-,Supernova,160.0,13.0,225958.0,33,0
2021-03-03,-,The Croods: A New Age,93870.0,1912.0,52736935.0,99,0
2021-03-03,-,The Marksman,36454.0,1414.0,12468367.0,48,0
2021-03-03,-,Monster Hunter,31714.0,1238.0,14105761.0,76,0
2021-03-03,-,Land,23290.0,1349.0,2190830.0,20,0
2021-03-03,-,News of the World,14805.0,992.0,12017255.0,69,0
2021-03-03,-,The Mauritanian,11318.0,287.0,560645.0,20,0
2021-03-03,-,Crisis,10196.0,216.0,226433.0,7,0
2021-03-03,-,Promising Young Woman,9995.0,575.0,5278910.0,69,0
2021-03-03,-,The War with Grandpa,6066.0,621.0,20532975.0,146,0
2021-03-03,-,Fatale,5553.0,511.0,6269668.0,76,0
2021-03-03,-,Come Play,5090.0,123.0,10471510.0,125,0
2021-03-03,-,Blithe Spirit,4298.0,238.0,205243.0,13,0
2021-03-03,-,Safer at Home,4096.0,79.0,47055.0,6,0
2021-03-03,-,American Skin,1930.0,11.0,268551.0,48,0
2021-03-03,-,The Vigil,1898.0,55.0,28555.0,6,0
2021-03-03,-,The World to Come,880.0,93.0,108462.0,20,0
2021-03-03,-,Pinocchio,514.0,114.0,1831558.0,69,0
2021-03-03,-,Dara Of Jasenovac,187.0,19.0,49161.0,27,0
2021-03-03,-,Supernova,129.0,13.0,226087.0,34,0
2021-03-04,-,The Croods: A New Age,94510.0,1912.0,52831445.0,100,0
2021-03-04,-,The Marksman,34142.0,1414.0,12502509.0,49,0
2021-03-04,-,Monster Hunter,30865.0,1238.0,14136626.0,77,0
2021-03-04,-,Land,20065.0,1349.0,2210895.0,21,0
2021-03-04,-,News of the World,17590.0,992.0,12034845.0,70,0
2021-03-04,-,Promising Young Woman,9620.0,575.0,5288530.0,70,0
2021-03-04,-,The Mauritanian,9142.0,287.0,569787.0,21,0
2021-03-04,-,Crisis,8492.0,216.0,234925.0,8,0
2021-03-04,-,Blithe Spirit,6223.0,238.0,211466.0,14,0
2021-03-04,-,Fatale,4844.0,511.0,6274512.0,77,0
2021-03-04,-,The War with Grandpa,4732.0,621.0,20537707.0,147,0
2021-03-04,-,Come Play,4480.0,123.0,10475990.0,126,0
2021-03-04,-,Safer at Home,4046.0,79.0,51101.0,7,0
2021-03-04,-,The Vigil,2228.0,55.0,30783.0,7,0
2021-03-04,-,American Skin,1927.0,11.0,270478.0,49,0
2021-03-04,-,The World to Come,409.0,93.0,108871.0,21,0
2021-03-04,-,Dara Of Jasenovac,375.0,19.0,49536.0,28,0
2021-03-04,-,Supernova,331.0,13.0,226418.0,35,0
2021-03-04,-,Pinocchio,160.0,114.0,1831718.0,70,0
2021-03-05,1,Raya and the Last Dragon,2603122.0,2045.0,2603122.0,1,1
2021-03-05,-,Chaos Walking,1326427.0,1980.0,1326427.0,1,1
2021-03-05,-,Boogie,441050.0,1252.0,441050.0,1,1
2021-03-05,-,The Croods: A New Age,200100.0,1604.0,53031545.0,101,0
2021-03-05,-,The Marksman,135202.0,1414.0,12637711.0,50,0
2021-03-05,-,Monster Hunter,77853.0,1074.0,14214479.0,78,0
2021-03-05,-,Nomadland,52000.0,600.0,1083000.0,15,0
2021-03-05,-,News of the World,49045.0,838.0,12083890.0,71,0
2021-03-05,-,Land,46920.0,1015.0,2257815.0,22,0
2021-03-05,-,Promising Young Woman,29120.0,519.0,5317650.0,71,0
2021-03-05,-,Crisis,25809.0,210.0,260734.0,9,0
2021-03-05,-,The Mauritanian,25022.0,252.0,594809.0,22,0
2021-03-05,-,The War with Grandpa,23962.0,511.0,20561669.0,148,0
2021-03-05,-,Blithe Spirit,8728.0,86.0,220194.0,15,0
2021-03-05,-,My Salinger Year,8245.0,123.0,8245.0,1,1
2021-03-05,-,Safer at Home,7471.0,39.0,58572.0,8,0
2021-03-05,-,Fatale,6850.0,196.0,6281362.0,78,0
2021-03-05,-,The Vigil,2395.0,38.0,33178.0,8,0
2021-03-05,-,American Skin,1574.0,3.0,272052.0,50,0
2021-03-05,-,Supernova,694.0,10.0,227112.0,36,0
2021-03-05,-,The World to Come,309.0,12.0,109180.0,22,0
2021-03-05,-,Dara Of Jasenovac,162.0,9.0,49698.0,29,0
2021-03-06,1,Raya and the Last Dragon,3699362.0,2045.0,6302484.0,2,0
2021-03-06,-,Chaos Walking,1586984.0,1980.0,2913411.0,2,0
2021-03-06,-,Boogie,470180.0,1252.0,911230.0,2,0
2021-03-06,-,The Croods: A New Age,359965.0,1604.0,53391510.0,102,0
2021-03-06,-,The Marksman,233155.0,1040.0,12870866.0,51,0
2021-03-06,-,Monster Hunter,112927.0,1074.0,14327406.0,79,0
2021-03-06,-,Nomadland,90000.0,600.0,1173000.0,16,0
2021-03-06,-,News of the World,68050.0,838.0,12151940.0,72,0
2021-03-06,-,Land,68030.0,1015.0,2325845.0,23,0
2021-03-06,-,The War with Grandpa,46691.0,511.0,20608360.0,149,0
2021-03-06,-,Crisis,46662.0,210.0,307396.0,10,0
2021-03-06,-,Promising Young Woman,40555.0,519.0,5358205.0,72,0
2021-03-06,-,The Mauritanian,40359.0,252.0,635168.0,23,0
2021-03-06,-,My Salinger Year,13354.0,123.0,21599.0,2,0
2021-03-06,-,Fatale,12412.0,196.0,6293774.0,79,0
2021-03-06,-,Blithe Spirit,10529.0,86.0,230723.0,16,0
2021-03-06,-,Safer at Home,7227.0,39.0,65799.0,9,0
2021-03-06,-,The Vigil,4068.0,38.0,37246.0,9,0
2021-03-06,-,American Skin,1495.0,3.0,273547.0,51,0
2021-03-06,-,The World to Come,1037.0,12.0,110217.0,23,0
2021-03-06,-,Supernova,922.0,10.0,228034.0,37,0
2021-03-06,-,Dara Of Jasenovac,385.0,9.0,50083.0,30,0
2021-03-07,1,Raya and the Last Dragon,2200014.0,2045.0,8502498.0,3,0
2021-03-07,-,Chaos Walking,861939.0,1980.0,3775350.0,3,0
2021-03-07,-,Boogie,288935.0,1252.0,1200165.0,3,0
2021-03-07,-,The Croods: A New Age,228225.0,1604.0,53619735.0,103,0
2021-03-07,-,The Marksman,130372.0,1040.0,13001238.0,52,0
2021-03-07,-,Nomadland,63000.0,600.0,1236000.0,17,0
2021-03-07,-,Monster Hunter,60084.0,1074.0,14387490.0,80,0
2021-03-07,-,News of the World,40135.0,838.0,12192075.0,73,0
2021-03-07,-,Land,40075.0,1015.0,2365920.0,24,0
2021-03-07,-,Crisis,33808.0,210.0,341204.0,11,0
2021-03-07,-,Promising Young Woman,28880.0,519.0,5387085.0,73,0
2021-03-07,-,The War with Grandpa,27312.0,511.0,20635672.0,150,0
2021-03-07,-,The Mauritanian,24623.0,252.0,659791.0,24,0
2021-03-07,-,My Salinger Year,7252.0,123.0,28851.0,3,0
2021-03-07,-,Fatale,6014.0,196.0,6299788.0,80,0
2021-03-07,-,Blithe Spirit,4874.0,86.0,235597.0,17,0
2021-03-07,-,Safer at Home,3343.0,39.0,69142.0,10,0
2021-03-07,-,The Vigil,2793.0,38.0,40039.0,10,0
2021-03-07,-,American Skin,792.0,3.0,274339.0,52,0
2021-03-07,-,Supernova,670.0,10.0,228704.0,38,0
2021-03-07,-,The World to Come,452.0,12.0,110669.0,24,0
2021-03-07,-,Dara Of Jasenovac,296.0,9.0,50379.0,31,0
2021-03-08,1,Raya and the Last Dragon,407453.0,2045.0,8909951.0,4,0
2021-03-08,-,Chaos Walking,209143.0,1980.0,3984493.0,4,0
2021-03-08,-,Boogie,85815.0,1252.0,1285980.0,4,0
2021-03-08,-,The Croods: A New Age,40130.0,1604.0,53659865.0,104,0
2021-03-08,-,The Marksman,30055.0,1050.0,13031293.0,53,0
2021-03-08,-,Monster Hunter,17597.0,1074.0,14405087.0,81,0
2021-03-08,-,Land,9270.0,1015.0,2375190.0,25,0
2021-03-08,-,News of the World,7935.0,838.0,12200010.0,74,0
2021-03-08,-,The Mauritanian,6365.0,252.0,666156.0,25,0
2021-03-08,-,Crisis,6302.0,210.0,347506.0,12,0
2021-03-08,-,Promising Young Woman,4940.0,519.0,5392025.0,74,0
2021-03-08,-,The War with Grandpa,3966.0,511.0,20639638.0,151,0
2021-03-08,-,Blithe Spirit,1933.0,86.0,237530.0,18,0
2021-03-08,-,Fatale,1808.0,196.0,6301596.0,81,0
2021-03-08,-,Safer at Home,1564.0,39.0,70706.0,11,0
2021-03-08,-,My Salinger Year,1311.0,123.0,30162.0,4,0
2021-03-08,-,American Skin,450.0,3.0,274789.0,53,0
2021-03-08,-,The Vigil,262.0,38.0,40301.0,11,0
2021-03-08,-,Supernova,254.0,10.0,228958.0,39,0
2021-03-08,-,Dara Of Jasenovac,118.0,9.0,50497.0,32,0
2021-03-08,-,The World to Come,86.0,12.0,110755.0,25,0
2021-03-10,1,Raya and the Last Dragon,386623.0,2045.0,9901936.0,6,0
2021-03-10,-,Chaos Walking,189860.0,1980.0,4451747.0,6,0
2021-03-10,-,Boogie,81220.0,1252.0,1465610.0,6,0
2021-03-10,-,The Croods: A New Age,40595.0,1604.0,53746730.0,106,0
2021-03-10,-,The Marksman,33530.0,1050.0,13102405.0,55,0
2021-03-10,-,Monster Hunter,15777.0,1074.0,14438036.0,83,0
2021-03-10,-,Land,8885.0,1015.0,2397090.0,27,0
2021-03-10,-,The Mauritanian,8087.0,252.0,683246.0,27,0
2021-03-10,-,News of the World,7760.0,838.0,12216935.0,76,0
2021-03-10,-,Crisis,7138.0,210.0,363014.0,14,0
2021-03-10,-,Promising Young Woman,6245.0,519.0,5403790.0,76,0
2021-03-10,-,The War with Grandpa,5364.0,511.0,20649919.0,153,0
2021-03-10,-,My Salinger Year,2962.0,123.0,35620.0,6,0
2021-03-10,-,Blithe Spirit,2950.0,86.0,243686.0,20,0
2021-03-10,-,Fatale,1536.0,196.0,6305066.0,83,0
2021-03-10,-,Safer at Home,1525.0,39.0,73773.0,13,0
2021-03-10,-,Counter Column,1228.0,1.0,16754.0,146,0
2021-03-10,-,Supernova,367.0,10.0,229452.0,41,0
2021-03-10,-,American Skin,366.0,3.0,275648.0,55,0
2021-03-10,-,The Vigil,344.0,38.0,41058.0,13,0
2021-03-10,-,The World to Come,276.0,12.0,111182.0,27,0
2021-03-10,-,Dara Of Jasenovac,108.0,9.0,50674.0,34,0
2021-03-09,1,Raya and the Last Dragon,605362.0,2045.0,9515313.0,5,0
2021-03-09,-,Chaos Walking,277394.0,1980.0,4261887.0,5,0
2021-03-09,-,Boogie,98410.0,1252.0,1384390.0,5,0
2021-03-09,-,The Croods: A New Age,46270.0,1604.0,53706135.0,105,0
2021-03-09,-,The Marksman,37582.0,1050.0,13068875.0,54,0
2021-03-09,-,Monster Hunter,17172.0,1074.0,14422259.0,82,0
2021-03-09,-,Land,13015.0,1015.0,2388205.0,26,0
2021-03-09,-,News of the World,9165.0,838.0,12209175.0,75,0
2021-03-09,-,The Mauritanian,9003.0,252.0,675159.0,26,0
2021-03-09,-,Crisis,8370.0,210.0,355876.0,13,0
2021-03-09,-,Promising Young Woman,5520.0,519.0,5397545.0,75,0
2021-03-09,-,The War with Grandpa,4917.0,511.0,20644555.0,152,0
2021-03-09,-,Blithe Spirit,3206.0,86.0,240736.0,19,0
2021-03-09,-,My Salinger Year,2496.0,123.0,32658.0,5,0
2021-03-09,-,Fatale,1934.0,196.0,6303530.0,82,0
2021-03-09,-,Safer at Home,1542.0,39.0,72248.0,12,0
2021-03-09,-,American Skin,493.0,3.0,275282.0,54,0
2021-03-09,-,The Vigil,413.0,38.0,40714.0,12,0
2021-03-09,-,The World to Come,151.0,12.0,110906.0,26,0
2021-03-09,-,Supernova,127.0,10.0,229085.0,40,0
2021-03-09,-,Dara Of Jasenovac,69.0,9.0,50566.0,33,0
2021-03-11,1,Raya and the Last Dragon,435229.0,2045.0,10337165.0,7,0
2021-03-11,-,Chaos Walking,209660.0,1980.0,4661407.0,7,0
2021-03-11,-,Boogie,82050.0,1252.0,1547660.0,7,0
2021-03-11,-,The Croods: A New Age,36995.0,1604.0,53783725.0,107,0
2021-03-11,-,The Marksman,34711.0,1050.0,13137116.0,56,0
2021-03-11,-,Monster Hunter,15284.0,1074.0,14453320.0,84,0
2021-03-11,-,Land,9930.0,1015.0,2407020.0,28,0
2021-03-11,-,News of the World,8545.0,838.0,12225480.0,77,0
2021-03-11,-,Crisis,6660.0,210.0,369674.0,15,0
2021-03-11,-,The Mauritanian,6218.0,252.0,689464.0,28,0
2021-03-11,-,The War with Grandpa,4583.0,511.0,20654502.0,154,0
2021-03-11,-,Promising Young Woman,4440.0,519.0,5408230.0,77,0
2021-03-11,-,Blithe Spirit,3396.0,86.0,247082.0,21,0
2021-03-11,-,My Salinger Year,2438.0,123.0,38058.0,7,0
2021-03-11,-,Fatale,1831.0,196.0,6306897.0,84,0
2021-03-11,-,The Vigil,1058.0,38.0,42116.0,14,0
2021-03-11,-,Safer at Home,510.0,39.0,74283.0,14,0
2021-03-11,-,American Skin,510.0,3.0,276158.0,56,0
2021-03-11,-,Supernova,326.0,10.0,229778.0,42,0
2021-03-11,-,The World to Come,169.0,12.0,111351.0,28,0
2021-03-11,-,Dara Of Jasenovac,59.0,9.0,50733.0,35,0
2021-03-12,1,Raya and the Last Dragon,1428321.0,2163.0,11765486.0,8,0
2021-03-12,-,Chaos Walking,646408.0,1995.0,5307815.0,8,0
2021-03-12,-,Boogie,220055.0,1272.0,1767715.0,8,0
2021-03-12,-,The Marksman,122111.0,1105.0,13259227.0,57,0
2021-03-12,-,The Croods: A New Age,117540.0,1440.0,53901265.0,108,0
2021-03-12,-,Long Weekend,88126.0,814.0,88126.0,1,1
2021-03-12,-,Lamb of God: The Concert Film,70322.0,104.0,70322.0,1,1
2021-03-12,-,Dutch,37909.0,202.0,37909.0,1,1
2021-03-12,-,Monster Hunter,37553.0,1003.0,14490873.0,85,0
2021-03-12,-,Land,30700.0,859.0,2437720.0,29,0
2021-03-12,-,Promising Young Woman,23490.0,497.0,5431720.0,78,0
2021-03-12,-,The War with Grandpa,22413.0,435.0,20676915.0,155,0
2021-03-12,-,News of the World,22030.0,703.0,12247510.0,78,0
2021-03-12,-,The Mauritanian,16572.0,211.0,706036.0,29,0
2021-03-12,-,Crisis,11074.0,124.0,380748.0,16,0
2021-03-12,-,Come True,9289.0,96.0,9289.0,1,1
2021-03-12,-,Safer at Home,1404.0,16.0,75687.0,15,0
2021-03-12,-,American Skin,578.0,2.0,276736.0,57,0
2021-03-12,-,Supernova,433.0,10.0,230211.0,43,0
2021-03-12,-,Dara Of Jasenovac,215.0,6.0,50948.0,36,0
2021-03-12,-,The World to Come,210.0,6.0,111561.0,29,0
2021-03-13,1,Raya and the Last Dragon,2581051.0,2163.0,14346537.0,9,0
2021-03-13,-,Chaos Walking,1015183.0,1995.0,6322998.0,9,0
2021-03-13,-,Boogie,335980.0,1272.0,2103695.0,9,0
2021-03-13,-,The Croods: A New Age,244015.0,1440.0,54145280.0,109,0
2021-03-13,-,The Marksman,202949.0,1105.0,13462176.0,58,0
2021-03-13,-,Long Weekend,98352.0,814.0,186478.0,2,0
2021-03-13,-,Monster Hunter,65921.0,1003.0,14556794.0,86,0
2021-03-13,-,Dutch,59915.0,202.0,97824.0,2,0
2021-03-13,-,Lamb of God: The Concert Film,50625.0,104.0,120947.0,2,0
2021-03-13,-,The War with Grandpa,43118.0,435.0,20720033.0,156,0
2021-03-13,-,Land,42885.0,859.0,2480605.0,30,0
2021-03-13,-,Promising Young Woman,39440.0,497.0,5471160.0,79,0
2021-03-13,-,News of the World,32890.0,703.0,12280400.0,79,0
2021-03-13,-,The Mauritanian,24519.0,211.0,730555.0,30,0
2021-03-13,-,Crisis,16066.0,124.0,396814.0,17,0
2021-03-13,-,Come True,13474.0,96.0,22763.0,2,0
2021-03-13,-,Safer at Home,2780.0,16.0,78467.0,16,0
2021-03-13,-,American Skin,1033.0,1.0,277769.0,58,0
2021-03-13,-,Dara Of Jasenovac,692.0,6.0,51640.0,37,0
2021-03-13,-,Supernova,572.0,10.0,230783.0,44,0
2021-03-13,-,The World to Come,391.0,6.0,111952.0,30,0
2021-03-14,1,Raya and the Last Dragon,1697261.0,2163.0,16043798.0,10,0
2021-03-14,-,Chaos Walking,586741.0,1995.0,6909739.0,10,0
2021-03-14,-,Boogie,222045.0,1272.0,2325740.0,10,0
2021-03-14,-,The Croods: A New Age,179265.0,1440.0,54324545.0,110,0
2021-03-14,-,The Marksman,127178.0,1105.0,13589354.0,59,0
2021-03-14,-,Long Weekend,58704.0,814.0,245182.0,3,0
2021-03-14,-,Monster Hunter,38959.0,1003.0,14595753.0,87,0
2021-03-14,-,Dutch,37191.0,202.0,135015.0,3,0
2021-03-14,-,Promising Young Woman,26620.0,497.0,5497780.0,80,0
2021-03-14,-,Land,26065.0,859.0,2506670.0,31,0
2021-03-14,-,News of the World,23215.0,703.0,12303615.0,80,0
2021-03-14,-,The War with Grandpa,21859.0,435.0,20741892.0,157,0
2021-03-14,-,The Mauritanian,15693.0,211.0,746248.0,31,0
2021-03-14,-,Crisis,12549.0,124.0,409363.0,18,0
2021-03-14,-,Lamb of God: The Concert Film,8962.0,104.0,129909.0,3,0
2021-03-14,-,Come True,8327.0,96.0,31090.0,3,0
2021-03-14,-,Safer at Home,1030.0,16.0,79497.0,17,0
2021-03-14,-,American Skin,726.0,2.0,278495.0,59,0
2021-03-14,-,Supernova,414.0,10.0,231197.0,45,0
2021-03-14,-,Dara Of Jasenovac,346.0,6.0,51986.0,38,0
2021-03-14,-,The World to Come,286.0,6.0,112238.0,31,0
2021-03-15,1,Raya and the Last Dragon,468809.0,2163.0,16512607.0,11,0
2021-03-15,-,Chaos Walking,201306.0,1995.0,7111045.0,11,0
2021-03-15,-,Boogie,81300.0,1272.0,2407040.0,11,0
2021-03-15,-,The Croods: A New Age,66208.0,1440.0,54390753.0,111,0
2021-03-15,-,The Marksman,45274.0,1105.0,13634628.0,60,0
2021-03-15,-,Lamb of God: The Concert Film,32817.0,104.0,162726.0,4,0
2021-03-15,-,Long Weekend,20186.0,814.0,265368.0,4,0
2021-03-15,-,Monster Hunter,15863.0,1003.0,14611616.0,88,0
2021-03-15,-,Dutch,13472.0,202.0,148487.0,4,0
2021-03-15,-,News of the World,8790.0,703.0,12312405.0,81,0
2021-03-15,-,Promising Young Woman,8620.0,497.0,5506400.0,81,0
2021-03-15,-,The Mauritanian,5103.0,211.0,751351.0,32,0
2021-03-15,-,Land,5070.0,859.0,2511740.0,32,0
2021-03-15,-,The War with Grandpa,4988.0,435.0,20746880.0,158,0
2021-03-15,-,Come True,2203.0,96.0,33293.0,4,0
2021-03-15,-,Safer at Home,423.0,16.0,79920.0,18,0
2021-03-15,-,American Skin,168.0,2.0,278663.0,60,0
2021-03-15,-,Dara Of Jasenovac,158.0,6.0,52144.0,39,0
2021-03-15,-,Supernova,45.0,10.0,231242.0,46,0
2021-03-15,-,The World to Come,6.0,6.0,112244.0,32,0
2021-03-16,1,Raya and the Last Dragon,660643.0,2163.0,17173250.0,12,0
2021-03-16,-,Chaos Walking,237992.0,1995.0,7349037.0,12,0
2021-03-16,-,Boogie,92315.0,1272.0,2499355.0,12,0
2021-03-16,-,The Croods: A New Age,76030.0,1440.0,54466783.0,112,0
2021-03-16,-,The Marksman,51536.0,1105.0,13686164.0,61,0
2021-03-16,-,Long Weekend,29765.0,814.0,295133.0,5,0
2021-03-16,-,Lamb of God: The Concert Film,23764.0,104.0,186490.0,5,0
2021-03-16,-,Monster Hunter,17339.0,1003.0,14628955.0,89,0
2021-03-16,-,Dutch,16104.0,202.0,164591.0,5,0
2021-03-16,-,News of the World,8135.0,703.0,12320540.0,82,0
2021-03-16,-,Promising Young Woman,8125.0,497.0,5514525.0,82,0
2021-03-16,-,The Mauritanian,7886.0,211.0,759237.0,33,0
2021-03-16,-,Land,7500.0,859.0,2519240.0,33,0
2021-03-16,-,The War with Grandpa,7121.0,435.0,20754001.0,159,0
2021-03-16,-,Come True,2768.0,96.0,36061.0,5,0
2021-03-16,-,Safer at Home,420.0,16.0,80340.0,19,0
2021-03-16,-,American Skin,227.0,2.0,278890.0,61,0
2021-03-16,-,Dara Of Jasenovac,148.0,6.0,52292.0,40,0
2021-03-16,-,Supernova,31.0,10.0,231273.0,47,0
2021-03-16,-,The World to Come,23.0,6.0,112267.0,33,0
2021-03-17,1,Raya and the Last Dragon,514812.0,2163.0,17688062.0,13,0
2021-03-17,-,Chaos Walking,201552.0,1995.0,7550589.0,13,0
2021-03-17,-,Boogie,80095.0,1272.0,2579450.0,13,0
2021-03-17,-,The Croods: A New Age,75005.0,1440.0,54541788.0,113,0
2021-03-17,-,The Marksman,48408.0,1105.0,13734572.0,62,0
2021-03-17,-,Long Weekend,20255.0,814.0,315388.0,6,0
2021-03-17,-,Monster Hunter,20114.0,1003.0,14649069.0,90,0
2021-03-17,-,Lamb of God: The Concert Film,15475.0,104.0,201965.0,6,0
2021-03-17,-,Dutch,12873.0,202.0,177464.0,6,0
2021-03-17,-,The War with Grandpa,9694.0,435.0,20763695.0,160,0
2021-03-17,-,News of the World,7045.0,703.0,12327585.0,83,0
2021-03-17,-,Promising Young Woman,6470.0,497.0,5520995.0,83,0
2021-03-17,-,The Mauritanian,5324.0,211.0,764561.0,34,0
2021-03-17,-,Land,4905.0,859.0,2524145.0,34,0
2021-03-17,-,Come True,2362.0,96.0,38423.0,6,0
2021-03-17,-,Counter Column,705.0,1.0,17459.0,153,0
2021-03-17,-,Safer at Home,488.0,16.0,80828.0,20,0
2021-03-17,-,American Skin,332.0,2.0,279222.0,62,0
2021-03-17,-,The World to Come,201.0,6.0,112468.0,34,0
2021-03-17,-,Supernova,135.0,10.0,231408.0,48,0
2021-03-17,-,Dara Of Jasenovac,131.0,6.0,52423.0,41,0
2021-03-18,1,Raya and the Last Dragon,594544.0,2163.0,18282606.0,14,0
2021-03-18,-,Chaos Walking,218044.0,1995.0,7768633.0,14,0
2021-03-18,-,Boogie,83025.0,1272.0,2662475.0,14,0
2021-03-18,-,The Croods: A New Age,82790.0,1440.0,54624578.0,114,0
2021-03-18,-,The Marksman,53875.0,1105.0,13788447.0,63,0
2021-03-18,-,Lamb of God: The Concert Film,21577.0,104.0,223542.0,7,0
2021-03-18,-,Long Weekend,21093.0,814.0,336481.0,7,0
2021-03-18,-,Monster Hunter,20027.0,1003.0,14669096.0,91,0
2021-03-18,-,Dutch,13139.0,202.0,190603.0,7,0
2021-03-18,-,News of the World,10450.0,703.0,12338035.0,84,0
2021-03-18,-,The War with Grandpa,9596.0,435.0,20773291.0,161,0
2021-03-18,-,Promising Young Woman,8770.0,497.0,5529765.0,84,0
2021-03-18,-,Land,6060.0,859.0,2530205.0,35,0
2021-03-18,-,The Mauritanian,5639.0,211.0,770200.0,35,0
2021-03-18,-,Come True,3309.0,96.0,41732.0,7,0
2021-03-18,-,Safer at Home,697.0,16.0,81525.0,21,0
2021-03-18,-,American Skin,370.0,2.0,279592.0,63,0
2021-03-18,-,Supernova,164.0,10.0,231572.0,49,0
2021-03-18,-,Dara Of Jasenovac,79.0,6.0,52502.0,42,0
2021-03-18,-,The World to Come,34.0,6.0,112502.0,35,0
2021-03-19,1,Raya and the Last Dragon,1441643.0,2261.0,19724249.0,15,0
2021-03-19,-,The Courier,671968.0,1433.0,671968.0,1,1
2021-03-19,-,Chaos Walking,577476.0,2132.0,8346109.0,15,0
2021-03-19,-,Boogie,180040.0,1184.0,2842515.0,15,0
2021-03-19,-,The Croods: A New Age,160370.0,1411.0,54784948.0,115,0
2021-03-19,-,The Marksman,133396.0,1105.0,13921843.0,64,0
2021-03-19,-,Nomadland,77000.0,650.0,1741000.0,29,0
2021-03-19,-,Promising Young Woman,57480.0,831.0,5587245.0,85,0
2021-03-19,-,Monster Hunter,45812.0,312.0,14714908.0,92,0
2021-03-19,-,Long Weekend,33805.0,821.0,370286.0,8,0
2021-03-19,-,Lamb of God: The Concert Film,33591.0,133.0,257133.0,8,0
2021-03-19,-,The War with Grandpa,31447.0,413.0,20804738.0,162,0
2021-03-19,-,Dutch,24372.0,202.0,214975.0,8,0
2021-03-19,-,News of the World,23370.0,698.0,12361405.0,85,0
2021-03-19,-,The Mauritanian,12064.0,156.0,782264.0,36,0
2021-03-19,-,Last Call,11038.0,110.0,11038.0,1,1
2021-03-19,-,Land,10790.0,662.0,2540995.0,36,0
2021-03-19,-,Come True,3942.0,73.0,45674.0,8,0
2021-03-19,-,Dark State,2299.0,7.0,2299.0,1,1
2021-03-19,-,Safer at Home,1833.0,7.0,83358.0,22,0
2021-03-19,-,American Skin,281.0,1.0,279873.0,64,0
2021-03-19,-,Supernova,249.0,5.0,226790.0,50,0
2021-03-19,-,Dara Of Jasenovac,111.0,1.0,52613.0,43,0
2021-03-20,1,Raya and the Last Dragon,2265214.0,2261.0,21989463.0,16,0
2021-03-20,-,Chaos Walking,853490.0,2132.0,9199599.0,16,0
2021-03-20,-,The Courier,779910.0,1433.0,1451878.0,2,0
2021-03-20,-,The Croods: A New Age,275180.0,1411.0,55060128.0,116,0
2021-03-20,-,Boogie,253235.0,1184.0,3095750.0,16,0
2021-03-20,-,The Marksman,205613.0,1105.0,14127456.0,65,0
2021-03-20,-,Nomadland,100000.0,650.0,1841000.0,30,0
2021-03-20,-,Promising Young Woman,82945.0,831.0,5670190.0,86,0
2021-03-20,-,Monster Hunter,67993.0,312.0,14782901.0,93,0
2021-03-20,-,The War with Grandpa,51654.0,413.0,20856392.0,163,0
2021-03-20,-,Long Weekend,47084.0,821.0,417370.0,9,0
2021-03-20,-,Lamb of God: The Concert Film,42083.0,133.0,299216.0,9,0
2021-03-20,-,Dutch,40030.0,202.0,255005.0,9,0
2021-03-20,-,News of the World,31675.0,698.0,12393080.0,86,0
2021-03-20,-,Land,16670.0,662.0,2557665.0,37,0
2021-03-20,-,The Mauritanian,14516.0,156.0,796780.0,37,0
2021-03-20,-,Last Call,10916.0,110.0,21954.0,2,0
2021-03-20,-,Come True,6024.0,73.0,51698.0,9,0
2021-03-20,-,Safer at Home,2397.0,7.0,85755.0,23,0
2021-03-20,-,Dark State,915.0,7.0,3214.0,2,0
2021-03-20,-,American Skin,826.0,1.0,280699.0,65,0
2021-03-20,-,Supernova,301.0,5.0,227091.0,51,0
2021-03-20,-,Dara Of Jasenovac,9.0,1.0,52622.0,44,0
2021-03-21,1,Raya and the Last Dragon,1422616.0,2261.0,23412079.0,17,0
2021-03-21,-,Chaos Walking,492131.0,2132.0,9691730.0,17,0
2021-03-21,-,The Courier,433951.0,1433.0,1885829.0,3,0
2021-03-21,-,The Croods: A New Age,190445.0,1411.0,55250573.0,117,0
2021-03-21,-,Boogie,161875.0,1184.0,3257625.0,17,0
2021-03-21,-,The Marksman,129399.0,1105.0,14256855.0,66,0
2021-03-21,-,Nomadland,67000.0,650.0,1908000.0,31,0
2021-03-21,-,Promising Young Woman,53275.0,831.0,5723465.0,87,0
2021-03-21,-,Monster Hunter,39189.0,312.0,14822090.0,94,0
2021-03-21,-,Long Weekend,29655.0,821.0,447025.0,10,0
2021-03-21,-,The War with Grandpa,28687.0,413.0,20885079.0,164,0
2021-03-21,-,News of the World,21935.0,698.0,12415015.0,87,0
2021-03-21,-,Dutch,21934.0,202.0,276939.0,10,0
2021-03-21,-,The Mauritanian,10067.0,156.0,806847.0,38,0
2021-03-21,-,Land,9255.0,662.0,2566920.0,38,0
2021-03-21,-,Last Call,7656.0,110.0,29610.0,3,0
2021-03-21,-,Lamb of God: The Concert Film,6968.0,133.0,306184.0,10,0
2021-03-21,-,Come True,3143.0,73.0,54841.0,10,0
2021-03-21,-,Safer at Home,1606.0,7.0,87361.0,24,0
2021-03-21,-,Dark State,808.0,7.0,4022.0,3,0
2021-03-21,-,American Skin,711.0,1.0,281410.0,66,0
2021-03-21,-,Supernova,206.0,5.0,227297.0,52,0
2021-03-21,-,Dara Of Jasenovac,18.0,1.0,52640.0,45,0
2021-03-22,1,Raya and the Last Dragon,315336.0,2261.0,23727415.0,18,0
2021-03-22,-,Chaos Walking,141782.0,2132.0,9833512.0,18,0
2021-03-22,-,The Courier,116277.0,1433.0,2002106.0,4,0
2021-03-22,-,Boogie,49025.0,1184.0,3306650.0,18,0
2021-03-22,-,The Marksman,40589.0,1105.0,14297444.0,67,0
2021-03-22,-,The Croods: A New Age,39510.0,1411.0,55290083.0,118,0
2021-03-22,-,Lamb of God: The Concert Film,32019.0,133.0,338203.0,11,0
2021-03-22,-,Promising Young Woman,17685.0,831.0,5741150.0,88,0
2021-03-22,-,Monster Hunter,13793.0,312.0,14835883.0,95,0
2021-03-22,-,Long Weekend,10087.0,821.0,457112.0,11,0
2021-03-22,-,The War with Grandpa,8815.0,413.0,20893894.0,165,0
2021-03-22,-,News of the World,6375.0,698.0,12421390.0,88,0
2021-03-22,-,The Mauritanian,2533.0,156.0,809380.0,39,0
2021-03-22,-,Land,1990.0,662.0,2568910.0,39,0
2021-03-22,-,Last Call,1979.0,110.0,31589.0,4,0
2021-03-22,-,Safer at Home,1141.0,7.0,88502.0,25,0
2021-03-22,-,Come True,620.0,73.0,55461.0,11,0
2021-03-22,-,American Skin,298.0,1.0,281708.0,67,0
2021-03-22,-,Dark State,194.0,7.0,4216.0,4,0
2021-03-22,-,Dara Of Jasenovac,51.0,1.0,52691.0,46,0
2021-03-23,1,Raya and the Last Dragon,454405.0,2261.0,24181820.0,19,0
2021-03-23,-,The Courier,188528.0,1433.0,2190634.0,5,0
2021-03-23,-,Chaos Walking,172068.0,2132.0,10005580.0,19,0
2021-03-23,-,Boogie,60705.0,1184.0,3367355.0,19,0
2021-03-23,-,The Croods: A New Age,45920.0,1411.0,55336003.0,119,0
2021-03-23,-,The Marksman,44134.0,1105.0,14341578.0,68,0
2021-03-23,-,Promising Young Woman,25420.0,831.0,5766570.0,89,0
2021-03-23,-,Lamb of God: The Concert Film,23821.0,133.0,362024.0,12,0
2021-03-23,-,Monster Hunter,15055.0,312.0,14850938.0,96,0
2021-03-23,-,Long Weekend,13522.0,821.0,470634.0,12,0
2021-03-23,-,The War with Grandpa,10502.0,413.0,20904396.0,166,0
2021-03-23,-,News of the World,7935.0,698.0,12429325.0,89,0
2021-03-23,-,The Mauritanian,4322.0,156.0,813702.0,40,0
2021-03-23,-,Land,3260.0,662.0,2572170.0,40,0
2021-03-23,-,Last Call,2977.0,110.0,34566.0,5,0
2021-03-23,-,Safer at Home,942.0,7.0,89444.0,26,0
2021-03-23,-,Come True,685.0,73.0,56146.0,12,0
2021-03-23,-,Dark State,336.0,7.0,4552.0,5,0
2021-03-23,-,American Skin,312.0,1.0,282020.0,68,0
2021-03-23,-,Dara Of Jasenovac,43.0,1.0,52734.0,47,0
2021-03-25,1,Raya and the Last Dragon,363481.0,2261.0,24889857.0,21,0
2021-03-25,-,Chaos Walking,135492.0,2132.0,10283256.0,21,0
2021-03-25,-,The Courier,114912.0,1433.0,2437707.0,7,0
2021-03-25,-,The Croods: A New Age,48880.0,1411.0,55432933.0,121,0
2021-03-25,-,Boogie,46245.0,1184.0,3466840.0,21,0
2021-03-25,-,The Marksman,37832.0,1105.0,14421109.0,70,0
2021-03-25,-,Lamb of God: The Concert Film,22018.0,133.0,404694.0,14,0
2021-03-25,-,Promising Young Woman,18525.0,831.0,5808915.0,91,0
2021-03-25,-,Monster Hunter,13260.0,312.0,14879025.0,98,0
2021-03-25,-,The War with Grandpa,11622.0,413.0,20926522.0,168,0
2021-03-25,-,News of the World,10625.0,698.0,12446355.0,91,0
2021-03-25,-,Long Weekend,9324.0,821.0,491651.0,14,0
2021-03-25,-,Supernova,5143.0,5.0,232579.0,56,0
2021-03-25,-,Land,3390.0,662.0,2577830.0,42,0
2021-03-25,-,The Mauritanian,3005.0,156.0,820008.0,42,0
2021-03-25,-,Last Call,2459.0,110.0,38951.0,7,0
2021-03-25,-,Safer at Home,932.0,7.0,91233.0,28,0
2021-03-25,-,Come True,739.0,73.0,57874.0,14,0
2021-03-25,-,Dark State,264.0,7.0,5111.0,7,0
2021-03-25,-,American Skin,120.0,1.0,282332.0,70,0
2021-03-24,1,Raya and the Last Dragon,344556.0,2261.0,24526376.0,20,0
2021-03-24,-,Chaos Walking,142184.0,2132.0,10147764.0,20,0
2021-03-24,-,The Courier,132161.0,1433.0,2322795.0,6,0
2021-03-24,-,Boogie,53240.0,1184.0,3420595.0,20,0
2021-03-24,-,The Croods: A New Age,48050.0,1411.0,55384053.0,120,0
2021-03-24,-,The Marksman,41699.0,1105.0,14383277.0,69,0
2021-03-24,-,Promising Young Woman,23820.0,831.0,5790390.0,90,0
2021-03-24,-,Lamb of God: The Concert Film,20652.0,133.0,382676.0,13,0
2021-03-24,-,Monster Hunter,14827.0,312.0,14865765.0,97,0
2021-03-24,-,Long Weekend,11693.0,821.0,482327.0,13,0
2021-03-24,-,The War with Grandpa,10504.0,413.0,20914900.0,167,0
2021-03-24,-,News of the World,6405.0,698.0,12435730.0,90,0
2021-03-24,-,The Mauritanian,3301.0,156.0,817003.0,41,0
2021-03-24,-,Land,2270.0,662.0,2574440.0,41,0
2021-03-24,-,Last Call,1926.0,110.0,36492.0,6,0
2021-03-24,-,Come True,989.0,73.0,57135.0,13,0
2021-03-24,-,Safer at Home,857.0,7.0,90301.0,27,0
2021-03-24,-,Dark State,295.0,7.0,4847.0,6,0
2021-03-24,-,American Skin,192.0,1.0,282212.0,69,0
2021-03-24,-,Supernova,139.0,5.0,227436.0,55,0
2021-03-24,-,Dara Of Jasenovac,52.0,1.0,52786.0,48,0
2021-03-26,1,Nobody,2508415.0,2460.0,2508415.0,1,1
2021-03-26,2,Raya and the Last Dragon,951990.0,2212.0,25841847.0,22,0
2021-03-26,-,Chaos Walking,353479.0,2036.0,10636735.0,22,0
2021-03-26,-,The Courier,344638.0,1641.0,2782345.0,8,0
2021-03-26,-,The Croods: A New Age,130005.0,1319.0,55562938.0,122,0
2021-03-26,-,Boogie,108405.0,1028.0,3575245.0,22,0
2021-03-26,-,The Marksman,103956.0,851.0,14525065.0,71,0
2021-03-26,-,Promising Young Woman,49185.0,733.0,5858100.0,92,0
2021-03-26,-,News of the World,40560.0,620.0,12486915.0,92,0
2021-03-26,-,Nomadland,31000.0,500.0,2074000.0,36,0
2021-03-26,-,Lamb of God: The Concert Film,30771.0,138.0,435465.0,15,0
2021-03-26,-,Monster Hunter,24115.0,215.0,14903140.0,99,0
2021-03-26,-,The War with Grandpa,23969.0,338.0,20950491.0,169,0
2021-03-26,-,Six Minutes to Midnight,17088.0,145.0,17088.0,1,1
2021-03-26,-,Dutch,14861.0,129.0,291800.0,15,0
2021-03-26,-,Long Weekend,6753.0,261.0,498404.0,15,0
2021-03-26,-,Mystery of the Kingdom of God,5200.0,106.0,5200.0,1,1
2021-03-26,-,The Mauritanian,3650.0,50.0,823658.0,43,0
2021-03-26,-,Safer at Home,728.0,2.0,91961.0,29,0
2021-03-26,-,Dark State,199.0,7.0,5310.0,8,0
2021-03-26,-,Supernova,170.0,1.0,232749.0,57,0
2021-03-26,-,The World to Come,56.0,5.0,112558.0,43,0
2021-03-27,1,Nobody,2538515.0,2460.0,5046930.0,2,0
2021-03-27,2,Raya and the Last Dragon,1617894.0,2212.0,27459741.0,23,0
2021-03-27,-,Chaos Walking,531013.0,2036.0,11167748.0,23,0
2021-03-27,-,The Courier,435363.0,1641.0,3217708.0,9,0
2021-03-27,-,The Croods: A New Age,238890.0,1319.0,55801828.0,123,0
2021-03-27,-,The Marksman,153645.0,851.0,14678710.0,72,0
2021-03-27,-,Boogie,148800.0,1028.0,3724045.0,23,0
2021-03-27,-,Promising Young Woman,61580.0,733.0,5919680.0,93,0
2021-03-27,-,News of the World,50805.0,620.0,12537720.0,93,0
2021-03-27,-,Nomadland,43000.0,500.0,2117000.0,37,0
2021-03-27,-,The War with Grandpa,38688.0,338.0,20989179.0,170,0
2021-03-27,-,Lamb of God: The Concert Film,37695.0,138.0,473160.0,16,0
2021-03-27,-,Monster Hunter,37302.0,215.0,14940442.0,100,0
2021-03-27,-,Dutch,19991.0,129.0,311791.0,16,0
2021-03-27,-,Six Minutes to Midnight,19930.0,145.0,37018.0,2,0
2021-03-27,-,Long Weekend,8392.0,261.0,506796.0,16,0
2021-03-27,-,The Mauritanian,5906.0,50.0,829564.0,44,0
2021-03-27,-,Mystery of the Kingdom of God,4100.0,106.0,9300.0,2,0
2021-03-27,-,Safer at Home,884.0,2.0,92845.0,30,0
2021-03-27,-,Supernova,399.0,1.0,233148.0,58,0
2021-03-27,-,The World to Come,219.0,5.0,112777.0,44,0
2021-03-27,-,Dark State,194.0,7.0,5504.0,9,0
2021-03-28,1,Nobody,1773170.0,2460.0,6820100.0,3,0
2021-03-28,2,Raya and the Last Dragon,1193746.0,2212.0,28653487.0,24,0
2021-03-28,-,Chaos Walking,324218.0,2036.0,11491966.0,24,0
2021-03-28,-,The Courier,269425.0,1641.0,3487133.0,10,0
2021-03-28,-,The Croods: A New Age,181290.0,1319.0,55983118.0,124,0
2021-03-28,-,The Marksman,102802.0,851.0,14781512.0,73,0
2021-03-28,-,Boogie,102765.0,1028.0,3826810.0,24,0
2021-03-28,-,Promising Young Woman,39085.0,733.0,5958765.0,94,0
2021-03-28,-,Monster Hunter,26422.0,215.0,14966864.0,101,0
2021-03-28,-,Nomadland,26000.0,500.0,2143000.0,38,0
2021-03-28,-,The War with Grandpa,24275.0,338.0,21013454.0,171,0
2021-03-28,-,News of the World,22740.0,620.0,12560460.0,94,0
2021-03-28,-,Six Minutes to Midnight,14297.0,145.0,51315.0,3,0
2021-03-28,-,Dutch,11376.0,129.0,323167.0,17,0
2021-03-28,-,Lamb of God: The Concert Film,7500.0,138.0,480660.0,17,0
2021-03-28,-,Long Weekend,5709.0,261.0,512505.0,17,0
2021-03-28,-,Mystery of the Kingdom of God,2945.0,106.0,12245.0,3,0
2021-03-28,-,The Mauritanian,2884.0,50.0,832448.0,45,0
2021-03-28,-,Safer at Home,734.0,2.0,93579.0,31,0
2021-03-28,-,Supernova,230.0,1.0,233378.0,59,0
2021-03-28,-,The World to Come,134.0,5.0,112911.0,45,0
2021-03-28,-,Dark State,92.0,7.0,5596.0,10,0
2021-03-29,1,Nobody,485890.0,2460.0,7305990.0,4,0
2021-03-29,2,Raya and the Last Dragon,296347.0,2212.0,28949834.0,25,0
2021-03-29,-,Chaos Walking,103529.0,2036.0,11595495.0,25,0
2021-03-29,-,The Courier,72907.0,1641.0,3560040.0,11,0
2021-03-29,-,The Croods: A New Age,40045.0,1319.0,56023163.0,125,0
2021-03-29,-,Lamb of God: The Concert Film,39246.0,138.0,519906.0,18,0
2021-03-29,-,Boogie,37985.0,1028.0,3864795.0,25,0
2021-03-29,-,The Marksman,28865.0,851.0,14810377.0,74,0
2021-03-29,-,Promising Young Woman,16950.0,733.0,5975715.0,95,0
2021-03-29,-,The War with Grandpa,8391.0,338.0,21021845.0,172,0
2021-03-29,-,Monster Hunter,7042.0,215.0,14973906.0,102,0
2021-03-29,-,News of the World,4070.0,620.0,12564530.0,95,0
2021-03-29,-,Six Minutes to Midnight,3468.0,145.0,54783.0,4,0
2021-03-29,-,Long Weekend,2268.0,261.0,514773.0,18,0
2021-03-29,-,The Mauritanian,957.0,50.0,833405.0,46,0
2021-03-29,-,Mystery of the Kingdom of God,955.0,88.0,13200.0,4,0
2021-03-29,-,Safer at Home,482.0,2.0,94061.0,32,0
2021-03-29,-,Supernova,193.0,1.0,233571.0,60,0
2021-03-29,-,Dark State,142.0,3.0,5738.0,11,0
2021-03-29,-,The World to Come,45.0,5.0,112956.0,46,0
2021-03-30,1,Nobody,581660.0,2460.0,7887650.0,5,0
2021-03-30,2,Raya and the Last Dragon,420130.0,2212.0,29369964.0,26,0
2021-03-30,-,Chaos Walking,115951.0,2036.0,11711446.0,26,0
2021-03-30,-,The Courier,102457.0,1641.0,3662497.0,12,0
2021-03-30,-,The Croods: A New Age,45950.0,1319.0,56069113.0,126,0
2021-03-30,-,Boogie,36170.0,1028.0,3900965.0,26,0
2021-03-30,-,Lamb of God: The Concert Film,35514.0,138.0,555420.0,19,0
2021-03-30,-,The Marksman,30487.0,851.0,14840864.0,75,0
2021-03-30,-,Promising Young Woman,17500.0,733.0,5993215.0,96,0
2021-03-30,-,The War with Grandpa,10929.0,338.0,21032774.0,173,0
2021-03-30,-,News of the World,7410.0,620.0,12571940.0,96,0
2021-03-30,-,Monster Hunter,7346.0,215.0,14981252.0,103,0
2021-03-30,-,Six Minutes to Midnight,6853.0,145.0,61636.0,5,0
2021-03-30,-,Long Weekend,2530.0,261.0,517303.0,19,0
2021-03-30,-,The Mauritanian,1377.0,50.0,834782.0,47,0
2021-03-30,-,Mystery of the Kingdom of God,1145.0,88.0,14345.0,5,0
2021-03-30,-,Safer at Home,768.0,2.0,94829.0,33,0
2021-03-30,-,Supernova,140.0,1.0,233711.0,61,0
2021-03-30,-,The World to Come,105.0,5.0,113061.0,47,0
2021-03-30,-,Dark State,86.0,3.0,5824.0,12,0
2021-03-31,1,Godzilla vs. Kong,9600000.0,2409.0,9600000.0,1,1
2021-03-31,2,Nobody,458565.0,2460.0,8346215.0,6,0
2021-03-31,3,Raya and the Last Dragon,367178.0,2212.0,29737142.0,27,0
2021-03-31,-,Chaos Walking,68009.0,2036.0,11779455.0,27,0
2021-03-31,-,The Courier,66996.0,1641.0,3729493.0,13,0
2021-03-31,-,The Croods: A New Age,27760.0,1319.0,56096873.0,127,0
2021-03-31,-,Boogie,20980.0,1028.0,3921945.0,27,0
2021-03-31,-,Lamb of God: The Concert Film,20231.0,138.0,575651.0,20,0
2021-03-31,-,The Marksman,13358.0,851.0,14854222.0,76,0
2021-03-31,-,Promising Young Woman,12115.0,733.0,6005330.0,97,0
2021-03-31,-,The War with Grandpa,9457.0,338.0,21042231.0,174,0
2021-03-31,-,Six Minutes to Midnight,4460.0,145.0,66096.0,6,0
2021-03-31,-,Monster Hunter,4319.0,215.0,14985571.0,104,0
2021-03-31,-,News of the World,4240.0,620.0,12576180.0,97,0
2021-03-31,-,The Mauritanian,942.0,50.0,835724.0,48,0
2021-03-31,-,Mystery of the Kingdom of God,797.0,31.0,15142.0,6,0
2021-03-31,-,Long Weekend,577.0,261.0,517880.0,20,0
2021-03-31,-,Safer at Home,298.0,2.0,95127.0,34,0
2021-03-31,-,Supernova,45.0,1.0,233756.0,62,0
2021-03-31,-,The World to Come,9.0,5.0,113070.0,48,0
2021-04-01,1,Godzilla vs. Kong,6700000.0,2409.0,16300000.0,2,0
2021-04-01,2,Nobody,458080.0,2460.0,8804295.0,7,0
2021-04-01,3,Raya and the Last Dragon,395778.0,2212.0,30132920.0,28,0
2021-04-01,-,The Courier,76173.0,1641.0,3805666.0,14,0
2021-04-01,-,Chaos Walking,73613.0,2036.0,11853068.0,28,0
2021-04-01,-,The Croods: A New Age,37685.0,1319.0,56134558.0,128,0
2021-04-01,-,Lamb of God: The Concert Film,24630.0,138.0,600281.0,21,0
2021-04-01,-,Boogie,22950.0,1028.0,3944895.0,28,0
2021-04-01,-,The Marksman,15910.0,851.0,14870132.0,77,0
2021-04-01,-,Promising Young Woman,14635.0,733.0,6019965.0,98,0
2021-04-01,-,News of the World,12900.0,620.0,12589080.0,98,0
2021-04-01,-,The War with Grandpa,11003.0,338.0,21053234.0,175,0
2021-04-01,-,Six Minutes to Midnight,4701.0,145.0,70797.0,7,0
2021-04-01,-,Monster Hunter,3924.0,215.0,14989495.0,105,0
2021-04-01,-,Counter Column,2233.0,1.0,19692.0,168,0
2021-04-01,-,Long Weekend,826.0,261.0,518706.0,21,0
2021-04-01,-,The Mauritanian,812.0,50.0,836536.0,49,0
2021-04-01,-,Mystery of the Kingdom of God,658.0,24.0,15800.0,7,0
2021-04-01,-,Safer at Home,516.0,2.0,95643.0,35,0
2021-04-01,-,Supernova,81.0,1.0,233837.0,63,0
2021-04-01,-,The World to Come,9.0,5.0,113079.0,49,0
2021-04-02,1,Godzilla vs. Kong,11600000.0,3064.0,27900000.0,3,0
2021-04-02,2,The Unholy,1221214.0,1850.0,1221214.0,1,1
2021-04-02,3,Nobody,1039850.0,2567.0,9844145.0,8,0
2021-04-02,4,Raya and the Last Dragon,806075.0,2031.0,30938995.0,29,0
2021-04-02,-,The Girl Who Believes In Miracles,210000.0,640.0,210000.0,1,1
2021-04-02,-,The Courier,165088.0,1322.0,3970754.0,15,0
2021-04-02,-,Chaos Walking,135133.0,1605.0,11988201.0,29,0
2021-04-02,-,The Croods: A New Age,83880.0,1212.0,56218438.0,129,0
2021-04-02,-,The Marksman,55716.0,461.0,14925848.0,78,0
2021-04-02,-,Boogie,39510.0,603.0,3984405.0,29,0
2021-04-02,-,Lamb of God: The Concert Film,34775.0,82.0,635056.0,22,0
2021-04-02,-,Promising Young Woman,31100.0,605.0,6051065.0,99,0
2021-04-02,-,Monster Hunter,17076.0,110.0,15006571.0,106,0
2021-04-02,-,The War with Grandpa,8533.0,288.0,21061767.0,176,0
2021-04-02,-,Six Minutes to Midnight,5709.0,82.0,76506.0,8,0
2021-04-02,-,News of the World,4855.0,166.0,12593935.0,99,0
2021-04-02,-,Counter Column,2477.0,4.0,22169.0,169,0
2021-04-02,-,Long Weekend,621.0,41.0,519327.0,22,0
2021-04-02,-,Mystery of the Kingdom of God,395.0,15.0,16195.0,8,0
2021-04-02,-,Supernova,29.0,1.0,233866.0,64,0
2021-04-03,1,Godzilla vs. Kong,12500000.0,3064.0,40400000.0,4,0
2021-04-03,2,The Unholy,1202075.0,1850.0,2423289.0,2,0
2021-04-03,3,Nobody,1200225.0,2567.0,11044370.0,9,0
2021-04-03,-,Raya and the Last Dragon,774648.0,2031.0,31713643.0,30,0
2021-04-03,-,The Girl Who Believes In Miracles,188000.0,640.0,398000.0,2,0
2021-04-03,-,The Courier,175212.0,1322.0,4145966.0,16,0
2021-04-03,-,Chaos Walking,149287.0,1605.0,12137488.0,30,0
2021-04-03,-,The Croods: A New Age,80420.0,1212.0,56298858.0,130,0
2021-04-03,-,The Marksman,58512.0,461.0,14984360.0,79,0
2021-04-03,-,Boogie,45355.0,603.0,4029760.0,30,0
2021-04-03,-,Promising Young Woman,37075.0,605.0,6088140.0,100,0
2021-04-03,-,Monster Hunter,19513.0,110.0,15026084.0,107,0
2021-04-03,-,Lamb of God: The Concert Film,16598.0,82.0,651654.0,23,0
2021-04-03,-,The War with Grandpa,8179.0,288.0,21069946.0,177,0
2021-04-03,-,Six Minutes to Midnight,4936.0,82.0,81442.0,9,0
2021-04-03,-,News of the World,3975.0,166.0,12597910.0,100,0
2021-04-03,-,Counter Column,1678.0,4.0,23847.0,170,0
2021-04-03,-,Long Weekend,1135.0,41.0,520462.0,23,0
2021-04-03,-,Mystery of the Kingdom of God,553.0,12.0,16748.0,9,0
2021-04-03,-,Supernova,145.0,1.0,234011.0,65,0
2021-04-05,-,The Unholy,325134.0,1850.0,3478590.0,4,0
2021-04-05,-,Nobody,277310.0,2567.0,12081415.0,11,0
2021-04-05,-,Raya and the Last Dragon,225611.0,2031.0,32397647.0,32,0
2021-04-05,-,Chaos Walking,47618.0,1605.0,12270063.0,32,0
2021-04-05,-,The Courier,45372.0,1322.0,4300013.0,18,0
2021-04-05,-,The Girl Who Believes In Miracles,43000.0,640.0,589000.0,4,0
2021-04-05,-,The Croods: A New Age,33760.0,1212.0,56392373.0,132,0
2021-04-05,-,The Marksman,19089.0,461.0,15043101.0,81,0
2021-04-05,-,Lamb of God: The Concert Film,14143.0,85.0,668174.0,25,0
2021-04-05,-,Boogie,10610.0,603.0,4073845.0,32,0
2021-04-05,-,Promising Young Woman,9430.0,605.0,6111920.0,102,0
2021-04-05,-,Monster Hunter,4152.0,110.0,15036775.0,109,0
2021-04-05,-,The War with Grandpa,2918.0,288.0,21077816.0,179,0
2021-04-05,-,Six Minutes to Midnight,1374.0,82.0,85700.0,11,0
2021-04-05,-,News of the World,990.0,166.0,12601950.0,102,0
2021-04-05,-,Counter Column,391.0,4.0,25217.0,172,0
2021-04-05,-,Mystery of the Kingdom of God,111.0,5.0,17069.0,11,0
2021-04-05,-,Long Weekend,102.0,41.0,521167.0,25,0
2021-04-04,1,Godzilla vs. Kong,8100000.0,3064.0,48500000.0,5,0
2021-04-04,2,Nobody,759735.0,2567.0,11804105.0,10,0
2021-04-04,3,The Unholy,730167.0,1850.0,3153456.0,3,0
2021-04-04,-,Raya and the Last Dragon,458393.0,2031.0,32172036.0,31,0
2021-04-04,-,The Girl Who Believes In Miracles,148000.0,640.0,546000.0,3,0
2021-04-04,-,The Courier,108675.0,1322.0,4254641.0,17,0
2021-04-04,-,Chaos Walking,84957.0,1605.0,12222445.0,31,0
2021-04-04,-,The Croods: A New Age,59755.0,1212.0,56358613.0,131,0
2021-04-04,-,The Marksman,39652.0,461.0,15024012.0,80,0
2021-04-04,-,Boogie,33475.0,603.0,4063235.0,31,0
2021-04-04,-,Promising Young Woman,14350.0,605.0,6102490.0,101,0
2021-04-04,-,Monster Hunter,6539.0,110.0,15032623.0,108,0
2021-04-04,-,The War with Grandpa,4952.0,288.0,21074898.0,178,0
2021-04-04,-,News of the World,3050.0,166.0,12600960.0,101,0
2021-04-04,-,Six Minutes to Midnight,2884.0,82.0,84326.0,10,0
2021-04-04,-,Lamb of God: The Concert Film,2377.0,82.0,654031.0,24,0
2021-04-04,-,Counter Column,979.0,4.0,24826.0,171,0
2021-04-04,-,Long Weekend,603.0,41.0,521065.0,24,0
2021-04-04,-,Mystery of the Kingdom of God,210.0,11.0,16958.0,10,0
2021-04-04,-,Supernova,87.0,1.0,234098.0,66,0
2021-04-06,-,Nobody,321265.0,2567.0,12402680.0,12,0
2021-04-06,-,The Unholy,302567.0,1850.0,3781157.0,5,0
2021-04-06,-,Raya and the Last Dragon,251762.0,2031.0,32649409.0,33,0
2021-04-06,-,The Courier,57366.0,1322.0,4357379.0,19,0
2021-04-06,-,The Girl Who Believes In Miracles,54225.0,640.0,643225.0,5,0
2021-04-06,-,Chaos Walking,49092.0,1605.0,12319155.0,33,0
2021-04-06,-,The Croods: A New Age,24145.0,1212.0,56416518.0,133,0
2021-04-06,-,The Marksman,20247.0,461.0,15063348.0,82,0
2021-04-06,-,Lamb of God: The Concert Film,10588.0,85.0,678762.0,26,0
2021-04-06,-,Boogie,9675.0,603.0,4083520.0,33,0
2021-04-06,-,Promising Young Woman,9005.0,605.0,6120925.0,103,0
2021-04-06,-,Monster Hunter,3605.0,110.0,15040380.0,110,0
2021-04-06,-,Six Minutes to Midnight,2789.0,82.0,88489.0,12,0
2021-04-06,-,The War with Grandpa,1711.0,288.0,21079527.0,180,0
2021-04-06,-,News of the World,1135.0,166.0,12603085.0,103,0
2021-04-06,-,Counter Column,530.0,4.0,25747.0,173,0
2021-04-06,-,Long Weekend,170.0,41.0,521337.0,26,0
2021-04-06,-,Mystery of the Kingdom of God,50.0,4.0,17119.0,12,0
2021-04-07,-,Nobody,284195.0,2567.0,12686875.0,13,0
2021-04-07,-,The Unholy,280607.0,1850.0,4061764.0,6,0
2021-04-07,-,Raya and the Last Dragon,204929.0,2031.0,32854338.0,34,0
2021-04-07,-,The Courier,55444.0,1322.0,4412823.0,20,0
2021-04-07,-,Chaos Walking,46482.0,1605.0,12365637.0,34,0
2021-04-07,-,The Girl Who Believes In Miracles,34000.0,640.0,677225.0,6,0
2021-04-07,-,The Croods: A New Age,26380.0,1212.0,56442898.0,134,0
2021-04-07,-,The Marksman,16842.0,461.0,15080190.0,83,0
2021-04-07,-,Boogie,10465.0,603.0,4093985.0,34,0
2021-04-07,-,Promising Young Woman,9950.0,605.0,6130875.0,104,0
2021-04-07,-,Lamb of God: The Concert Film,7371.0,85.0,686133.0,27,0
2021-04-07,-,Monster Hunter,3288.0,110.0,15043668.0,111,0
2021-04-07,-,The War with Grandpa,2421.0,288.0,21081948.0,181,0
2021-04-07,-,Six Minutes to Midnight,1530.0,82.0,90019.0,13,0
2021-04-07,-,News of the World,855.0,166.0,12603940.0,104,0
2021-04-07,-,Counter Column,367.0,4.0,26114.0,174,0
2021-04-07,-,Long Weekend,367.0,41.0,521704.0,27,0
2021-04-07,-,Supernova,77.0,1.0,234175.0,69,0
2021-04-07,-,Mystery of the Kingdom of God,62.0,4.0,17181.0,13,0
2021-04-08,-,Nobody,290260.0,2567.0,12977135.0,14,0
2021-04-08,-,The Unholy,270114.0,1850.0,4331878.0,7,0
2021-04-08,-,Raya and the Last Dragon,246073.0,2031.0,33100411.0,35,0
2021-04-08,-,The Courier,58346.0,1322.0,4471169.0,21,0
2021-04-08,-,The Girl Who Believes In Miracles,44500.0,640.0,721725.0,7,0
2021-04-08,-,Chaos Walking,44018.0,1605.0,12409655.0,35,0
2021-04-08,-,The Croods: A New Age,29895.0,1212.0,56472793.0,135,0
2021-04-08,-,The Marksman,14614.0,461.0,15094804.0,84,0
2021-04-08,-,Promising Young Woman,10250.0,605.0,6141125.0,105,0
2021-04-08,-,Boogie,8490.0,603.0,4102475.0,35,0
2021-04-08,-,Lamb of God: The Concert Film,7345.0,85.0,693478.0,28,0
2021-04-08,-,Monster Hunter,4523.0,110.0,15048191.0,112,0
2021-04-08,-,The War with Grandpa,2337.0,288.0,21084285.0,182,0
2021-04-08,-,Six Minutes to Midnight,2314.0,82.0,92333.0,14,0
2021-04-08,-,News of the World,1490.0,166.0,12605430.0,105,0
2021-04-08,-,Counter Column,666.0,4.0,26780.0,175,0
2021-04-08,-,Long Weekend,225.0,41.0,521929.0,28,0
2021-04-08,-,Mystery of the Kingdom of God,135.0,5.0,17316.0,14,0
2021-04-08,-,Supernova,45.0,1.0,234220.0,70,0
2021-04-10,1,Godzilla vs. Kong,6160000.0,3084.0,66200000.0,11,0
2021-04-10,2,Nobody,1164900.0,2400.0,14884630.0,16,0
2021-04-10,3,The Unholy,1036667.0,1850.0,6070339.0,9,0
2021-04-10,4,Raya and the Last Dragon,1002964.0,1941.0,34677353.0,37,0
2021-04-10,5,Voyagers,536045.0,1972.0,1054442.0,2,0
2021-04-10,-,The Girl Who Believes In Miracles,248000.0,900.0,1124725.0,9,0
2021-04-10,-,The Courier,192797.0,1007.0,4798684.0,23,0
2021-04-10,-,Chaos Walking,125268.0,1300.0,12616945.0,37,0
2021-04-10,-,The Croods: A New Age,109985.0,1139.0,56646033.0,137,0
2021-04-10,-,The Marksman,53722.0,281.0,15180500.0,86,0
2021-04-10,-,Promising Young Woman,23250.0,574.0,6180020.0,107,0
2021-04-10,-,Boogie,20785.0,448.0,4139955.0,37,0
2021-04-10,-,Monster Hunter,12722.0,50.0,15070736.0,114,0
2021-04-10,-,The War with Grandpa,12673.0,255.0,21102613.0,184,0
2021-04-10,-,Murder in the Woods,10121.0,31.0,127316.0,240,0
2021-04-10,-,News of the World,6760.0,141.0,12618875.0,107,0
2021-04-10,-,Lamb of God: The Concert Film,5864.0,46.0,706209.0,30,0
2021-04-10,-,Moffie,5277.0,51.0,9726.0,2,0
2021-04-10,-,Six Minutes to Midnight,4310.0,30.0,99463.0,16,0
2021-04-10,-,Long Weekend,1339.0,18.0,524359.0,30,0
2021-04-10,-,Counter Column,1136.0,4.0,28669.0,177,0
2021-04-09,1,Godzilla vs. Kong,3920000.0,3084.0,60040000.0,10,0
2021-04-09,2,Nobody,742595.0,2400.0,13719730.0,15,0
2021-04-09,3,The Unholy,701794.0,1850.0,5033672.0,8,0
2021-04-09,4,Raya and the Last Dragon,573978.0,1941.0,33674389.0,36,0
2021-04-09,5,Voyagers,518397.0,1972.0,518397.0,1,1
2021-04-09,-,The Girl Who Believes In Miracles,155000.0,900.0,876725.0,8,0
2021-04-09,-,The Courier,134718.0,1007.0,4605887.0,22,0
2021-04-09,-,Chaos Walking,82022.0,1300.0,12491677.0,36,0
2021-04-09,-,The Croods: A New Age,63255.0,1139.0,56536048.0,136,0
2021-04-09,-,The Marksman,31974.0,281.0,15126778.0,85,0
2021-04-09,-,Boogie,16695.0,448.0,4119170.0,36,0
2021-04-09,-,Promising Young Woman,15645.0,574.0,6156770.0,106,0
2021-04-09,-,Monster Hunter,9823.0,50.0,15058014.0,113,0
2021-04-09,-,Murder in the Woods,7896.0,31.0,117195.0,239,0
2021-04-09,-,Lamb of God: The Concert Film,6867.0,46.0,700345.0,29,0
2021-04-09,-,News of the World,6685.0,141.0,12612115.0,106,0
2021-04-09,-,The War with Grandpa,5655.0,255.0,21089940.0,183,0
2021-04-09,-,Moffie,4449.0,51.0,4449.0,1,1
2021-04-09,-,Six Minutes to Midnight,2820.0,30.0,95153.0,15,0
2021-04-09,-,Long Weekend,1091.0,18.0,523020.0,29,0
2021-04-09,-,Counter Column,753.0,4.0,27533.0,176,0
2021-04-11,1,Godzilla vs. Kong,3800000.0,3084.0,70000000.0,12,0
2021-04-11,2,Nobody,739105.0,2400.0,15623735.0,17,0
2021-04-11,3,The Unholy,663135.0,1850.0,6733474.0,10,0
2021-04-11,4,Raya and the Last Dragon,624976.0,1941.0,35302329.0,38,0
2021-04-11,5,Voyagers,325546.0,1972.0,1379988.0,3,0
2021-04-11,-,The Girl Who Believes In Miracles,157500.0,900.0,1282225.0,10,0
2021-04-11,-,The Courier,109788.0,1007.0,4908472.0,24,0
2021-04-11,-,The Croods: A New Age,70605.0,1139.0,56716638.0,138,0
2021-04-11,-,Chaos Walking,66576.0,1300.0,12683521.0,38,0
2021-04-11,-,The Marksman,34643.0,281.0,15215143.0,87,0
2021-04-11,-,Boogie,17040.0,448.0,4156995.0,38,0
2021-04-11,-,Promising Young Woman,14560.0,574.0,6194580.0,108,0
2021-04-11,-,The War with Grandpa,7565.0,255.0,21110178.0,185,0
2021-04-11,-,Murder in the Woods,6065.0,31.0,133381.0,241,0
2021-04-11,-,Moffie,4281.0,51.0,14007.0,3,0
2021-04-11,-,Monster Hunter,3233.0,50.0,15073969.0,115,0
2021-04-11,-,News of the World,3015.0,141.0,12621890.0,108,0
2021-04-11,-,Six Minutes to Midnight,2622.0,30.0,102085.0,17,0
2021-04-11,-,Lamb of God: The Concert Film,1163.0,46.0,707372.0,31,0
2021-04-11,-,Counter Column,963.0,4.0,29632.0,178,0
2021-04-11,-,Long Weekend,595.0,18.0,524954.0,31,0
2021-04-13,-,Nobody,243200.0,2400.0,16063830.0,19,0
2021-04-13,-,The Unholy,203359.0,1850.0,7112327.0,12,0
2021-04-13,-,Raya and the Last Dragon,137570.0,1941.0,35536750.0,40,0
2021-04-13,-,Voyagers,117780.0,1972.0,1591971.0,5,0
2021-04-13,-,The Girl Who Believes In Miracles,50500.0,900.0,1364725.0,12,0
2021-04-13,-,The Courier,45770.0,1007.0,4991121.0,26,0
2021-04-13,-,Chaos Walking,22172.0,1300.0,12725876.0,40,0
2021-04-13,-,The Marksman,15854.0,281.0,15240331.0,89,0
2021-04-13,-,The Croods: A New Age,15610.0,1139.0,56747398.0,140,0
2021-04-13,-,Promising Young Woman,6195.0,574.0,6205570.0,110,0
2021-04-13,-,Boogie,5015.0,448.0,4167495.0,40,0
2021-04-13,-,Lamb of God: The Concert Film,3819.0,46.0,715242.0,33,0
2021-04-13,-,Murder in the Woods,3609.0,31.0,140151.0,243,0
2021-04-13,-,Six Minutes to Midnight,1300.0,30.0,104328.0,19,0
2021-04-13,-,The War with Grandpa,1139.0,255.0,21112367.0,187,0
2021-04-13,-,News of the World,1015.0,141.0,12624060.0,110,0
2021-04-13,-,Monster Hunter,802.0,50.0,15075679.0,117,0
2021-04-13,-,Moffie,648.0,51.0,15420.0,5,0
2021-04-13,-,Long Weekend,292.0,18.0,525287.0,33,0
2021-04-13,-,Counter Column,261.0,4.0,30333.0,180,0
2021-04-12,-,Nobody,196895.0,2400.0,15820630.0,18,0
2021-04-12,-,The Unholy,175494.0,1850.0,6908968.0,11,0
2021-04-12,-,Raya and the Last Dragon,96851.0,1941.0,35399180.0,39,0
2021-04-12,-,Voyagers,94203.0,1972.0,1474191.0,4,0
2021-04-12,-,The Courier,36879.0,1007.0,4945351.0,25,0
2021-04-12,-,The Girl Who Believes In Miracles,32000.0,900.0,1314225.0,11,0
2021-04-12,-,Chaos Walking,20183.0,1300.0,12703704.0,39,0
2021-04-12,-,The Croods: A New Age,15150.0,1139.0,56731788.0,139,0
2021-04-12,-,The Marksman,9334.0,281.0,15224477.0,88,0
2021-04-12,-,Boogie,5485.0,448.0,4162480.0,39,0
2021-04-12,-,Promising Young Woman,4795.0,574.0,6199375.0,109,0
2021-04-12,-,Lamb of God: The Concert Film,4051.0,46.0,711423.0,32,0
2021-04-12,-,Murder in the Woods,3161.0,31.0,136542.0,242,0
2021-04-12,-,News of the World,1155.0,141.0,12623045.0,109,0
2021-04-12,-,The War with Grandpa,1050.0,255.0,21111228.0,186,0
2021-04-12,-,Six Minutes to Midnight,943.0,30.0,103028.0,18,0
2021-04-12,-,Monster Hunter,908.0,50.0,15074877.0,116,0
2021-04-12,-,Moffie,765.0,51.0,14772.0,4,0
2021-04-12,-,Counter Column,440.0,4.0,30072.0,179,0
2021-04-12,-,Long Weekend,41.0,18.0,524995.0,32,0
2021-04-14,-,Nobody,220350.0,2400.0,16284180.0,20,0
2021-04-14,-,The Unholy,200296.0,1850.0,7312623.0,13,0
2021-04-14,-,Raya and the Last Dragon,111158.0,1941.0,35647908.0,41,0
2021-04-14,-,Voyagers,87490.0,1972.0,1679461.0,6,0
2021-04-14,-,The Courier,43856.0,1007.0,5034977.0,27,0
2021-04-14,-,The Girl Who Believes In Miracles,36000.0,900.0,1400725.0,13,0
2021-04-14,-,Chaos Walking,22546.0,1300.0,12748422.0,41,0
2021-04-14,-,The Croods: A New Age,13630.0,1139.0,56761028.0,141,0
2021-04-14,-,The Marksman,10779.0,281.0,15251110.0,90,0
2021-04-14,-,Promising Young Woman,6690.0,574.0,6212260.0,111,0
2021-04-14,-,Boogie,5755.0,448.0,4173250.0,41,0
2021-04-14,-,Lamb of God: The Concert Film,3460.0,46.0,718702.0,34,0
2021-04-14,-,Murder in the Woods,3214.0,31.0,143365.0,244,0
2021-04-14,-,Six Minutes to Midnight,1124.0,30.0,105452.0,20,0
2021-04-14,-,Moffie,1062.0,51.0,16482.0,6,0
2021-04-14,-,News of the World,1055.0,141.0,12625115.0,111,0
2021-04-14,-,Monster Hunter,1028.0,50.0,15076707.0,118,0
2021-04-14,-,The War with Grandpa,854.0,255.0,21113221.0,188,0
2021-04-14,-,Long Weekend,346.0,18.0,525633.0,34,0
2021-04-14,-,Counter Column,158.0,4.0,30491.0,181,0
2021-04-15,-,Nobody,246865.0,2400.0,16531045.0,21,0
2021-04-15,-,The Unholy,190110.0,1850.0,7502733.0,14,0
2021-04-15,-,Raya and the Last Dragon,126702.0,1941.0,35774610.0,42,0
2021-04-15,-,Voyagers,89213.0,1972.0,1768674.0,7,0
2021-04-15,-,The Courier,50924.0,1007.0,5085901.0,28,0
2021-04-15,-,The Girl Who Believes In Miracles,44000.0,900.0,1444725.0,14,0
2021-04-15,-,Chaos Walking,26486.0,1300.0,12774908.0,42,0
2021-04-15,-,The Croods: A New Age,17320.0,1139.0,56778348.0,142,0
2021-04-15,-,The Marksman,12892.0,281.0,15264002.0,91,0
2021-04-15,-,Promising Young Woman,7125.0,574.0,6219385.0,112,0
2021-04-15,-,Boogie,5370.0,448.0,4178620.0,42,0
2021-04-15,-,Lamb of God: The Concert Film,3241.0,46.0,721943.0,35,0
2021-04-15,-,Murder in the Woods,2460.0,31.0,145825.0,245,0
2021-04-15,-,Monster Hunter,2031.0,50.0,15078738.0,119,0
2021-04-15,-,The War with Grandpa,1590.0,255.0,21114811.0,189,0
2021-04-15,-,Six Minutes to Midnight,1333.0,30.0,106785.0,21,0
2021-04-15,-,Moffie,1330.0,51.0,17812.0,7,0
2021-04-15,-,News of the World,1200.0,141.0,12626315.0,112,0
2021-04-15,-,Long Weekend,333.0,18.0,525966.0,35,0
2021-04-15,-,Counter Column,305.0,4.0,30796.0,182,0
2021-04-16,1,Godzilla vs. Kong,2120000.0,3001.0,74930000.0,17,0
2021-04-16,2,Nobody,733780.0,2405.0,17264825.0,22,0
2021-04-16,3,The Unholy,606534.0,2057.0,8109267.0,15,0
2021-04-16,4,Raya and the Last Dragon,481258.0,1945.0,36255868.0,43,0
2021-04-16,-,Voyagers,246934.0,1996.0,2015608.0,8,0
2021-04-16,-,In the Earth,205171.0,547.0,205171.0,1,1
2021-04-16,-,The Girl Who Believes In Miracles,155000.0,1012.0,1599725.0,15,0
2021-04-16,-,The Courier,146946.0,923.0,5232847.0,29,0
2021-04-16,-,Chaos Walking,67103.0,1242.0,12842011.0,43,0
2021-04-16,-,The Croods: A New Age,63530.0,1169.0,56841878.0,143,0
2021-04-16,-,The Marksman,45353.0,331.0,15309355.0,92,0
2021-04-16,-,Promising Young Woman,29750.0,636.0,6249135.0,113,0
2021-04-16,-,SAS: Red Notice,28687.0,189.0,28687.0,1,1
2021-04-16,-,Murder in the Woods,9516.0,18.0,155341.0,246,0
2021-04-16,-,The War with Grandpa,8722.0,215.0,21123533.0,190,0
2021-04-16,-,News of the World,7990.0,143.0,12634305.0,113,0
2021-04-16,-,Monday,7641.0,54.0,7641.0,1,1
2021-04-16,-,Monster Hunter,6813.0,43.0,15085551.0,120,0
2021-04-16,-,We Broke Up,3805.0,35.0,3805.0,1,1
2021-04-16,-,Lamb of God: The Concert Film,3150.0,30.0,725093.0,36,0
2021-04-16,-,Gunda,1287.0,5.0,1287.0,1,1
2021-04-16,-,Long Weekend,790.0,14.0,526756.0,36,0
2021-04-20,-,Nobody,219670.0,2405.0,19430530.0,26,0
2021-04-20,-,The Unholy,157188.0,2057.0,9851300.0,19,0
2021-04-20,-,Raya and the Last Dragon,133082.0,1945.0,37927870.0,47,0
2021-04-20,-,Voyagers,76086.0,1996.0,2678430.0,12,0
2021-04-20,-,In the Earth,50765.0,547.0,606364.0,5,0
2021-04-20,-,The Girl Who Believes In Miracles,47000.0,1012.0,2075225.0,19,0
2021-04-20,-,The Courier,44204.0,923.0,5604746.0,33,0
2021-04-20,-,Chaos Walking,16677.0,1242.0,13015943.0,47,0
2021-04-20,-,The Croods: A New Age,16475.0,1169.0,57114383.0,147,0
2021-04-20,-,The Marksman,15588.0,331.0,15451469.0,96,0
2021-04-20,-,SAS: Red Notice,14697.0,189.0,98273.0,5,0
2021-04-20,-,Promising Young Woman,13710.0,636.0,6344335.0,117,0
2021-04-20,-,Murder in the Woods,3428.0,18.0,179137.0,250,0
2021-04-20,-,The War with Grandpa,1566.0,215.0,21145341.0,194,0
2021-04-20,-,Lamb of God: The Concert Film,1518.0,30.0,736194.0,40,0
2021-04-20,-,We Broke Up,1472.0,35.0,13371.0,5,0
2021-04-20,-,News of the World,1150.0,143.0,12654490.0,117,0
2021-04-20,-,Monday,952.0,54.0,20314.0,5,0
2021-04-20,-,Monster Hunter,767.0,43.0,15102432.0,124,0
2021-04-20,-,Gunda,753.0,5.0,6398.0,5,0
2021-04-20,-,Long Weekend,176.0,14.0,528254.0,40,0
2021-04-19,-,Nobody,179645.0,2405.0,19210860.0,25,0
2021-04-19,-,The Unholy,140306.0,2057.0,9694112.0,18,0
2021-04-19,-,Raya and the Last Dragon,98199.0,1945.0,37794788.0,46,0
2021-04-19,-,Voyagers,54353.0,1996.0,2602344.0,11,0
2021-04-19,-,In the Earth,49876.0,547.0,555599.0,4,0
2021-04-19,-,The Courier,34255.0,923.0,5560542.0,32,0
2021-04-19,-,The Girl Who Believes In Miracles,27500.0,1012.0,2028225.0,18,0
2021-04-19,-,The Croods: A New Age,14735.0,1169.0,57097908.0,146,0
2021-04-19,-,Chaos Walking,14597.0,1242.0,12999266.0,46,0
2021-04-19,-,Promising Young Woman,11325.0,636.0,6330625.0,116,0
2021-04-19,-,The Marksman,9331.0,331.0,15435881.0,95,0
2021-04-19,-,Lamb of God: The Concert Film,6563.0,30.0,734676.0,39,0
2021-04-19,-,SAS: Red Notice,4855.0,189.0,83576.0,4,0
2021-04-19,-,Murder in the Woods,2895.0,18.0,175709.0,249,0
2021-04-19,-,The War with Grandpa,1059.0,215.0,21143775.0,193,0
2021-04-19,-,News of the World,930.0,143.0,12653340.0,116,0
2021-04-19,-,We Broke Up,896.0,35.0,11899.0,4,0
2021-04-19,-,Monster Hunter,663.0,43.0,15101665.0,123,0
2021-04-19,-,Gunda,622.0,5.0,5645.0,4,0
2021-04-19,-,Monday,595.0,54.0,19362.0,4,0
2021-04-19,-,Long Weekend,85.0,14.0,528078.0,39,0
2021-04-17,1,Godzilla vs. Kong,3620000.0,3001.0,78550000.0,18,0
2021-04-17,2,Nobody,1120140.0,2405.0,18384965.0,23,0
2021-04-17,3,Raya and the Last Dragon,920933.0,1945.0,37176801.0,44,0
2021-04-17,4,The Unholy,911057.0,2057.0,9020324.0,16,0
2021-04-17,-,Voyagers,338103.0,1996.0,2353711.0,9,0
2021-04-17,-,The Girl Who Believes In Miracles,244000.0,1012.0,1843725.0,16,0
2021-04-17,-,The Courier,197689.0,923.0,5430536.0,30,0
2021-04-17,-,In the Earth,185432.0,1094.0,390603.0,2,0
2021-04-17,-,The Croods: A New Age,147455.0,1169.0,56989333.0,144,0
2021-04-17,-,Chaos Walking,94642.0,1242.0,12936653.0,44,0
2021-04-17,-,The Marksman,73238.0,331.0,15382593.0,93,0
2021-04-17,-,Promising Young Woman,45200.0,636.0,6294335.0,114,0
2021-04-17,-,SAS: Red Notice,30011.0,189.0,58698.0,2,0
2021-04-17,-,The War with Grandpa,13180.0,215.0,21136713.0,191,0
2021-04-17,-,News of the World,12755.0,143.0,12647060.0,114,0
2021-04-17,-,Monster Hunter,11594.0,43.0,15097145.0,121,0
2021-04-17,-,Murder in the Woods,11013.0,18.0,166354.0,247,0
2021-04-17,-,Monday,6619.0,54.0,14260.0,2,0
2021-04-17,-,We Broke Up,4720.0,35.0,8525.0,2,0
2021-04-17,-,Lamb of God: The Concert Film,2554.0,30.0,727647.0,37,0
2021-04-17,-,Gunda,1623.0,5.0,2910.0,2,0
2021-04-17,-,Long Weekend,665.0,14.0,527421.0,37,0
2021-04-18,1,Godzilla vs. Kong,2105000.0,3001.0,80655000.0,19,0
2021-04-18,2,Nobody,646250.0,2405.0,19031215.0,24,0
2021-04-18,3,The Unholy,533482.0,2057.0,9553806.0,17,0
2021-04-18,4,Raya and the Last Dragon,519788.0,1945.0,37696589.0,45,0
2021-04-18,-,Voyagers,194280.0,1996.0,2547991.0,10,0
2021-04-18,-,The Girl Who Believes In Miracles,157000.0,1012.0,2000725.0,17,0
2021-04-18,-,In the Earth,115120.0,1094.0,505723.0,3,0
2021-04-18,-,The Courier,95751.0,923.0,5526287.0,31,0
2021-04-18,-,The Croods: A New Age,93840.0,1169.0,57083173.0,145,0
2021-04-18,-,Chaos Walking,48016.0,1242.0,12984669.0,45,0
2021-04-18,-,The Marksman,43957.0,331.0,15426550.0,94,0
2021-04-18,-,Promising Young Woman,24965.0,636.0,6319300.0,115,0
2021-04-18,-,SAS: Red Notice,20023.0,189.0,78721.0,3,0
2021-04-18,-,Murder in the Woods,6460.0,18.0,172814.0,248,0
2021-04-18,-,The War with Grandpa,6003.0,215.0,21142716.0,192,0
2021-04-18,-,News of the World,5350.0,143.0,12652410.0,115,0
2021-04-18,-,Monday,4507.0,54.0,18767.0,3,0
2021-04-18,-,Monster Hunter,3857.0,43.0,15101002.0,122,0
2021-04-18,-,We Broke Up,2478.0,35.0,11003.0,3,0
2021-04-18,-,Gunda,2113.0,5.0,5023.0,3,0
2021-04-18,-,Long Weekend,572.0,14.0,527993.0,38,0
2021-04-18,-,Lamb of God: The Concert Film,466.0,30.0,728113.0,38,0
2021-04-21,-,Nobody,189170.0,2405.0,19619700.0,27,0
2021-04-21,-,The Unholy,151098.0,2057.0,10002398.0,20,0
2021-04-21,-,Raya and the Last Dragon,112791.0,1945.0,38040661.0,48,0
2021-04-21,-,Voyagers,61207.0,1996.0,2739637.0,13,0
2021-04-21,-,In the Earth,45689.0,547.0,652053.0,6,0
2021-04-21,-,The Courier,41002.0,923.0,5645748.0,34,0
2021-04-21,-,The Girl Who Believes In Miracles,32000.0,1012.0,2107225.0,20,0
2021-04-21,-,The Croods: A New Age,16980.0,1169.0,57131363.0,148,0
2021-04-21,-,Chaos Walking,15038.0,1242.0,13030981.0,48,0
2021-04-21,-,Promising Young Woman,14570.0,636.0,6358905.0,118,0
2021-04-21,-,The Marksman,13864.0,331.0,15465333.0,97,0
2021-04-21,-,SAS: Red Notice,5038.0,189.0,103311.0,6,0
2021-04-21,-,Murder in the Woods,3761.0,18.0,182898.0,251,0
2021-04-21,-,Lamb of God: The Concert Film,1920.0,30.0,738114.0,41,0
2021-04-21,-,The War with Grandpa,1729.0,215.0,21147070.0,195,0
2021-04-21,-,Monday,1444.0,54.0,21758.0,6,0
2021-04-21,-,News of the World,1240.0,143.0,12655730.0,118,0
2021-04-21,-,Monster Hunter,911.0,43.0,15103343.0,125,0
2021-04-21,-,We Broke Up,866.0,35.0,14237.0,6,0
2021-04-21,-,Gunda,640.0,5.0,7038.0,6,0
2021-04-21,-,Long Weekend,71.0,14.0,528325.0,41,0
2021-04-24,1,Mortal Kombat,8675000.0,3073.0,17765000.0,2,0
2021-04-24,2,Demon Slayer The Movie: Mugen Train,6445970.0,1605.0,15982227.0,2,0
2021-04-24,3,Godzilla vs. Kong,1900000.0,2856.0,82540000.0,25,0
2021-04-24,4,Raya and the Last Dragon,835976.0,1819.0,39401971.0,51,0
2021-04-24,5,Nobody,774100.0,2252.0,21086870.0,30,0
2021-04-24,-,The Unholy,629831.0,1835.0,11203000.0,23,0
2021-04-24,-,Together Together,212925.0,665.0,395637.0,2,0
2021-04-24,-,The Girl Who Believes In Miracles,160000.0,941.0,2392225.0,23,0
2021-04-24,-,The Courier,132163.0,714.0,5903076.0,37,0
2021-04-24,-,The Croods: A New Age,98857.0,1156.0,57286140.0,151,0
2021-04-24,-,In the Earth,85237.0,571.0,846346.0,9,0
2021-04-24,-,Voyagers,75124.0,1278.0,2909431.0,16,0
2021-04-24,-,Chaos Walking,48885.0,1071.0,13127986.0,51,0
2021-04-24,-,The Marksman,30318.0,222.0,15526713.0,100,0
2021-04-24,-,Promising Young Woman,28940.0,744.0,6422970.0,121,0
2021-04-24,-,Murder in the Woods,21050.0,10.0,234452.0,254,0
2021-04-24,-,SAS: Red Notice,15000.0,151.0,136329.0,9,0
2021-04-24,-,The War with Grandpa,12362.0,195.0,21167058.0,198,0
2021-04-24,-,News of the World,4160.0,92.0,12662845.0,121,0
2021-04-24,-,Gunda,3297.0,10.0,48839.0,9,0
2021-04-24,-,Lamb of God: The Concert Film,661.0,13.0,740875.0,44,0
2021-04-22,-,Nobody,192020.0,2405.0,19811720.0,28,0
2021-04-22,-,The Unholy,142731.0,2057.0,10145129.0,21,0
2021-04-22,-,Raya and the Last Dragon,123508.0,1945.0,38164169.0,49,0
2021-04-22,-,Voyagers,46899.0,1996.0,2786536.0,14,0
2021-04-22,-,In the Earth,38612.0,547.0,690665.0,7,0
2021-04-22,-,The Girl Who Believes In Miracles,35000.0,1012.0,2142225.0,21,0
2021-04-22,-,The Courier,31909.0,923.0,5677657.0,35,0
2021-04-22,-,Promising Young Woman,20890.0,636.0,6379795.0,119,0
2021-04-22,-,The Croods: A New Age,17260.0,1169.0,57148623.0,149,0
2021-04-22,-,Chaos Walking,15204.0,1242.0,13046185.0,49,0
2021-04-22,-,The Marksman,11241.0,331.0,15476574.0,98,0
2021-04-22,-,SAS: Red Notice,6018.0,189.0,109329.0,7,0
2021-04-22,-,Murder in the Woods,4763.0,18.0,187661.0,252,0
2021-04-22,-,Lamb of God: The Concert Film,1743.0,30.0,739857.0,42,0
2021-04-22,-,Monday,1620.0,54.0,23378.0,7,0
2021-04-22,-,News of the World,1620.0,143.0,12657350.0,119,0
2021-04-22,-,Monster Hunter,1447.0,43.0,15104790.0,126,0
2021-04-22,-,The War with Grandpa,890.0,215.0,21147960.0,196,0
2021-04-22,-,We Broke Up,826.0,35.0,15063.0,7,0
2021-04-22,-,Gunda,742.0,5.0,7780.0,7,0
2021-04-22,-,Long Weekend,113.0,14.0,528438.0,42,0
2021-04-25,1,Mortal Kombat,5535000.0,3073.0,23300000.0,3,0
2021-04-25,2,Demon Slayer The Movie: Mugen Train,5162573.0,1605.0,21144800.0,3,0
2021-04-25,3,Godzilla vs. Kong,1200000.0,2856.0,83740000.0,26,0
2021-04-25,4,Raya and the Last Dragon,503256.0,1819.0,39905227.0,52,0
2021-04-25,5,Nobody,467015.0,2252.0,21553885.0,31,0
2021-04-25,6,The Unholy,405793.0,1835.0,11608793.0,24,0
2021-04-25,-,Together Together,137136.0,665.0,532773.0,3,0
2021-04-25,-,The Girl Who Believes In Miracles,100000.0,941.0,2492225.0,24,0
2021-04-25,-,The Courier,68759.0,714.0,5971835.0,38,0
2021-04-25,-,The Croods: A New Age,64805.0,1156.0,57350945.0,152,0
2021-04-25,-,In the Earth,63928.0,571.0,910274.0,10,0
2021-04-25,-,Voyagers,47310.0,1278.0,2956741.0,17,0
2021-04-25,-,Chaos Walking,25417.0,1071.0,13153403.0,52,0
2021-04-25,-,The Marksman,20066.0,222.0,15546779.0,101,0
2021-04-25,-,Promising Young Woman,13770.0,744.0,6436740.0,122,0
2021-04-25,-,Murder in the Woods,10340.0,10.0,244792.0,255,0
2021-04-25,-,SAS: Red Notice,10000.0,151.0,146329.0,10,0
2021-04-25,-,The War with Grandpa,6957.0,195.0,21174015.0,199,0
2021-04-25,-,Gunda,2341.0,10.0,51180.0,10,0
2021-04-25,-,News of the World,2175.0,92.0,12665020.0,122,0
2021-04-25,-,Lamb of God: The Concert Film,47.0,13.0,740922.0,45,0
2021-04-23,1,Demon Slayer The Movie: Mugen Train,9536257.0,1605.0,9536257.0,1,1
2021-04-23,2,Mortal Kombat,9090000.0,3073.0,9090000.0,1,1
2021-04-23,3,Godzilla vs. Kong,1100000.0,2856.0,80640000.0,24,0
2021-04-23,4,Nobody,501050.0,2252.0,20312770.0,29,0
2021-04-23,5,The Unholy,428040.0,1835.0,10573169.0,22,0
2021-04-23,6,Raya and the Last Dragon,401826.0,1819.0,38565995.0,50,0
2021-04-23,-,Together Together,182712.0,665.0,182712.0,1,1
2021-04-23,-,The Courier,93256.0,714.0,5770913.0,36,0
2021-04-23,-,The Girl Who Believes In Miracles,90000.0,941.0,2232225.0,22,0
2021-04-23,-,In the Earth,70444.0,571.0,761109.0,8,0
2021-04-23,-,Voyagers,47771.0,1278.0,2834307.0,15,0
2021-04-23,-,The Croods: A New Age,38660.0,1156.0,57187283.0,150,0
2021-04-23,-,Chaos Walking,32916.0,1071.0,13079101.0,50,0
2021-04-23,-,Murder in the Woods,25741.0,10.0,213402.0,253,0
2021-04-23,-,The Marksman,19821.0,222.0,15496395.0,99,0
2021-04-23,-,Promising Young Woman,14235.0,744.0,6394030.0,120,0
2021-04-23,-,SAS: Red Notice,12000.0,151.0,121329.0,8,0
2021-04-23,-,Dazed and Confused,11000.0,25.0,7961889.0,10074,0
2021-04-23,-,The War with Grandpa,6736.0,195.0,21154696.0,197,0
2021-04-23,-,Gunda,2213.0,10.0,45542.0,8,0
2021-04-23,-,News of the World,1335.0,92.0,12658685.0,120,0
2021-04-23,-,Lamb of God: The Concert Film,357.0,13.0,740214.0,43,0
2021-04-26,-,Demon Slayer The Movie: Mugen Train,1738303.0,1605.0,22883103.0,4,0
2021-04-26,-,Nobody,127295.0,2252.0,21681180.0,32,0
2021-04-26,-,The Unholy,111195.0,1835.0,11719988.0,25,0
2021-04-26,-,Raya and the Last Dragon,72111.0,1819.0,39977338.0,53,0
2021-04-26,-,Together Together,35403.0,665.0,568176.0,4,0
2021-04-26,-,In the Earth,28768.0,571.0,939042.0,11,0
2021-04-26,-,The Courier,27060.0,714.0,5998895.0,39,0
2021-04-26,-,Voyagers,17247.0,1278.0,2973988.0,18,0
2021-04-26,-,The Girl Who Believes In Miracles,16250.0,941.0,2508475.0,25,0
2021-04-26,-,The Croods: A New Age,12795.0,1156.0,57363740.0,153,0
2021-04-26,-,Chaos Walking,5861.0,1071.0,13159264.0,53,0
2021-04-26,-,Promising Young Woman,5860.0,744.0,6442600.0,123,0
2021-04-26,-,The Marksman,5570.0,222.0,15552349.0,102,0
2021-04-26,-,Murder in the Woods,4856.0,10.0,249648.0,256,0
2021-04-26,-,News of the World,1125.0,92.0,12666145.0,123,0
2021-04-26,-,Gunda,1022.0,10.0,52202.0,11,0
2021-04-26,-,The War with Grandpa,948.0,195.0,21174963.0,200,0
2021-04-26,-,Lamb of God: The Concert Film,306.0,13.0,741228.0,46,0
2021-04-28,-,Nobody,134570.0,2252.0,21972925.0,34,0
2021-04-28,-,The Unholy,118255.0,1835.0,11961092.0,27,0
2021-04-28,-,Raya and the Last Dragon,78020.0,1819.0,40153459.0,55,0
2021-04-28,-,Together Together,40656.0,665.0,661680.0,6,0
2021-04-28,-,The Courier,28617.0,714.0,6061515.0,41,0
2021-04-28,-,In the Earth,28123.0,571.0,997083.0,13,0
2021-04-28,-,Voyagers,17866.0,1278.0,3011225.0,20,0
2021-04-28,-,The Girl Who Believes In Miracles,17500.0,941.0,2553475.0,27,0
2021-04-28,-,The Croods: A New Age,11070.0,1156.0,57385320.0,155,0
2021-04-28,-,Chaos Walking,7041.0,1071.0,13174111.0,55,0
2021-04-28,-,The Marksman,5616.0,222.0,15566093.0,104,0
2021-04-28,-,Promising Young Woman,5120.0,744.0,6455060.0,125,0
2021-04-28,-,Murder in the Woods,4177.0,10.0,257650.0,258,0
2021-04-28,-,The War with Grandpa,1899.0,195.0,21178304.0,202,0
2021-04-28,-,Gunda,1674.0,10.0,55307.0,13,0
2021-04-28,-,Lamb of God: The Concert Film,485.0,13.0,742632.0,48,0
2021-04-28,-,News of the World,395.0,92.0,12667160.0,125,0
2021-04-29,-,Demon Slayer The Movie: Mugen Train,1348206.0,1247.0,27705843.0,7,0
2021-04-29,-,Nobody,134885.0,2252.0,22107810.0,35,0
2021-04-29,-,The Unholy,104327.0,1835.0,12065419.0,28,0
2021-04-29,-,Raya and the Last Dragon,92488.0,1819.0,40245947.0,56,0
2021-04-29,-,Together Together,43647.0,665.0,705327.0,7,0
2021-04-29,-,The Courier,26383.0,714.0,6087898.0,42,0
2021-04-29,-,The Girl Who Believes In Miracles,19250.0,941.0,2572725.0,28,0
2021-04-29,-,In the Earth,19124.0,571.0,1016207.0,14,0
2021-04-29,-,Voyagers,14100.0,1278.0,3025325.0,21,0
2021-04-29,-,The Croods: A New Age,11200.0,1156.0,57396520.0,156,0
2021-04-29,-,Chaos Walking,6766.0,1071.0,13180877.0,56,0
2021-04-29,-,Promising Young Woman,5905.0,744.0,6460965.0,126,0
2021-04-29,-,Murder in the Woods,3261.0,10.0,260911.0,259,0
2021-04-29,-,The War with Grandpa,1609.0,195.0,21179913.0,203,0
2021-04-29,-,News of the World,1165.0,92.0,12668325.0,126,0
2021-04-29,-,Gunda,854.0,10.0,56161.0,14,0
2021-04-29,-,Lamb of God: The Concert Film,334.0,13.0,742966.0,49,0
2021-04-27,-,Demon Slayer The Movie: Mugen Train,1838162.0,1605.0,24816444.0,5,0
2021-04-27,-,Nobody,157175.0,2252.0,21838355.0,33,0
2021-04-27,-,The Unholy,122849.0,1835.0,11842837.0,26,0
2021-04-27,-,Raya and the Last Dragon,98101.0,1819.0,40075439.0,54,0
2021-04-27,-,Together Together,52848.0,665.0,621024.0,5,0
2021-04-27,-,The Courier,34003.0,714.0,6032898.0,40,0
2021-04-27,-,In the Earth,29918.0,571.0,968960.0,12,0
2021-04-27,-,The Girl Who Believes In Miracles,27500.0,941.0,2535975.0,26,0
2021-04-27,-,Voyagers,19371.0,1278.0,2993359.0,19,0
2021-04-27,-,The Croods: A New Age,10510.0,1156.0,57374250.0,154,0
2021-04-27,-,The Marksman,8128.0,222.0,15560477.0,103,0
2021-04-27,-,Chaos Walking,7806.0,1071.0,13167070.0,54,0
2021-04-27,-,Promising Young Woman,7340.0,744.0,6449940.0,124,0
2021-04-27,-,Murder in the Woods,3825.0,10.0,253473.0,257,0
2021-04-27,-,The War with Grandpa,1442.0,195.0,21176405.0,201,0
2021-04-27,-,Gunda,1431.0,10.0,53633.0,12,0
2021-04-27,-,News of the World,620.0,92.0,12666765.0,124,0
2021-04-27,-,Lamb of God: The Concert Film,603.0,13.0,741831.0,47,0
2021-04-30,-,Mortal Kombat,1850000.0,3114.0,29702000.0,8,0
2021-04-30,-,Demon Slayer The Movie: Mugen Train,1817933.0,1879.0,29551698.0,8,0
2021-04-30,-,Separation,684608.0,1751.0,684608.0,1,1
2021-04-30,-,Nobody,365850.0,2056.0,22473660.0,36,0
2021-04-30,-,Raya and the Last Dragon,360264.0,1810.0,40606211.0,57,0
2021-04-30,-,Scott Pilgrim vs. The World,339685.0,152.0,31863960.0,3914,0
2021-04-30,-,The Unholy,305564.0,1538.0,12370983.0,29,0
2021-04-30,-,Four Good Days,99804.0,298.0,99804.0,1,1
2021-04-30,-,Together Together,95228.0,659.0,800555.0,8,0
2021-04-30,-,The Girl Who Believes In Miracles,50000.0,728.0,2622725.0,29,0
2021-04-30,-,The Croods: A New Age,47725.0,1111.0,57444245.0,157,0
2021-04-30,-,The Courier,44731.0,391.0,6132629.0,43,0
2021-04-30,-,Limbo,31040.0,208.0,31040.0,1,1
2021-04-30,-,The Resort,26739.0,114.0,26739.0,1,1
2021-04-30,-,Voyagers,20494.0,937.0,3045819.0,22,0
2021-04-30,-,In the Earth,17000.0,215.0,1033207.0,15,0
2021-04-30,-,Chaos Walking,14541.0,502.0,13195418.0,57,0
2021-04-30,-,Murder in the Woods,12392.0,8.0,273303.0,260,0
2021-04-30,-,The War with Grandpa,3087.0,150.0,21183000.0,204,0
2021-04-30,-,Gunda,2000.0,15.0,58161.0,141,0
2021-04-30,-,Waiting for Rain (비와 당신의 이야기),793.0,14.0,793.0,1,1
2021-04-30,-,Lamb of God: The Concert Film,192.0,6.0,743158.0,50,0
2021-05-01,-,Demon Slayer The Movie: Mugen Train,2667078.0,1905.0,32218776.0,9,0
2021-05-01,-,Separation,693936.0,1751.0,1378544.0,2,0
2021-05-01,-,Raya and the Last Dragon,622025.0,1810.0,41228236.0,58,0
2021-05-01,-,Nobody,578290.0,2056.0,23051950.0,37,0
2021-05-01,-,The Unholy,479828.0,1538.0,12850811.0,30,0
2021-05-01,-,Scott Pilgrim vs. The World,228590.0,152.0,32092550.0,3915,0
2021-05-01,-,Together Together,134206.0,659.0,934761.0,9,0
2021-05-01,-,Four Good Days,115735.0,298.0,215539.0,2,0
2021-05-01,-,The Croods: A New Age,88905.0,1111.0,57533150.0,158,0
2021-05-01,-,The Girl Who Believes In Miracles,85000.0,728.0,2707725.0,30,0
2021-05-01,-,The Courier,65744.0,391.0,6198373.0,44,0
2021-05-01,-,The Resort,42676.0,114.0,69415.0,2,0
2021-05-01,-,Limbo,32145.0,208.0,63185.0,2,0
2021-05-01,-,Voyagers,30926.0,937.0,3076745.0,23,0
2021-05-01,-,Chaos Walking,25821.0,502.0,13221239.0,58,0
2021-05-01,-,In the Earth,22000.0,215.0,1055207.0,16,0
2021-05-01,-,Murder in the Woods,15856.0,8.0,289159.0,261,0
2021-05-01,-,The War with Grandpa,4408.0,150.0,21187408.0,205,0
2021-05-01,-,Gunda,2500.0,15.0,60661.0,142,0
2021-05-01,-,Waiting for Rain (비와 당신의 이야기),941.0,14.0,1734.0,2,0
2021-05-01,-,Lamb of God: The Concert Film,272.0,6.0,743430.0,51,0
2021-05-02,-,Demon Slayer The Movie: Mugen Train,1959053.0,1905.0,34177829.0,10,0
2021-05-02,-,Separation,421618.0,1751.0,1800162.0,3,0
2021-05-02,-,Raya and the Last Dragon,398866.0,1810.0,41627102.0,59,0
2021-05-02,-,Nobody,342175.0,2056.0,23394125.0,38,0
2021-05-02,-,The Unholy,280356.0,1538.0,13131167.0,31,0
2021-05-02,-,Scott Pilgrim vs. The World,161655.0,152.0,32317345.0,3916,0
2021-05-02,-,Together Together,83119.0,659.0,1017880.0,10,0
2021-05-02,-,Four Good Days,82819.0,298.0,298358.0,3,0
2021-05-02,-,The Girl Who Believes In Miracles,62000.0,728.0,2769725.0,31,0
2021-05-02,-,The Croods: A New Age,58685.0,1111.0,57591835.0,159,0
2021-05-02,-,The Courier,35715.0,391.0,6234088.0,45,0
2021-05-02,-,Limbo,21525.0,208.0,84710.0,3,0
2021-05-02,-,The Resort,19416.0,114.0,88831.0,3,0
2021-05-02,-,Voyagers,15978.0,937.0,3092723.0,24,0
2021-05-02,-,In the Earth,15400.0,215.0,1070607.0,17,0
2021-05-02,-,Chaos Walking,10438.0,502.0,13231677.0,59,0
2021-05-02,-,Murder in the Woods,7111.0,8.0,296270.0,262,0
2021-05-02,-,The War with Grandpa,3303.0,150.0,21190711.0,206,0
2021-05-02,-,Gunda,1800.0,15.0,62461.0,143,0
2021-05-02,-,Waiting for Rain (비와 당신의 이야기),929.0,14.0,2663.0,3,0
2021-05-03,-,Demon Slayer The Movie: Mugen Train,586397.0,1203.0,34764226.0,11,0
2021-05-03,-,Separation,123943.0,1751.0,1924105.0,4,0
2021-05-03,-,Nobody,101505.0,2056.0,23495630.0,39,0
2021-05-03,-,The Unholy,80382.0,1538.0,13211549.0,32,0
2021-05-03,-,Scott Pilgrim vs. The World,73785.0,152.0,32391130.0,3917,0
2021-05-03,-,Raya and the Last Dragon,72367.0,1810.0,41699469.0,60,0
2021-05-03,-,Together Together,26757.0,659.0,1044637.0,11,0
2021-05-03,-,Four Good Days,25509.0,298.0,323867.0,4,0
2021-05-03,-,The Courier,13206.0,391.0,6247294.0,46,0
2021-05-03,-,The Girl Who Believes In Miracles,9500.0,728.0,2779225.0,32,0
2021-05-03,-,The Croods: A New Age,9125.0,1111.0,57600960.0,160,0
2021-05-03,-,Limbo,8070.0,208.0,92780.0,4,0
2021-05-03,-,In the Earth,7845.0,215.0,1078452.0,18,0
2021-05-03,-,The Resort,5430.0,114.0,94261.0,4,0
2021-05-03,-,Voyagers,5103.0,937.0,3097826.0,25,0
2021-05-03,-,Chaos Walking,3819.0,502.0,13235496.0,60,0
2021-05-03,-,Murder in the Woods,3522.0,8.0,299792.0,263,0
2021-05-03,-,Gunda,702.0,16.0,63163.0,144,0
2021-05-03,-,Waiting for Rain (비와 당신의 이야기),308.0,14.0,2971.0,4,0
2021-05-03,-,The War with Grandpa,268.0,150.0,21190979.0,207,0
2021-05-03,-,Lamb of God: The Concert Film,65.0,6.0,743495.0,53,0
2021-05-05,-,Demon Slayer The Movie: Mugen Train,580184.0,1125.0,35995596.0,13,0
2021-05-05,-,Separation,112274.0,1751.0,2192562.0,6,0
2021-05-05,-,Nobody,94040.0,2056.0,23712665.0,41,0
2021-05-05,-,Scott Pilgrim vs. The World,87875.0,152.0,32557590.0,3919,0
2021-05-05,-,Raya and the Last Dragon,71887.0,1810.0,41874325.0,62,0
2021-05-05,-,The Unholy,70713.0,1538.0,13370149.0,34,0
2021-05-05,-,Together Together,26790.0,659.0,1108421.0,13,0
2021-05-05,-,Four Good Days,22978.0,298.0,377648.0,6,0
2021-05-05,-,The Courier,13564.0,391.0,6277857.0,48,0
2021-05-05,-,The Girl Who Believes In Miracles,11250.0,728.0,2807225.0,34,0
2021-05-05,-,The Croods: A New Age,9150.0,1111.0,57619990.0,162,0
2021-05-05,-,Limbo,8940.0,208.0,112730.0,6,0
2021-05-05,-,In the Earth,7227.0,215.0,1093367.0,20,0
2021-05-05,-,The Resort,6261.0,114.0,105757.0,6,0
2021-05-05,-,Voyagers,4970.0,937.0,3108844.0,27,0
2021-05-05,-,Chaos Walking,3993.0,502.0,13244597.0,62,0
2021-05-05,-,Murder in the Woods,3631.0,8.0,306155.0,265,0
2021-05-05,-,Gunda,1404.0,16.0,65800.0,146,0
2021-05-05,-,The War with Grandpa,758.0,150.0,21192761.0,209,0
2021-05-05,-,Waiting for Rain (비와 당신의 이야기),352.0,14.0,3750.0,6,0
2021-05-05,-,Lamb of God: The Concert Film,157.0,6.0,743902.0,55,0
2021-05-06,-,Demon Slayer The Movie: Mugen Train,559062.0,1378.0,36554658.0,14,0
2021-05-06,-,Separation,111311.0,1751.0,2303873.0,7,0
2021-05-06,-,Nobody,94515.0,2056.0,23807180.0,42,0
2021-05-06,-,Raya and the Last Dragon,77582.0,1810.0,41951907.0,63,0
2021-05-06,-,The Unholy,74604.0,1538.0,13444753.0,35,0
2021-05-06,-,Scott Pilgrim vs. The World,65655.0,152.0,32623245.0,3920,0
2021-05-06,-,Together Together,26568.0,659.0,1134989.0,14,0
2021-05-06,-,Four Good Days,23869.0,298.0,401517.0,7,0
2021-05-06,-,The Courier,13276.0,391.0,6291133.0,49,0
2021-05-06,-,The Girl Who Believes In Miracles,11500.0,728.0,2818725.0,35,0
2021-05-06,-,The Croods: A New Age,9690.0,1111.0,57629680.0,163,0
2021-05-06,-,Limbo,8595.0,208.0,121325.0,7,0
2021-05-06,-,The Resort,5814.0,114.0,111571.0,7,0
2021-05-06,-,In the Earth,4914.0,215.0,1100753.0,21,0
2021-05-06,-,Voyagers,4696.0,937.0,3113540.0,28,0
2021-05-06,-,Murder in the Woods,4076.0,8.0,310231.0,266,0
2021-05-06,-,Chaos Walking,3559.0,502.0,13248156.0,63,0
2021-05-06,-,Gunda,1720.0,16.0,74859.0,147,0
2021-05-06,-,Lamb of God: The Concert Film,611.0,6.0,744513.0,56,0
2021-05-06,-,The War with Grandpa,550.0,150.0,21193311.0,210,0
2021-05-06,-,Waiting for Rain (비와 당신의 이야기),295.0,14.0,4045.0,7,0
2021-05-04,-,Demon Slayer The Movie: Mugen Train,651186.0,1203.0,35415412.0,12,0
2021-05-04,-,Separation,156183.0,1751.0,2080288.0,5,0
2021-05-04,-,Nobody,122995.0,2056.0,23618625.0,40,0
2021-05-04,-,Raya and the Last Dragon,102969.0,1810.0,41802438.0,61,0
2021-05-04,-,The Unholy,87887.0,1538.0,13299436.0,33,0
2021-05-04,-,Scott Pilgrim vs. The World,78585.0,152.0,32469715.0,3918,0
2021-05-04,-,Together Together,36994.0,659.0,1081631.0,12,0
2021-05-04,-,Four Good Days,30803.0,298.0,354670.0,5,0
2021-05-04,-,The Courier,16999.0,391.0,6264293.0,47,0
2021-05-04,-,The Girl Who Believes In Miracles,16750.0,728.0,2795975.0,33,0
2021-05-04,-,Limbo,11010.0,208.0,103790.0,5,0
2021-05-04,-,The Croods: A New Age,9880.0,1111.0,57610840.0,161,0
2021-05-04,-,In the Earth,7688.0,215.0,1086140.0,19,0
2021-05-04,-,Voyagers,6048.0,937.0,3103874.0,26,0
2021-05-04,-,The Resort,5235.0,114.0,99496.0,5,0
2021-05-04,-,Chaos Walking,5108.0,502.0,13240604.0,61,0
2021-05-04,-,Murder in the Woods,2732.0,8.0,302524.0,264,0
2021-05-04,-,Gunda,1233.0,16.0,64396.0,145,0
2021-05-04,-,The War with Grandpa,1024.0,150.0,21192003.0,208,0
2021-05-04,-,Waiting for Rain (비와 당신의 이야기),427.0,14.0,3398.0,5,0
2021-05-04,-,Lamb of God: The Concert Film,250.0,6.0,743745.0,54,0
2021-05-07,1,Wrath of Man,2972375.0,2875.0,2972375.0,1,1
2021-05-07,2,Demon Slayer The Movie: Mugen Train,862764.0,2087.0,37448705.0,15,0
2021-05-07,3,Mortal Kombat,700000.0,2973.0,36171000.0,15,0
2021-05-07,4,Godzilla vs. Kong,505000.0,2705.0,92900000.0,38,0
2021-05-07,5,Raya and the Last Dragon,420535.0,2315.0,42372442.0,64,0
2021-05-07,6,Separation,317559.0,1911.0,2621432.0,8,0
2021-05-07,7,Here Today,257913.0,1200.0,257913.0,1,1
2021-05-07,8,The Unholy,224739.0,1390.0,13669492.0,36,0
2021-05-07,9,Nobody,220340.0,1931.0,24027520.0,43,0
2021-05-07,-,Four Good Days,56554.0,489.0,458071.0,8,0
2021-05-07,-,Scott Pilgrim vs. The World,48095.0,480.0,32671340.0,3921,0
2021-05-07,-,The Croods: A New Age,46140.0,1200.0,57675820.0,164,0
2021-05-07,-,Together Together,33152.0,449.0,1168141.0,15,0
2021-05-07,-,The Girl Who Believes In Miracles,28600.0,608.0,2847325.0,36,0
2021-05-07,-,The Courier,27887.0,280.0,6319020.0,50,0
2021-05-07,-,Walking with Herb,17695.0,507.0,17695.0,8,0
2021-05-07,-,The Resort,17660.0,90.0,129231.0,8,0
2021-05-07,-,Limbo,15840.0,213.0,137165.0,8,0
2021-05-07,-,Mission Stories,12762.0,44.0,12762.0,1,1
2021-05-07,-,Chaos Walking,10416.0,413.0,13258572.0,64,0
2021-05-07,-,The War with Grandpa,8972.0,108.0,21202283.0,211,0
2021-05-07,-,Mainstream,7268.0,76.0,7268.0,1,1
2021-05-07,-,Voyagers,6448.0,763.0,3119988.0,29,0
2021-05-07,-,Murder in the Woods,6303.0,6.0,316534.0,267,0
2021-05-07,-,In the Earth,2892.0,43.0,1103645.0,22,0
2021-05-07,-,Gunda,1922.0,29.0,76781.0,148,0
2021-05-07,-,Waiting for Rain (비와 당신의 이야기),505.0,14.0,4550.0,8,0
2021-05-08,1,Wrath of Man,3003411.0,2875.0,5975786.0,2,0
2021-05-08,2,Demon Slayer The Movie: Mugen Train,1271118.0,2087.0,38719823.0,16,0
2021-05-08,-,Raya and the Last Dragon,781880.0,2315.0,43154322.0,65,0
2021-05-08,-,Separation,445387.0,1911.0,3066819.0,9,0
2021-05-08,-,Here Today,367783.0,1200.0,625696.0,2,0
2021-05-08,-,Nobody,331335.0,1931.0,24358855.0,44,0
2021-05-08,-,The Unholy,319124.0,1390.0,13988616.0,37,0
2021-05-08,-,Four Good Days,87855.0,489.0,545926.0,9,0
2021-05-08,-,The Croods: A New Age,81715.0,1200.0,57757535.0,165,0
2021-05-08,-,Scott Pilgrim vs. The World,60635.0,480.0,32731975.0,3922,0
2021-05-08,-,Together Together,55703.0,449.0,1223844.0,16,0
2021-05-08,-,The Girl Who Believes In Miracles,52500.0,608.0,2899825.0,37,0
2021-05-08,-,The Courier,37505.0,280.0,6356525.0,51,0
2021-05-08,-,The Resort,28998.0,90.0,158229.0,9,0
2021-05-08,-,Walking with Herb,23635.0,507.0,41330.0,9,0
2021-05-08,-,Limbo,22500.0,213.0,159665.0,9,0
2021-05-08,-,Chaos Walking,15043.0,413.0,13273615.0,65,0
2021-05-08,-,The War with Grandpa,11673.0,108.0,21213956.0,212,0
2021-05-08,-,Mission Stories,10937.0,44.0,23699.0,2,0
2021-05-08,-,Voyagers,9904.0,763.0,3129892.0,30,0
2021-05-08,-,Mainstream,7755.0,76.0,15023.0,2,0
2021-05-08,-,Murder in the Woods,6286.0,6.0,322820.0,268,0
2021-05-08,-,Gunda,3143.0,29.0,79924.0,149,0
2021-05-08,-,In the Earth,2863.0,43.0,1106508.0,23,0
2021-05-08,-,Waiting for Rain (비와 당신의 이야기),695.0,14.0,5245.0,9,0
2021-05-09,1,Wrath of Man,2333221.0,2875.0,8309007.0,3,0
2021-05-09,-,Raya and the Last Dragon,717672.0,2315.0,43871994.0,66,0
2021-05-09,-,Demon Slayer The Movie: Mugen Train,640955.0,2050.0,39360778.0,17,0
2021-05-09,-,Here Today,416475.0,1200.0,1042171.0,3,0
2021-05-09,-,Separation,295982.0,1911.0,3362801.0,10,0
2021-05-09,-,Nobody,249770.0,1931.0,24608625.0,45,0
2021-05-09,-,The Unholy,173347.0,1390.0,14161963.0,38,0
2021-05-09,-,Four Good Days,80656.0,489.0,626582.0,10,0
2021-05-09,-,The Girl Who Believes In Miracles,60200.0,608.0,2960025.0,38,0
2021-05-09,-,Together Together,55627.0,449.0,1279471.0,17,0
2021-05-09,-,The Croods: A New Age,51750.0,1200.0,57809285.0,166,0
2021-05-09,-,The Courier,31964.0,280.0,6388489.0,52,0
2021-05-09,-,Scott Pilgrim vs. The World,29530.0,480.0,32761505.0,3923,0
2021-05-09,-,Walking with Herb,28007.0,507.0,69337.0,10,0
2021-05-09,-,Limbo,21005.0,213.0,180670.0,10,0
2021-05-09,-,The War with Grandpa,12149.0,108.0,21226105.0,213,0
2021-05-09,-,The Resort,6863.0,90.0,165092.0,10,0
2021-05-09,-,Voyagers,6530.0,763.0,3136422.0,31,0
2021-05-09,-,Chaos Walking,6429.0,413.0,13280044.0,66,0
2021-05-09,-,Mainstream,4722.0,76.0,19745.0,3,0
2021-05-09,-,Gunda,3498.0,29.0,83422.0,150,0
2021-05-09,-,In the Earth,2290.0,43.0,1108798.0,24,0
2021-05-09,-,Murder in the Woods,2035.0,6.0,324855.0,269,0
2021-05-09,-,Mission Stories,690.0,44.0,24389.0,3,0
2021-05-09,-,Waiting for Rain (비와 당신의 이야기),447.0,14.0,5692.0,10,0
2021-05-10,1,Wrath of Man,689616.0,2875.0,8998623.0,4,0
2021-05-10,-,Demon Slayer The Movie: Mugen Train,335347.0,1380.0,39696125.0,18,0
2021-05-10,-,Raya and the Last Dragon,116695.0,2315.0,43988689.0,67,0
2021-05-10,-,Separation,101943.0,1911.0,3464744.0,11,0
2021-05-10,-,Here Today,75646.0,1200.0,1117817.0,4,0
2021-05-10,-,Nobody,72280.0,1931.0,24680905.0,46,0
2021-05-10,-,The Unholy,65823.0,1390.0,14227786.0,39,0
2021-05-10,-,Scott Pilgrim vs. The World,19060.0,480.0,32780835.0,3924,0
2021-05-10,-,Four Good Days,17856.0,489.0,644438.0,11,0
2021-05-10,-,Together Together,11819.0,449.0,1291290.0,18,0
2021-05-10,-,The Croods: A New Age,9025.0,1200.0,57818310.0,167,0
2021-05-10,-,The Courier,7988.0,280.0,6396477.0,53,0
2021-05-10,-,The Girl Who Believes In Miracles,6500.0,608.0,2967125.0,39,0
2021-05-10,-,Mission Stories,6343.0,44.0,30732.0,4,0
2021-05-10,-,Walking with Herb,6143.0,507.0,75480.0,11,0
2021-05-10,-,Limbo,4765.0,213.0,185435.0,11,0
2021-05-10,-,Voyagers,3456.0,763.0,3139878.0,32,0
2021-05-10,-,Chaos Walking,1872.0,413.0,13281916.0,67,0
2021-05-10,-,Murder in the Woods,1650.0,6.0,326505.0,270,0
2021-05-10,-,The Resort,1528.0,90.0,166620.0,11,0
2021-05-10,-,Mainstream,1495.0,76.0,21240.0,4,0
2021-05-10,-,In the Earth,1345.0,43.0,1110143.0,25,0
2021-05-10,-,The War with Grandpa,912.0,108.0,21227017.0,214,0
2021-05-10,-,Gunda,702.0,29.0,84124.0,151,0
2021-05-10,-,Waiting for Rain (비와 당신의 이야기),231.0,14.0,5923.0,11,0
2021-05-11,1,Wrath of Man,779095.0,2875.0,9777718.0,5,0
2021-05-11,-,Demon Slayer The Movie: Mugen Train,354959.0,1599.0,40051084.0,19,0
2021-05-11,-,Raya and the Last Dragon,152924.0,2315.0,44141613.0,68,0
2021-05-11,-,Here Today,112514.0,1200.0,1230331.0,5,0
2021-05-11,-,Separation,111467.0,1911.0,3576211.0,12,0
2021-05-11,-,Nobody,81720.0,1931.0,24762625.0,47,0
2021-05-11,-,The Unholy,69789.0,1390.0,14297575.0,40,0
2021-05-11,-,Four Good Days,24818.0,489.0,669256.0,12,0
2021-05-11,-,Scott Pilgrim vs. The World,22645.0,480.0,32803480.0,3925,0
2021-05-11,-,Together Together,12692.0,449.0,1303982.0,19,0
2021-05-11,-,Walking with Herb,11382.0,507.0,86862.0,12,0
2021-05-11,-,The Croods: A New Age,10235.0,1200.0,57828545.0,168,0
2021-05-11,-,The Courier,9784.0,280.0,6406261.0,54,0
2021-05-11,-,The Girl Who Believes In Miracles,9000.0,608.0,2976125.0,40,0
2021-05-11,-,Mission Stories,5731.0,44.0,36463.0,5,0
2021-05-11,-,Limbo,5390.0,213.0,190825.0,12,0
2021-05-11,-,Voyagers,3092.0,763.0,3142970.0,33,0
2021-05-11,-,Chaos Walking,2013.0,413.0,13283929.0,68,0
2021-05-11,-,Mainstream,1792.0,76.0,23032.0,5,0
2021-05-11,-,In the Earth,1622.0,43.0,1111765.0,26,0
2021-05-11,-,Murder in the Woods,1411.0,6.0,327916.0,271,0
2021-05-11,-,The Resort,1193.0,90.0,167813.0,12,0
2021-05-11,-,Gunda,732.0,29.0,84856.0,152,0
2021-05-11,-,The War with Grandpa,705.0,108.0,21227722.0,215,0
2021-05-11,-,Waiting for Rain (비와 당신의 이야기),301.0,14.0,6224.0,12,0
2021-05-12,1,Wrath of Man,593410.0,2875.0,10371128.0,6,0
2021-05-12,-,Demon Slayer The Movie: Mugen Train,365006.0,1408.0,40416090.0,20,0
2021-05-12,-,Raya and the Last Dragon,127483.0,2315.0,44269096.0,69,0
2021-05-12,-,Separation,94949.0,1911.0,3671160.0,13,0
2021-05-12,-,Nobody,75785.0,1931.0,24838410.0,48,0
2021-05-12,-,Here Today,75397.0,1200.0,1305728.0,6,0
2021-05-12,-,The Unholy,67086.0,1390.0,14364661.0,41,0
2021-05-12,-,Scott Pilgrim vs. The World,20760.0,480.0,32824240.0,3926,0
2021-05-12,-,Four Good Days,19286.0,489.0,688542.0,13,0
2021-05-12,-,Together Together,12993.0,449.0,1316975.0,20,0
2021-05-12,-,The Croods: A New Age,10120.0,1200.0,57838665.0,169,0
2021-05-12,-,The Courier,9733.0,280.0,6415994.0,55,0
2021-05-12,-,Walking with Herb,8173.0,507.0,95035.0,13,0
2021-05-12,-,The Girl Who Believes In Miracles,6200.0,608.0,2982325.0,41,0
2021-05-12,-,Limbo,5200.0,213.0,196025.0,13,0
2021-05-12,-,Voyagers,4455.0,763.0,3147425.0,34,0
2021-05-12,-,Mission Stories,3273.0,44.0,39736.0,6,0
2021-05-12,-,Chaos Walking,2150.0,413.0,13286079.0,69,0
2021-05-12,-,Mainstream,1842.0,76.0,24874.0,6,0
2021-05-12,-,Murder in the Woods,1539.0,6.0,329455.0,272,0
2021-05-12,-,The Resort,1286.0,90.0,169099.0,13,0
2021-05-12,-,In the Earth,1112.0,43.0,1112877.0,27,0
2021-05-12,-,Gunda,967.0,29.0,85823.0,153,0
2021-05-12,-,The War with Grandpa,467.0,108.0,21228189.0,216,0
2021-05-12,-,Waiting for Rain (비와 당신의 이야기),344.0,14.0,6568.0,13,0
2021-05-13,1,Wrath of Man,489105.0,2875.0,10860233.0,7,0
2021-05-13,-,Demon Slayer The Movie: Mugen Train,343467.0,1419.0,40759557.0,21,0
2021-05-13,-,Raya and the Last Dragon,136718.0,2315.0,44405814.0,70,0
2021-05-13,-,Here Today,73094.0,1200.0,1378822.0,7,0
2021-05-13,-,Separation,65303.0,1911.0,3736463.0,14,0
2021-05-13,-,Nobody,62615.0,1931.0,24901025.0,49,0
2021-05-13,-,The Unholy,47356.0,1390.0,14412017.0,42,0
2021-05-13,-,Scott Pilgrim vs. The World,16860.0,480.0,32841100.0,3927,0
2021-05-13,-,Four Good Days,14181.0,489.0,702723.0,14,0
2021-05-13,-,Together Together,10614.0,449.0,1327589.0,21,0
2021-05-13,-,The Croods: A New Age,9845.0,1200.0,57848510.0,170,0
2021-05-13,-,Walking with Herb,8217.0,507.0,103252.0,14,0
2021-05-13,-,The Courier,7957.0,280.0,6423951.0,56,0
2021-05-13,-,Limbo,4680.0,213.0,200705.0,14,0
2021-05-13,-,Mission Stories,2530.0,44.0,42266.0,7,0
2021-05-13,-,Voyagers,2510.0,763.0,3149935.0,35,0
2021-05-13,-,Chaos Walking,1829.0,413.0,13287908.0,70,0
2021-05-13,-,Mainstream,1810.0,76.0,26684.0,7,0
2021-05-13,-,Gunda,1720.0,29.0,92940.0,154,0
2021-05-13,-,Murder in the Woods,1469.0,6.0,330924.0,273,0
2021-05-13,-,The Resort,971.0,90.0,170070.0,14,0
2021-05-13,-,The War with Grandpa,849.0,108.0,21229038.0,217,0
2021-05-13,-,In the Earth,845.0,43.0,1113722.0,28,0
2021-05-13,-,Waiting for Rain (비와 당신의 이야기),140.0,14.0,6708.0,14,0
2021-05-16,1,Spiral,1984071.0,2811.0,8750034.0,3,0
2021-05-16,2,Wrath of Man,1065507.0,3007.0,14562718.0,10,0
2021-05-16,-,Demon Slayer The Movie: Mugen Train,645259.0,1882.0,42716318.0,24,0
2021-05-16,-,Raya and the Last Dragon,536742.0,2285.0,46107330.0,73,0
2021-05-16,-,Finding You,225317.0,1312.0,920476.0,3,0
2021-05-16,-,Profile,201750.0,2033.0,730290.0,3,0
2021-05-16,-,Here Today,150247.0,1200.0,1914276.0,10,0
2021-05-16,-,Nobody,104140.0,1553.0,25280970.0,52,0
2021-05-16,-,The Unholy,98659.0,859.0,14784060.0,45,0
2021-05-16,-,Separation,86245.0,1153.0,4067854.0,17,0
2021-05-16,-,The Croods: A New Age,45865.0,1097.0,58023700.0,173,0
2021-05-16,-,The Girl Who Believes In Miracles,23500.0,417.0,3055175.0,45,0
2021-05-16,-,Four Good Days,20140.0,326.0,772669.0,17,0
2021-05-16,-,Together Together,11528.0,165.0,1366260.0,24,0
2021-05-16,-,The Courier,11301.0,137.0,6474667.0,59,0
2021-05-16,-,The Djinn,8896.0,41.0,50312.0,3,0
2021-05-16,-,The Killing of Two Lovers,7448.0,34.0,25378.0,3,0
2021-05-16,-,Limbo,5595.0,71.0,217195.0,17,0
2021-05-16,-,Walking with Herb,4775.0,236.0,120226.0,17,0
2021-05-16,-,The War with Grandpa,4177.0,70.0,21242277.0,220,0
2021-05-16,-,Gunda,2478.0,35.0,99095.0,157,0
2021-05-16,-,The Resort,1331.0,19.0,179393.0,17,0
2021-05-16,-,Mission Stories,315.0,44.0,54971.0,10,0
