title,year,release_date,total_gross_domestic,max_theaters,genre,budget_chart,detail_url,opening_weekend,opening_theaters,budget,mpaa_rating,runtime_min,distributor,title_norm,rt_slug,wayback_timestamp,rt_score_prerelease,rt_reviews_prerelease,rt_audience_prerelease,rt_score_final,rt_reviews_final,rt_audience_final,release_dt,release_month,release_dow,release_year,is_holiday_weekend,is_summer,is_awards_season,is_spring_break,is_sequel,distributor_group,mpaa_ordinal,genre_Action,genre_Adventure,genre_Animation,genre_Comedy,genre_Crime,genre_Drama,genre_Family,genre_Fantasy,genre_Horror,genre_Musical,genre_Romance,genre_Sci-Fi,genre_Thriller,primary_genre,budget_known,log_budget,rt_score_delta,log_rt_reviews_release,log_opening_weekend,log_total_gross,dist_A24,dist_Amazon,dist_Disney,dist_Lionsgate,dist_Netflix,dist_Other,dist_Paramount,dist_Sony,dist_Universal,dist_WB,month_1.0,month_2.0,month_3.0,month_4.0,month_5.0,month_6.0,month_7.0,month_8.0,month_9.0,month_10.0,month_11.0,month_12.0
Bad Boys for Life,2020,2020-01-17,206305244.0,3775.0,Action Comedy Crime Thriller,,https://www.boxofficemojo.com/release/rl1182631425/?ref_=bo_yld_table_1,62504105.0,3775.0,90000000.0,R,124.0,Sony Pictures Releasing,bad boys for life,bad_boys_for_life,20200116205239.0,76.0,99.0,,76.0,269.0,96.0,2020-01-17,1.0,4.0,2020.0,1,0,0,0,0,Sony,4,1,0,0,1,1,0,0,0,0,0,0,0,1,Action Comedy Crime Thriller,1,18.31532023940565,0.0,4.605170185988092,17.950742808548743,19.144867401857894,False,False,False,False,False,False,False,True,False,False,True,False,False,False,False,False,False,False,False,False,False,False
1917,2020,Dec 25,159227644.0,3987.0,Drama War,,https://www.boxofficemojo.com/release/rl2969994753/?ref_=bo_yld_table_2,576216.0,11.0,95000000.0,R,119.0,Universal Pictures,1917,1917_2019,,,,,88.0,474.0,88.0,,,,2020.0,0,0,0,0,0,Universal,4,0,0,0,0,0,1,0,0,0,0,0,0,0,Drama War,1,18.36938746009113,,0.0,13.26423960484191,18.885845465796717,False,False,False,False,False,False,False,False,True,False,False,False,False,False,False,False,False,False,False,False,False,False
Sonic the Hedgehog,2020,2020-02-14,148974665.0,4198.0,Action Adventure Comedy Family Fantasy Sci-Fi,,https://www.boxofficemojo.com/release/rl4244997633/?ref_=bo_yld_table_3,58018348.0,4167.0,85000000.0,PG,99.0,Paramount Pictures,sonic the hedgehog,sonic_the_hedgehog,,,,,78.0,349.0,78.0,2020-02-14,2.0,4.0,2020.0,1,0,0,0,0,Paramount,2,1,1,0,1,0,0,1,1,0,0,0,1,0,Action Adventure Comedy Family Fantasy Sci-Fi,1,18.258161826219297,,0.0,17.87626988054773,18.819286822607893,False,False,False,False,False,False,True,False,False,False,False,True,False,False,False,False,False,False,False,False,False,False
Jumanji: The Next Level,2020,2019-12-13,320314960.0,4227.0,Action Adventure Comedy Fantasy,,https://www.boxofficemojo.com/release/rl755467777/?ref_=bo_yld_table_4,59251543.0,4227.0,125000000.0,PG,123.0,Sony Pictures Releasing,jumanji the next level,jumanji_the_next_level,20191212223232.0,67.0,110.0,,72.0,248.0,87.0,2019-12-13,12.0,4.0,2019.0,0,0,1,0,1,Sony,2,1,1,0,1,0,0,0,1,0,0,0,0,0,Action Adventure Comedy Fantasy,1,18.643824303266577,5.0,4.709530201312334,17.897302396711712,19.584815322823538,False,False,False,False,False,False,False,True,False,False,False,False,False,False,False,False,False,False,False,False,False,True
Star Wars: Episode IX - The Rise of Skywalker,2020,2019-12-20,515202542.0,4406.0,Action Adventure Fantasy Sci-Fi,,https://www.boxofficemojo.com/release/rl3305145857/?ref_=bo_yld_table_5,177383864.0,4406.0,275000000.0,PG,141.0,Walt Disney Studios Motion Pictures,star wars episode ix  the rise of skywalker,,,,,,,,,2019-12-20,12.0,4.0,2019.0,1,0,1,0,1,Disney,2,1,1,0,0,0,0,0,1,0,0,0,1,0,Action Adventure Fantasy Sci-Fi,1,19.432281659267208,,0.0,18.99382667105393,20.06007066868944,False,False,True,False,False,False,False,False,False,False,False,False,False,False,False,False,False,False,False,False,False,True
Birds of Prey and the Fantabulous Emancipation of One Harley Quinn,2020,2020-02-07,84158461.0,4236.0,Action Comedy Crime,,https://www.boxofficemojo.com/release/rl3640886785/?ref_=bo_yld_table_6,33010017.0,4236.0,84500000.0,R,109.0,Warner Bros.,birds of prey and the fantabulous emancipation of one harley quinn,birds_of_prey_2020,20200206222719.0,87.0,138.0,,79.0,449.0,78.0,2020-02-07,2.0,4.0,2020.0,0,0,0,0,0,WB,4,1,0,0,1,1,0,0,0,0,0,0,0,0,Action Comedy Crime,1,18.252262104161723,-8.0,4.9344739331306915,17.312321649118534,18.24821203207186,False,False,False,False,False,False,False,False,False,True,False,True,False,False,False,False,False,False,False,False,False,False
Dolittle,2020,2020-01-17,77047065.0,4155.0,Adventure Comedy Family Fantasy,,https://www.boxofficemojo.com/release/rl2164295169/?ref_=bo_yld_table_7,21844045.0,4155.0,175000000.0,PG,101.0,Universal Pictures,dolittle,dolittle,20200116010808.0,,,,15.0,240.0,76.0,2020-01-17,1.0,4.0,2020.0,1,0,0,0,0,Universal,2,0,1,0,1,0,0,1,1,0,0,0,0,0,Adventure Comedy Family Fantasy,1,18.980296537602072,,0.0,16.899438948093383,18.159927039836,False,False,False,False,False,False,False,False,True,False,True,False,False,False,False,False,False,False,False,False,False,False
Little Women,2020,2019-12-25,108101214.0,3308.0,Drama Romance,,https://www.boxofficemojo.com/release/rl218596865/?ref_=bo_yld_table_8,16755310.0,3308.0,40000000.0,PG,135.0,Sony Pictures Releasing,little women,,,,,,,,,2019-12-25,12.0,2.0,2019.0,1,0,1,0,0,Sony,2,0,0,0,0,0,1,0,0,0,0,1,0,0,Drama Romance,1,17.50439003707821,,0.0,16.634225840604678,18.498578522139244,False,False,False,False,False,False,False,True,False,False,False,False,False,False,False,False,False,False,False,False,False,True
The Invisible Man,2020,2020-02-28,70410000.0,3636.0,Drama Horror Mystery Sci-Fi Thriller,,https://www.boxofficemojo.com/release/rl50628097/?ref_=bo_yld_table_9,28205665.0,3610.0,7000000.0,R,124.0,Universal Pictures,the invisible man,the_invisible_man_2020,20200227004712.0,90.0,71.0,,91.0,422.0,88.0,2020-02-28,2.0,4.0,2020.0,0,0,0,0,0,Universal,4,0,0,0,0,0,1,0,0,1,0,0,1,1,Drama Horror Mystery Sci-Fi Thriller,1,15.76142084987672,1.0,4.276666119016055,17.15503343771204,18.069845870697844,False,False,False,False,False,False,False,False,True,False,False,True,False,False,False,False,False,False,False,False,False,False
The Call of the Wild,2020,2020-02-21,62342368.0,3914.0,Adventure Drama Family,,https://www.boxofficemojo.com/release/rl2533524993/?ref_=bo_yld_table_10,24791624.0,3752.0,135000000.0,PG,100.0,20th Century Studios,the call of the wild,the_call_of_the_wild_2020,,,,,63.0,212.0,89.0,2020-02-21,2.0,4.0,2020.0,1,0,0,0,0,Disney,2,0,1,0,0,0,1,1,0,0,0,0,0,0,Adventure Drama Family,1,18.72078534381011,,0.0,17.026016452488278,17.94815183286472,False,False,True,False,False,False,False,False,False,False,False,True,False,False,False,False,False,False,False,False,False,False
Onward,2020,2020-03-06,61555145.0,4310.0,Adventure Animation Comedy Drama Family Fantasy,,https://www.boxofficemojo.com/release/rl3433267713/?ref_=bo_yld_table_11,39119861.0,4310.0,,PG,102.0,Walt Disney Studios Motion Pictures,onward,onward,20200305193735.0,87.0,154.0,,88.0,346.0,95.0,2020-03-06,3.0,4.0,2020.0,0,0,0,1,0,Disney,2,0,1,1,1,0,1,1,1,0,0,0,0,0,Adventure Animation Comedy Drama Family Fantasy,0,0.0,1.0,5.043425116919247,17.482140875517306,17.9354440139236,False,False,True,False,False,False,False,False,False,False,False,False,True,False,False,False,False,False,False,False,False,False
Tenet,2020,2020-09-03,58504105.0,2930.0,Action Sci-Fi Thriller,,https://www.boxofficemojo.com/release/rl1442940417/?ref_=bo_yld_table_12,9353090.0,2810.0,205000000.0,PG,150.0,Warner Bros.,tenet,tenet,20200903202558.0,,,,70.0,379.0,76.0,2020-09-03,9.0,3.0,2020.0,1,0,0,0,0,WB,2,1,0,0,0,0,0,0,0,0,0,0,1,1,Action Sci-Fi Thriller,1,19.138520541980732,,0.0,16.05121743486791,17.884607497773207,False,False,False,False,False,False,False,False,False,True,False,False,False,False,False,False,False,False,True,False,False,False
Knives Out,2020,2019-11-27,165363234.0,3461.0,Comedy Crime Drama Mystery Thriller,,https://www.boxofficemojo.com/release/rl3204875777/?ref_=bo_yld_table_13,26769548.0,3461.0,40000000.0,PG,130.0,Lionsgate,knives out,knives_out,,,,,97.0,471.0,92.0,2019-11-27,11.0,2.0,2019.0,1,0,1,0,0,Lionsgate,2,0,0,0,1,1,1,0,0,0,0,0,0,1,Comedy Crime Drama Mystery Thriller,1,17.50439003707821,,0.0,17.102775568137584,18.9236550365233,False,False,False,True,False,False,False,False,False,False,False,False,False,False,False,False,False,False,False,False,True,False
Frozen II,2020,2019-11-22,477373578.0,4440.0,Adventure Animation Comedy Drama Family Fantasy Musical,,https://www.boxofficemojo.com/release/rl2424210945/?ref_=bo_yld_table_14,130263358.0,4440.0,150000000.0,PG,103.0,Walt Disney Studios Motion Pictures,frozen ii,frozen_ii,,,,,77.0,341.0,92.0,2019-11-22,11.0,4.0,2019.0,1,0,1,0,1,Disney,2,0,1,1,1,0,1,1,1,0,1,0,0,0,Adventure Animation Comedy Drama Family Fantasy Musical,1,18.826145858727198,,0.0,18.685068797637815,19.983809926810054,False,False,True,False,False,False,False,False,False,False,False,False,False,False,False,False,False,False,False,False,True,False
Spies in Disguise,2020,2019-12-25,66757013.0,3502.0,Action Adventure Animation Comedy Drama Family Sci-Fi Thriller,,https://www.boxofficemojo.com/release/rl1333691905/?ref_=bo_yld_table_15,13354798.0,3502.0,100000000.0,PG,102.0,20th Century Fox,spies in disguise,spies_in_disguise,,,,,76.0,123.0,92.0,2019-12-25,12.0,2.0,2019.0,1,0,1,0,0,Other,2,1,1,1,1,0,1,1,0,0,0,0,1,1,Action Adventure Animation Comedy Drama Family Sci-Fi Thriller,1,18.420680753952364,,0.0,16.40738635387007,18.016569928375944,False,False,False,False,False,True,False,False,False,False,False,False,False,False,False,False,False,False,False,False,False,True
The Gentlemen,2020,2020-01-24,36471795.0,2675.0,Action Comedy Crime,,https://www.boxofficemojo.com/release/rl3473442305/?ref_=bo_yld_table_16,10651884.0,2165.0,22000000.0,R,113.0,STX Entertainment,the gentlemen,the_gentlemen,,,,,75.0,277.0,84.0,2020-01-24,1.0,4.0,2020.0,0,0,0,0,0,Other,4,1,0,0,1,1,0,0,0,0,0,0,0,0,Action Comedy Crime,1,16.906553056777135,,0.0,16.18124742976305,17.4120498075279,False,False,False,False,False,True,False,False,False,False,True,False,False,False,False,False,False,False,False,False,False,False
Just Mercy,2020,Dec 25,36001502.0,2457.0,Biography Crime Drama,,https://www.boxofficemojo.com/release/rl419792385/?ref_=bo_yld_table_17,107858.0,4.0,25000000.0,PG,137.0,Warner Bros.,just mercy,just_mercy,,,,,85.0,310.0,99.0,,,,2020.0,0,0,0,0,0,WB,2,0,0,0,0,1,1,0,0,0,0,0,0,0,Biography Crime Drama,1,17.034386422832473,,0.0,11.588580097570658,17.39907124554888,False,False,False,False,False,False,False,False,False,True,False,False,False,False,False,False,False,False,False,False,False,False
The Croods: A New Age,2020,2020-11-25,58568815.0,2211.0,Adventure Animation Comedy Family Fantasy,,https://www.boxofficemojo.com/release/rl3209528833/?ref_=bo_yld_table_18,9724200.0,2211.0,,PG,95.0,Universal Pictures,the croods a new age,the_croods_a_new_age,,,,,77.0,156.0,94.0,2020-11-25,11.0,2.0,2020.0,1,0,1,0,1,Universal,2,0,1,1,1,0,0,1,1,0,0,0,0,0,Adventure Animation Comedy Family Fantasy,0,0.0,,0.0,16.090128284710485,17.885712962734438,False,False,False,False,False,False,False,False,True,False,False,False,False,False,False,False,False,False,False,False,True,False
Parasite,2020,Oct 11,53369749.0,2001.0,Drama Thriller,,https://www.boxofficemojo.com/release/rl1258849793/?ref_=bo_yld_table_19,393216.0,3.0,11400000.0,R,132.0,Neon,parasite,,,,,,,,,,,,2020.0,0,0,0,0,0,Other,4,0,0,0,0,0,1,0,0,0,0,0,0,1,Drama Thriller,1,16.249124001084017,,0.0,12.882116901315456,17.792754664019597,False,False,False,False,False,True,False,False,False,False,False,False,False,False,False,False,False,False,False,False,False,False
Fantasy Island,2020,2020-02-14,27309289.0,2784.0,Fantasy Horror Mystery,,https://www.boxofficemojo.com/release/rl1611040257/?ref_=bo_yld_table_20,12310420.0,2784.0,7000000.0,PG,109.0,Sony Pictures Releasing,fantasy island,fantasy_island,,,,,86.0,2.0,86.0,2020-02-14,2.0,4.0,2020.0,1,0,0,0,0,Sony,2,0,0,0,0,0,0,0,1,1,0,0,0,0,Fantasy Horror Mystery,1,15.76142084987672,,0.0,16.325956697413364,17.122737495308936,False,False,False,False,False,False,False,True,False,False,False,True,False,False,False,False,False,False,False,False,False,False
Uncut Gems,2020,Dec 13,50023780.0,2686.0,Crime Drama Thriller,,https://www.boxofficemojo.com/release/rl3825763841/?ref_=bo_yld_table_21,537242.0,5.0,19000000.0,R,135.0,A24,uncut gems,uncut_gems,,,,,91.0,350.0,52.0,,,,2020.0,0,0,0,0,0,A24,4,0,0,0,0,1,1,0,0,0,0,0,0,1,Crime Drama Thriller,1,16.759949589762293,,0.0,13.194205785103915,17.72800907032108,True,False,False,False,False,False,False,False,False,False,False,False,False,False,False,False,False,False,False,False,False,False
The New Mutants,2020,2020-08-28,23852659.0,2754.0,Action Horror Mystery Sci-Fi,,https://www.boxofficemojo.com/release/rl1098876417/?ref_=bo_yld_table_22,7037017.0,2412.0,,PG,94.0,20th Century Studios,the new mutants,the_new_mutants,,,,,36.0,136.0,55.0,2020-08-28,8.0,4.0,2020.0,0,1,0,0,0,Disney,2,1,0,0,0,0,0,0,0,1,0,0,1,0,Action Horror Mystery Sci-Fi,0,0.0,,0.0,15.766695058853614,16.987406299477893,False,False,True,False,False,False,False,False,False,False,False,False,False,False,False,False,False,True,False,False,False,False
Wonder Woman 1984,2020,2020-12-25,46801036.0,2218.0,Action Adventure Fantasy,,https://www.boxofficemojo.com/release/rl3624109569/?ref_=bo_yld_table_23,16701957.0,2151.0,,PG,151.0,Warner Bros.,wonder woman 1984,wonder_woman_1984,,,,,57.0,455.0,73.0,2020-12-25,12.0,4.0,2020.0,1,0,1,0,0,WB,2,1,1,0,0,0,0,0,1,0,0,0,0,0,Action Adventure Fantasy,0,0.0,,0.0,16.631036516023247,17.661415918762046,False,False,False,False,False,False,False,False,False,True,False,False,False,False,False,False,False,False,False,False,False,True
Like a Boss,2020,2020-01-10,22169514.0,3081.0,Comedy,,https://www.boxofficemojo.com/release/rl4278486529/?ref_=bo_yld_table_24,10011272.0,3078.0,29000000.0,R,83.0,Paramount Pictures,like a boss,like_a_boss,20200109202528.0,25.0,40.0,,22.0,159.0,65.0,2020-01-10,1.0,4.0,2020.0,0,0,0,0,0,Paramount,4,0,0,0,1,0,0,0,0,0,0,0,0,0,Comedy,1,17.182806422433504,-3.0,3.713572066704308,16.119222316032797,16.91422870494364,False,False,False,False,False,False,True,False,False,False,True,False,False,False,False,False,False,False,False,False,False,False
The Grudge,2020,2020-01-03,21221803.0,2642.0,Fantasy Horror,,https://www.boxofficemojo.com/release/rl1745126913/?ref_=bo_yld_table_25,11404113.0,2642.0,10000000.0,R,94.0,Sony Pictures Releasing,the grudge,the_grudge,,,,,41.0,163.0,46.0,2020-01-03,1.0,4.0,2020.0,0,0,0,0,0,Sony,4,0,0,0,0,0,0,0,1,1,0,0,0,0,Fantasy Horror,1,16.118095750958314,,0.0,16.249484725457194,16.870539701674222,False,False,False,False,False,False,False,True,False,False,True,False,False,False,False,False,False,False,False,False,False,False
Unhinged,2020,Aug 14,20831465.0,2402.0,Action Thriller,,https://www.boxofficemojo.com/release/rl2141815297/?ref_=bo_yld_table_26,601032.0,299.0,,R,90.0,Solstice Studios,unhinged,unhinged,,,,,27.0,49.0,27.0,,,,2020.0,0,0,0,0,0,Other,4,1,0,0,0,0,0,0,0,0,0,0,0,1,Action Thriller,0,0.0,,0.0,13.306405120495786,16.85197519002133,False,False,False,False,False,True,False,False,False,False,False,False,False,False,False,False,False,False,False,False,False,False
The Photograph,2020,2020-02-14,20578185.0,2516.0,Drama Romance,,https://www.boxofficemojo.com/release/rl1655931393/?ref_=bo_yld_table_27,12181865.0,2516.0,16000000.0,PG,106.0,Universal Pictures,the photograph,the-photograph,,,,,62.0,10.0,62.0,2020-02-14,2.0,4.0,2020.0,1,0,0,0,0,Universal,2,0,0,0,0,0,1,0,0,0,0,1,0,0,Drama Romance,1,16.588099342704055,,0.0,16.315459010482243,16.839742140656323,False,False,False,False,False,False,False,False,True,False,False,True,False,False,False,False,False,False,False,False,False,False
The War with Grandpa,2020,2020-10-09,21277892.0,2365.0,Comedy Drama Family,,https://www.boxofficemojo.com/release/rl1078166273/?ref_=bo_yld_table_28,3623880.0,2250.0,,PG,94.0,101 Studios,the war with grandpa,the_war_with_grandpa,,,,,29.0,121.0,85.0,2020-10-09,10.0,4.0,2020.0,0,0,0,0,0,Other,2,0,0,0,1,0,1,1,0,0,0,0,0,0,Comedy Drama Family,0,0.0,,0.0,15.103056108961281,16.873179204377696,False,False,False,False,False,True,False,False,False,False,False,False,False,False,False,False,False,False,False,True,False,False
Underwater,2020,2020-01-10,17291078.0,2791.0,Action Adventure Horror Sci-Fi Thriller,,https://www.boxofficemojo.com/release/rl302548481/?ref_=bo_yld_table_29,7008297.0,2791.0,,PG,95.0,20th Century Fox,underwater,underwater,,,,,13.0,6.0,13.0,2020-01-10,1.0,4.0,2020.0,0,0,0,0,0,Other,2,1,1,0,0,0,0,0,0,1,0,0,1,1,Action Adventure Horror Sci-Fi Thriller,0,0.0,,0.0,15.762605433525344,16.665701261727335,False,False,False,False,False,True,False,False,False,False,True,False,False,False,False,False,False,False,False,False,False,False
The Turning,2020,2020-01-24,15472775.0,2571.0,Drama Horror Mystery,,https://www.boxofficemojo.com/release/rl3020195329/?ref_=bo_yld_table_30,6950045.0,2571.0,14000000.0,PG,94.0,Universal Pictures,the turning,the_turning,,,,,86.0,28.0,54.0,2020-01-24,1.0,4.0,2020.0,0,0,0,0,0,Universal,2,0,0,0,0,0,1,0,0,1,0,0,0,0,Drama Horror Mystery,1,16.454567959008102,,0.0,15.754258836224107,16.55459265053641,False,False,False,False,False,False,False,False,True,False,True,False,False,False,False,False,False,False,False,False,False,False
Gretel & Hansel,2020,2020-01-31,15347654.0,3007.0,Fantasy Horror Mystery Thriller,,https://www.boxofficemojo.com/release/rl3842541057/?ref_=bo_yld_table_31,6154007.0,3007.0,,PG,87.0,United Artists Releasing,gretel  hansel,gretel_and_hansel,,,,,63.0,115.0,23.0,2020-01-31,1.0,4.0,2020.0,0,0,0,0,0,Other,2,0,0,0,0,0,0,0,1,1,0,0,0,1,Fantasy Horror Mystery Thriller,0,0.0,,0.0,15.63261413483078,16.546473251597508,False,False,False,False,False,True,False,False,False,False,True,False,False,False,False,False,False,False,False,False,False,False
My Hero Academia: Heroes Rising,2020,2020-02-26,13304000.0,1231.0,Action Adventure Animation Sci-Fi,,https://www.boxofficemojo.com/release/rl867926529/?ref_=bo_yld_table_33,5891252.0,1196.0,,PG,104.0,FUNimation Entertainment,my hero academia heroes rising,my_hero_academia_heroes_rising,,,,,92.0,39.0,98.0,2020-02-26,2.0,2.0,2020.0,0,0,0,0,1,Other,2,1,1,1,0,0,0,0,0,0,0,0,1,0,Action Adventure Animation Sci-Fi,0,0.0,,0.0,15.588979266449737,16.40357537502026,False,False,False,False,False,True,False,False,False,False,False,True,False,False,False,False,False,False,False,False,False,False
Bombshell,2020,Dec 13,31762808.0,1721.0,Biography Drama,,https://www.boxofficemojo.com/release/rl2550760961/?ref_=bo_yld_table_34,319157.0,4.0,32000000.0,R,109.0,Lionsgate,bombshell,bombshell,,,,,0.0,0.0,0.0,,,,2020.0,0,0,0,0,0,Lionsgate,4,0,0,0,0,0,1,0,0,0,0,0,0,0,Biography Drama,1,17.281246492014,,0.0,12.673441556953152,17.2738066350166,False,False,False,True,False,False,False,False,False,False,False,False,False,False,False,False,False,False,False,False,False,False
The Way Back,2020,-,13590514.0,2718.0,Drama Sport,,https://www.boxofficemojo.com/release/rl4127819265/?ref_=bo_yld_table_35,8170315.0,2718.0,,R,108.0,Warner Bros.,the way back,the_way_back,,,,,73.0,137.0,72.0,,,,2020.0,0,0,0,0,0,WB,4,0,0,0,0,0,1,0,0,0,0,0,0,0,Drama Sport,0,0.0,,0.0,15.916018144178782,16.424882680920714,False,False,False,False,False,False,False,False,False,True,False,False,False,False,False,False,False,False,False,False,False,False
Brahms: The Boy II,2020,2020-02-21,12611536.0,2151.0,Drama Horror Mystery Thriller,,https://www.boxofficemojo.com/release/rl2567538177/?ref_=bo_yld_table_36,5823006.0,2151.0,10000000.0,PG,86.0,STX Entertainment,brahms the boy ii,brahms_the_boy_ii,,,,,11.0,56.0,44.0,2020-02-21,2.0,4.0,2020.0,1,0,0,0,1,Other,2,0,0,0,0,0,1,0,0,1,0,0,0,1,Drama Horror Mystery Thriller,1,16.118095750958314,,0.0,15.577327352948021,16.350122587904398,False,False,False,False,False,True,False,False,False,False,False,True,False,False,False,False,False,False,False,False,False,False
Jojo Rabbit,2020,Oct 18,33370906.0,1173.0,Comedy Drama War,,https://www.boxofficemojo.com/release/rl2030601729/?ref_=bo_yld_table_37,349555.0,5.0,14000000.0,PG,108.0,Fox Searchlight Pictures,jojo rabbit,jojo_rabbit,,,,,81.0,432.0,94.0,,,,2020.0,0,0,0,0,0,Disney,2,0,0,0,1,0,1,0,0,0,0,0,0,0,Comedy Drama War,1,16.454567959008102,,0.0,12.764419056719149,17.323195030460074,False,False,True,False,False,False,False,False,False,False,False,False,False,False,False,False,False,False,False,False,False,False
Impractical Jokers: The Movie,2020,Feb 21,10691091.0,1900.0,Comedy,,https://www.boxofficemojo.com/release/rl2998501889/?ref_=bo_yld_table_38,2607049.0,357.0,3000000.0,PG,92.0,truTV,impractical jokers the movie,impractical_jokers_the_movie,,,,,36.0,25.0,76.0,,,,2020.0,0,0,0,0,1,Other,2,0,0,0,1,0,0,0,0,0,0,0,0,0,Comedy,1,14.914123179965662,,0.0,14.773729871864825,16.184921429327613,False,False,False,False,False,True,False,False,False,False,False,False,False,False,False,False,False,False,False,False,False,False
Ford v Ferrari,2020,2019-11-15,117624357.0,3746.0,Action Biography Drama Sport,,https://www.boxofficemojo.com/release/rl990348801/?ref_=bo_yld_table_39,31474958.0,3528.0,97600000.0,PG,152.0,20th Century Fox,ford v ferrari,ford_v_ferrari,,,,,92.0,363.0,98.0,2019-11-15,11.0,4.0,2019.0,0,0,1,0,1,Other,2,1,0,0,0,0,1,0,0,0,0,0,0,0,Action Biography Drama Sport,1,18.39638806162922,,0.0,17.264702835272708,18.583006697831543,False,False,False,False,False,True,False,False,False,False,False,False,False,False,False,False,False,False,False,False,True,False
Emma.,2020,Feb 21,10055355.0,1732.0,Comedy Drama Romance,,https://www.boxofficemojo.com/release/rl3221784065/?ref_=bo_yld_table_40,234482.0,5.0,10000000.0,PG,124.0,Focus Features,emma,emma_2020,,,,,86.0,260.0,72.0,,,,2020.0,0,0,0,0,0,Universal,2,0,0,0,1,0,1,0,0,0,0,1,0,0,Comedy Drama Romance,1,16.118095750958314,,0.0,12.365138369571095,16.123615985833148,False,False,False,False,False,False,False,False,True,False,False,False,False,False,False,False,False,False,False,False,False,False
Bloodshot,2020,2020-03-13,12561824.0,2861.0,Action Adventure Sci-Fi,,https://www.boxofficemojo.com/release/rl235374081/?ref_=bo_yld_table_41,9176695.0,2861.0,45000000.0,PG,109.0,Sony Pictures Releasing,bloodshot,bloodshot,,,,,29.0,3.0,29.0,2020-03-13,3.0,4.0,2020.0,1,0,0,1,0,Sony,2,1,1,0,0,0,0,0,0,0,0,0,1,0,Action Adventure Sci-Fi,1,17.622173069956816,,0.0,16.032177784958467,16.346173010996704,False,False,False,False,False,False,False,True,False,False,False,False,True,False,False,False,False,False,False,False,False,False
I Still Believe,2020,2020-03-13,9868521.0,3250.0,Biography Drama Music Romance,,https://www.boxofficemojo.com/release/rl1628014081/?ref_=bo_yld_table_42,9103614.0,3250.0,12000000.0,PG,116.0,Lionsgate,i still believe,i_still_believe,,,,,50.0,48.0,98.0,2020-03-13,3.0,4.0,2020.0,1,0,0,1,0,Lionsgate,2,0,0,0,0,0,1,0,0,0,0,1,0,0,Biography Drama Music Romance,1,16.300417291085605,,0.0,16.02418214535035,16.104860653489315,False,False,False,True,False,False,False,False,False,False,False,False,True,False,False,False,False,False,False,False,False,False
Come Play,2020,2020-10-30,10475990.0,2183.0,Drama Horror Mystery Thriller,,https://www.boxofficemojo.com/release/rl2773844737/?ref_=bo_yld_table_43,3119875.0,2183.0,,PG,96.0,Focus Features,come play,come_play,20201027212218.0,,,,57.0,120.0,67.0,2020-10-30,10.0,4.0,2020.0,0,0,0,0,0,Universal,2,0,0,0,0,0,1,0,0,1,0,0,0,1,Drama Horror Mystery Thriller,0,0.0,,0.0,14.953303815406125,16.164596625502842,False,False,False,False,False,False,False,False,True,False,False,False,False,False,False,False,False,False,False,True,False,False
Let Him Go,2020,2020-11-06,9358025.0,2458.0,Crime Drama Thriller Western,,https://www.boxofficemojo.com/release/rl2393408001/?ref_=bo_yld_table_44,4000470.0,2454.0,,R,113.0,Focus Features,let him go,let_him_go,20201102143202.0,,,,85.0,197.0,76.0,2020-11-06,11.0,4.0,2020.0,0,0,1,0,0,Universal,4,0,0,0,0,1,1,0,0,0,0,0,0,1,Crime Drama Thriller Western,0,0.0,,0.0,15.201922662152178,16.051744928775886,False,False,False,False,False,False,False,False,True,False,False,False,False,False,False,False,False,False,False,False,True,False
Freaky,2020,2020-11-13,9030855.0,2472.0,Comedy Horror Thriller,,https://www.boxofficemojo.com/release/rl1699840769/?ref_=bo_yld_table_45,3600355.0,2472.0,,R,102.0,Universal Pictures,freaky,freaky,,,,,84.0,253.0,80.0,2020-11-13,11.0,4.0,2020.0,0,0,1,0,0,Universal,4,0,0,0,1,0,0,0,0,1,0,0,0,1,Comedy Horror Thriller,0,0.0,,0.0,15.096543287426044,16.01615771602775,False,False,False,False,False,False,False,False,True,False,False,False,False,False,False,False,False,False,False,False,True,False
Downhill,2020,2020-02-14,8287061.0,2311.0,Comedy Drama,,https://www.boxofficemojo.com/release/rl2611249665/?ref_=bo_yld_table_46,4622018.0,2301.0,,R,86.0,Searchlight Pictures,downhill,downhill,,,,,89.0,9.0,62.0,2020-02-14,2.0,4.0,2020.0,1,0,0,0,0,Disney,4,0,0,0,1,0,1,0,0,0,0,0,0,0,Comedy Drama,0,0.0,,0.0,15.346342180582571,15.930206061400876,False,False,True,False,False,False,False,False,False,False,False,True,False,False,False,False,False,False,False,False,False,False
Weathering with You,2020,2020-01-15,8056636.0,1020.0,Animation Drama Fantasy Romance,,https://www.boxofficemojo.com/release/rl3669066241/?ref_=bo_yld_table_47,1808533.0,486.0,,PG,112.0,GKIDS,weathering with you,weathering_with_you,,,,,92.0,98.0,95.0,2020-01-15,1.0,2.0,2020.0,1,0,0,0,0,Other,2,0,0,1,0,0,1,0,1,0,0,1,0,0,Animation Drama Fantasy Romance,0,0.0,,0.0,14.40802713030816,15.902006781754052,False,False,False,False,False,True,False,False,False,False,True,False,False,False,False,False,False,False,False,False,False,False
Cats,2020,2019-12-20,27166770.0,3380.0,Comedy Drama Family Fantasy Musical,,https://www.boxofficemojo.com/release/rl2684847617/?ref_=bo_yld_table_48,6619870.0,3380.0,95000000.0,PG,110.0,Universal Pictures,cats,cats_2020,,,,,27.0,43.0,27.0,2019-12-20,12.0,4.0,2019.0,1,0,1,0,0,Universal,2,0,0,0,1,0,1,1,1,0,1,0,0,0,Comedy Drama Family Fantasy Musical,1,18.36938746009113,,0.0,15.705586441318495,17.117505130026405,False,False,False,False,False,False,False,False,True,False,False,False,False,False,False,False,False,False,False,False,False,True
The Hunt,2020,2020-03-13,5812500.0,3028.0,Action Horror Thriller,,https://www.boxofficemojo.com/release/rl1459979777/?ref_=bo_yld_table_49,5304455.0,3028.0,14000000.0,R,90.0,Universal Pictures,the hunt,,,,,,,,,2020-03-13,3.0,4.0,2020.0,1,0,0,1,0,Universal,4,1,0,0,0,0,0,0,0,1,0,0,0,1,Action Horror Thriller,1,16.454567959008102,,0.0,15.484057780003061,15.575521500920745,False,False,False,False,False,False,False,False,True,False,False,False,True,False,False,False,False,False,False,False,False,False
The Rhythm Section,2020,2020-01-31,5437971.0,3049.0,Action Drama Mystery Thriller,,https://www.boxofficemojo.com/release/rl3775038977/?ref_=bo_yld_table_50,2715384.0,3049.0,50000000.0,R,109.0,Paramount Pictures,the rhythm section,the_rhythm_section,,,,,28.0,188.0,44.0,2020-01-31,1.0,4.0,2020.0,0,0,0,0,0,Paramount,4,1,0,0,0,0,1,0,0,0,0,0,0,1,Action Drama Mystery Thriller,1,17.72753358339242,,0.0,14.814444306085038,15.508916755209476,False,False,False,False,False,False,True,False,False,False,True,False,False,False,False,False,False,False,False,False,False,False
Monster Hunter,2020,2020-12-18,15162470.0,1817.0,Action Adventure Animation Fantasy,,https://www.boxofficemojo.com/release/rl1862895105/?ref_=bo_yld_table_51,2201269.0,1736.0,,PG,103.0,Screen Gems,monster hunter,monster_hunter,,,,,45.0,98.0,70.0,2020-12-18,12.0,4.0,2020.0,0,0,1,0,0,Other,2,1,1,1,0,0,0,0,1,0,0,0,0,0,Action Adventure Animation Fantasy,0,0.0,,0.0,14.604545024498012,16.534333919619257,False,False,False,False,False,True,False,False,False,False,False,False,False,False,False,False,False,False,False,False,False,True
A Beautiful Day in the Neighborhood,2020,2019-11-22,61704055.0,3491.0,Biography Drama Family,,https://www.boxofficemojo.com/release/rl2651096577/?ref_=bo_yld_table_52,13251238.0,3235.0,25000000.0,PG,109.0,Sony Pictures Releasing,a beautiful day in the neighborhood,a_beautiful_day_in_the_neighborhood,,,,,95.0,380.0,92.0,2019-11-22,11.0,4.0,2019.0,1,0,1,0,0,Sony,2,0,0,0,0,0,1,1,0,0,0,0,0,0,Biography Drama Family,1,17.034386422832473,,0.0,16.39960161545873,17.937860224154228,False,False,False,False,False,False,False,True,False,False,False,False,False,False,False,False,False,False,False,False,True,False
Hocus Pocus,2020,2020-10-02,43846.0,2570.0,Comedy Family Fantasy,,https://www.boxofficemojo.com/release/rl1331004161/?ref_=bo_yld_table_53,1925000.0,2570.0,,PG,96.0,Walt Disney Studios Motion Pictures,hocus pocus,hocus_pocus,,,,,42.0,65.0,72.0,2020-10-02,10.0,4.0,2020.0,0,0,0,0,0,Disney,2,0,0,0,1,0,0,1,1,0,0,0,0,0,Comedy Family Fantasy,0,0.0,,0.0,14.470437045184406,10.688461580408601,False,False,True,False,False,False,False,False,False,False,False,False,False,False,False,False,False,False,False,True,False,False
Richard Jewell,2020,2019-12-13,22345542.0,2502.0,Biography Crime Drama,,https://www.boxofficemojo.com/release/rl2903213569/?ref_=bo_yld_table_54,4705265.0,2502.0,45000000.0,R,131.0,Warner Bros.,richard jewell,richard_jewell,20191212190551.0,,,,77.0,299.0,96.0,2019-12-13,12.0,4.0,2019.0,0,0,1,0,0,WB,4,0,0,0,0,1,1,0,0,0,0,0,0,0,Biography Crime Drama,1,17.622173069956816,,0.0,15.364192865003965,16.922137440792852,False,False,False,False,False,False,False,False,False,True,False,False,False,False,False,False,False,False,False,False,False,True
The SpongeBob Movie: Sponge on the Run,2020,2020-08-14,4810790.0,326.0,Adventure Animation Comedy Drama Family Fantasy,,https://www.boxofficemojo.com/release/rl2558297601/?ref_=bo_yld_table_55,865824.0,300.0,,PG,91.0,Paramount Pictures,the spongebob movie sponge on the run,the_spongebob_movie_sponge_on_the_run,,,,,66.0,74.0,48.0,2020-08-14,8.0,4.0,2020.0,0,1,0,0,1,Paramount,2,0,1,1,1,0,1,1,1,0,0,0,0,0,Adventure Animation Comedy Drama Family Fantasy,0,0.0,,0.0,13.671438088602017,15.386372077626127,False,False,False,False,False,False,True,False,False,False,False,False,False,False,False,False,False,True,False,False,False,False
The Broken Hearts Gallery,2020,2020-09-11,4067442.0,2221.0,Comedy Romance,,https://www.boxofficemojo.com/release/rl742425345/?ref_=bo_yld_table_56,1126401.0,2209.0,,PG,109.0,TriStar Pictures,the broken hearts gallery,the_broken_hearts_gallery,20200910160549.0,79.0,28.0,,80.0,117.0,88.0,2020-09-11,9.0,4.0,2020.0,0,0,0,0,0,Other,2,0,0,0,1,0,0,0,0,0,0,1,0,0,Comedy Romance,0,0.0,1.0,3.367295829986474,13.93453903995252,15.21852510445532,False,False,False,False,False,True,False,False,False,False,False,False,False,False,False,False,False,False,True,False,False,False
Infidel,2020,2020-09-18,4051990.0,1885.0,Action Thriller,,https://www.boxofficemojo.com/release/rl314475009/?ref_=bo_yld_table_57,1384296.0,1724.0,,R,108.0,Cloudburst Entertainment,infidel,infidel_2020,,,,,58.0,12.0,86.0,2020-09-18,9.0,4.0,2020.0,0,0,0,0,0,Other,4,1,0,0,0,0,0,0,0,0,0,0,0,1,Action Thriller,0,0.0,,0.0,14.14070298751318,15.214718923222874,False,False,False,False,False,True,False,False,False,False,False,False,False,False,False,False,False,False,True,False,False,False
News of the World,2020,2020-12-25,12668325.0,1986.0,Action Adventure Drama Western,,https://www.boxofficemojo.com/release/rl3054208513/?ref_=bo_yld_table_58,2250430.0,1900.0,,PG,118.0,Universal Pictures,news of the world,news_of_the_world,,,,,88.0,270.0,89.0,2020-12-25,12.0,4.0,2020.0,1,0,1,0,0,Universal,2,1,1,0,0,0,1,0,0,0,0,0,0,0,Action Adventure Drama Western,0,0.0,,0.0,14.626632311391736,16.354615420442798,False,False,False,False,False,False,False,False,True,False,False,False,False,False,False,False,False,False,False,False,False,True
Portrait of a Lady on Fire,2020,2019-12-06,3759854.0,334.0,Drama Romance,,https://www.boxofficemojo.com/release/rl1325958657/?ref_=bo_yld_table_59,67344.0,2.0,,R,122.0,Neon,portrait of a lady on fire,portrait_of_a_lady_on_fire,20191205150453.0,98.0,107.0,,98.0,337.0,92.0,2019-12-06,12.0,4.0,2019.0,0,0,1,0,0,Other,4,0,0,0,0,0,1,0,0,0,0,1,0,0,Drama Romance,0,0.0,0.0,4.68213122712422,11.117583940032915,15.139890950792687,False,False,False,False,False,True,False,False,False,False,False,False,False,False,False,False,False,False,False,False,False,True
Bill & Ted Face the Music,2020,2020-08-28,3439660.0,1007.0,Adventure Comedy Music Sci-Fi,,https://www.boxofficemojo.com/release/rl3926492673/?ref_=bo_yld_table_60,1125007.0,1007.0,,PG,91.0,United Artists Releasing,bill  ted face the music,bill_and_ted_face_the_music,,,,,83.0,267.0,64.0,2020-08-28,8.0,4.0,2020.0,0,1,0,0,0,Other,2,0,1,0,1,0,0,0,0,0,0,0,1,0,Adventure Comedy Music Sci-Fi,0,0.0,,0.0,13.933300704706484,15.050883477981927,False,False,False,False,False,True,False,False,False,False,False,False,False,False,False,False,False,True,False,False,False,False
2020 Oscar Nominated Short Films,2020,2020-01-31,3306611.0,536.0,-,,https://www.boxofficemojo.com/release/rl615875073/?ref_=bo_yld_table_61,1155505.0,465.0,,,153.0,Magnolia Pictures,2020 oscar nominated short films,,,,,,,,,2020-01-31,1.0,4.0,2020.0,0,0,0,0,0,Other,3,0,0,0,0,0,0,0,0,0,0,0,0,0,-,0,0.0,,0.0,13.960048901240425,15.011434658198223,False,False,False,False,False,True,False,False,False,False,True,False,False,False,False,False,False,False,False,False,False,False
Queen & Slim,2020,2019-11-27,43808310.0,1715.0,Crime Drama Romance Thriller,,https://www.boxofficemojo.com/release/rl50824705/?ref_=bo_yld_table_62,11890490.0,1690.0,18000000.0,R,132.0,Universal Pictures,queen  slim,queen_and_slim,,,,,82.0,233.0,92.0,2019-11-27,11.0,2.0,2019.0,1,0,1,0,0,Universal,4,0,0,0,0,1,1,0,0,0,0,1,0,1,Crime Drama Romance Thriller,1,16.705882371415992,,0.0,16.291249563020397,17.595334106205083,False,False,False,False,False,False,False,False,True,False,False,False,False,False,False,False,False,False,False,False,True,False
The Empty Man,2020,2020-10-23,2992948.0,2051.0,Drama Horror Mystery Thriller,,https://www.boxofficemojo.com/release/rl168527361/?ref_=bo_yld_table_63,1310326.0,2027.0,,R,137.0,20th Century Studios,the empty man,the_empty_man,,,,,73.0,30.0,39.0,2020-10-23,10.0,4.0,2020.0,0,0,0,0,0,Disney,4,0,0,0,0,0,1,0,0,1,0,0,0,1,Drama Horror Mystery Thriller,0,0.0,,0.0,14.085787282348475,14.911769746930219,False,False,True,False,False,False,False,False,False,False,False,False,False,False,False,False,False,False,False,True,False,False
My Boyfriend's Meds,2020,2020-02-21,2971116.0,350.0,Comedy,,https://www.boxofficemojo.com/release/rl537298433/?ref_=bo_yld_table_64,1396140.0,350.0,,R,100.0,Pantelion Films,my boyfriends meds,my_boyfriends_meds,,,,,83.0,95.0,83.0,2020-02-21,2.0,4.0,2020.0,1,0,0,0,0,Other,4,0,0,0,1,0,0,0,0,0,0,0,0,0,Comedy,0,0.0,,0.0,14.149222560069338,14.904448534349251,False,False,False,False,False,True,False,False,False,False,False,True,False,False,False,False,False,False,False,False,False,False
The Last Full Measure,2020,2020-01-24,2949212.0,617.0,Drama War,,https://www.boxofficemojo.com/release/rl1617987073/?ref_=bo_yld_table_65,1058019.0,614.0,,R,116.0,Roadside Attractions,the last full measure,the_last_full_measure,20200123191515.0,,,,62.0,78.0,96.0,2020-01-24,1.0,4.0,2020.0,0,0,0,0,0,Other,4,0,0,0,0,0,1,0,0,0,0,0,0,0,Drama War,0,0.0,,0.0,13.871909794813394,14.897048913062962,False,False,False,False,False,True,False,False,False,False,True,False,False,False,False,False,False,False,False,False,False,False
Words on Bathroom Walls,2020,2020-08-21,2542518.0,1395.0,Drama Romance,,https://www.boxofficemojo.com/release/rl2437120769/?ref_=bo_yld_table_66,432968.0,924.0,,PG,110.0,Roadside Attractions,words on bathroom walls,words_on_bathroom_walls,,,,,89.0,92.0,94.0,2020-08-21,8.0,4.0,2020.0,0,1,0,0,0,Other,2,0,0,0,0,0,1,0,0,0,0,1,0,0,Drama Romance,0,0.0,,0.0,12.9784214108882,14.748665879836615,False,False,False,False,False,True,False,False,False,False,False,False,False,False,False,False,False,True,False,False,False,False
Star Wars: Episode V - The Empire Strikes Back,2020,2020-07-10,2482000.0,2097.0,Adventure Fantasy Sci-Fi,,https://www.boxofficemojo.com/release/rl172327681/?ref_=bo_yld_table_67,611000.0,611.0,18000000.0,PG,124.0,Walt Disney Studios Motion Pictures,star wars episode v  the empire strikes back,star_wars_episode_v_the_empire_strikes_back,,,,,93.0,174.0,97.0,2020-07-10,7.0,4.0,2020.0,0,1,0,0,1,Disney,2,0,1,0,0,0,0,0,1,0,0,0,1,0,Adventure Fantasy Sci-Fi,1,16.705882371415992,,0.0,13.322853874813605,14.724575647647494,False,False,True,False,False,False,False,False,False,False,False,False,False,False,False,False,True,False,False,False,False,False
Fatale,2020,2020-12-18,6306897.0,1222.0,Drama Mystery Romance Thriller,,https://www.boxofficemojo.com/release/rl1846248961/?ref_=bo_yld_table_68,918112.0,1107.0,,R,102.0,Lionsgate,fatale,fatale,,,,,46.0,70.0,87.0,2020-12-18,12.0,4.0,2020.0,0,0,1,0,0,Lionsgate,4,0,0,0,0,0,1,0,0,0,0,1,0,1,Drama Mystery Romance Thriller,0,0.0,,0.0,13.730075755709139,15.657154513008273,False,False,False,True,False,False,False,False,False,False,False,False,False,False,False,False,False,False,False,False,False,True
The Nightmare Before Christmas,2020,2020-10-16,2286000.0,2194.0,Adventure Animation Family Fantasy Musical,,https://www.boxofficemojo.com/release/rl3260515073/?ref_=bo_yld_table_69,1323000.0,2194.0,,PG,76.0,Walt Disney Studios Motion Pictures,the nightmare before christmas,the_nightmare_before_christmas,,,,,95.0,107.0,91.0,2020-10-16,10.0,4.0,2020.0,0,0,0,0,0,Disney,2,0,1,1,0,0,0,1,1,0,1,0,0,0,Adventure Animation Family Fantasy Musical,0,0.0,,0.0,14.095413198954706,14.642314560782117,False,False,True,False,False,False,False,False,False,False,False,False,False,False,False,False,False,False,False,True,False,False
Ip Man 4: The Finale,2020,2019-12-25,3956031.0,125.0,Action Biography Drama History,,https://www.boxofficemojo.com/release/rl1386316289/?ref_=bo_yld_table_70,737718.0,70.0,,,107.0,Well Go USA Entertainment,ip man 4 the finale,ip_man_4_the_finale,,,,,85.0,34.0,95.0,2019-12-25,12.0,2.0,2019.0,1,0,1,0,1,Other,3,1,0,0,0,0,1,0,0,0,0,0,0,0,Action Biography Drama History,0,0.0,,0.0,13.511318272267982,15.19075206067079,False,False,False,False,False,True,False,False,False,False,False,False,False,False,False,False,False,False,False,False,False,True
Half Brothers,2020,2020-12-04,2241980.0,1386.0,Comedy Drama,,https://www.boxofficemojo.com/release/rl760382209/?ref_=bo_yld_table_71,700160.0,1369.0,,PG,96.0,Focus Features,half brothers,half_brothers_2020,,,,,36.0,44.0,80.0,2020-12-04,12.0,4.0,2020.0,0,0,1,0,0,Universal,2,0,0,0,1,0,1,0,0,0,0,0,0,0,Comedy Drama,0,0.0,,0.0,13.459065587579596,14.622870408002061,False,False,False,False,False,False,False,False,True,False,False,False,False,False,False,False,False,False,False,False,False,True
Elf,2020,2020-11-13,2182679.0,850.0,Adventure Comedy Family Fantasy Romance,,https://www.boxofficemojo.com/release/rl3042738945/?ref_=bo_yld_table_72,170000.0,300.0,33000000.0,PG,97.0,New Line Cinema,elf,elf,,,,,85.0,204.0,79.0,2020-11-13,11.0,4.0,2020.0,0,0,1,0,0,Other,2,0,1,0,1,0,0,1,1,0,0,1,0,0,Adventure Comedy Family Fantasy Romance,1,17.312018149733785,,0.0,12.04355959836804,14.596064037521886,False,False,False,False,False,True,False,False,False,False,False,False,False,False,False,False,False,False,False,False,True,False
The Personal History of David Copperfield,2020,2020-08-28,1876298.0,1550.0,Comedy Drama,,https://www.boxofficemojo.com/release/rl413237761/?ref_=bo_yld_table_73,475800.0,1360.0,,PG,119.0,Searchlight Pictures,the personal history of david copperfield,the_personal_history_of_david_copperfield,,,,,92.0,249.0,55.0,2020-08-28,8.0,4.0,2020.0,0,1,0,0,0,Disney,2,0,0,0,1,0,1,0,0,0,0,0,0,0,Comedy Drama,0,0.0,,0.0,13.072754978572199,14.444811777511513,False,False,True,False,False,False,False,False,False,False,False,False,False,False,False,False,False,True,False,False,False,False
The Wretched,2020,2020-05-01,1814193.0,101.0,Drama Horror Mystery Thriller,,https://www.boxofficemojo.com/release/rl716997121/?ref_=bo_yld_table_74,65908.0,12.0,,,95.0,IFC Films,the wretched,haraamkhor,,,,,67.0,9.0,38.0,2020-05-01,5.0,4.0,2020.0,0,1,0,0,0,Other,3,0,0,0,0,0,1,0,0,1,0,0,0,1,Drama Horror Mystery Thriller,0,0.0,,0.0,11.096030281727145,14.41115184991465,False,False,False,False,False,True,False,False,False,False,False,False,False,False,True,False,False,False,False,False,False,False
The Lodge,2020,2020-02-07,2138907.0,395.0,Drama Horror Mystery Thriller,,https://www.boxofficemojo.com/release/rl2517140993/?ref_=bo_yld_table_75,76251.0,6.0,,R,108.0,Neon,the lodge,the_lodge,,,,,75.0,184.0,51.0,2020-02-07,2.0,4.0,2020.0,0,0,0,0,0,Other,4,0,0,0,0,0,1,0,0,1,0,0,0,1,Drama Horror Mystery Thriller,0,0.0,,0.0,11.241798923633867,14.575805976386865,False,False,False,False,False,True,False,False,False,False,False,True,False,False,False,False,False,False,False,False,False,False
Joker,2020,2019-10-04,335451311.0,4374.0,Drama,,https://www.boxofficemojo.com/release/rl252151297/?ref_=bo_yld_table_76,96202337.0,4374.0,55000000.0,R,122.0,Warner Bros.,joker,joker,,,,,33.0,4.0,33.0,2019-10-04,10.0,4.0,2019.0,0,0,0,0,0,WB,4,0,0,0,0,0,1,0,0,0,0,0,0,0,Drama,1,17.822843761378564,,0.0,18.381964218874913,19.630987383129632,False,False,False,False,False,False,False,False,False,True,False,False,False,False,False,False,False,False,False,True,False,False
The Rental,2020,2020-07-24,1637548.0,250.0,Drama Horror Mystery Thriller,,https://www.boxofficemojo.com/release/rl1857978881/?ref_=bo_yld_table_77,403852.0,250.0,,R,88.0,IFC Films,the rental,4_dead_girls_the_soul_taker_2013,,,,,20.0,1.0,20.0,2020-07-24,7.0,4.0,2020.0,0,1,0,0,0,Other,4,0,0,0,0,0,1,0,0,1,0,0,0,1,Drama Horror Mystery Thriller,0,0.0,,0.0,12.908806229343533,14.308711169707962,False,False,False,False,False,True,False,False,False,False,False,False,False,False,False,False,True,False,False,False,False,False
Once Upon a Time... in Hollywood,2020,2019-07-26,142502728.0,3659.0,Comedy Drama,,https://www.boxofficemojo.com/release/rl520455681/?ref_=bo_yld_table_78,41082018.0,3659.0,90000000.0,R,161.0,Sony Pictures Releasing,once upon a time in hollywood,once_upon_a_time_in_hollywood,,,,,86.0,580.0,70.0,2019-07-26,7.0,4.0,2019.0,0,1,0,0,0,Sony,4,0,0,0,1,0,1,0,0,0,0,0,0,0,Comedy Drama,1,18.31532023940565,,0.0,17.531081089820802,18.774871708366796,False,False,False,False,False,False,False,True,False,False,False,False,False,False,False,False,True,False,False,False,False,False
Jurassic Park,2020,2020-06-19,1386600.0,316.0,Adventure Sci-Fi,,https://www.boxofficemojo.com/release/rl54887169/?ref_=bo_yld_table_79,517600.0,230.0,63000000.0,PG,127.0,Universal Pictures,jurassic park,jurassic_park,,,,,91.0,203.0,91.0,2020-06-19,6.0,4.0,2020.0,0,1,0,0,0,Universal,2,0,1,0,0,0,0,0,0,0,0,0,1,0,Adventure Sci-Fi,1,17.958645300228824,,0.0,13.15695995416078,14.142365986678787,False,False,False,False,False,False,False,False,True,False,False,False,False,False,False,True,False,False,False,False,False,False
2 Hearts,2020,2020-10-16,1349286.0,1683.0,Drama Romance,,https://www.boxofficemojo.com/release/rl4282483457/?ref_=bo_yld_table_80,522937.0,1683.0,,PG,101.0,Freestyle Releasing,2 hearts,2_hearts,,,,,17.0,29.0,87.0,2020-10-16,10.0,4.0,2020.0,0,0,0,0,1,Other,2,0,0,0,0,0,1,0,0,0,0,1,0,0,Drama Romance,0,0.0,,0.0,13.167218189174703,14.115086862747104,False,False,False,False,False,True,False,False,False,False,False,False,False,False,False,False,False,False,False,True,False,False
Promising Young Woman,2020,2020-12-25,6460965.0,1448.0,Crime Drama Mystery Thriller,,https://www.boxofficemojo.com/release/rl3852829185/?ref_=bo_yld_table_81,719305.0,1310.0,,R,113.0,Focus Features,promising young woman,promising_young_woman,,,,,90.0,427.0,87.0,2020-12-25,12.0,4.0,2020.0,1,0,1,0,0,Universal,4,0,0,0,0,1,1,0,0,0,0,0,0,1,Crime Drama Mystery Thriller,0,0.0,,0.0,13.486042137263727,15.681289400183166,False,False,False,False,False,False,False,False,True,False,False,False,False,False,False,False,False,False,False,False,False,True
True to the Game 2,2020,2020-11-06,1200871.0,281.0,Crime Drama Thriller,,https://www.boxofficemojo.com/release/rl4267213569/?ref_=bo_yld_table_82,274631.0,247.0,,R,94.0,Faith Media Distribution,true to the game 2,true_to_the_game_2,,,,,79.0,44.0,79.0,2020-11-06,11.0,4.0,2020.0,0,0,1,0,1,Other,4,0,0,0,0,1,1,0,0,0,0,0,0,1,Crime Drama Thriller,0,0.0,,0.0,12.523187298665661,13.998558517530508,False,False,False,False,False,True,False,False,False,False,False,False,False,False,False,False,False,False,False,False,True,False
Peninsula,2020,2020-08-07,1231407.0,151.0,Action Drama Horror Thriller,,https://www.boxofficemojo.com/release/rl2722267905/?ref_=bo_yld_table_83,118647.0,48.0,,,116.0,Well Go USA Entertainment,peninsula,train_to_busan_presents_peninsula,,,,,54.0,131.0,76.0,2020-08-07,8.0,4.0,2020.0,0,1,0,0,0,Other,3,1,0,0,0,0,1,0,0,1,0,0,0,1,Action Drama Horror Thriller,0,0.0,,0.0,11.6839164054218,14.0236687881086,False,False,False,False,False,True,False,False,False,False,False,False,False,False,False,False,False,True,False,False,False,False
The Assistant,2020,2020-01-31,1100313.0,25.0,Drama,,https://www.boxofficemojo.com/release/rl1554088449/?ref_=bo_yld_table_84,79141.0,4.0,,R,87.0,Bleecker Street Media,the assistant,the_assistant_2020,20200128063505.0,,,,93.0,245.0,25.0,2020-01-31,1.0,4.0,2020.0,0,0,0,0,0,Other,4,0,0,0,0,0,1,0,0,0,0,0,0,0,Drama,0,0.0,,0.0,11.27899898629055,13.911106151579656,False,False,False,False,False,True,False,False,False,False,True,False,False,False,False,False,False,False,False,False,False,False
Love and Monsters,2020,2020-10-16,1070714.0,387.0,Action Adventure Animation Comedy Fantasy Sci-Fi,,https://www.boxofficemojo.com/release/rl4043867649/?ref_=bo_yld_table_85,270302.0,387.0,,PG,109.0,Paramount Pictures,love and monsters,love_and_monsters,,,,,94.0,116.0,89.0,2020-10-16,10.0,4.0,2020.0,0,0,0,0,0,Paramount,2,1,1,1,1,0,0,0,1,0,0,0,1,0,Action Adventure Animation Comedy Fantasy Sci-Fi,0,0.0,,0.0,12.507298830982082,13.883837207574707,False,False,False,False,False,False,True,False,False,False,False,False,False,False,False,False,False,False,False,True,False,False
Relic,2020,2020-07-03,1047083.0,133.0,Drama Horror Mystery Thriller,,https://www.boxofficemojo.com/release/rl1807647233/?ref_=bo_yld_table_86,192352.0,69.0,,R,89.0,IFC Films,relic,relic,,,,,91.0,235.0,51.0,2020-07-03,7.0,4.0,2020.0,1,1,0,0,0,Other,4,0,0,0,0,0,1,0,0,1,0,0,0,1,Drama Horror Mystery Thriller,0,0.0,,0.0,12.16708750462757,13.861519715860842,False,False,False,False,False,True,False,False,False,False,False,False,False,False,False,False,True,False,False,False,False,False
The Tax Collector,2020,2020-08-07,1044212.0,138.0,Action Crime Drama Thriller,,https://www.boxofficemojo.com/release/rl390497025/?ref_=bo_yld_table_87,309694.0,129.0,,,95.0,RLJ Entertainment,the tax collector,the_tax_collector,,,,,17.0,69.0,73.0,2020-08-07,8.0,4.0,2020.0,0,1,0,0,0,Other,3,1,0,0,0,1,1,0,0,0,0,0,0,1,Action Crime Drama Thriller,0,0.0,,0.0,12.643343221174849,13.858774049603367,False,False,False,False,False,True,False,False,False,False,False,False,False,False,False,False,False,True,False,False,False,False
The Last Shift,2020,2020-09-25,1034467.0,886.0,Comedy Drama,,https://www.boxofficemojo.com/release/rl106070785/?ref_=bo_yld_table_88,246491.0,871.0,,R,90.0,Stage 6 Films,the last shift,the_last_shift,,,,,66.0,35.0,37.0,2020-09-25,9.0,4.0,2020.0,0,0,0,0,0,Other,4,0,0,0,1,0,1,0,0,0,0,0,0,0,Comedy Drama,0,0.0,,0.0,12.415084817577172,13.849397842871518,False,False,False,False,False,True,False,False,False,False,False,False,False,False,False,False,False,False,True,False,False,False
Becky,2020,2020-06-05,1004574.0,54.0,Action Crime Drama Thriller,,https://www.boxofficemojo.com/release/rl826311425/?ref_=bo_yld_table_89,209394.0,45.0,,R,93.0,Quiver Distribution,becky,becky_2020,,,,,72.0,121.0,52.0,2020-06-05,6.0,4.0,2020.0,0,1,0,0,0,Other,4,1,0,0,0,1,1,0,0,0,0,0,0,1,Action Crime Drama Thriller,0,0.0,,0.0,12.251977699387554,13.820075124461853,False,False,False,False,False,True,False,False,False,False,False,False,False,False,False,True,False,False,False,False,False,False
The Song of Names,2020,2019-12-25,1077584.0,182.0,Drama Music Mystery War,,https://www.boxofficemojo.com/release/rl2953545217/?ref_=bo_yld_table_90,39452.0,10.0,,PG,113.0,Sony Pictures Classics,the song of names,the_song_of_names,,,,,39.0,56.0,90.0,2019-12-25,12.0,2.0,2019.0,1,0,1,0,0,Sony,2,0,0,0,0,0,1,0,0,0,0,0,0,0,Drama Music Mystery War,0,0.0,,0.0,10.582865369010074,13.890232984159583,False,False,False,False,False,False,False,True,False,False,False,False,False,False,False,False,False,False,False,False,False,True
All My Life,2020,2020-12-04,913935.0,970.0,Drama Romance,,https://www.boxofficemojo.com/release/rl3495330561/?ref_=bo_yld_table_91,370315.0,970.0,,PG,91.0,Universal Pictures,all my life,all_my_life_2020,,,,,59.0,46.0,63.0,2020-12-04,12.0,4.0,2020.0,0,0,1,0,0,Universal,2,0,0,0,0,0,1,0,0,0,0,1,0,0,Drama Romance,0,0.0,,0.0,12.822111974177815,13.725515826102802,False,False,False,False,False,False,False,False,True,False,False,False,False,False,False,False,False,False,False,False,False,True
Mafia Inc,2020,2020-02-14,889863.0,85.0,Crime Drama,,https://www.boxofficemojo.com/release/rl3702948353/?ref_=bo_yld_table_92,264939.0,85.0,,,143.0,Entertainment One,mafia inc,mafia_inc,,,,,93.0,15.0,82.0,2020-02-14,2.0,4.0,2020.0,1,0,0,0,0,Other,3,0,0,0,0,1,1,0,0,0,0,0,0,0,Crime Drama,0,0.0,,0.0,12.487258664238253,13.698823921043076,False,False,False,False,False,True,False,False,False,False,False,True,False,False,False,False,False,False,False,False,False,False
National Lampoon's Christmas Vacation,2020,2020-11-25,871000.0,620.0,Comedy,,https://www.boxofficemojo.com/release/rl3864953601/?ref_=bo_yld_table_93,170000.0,308.0,,,97.0,Warner Bros.,national lampoons christmas vacation,national_lampoons_christmas_vacation,,,,,72.0,58.0,86.0,2020-11-25,11.0,2.0,2020.0,1,0,1,0,0,WB,3,0,0,0,1,0,0,0,0,0,0,0,0,0,Comedy,0,0.0,,0.0,12.04355959836804,13.677398403939607,False,False,False,False,False,False,False,False,False,True,False,False,False,False,False,False,False,False,False,False,True,False
Jay and Silent Bob Reboot,2020,2019-10-15,4589490.0,788.0,Action Adventure Comedy,,https://www.boxofficemojo.com/release/rl3406333441/?ref_=bo_yld_table_94,93520.0,1.0,,R,105.0,Saban Films,jay and silent bob reboot,jay_and_silent_bob_reboot,,,,,67.0,39.0,93.0,2019-10-15,10.0,1.0,2019.0,0,0,0,0,0,Other,4,1,1,0,1,0,0,0,0,0,0,0,0,0,Action Adventure Comedy,0,0.0,,0.0,11.445941288988696,15.339279682641429,False,False,False,False,False,True,False,False,False,False,False,False,False,False,False,False,False,False,False,True,False,False
A Hidden Life,2020,2019-12-13,1730597.0,151.0,Biography Drama Romance War,,https://www.boxofficemojo.com/release/rl2500363777/?ref_=bo_yld_table_95,50383.0,5.0,,PG,174.0,Fox Searchlight Pictures,a hidden life,,,,,,,,,2019-12-13,12.0,4.0,2019.0,0,0,1,0,0,Disney,2,0,0,0,0,0,1,0,0,0,0,1,0,0,Biography Drama Romance War,0,0.0,,0.0,10.827428943340806,14.363977571485554,False,False,True,False,False,False,False,False,False,False,False,False,False,False,False,False,False,False,False,False,False,True
Cut Throat City,2020,2020-08-21,855894.0,389.0,Action Crime Drama Thriller,,https://www.boxofficemojo.com/release/rl2243396097/?ref_=bo_yld_table_96,243379.0,389.0,,R,123.0,Well Go USA Entertainment,cut throat city,cut_throat_city,,,,,72.0,43.0,38.0,2020-08-21,8.0,4.0,2020.0,0,1,0,0,0,Other,4,1,0,0,0,1,1,0,0,0,0,0,0,1,Action Crime Drama Thriller,0,0.0,,0.0,12.402379286890792,13.659902984048689,False,False,False,False,False,True,False,False,False,False,False,False,False,False,False,False,False,True,False,False,False,False
The Goonies,2020,2020-07-10,825000.0,457.0,Adventure Comedy Family,,https://www.boxofficemojo.com/release/rl2051375873/?ref_=bo_yld_table_97,213000.0,134.0,,,114.0,Warner Bros.,the goonies,goonies,,,,,77.0,65.0,90.0,2020-07-10,7.0,4.0,2020.0,0,1,0,0,0,WB,3,0,1,0,1,0,0,1,0,0,0,0,0,0,Adventure Comedy Family,0,0.0,,0.0,12.269052139516223,13.623139877437296,False,False,False,False,False,False,False,False,False,True,False,False,False,False,False,False,True,False,False,False,False,False
Sarileru Neekevvaru,2020,2020-01-10,821000.0,300.0,Action Comedy Drama,,https://www.boxofficemojo.com/release/rl565084673/?ref_=bo_yld_table_98,821000.0,300.0,,,169.0,Great India Films,sarileru neekevvaru,sarileru_neekevvaru,,,,,64.0,72.0,64.0,2020-01-10,1.0,4.0,2020.0,0,0,0,0,0,Other,3,1,0,0,1,0,1,0,0,0,0,0,0,0,Action Comedy Drama,0,0.0,,0.0,13.61827960646062,13.61827960646062,False,False,False,False,False,True,False,False,False,False,True,False,False,False,False,False,False,False,False,False,False,False
Vanguard,2020,2020-11-20,793525.0,1375.0,Action Adventure Comedy Crime Thriller,,https://www.boxofficemojo.com/release/rl1465352961/?ref_=bo_yld_table_99,380428.0,1375.0,,PG,107.0,Gravitas Ventures,vanguard,vanguard,20201118040300.0,,,,29.0,69.0,51.0,2020-11-20,11.0,4.0,2020.0,0,0,1,0,0,Other,2,1,1,0,1,1,0,0,0,0,0,0,0,1,Action Adventure Comedy Crime Thriller,0,0.0,,0.0,12.849054842289126,13.584241584637383,False,False,False,False,False,True,False,False,False,False,False,False,False,False,False,False,False,False,False,False,True,False
21 Bridges,2020,2019-11-22,28539757.0,2665.0,Action Adventure Crime Drama Mystery Thriller,,https://www.boxofficemojo.com/release/rl2886174209/?ref_=bo_yld_table_100,9261268.0,2665.0,33000000.0,R,99.0,STX Entertainment,21 bridges,21_bridges,20191121182606.0,,,,55.0,138.0,91.0,2019-11-22,11.0,4.0,2019.0,1,0,1,0,0,Other,4,1,1,0,0,1,1,0,0,0,0,0,0,1,Action Adventure Crime Drama Mystery Thriller,1,17.312018149733785,,0.0,16.041351638269813,17.166808690649756,False,False,False,False,False,True,False,False,False,False,False,False,False,False,False,False,False,False,False,False,True,False
Jaws,2020,2020-06-19,758300.0,187.0,Adventure Drama Horror Thriller,,https://www.boxofficemojo.com/release/rl2084930305/?ref_=bo_yld_table_101,516300.0,187.0,7000000.0,,124.0,Universal Pictures,jaws,jaws,,,,,97.0,178.0,98.0,2020-06-19,6.0,4.0,2020.0,0,1,0,0,0,Universal,3,0,1,0,0,0,1,0,0,1,0,0,0,1,Adventure Drama Horror Thriller,1,15.76142084987672,,0.0,13.154445207724281,13.538835683427443,False,False,False,False,False,False,False,False,True,False,False,False,False,False,False,True,False,False,False,False,False,False
Possessor,2020,2020-10-02,752885.0,320.0,Horror Mystery Sci-Fi Thriller,,https://www.boxofficemojo.com/release/rl3192554241/?ref_=bo_yld_table_102,252664.0,320.0,,R,103.0,Neon,possessor,possessor_uncut,,,,,94.0,226.0,59.0,2020-10-02,10.0,4.0,2020.0,0,0,0,0,0,Other,4,0,0,0,0,0,0,0,0,1,0,0,1,1,Horror Mystery Sci-Fi Thriller,0,0.0,,0.0,12.439819779628575,13.531669100898428,False,False,False,False,False,True,False,False,False,False,False,False,False,False,False,False,False,False,False,True,False,False
After We Collided,2020,2020-10-23,2386483.0,546.0,Drama Romance,,https://www.boxofficemojo.com/release/rl726762241/?ref_=bo_yld_table_103,422899.0,460.0,,R,105.0,,after we collided,after_we_collided,,,,,13.0,16.0,93.0,2020-10-23,10.0,4.0,2020.0,0,0,0,0,0,Other,4,0,0,0,0,0,1,0,0,0,0,1,0,0,Drama Romance,0,0.0,,0.0,12.95489102346058,14.685331711026816,False,False,False,False,False,True,False,False,False,False,False,False,False,False,False,False,False,False,False,True,False,False
Coco,2020,2017-11-22,210460015.0,3987.0,Adventure Animation Drama Family Fantasy Music Mystery,,https://www.boxofficemojo.com/release/rl3983050241/?ref_=bo_yld_table_104,50802605.0,3987.0,,PG,105.0,Walt Disney Studios Motion Pictures,coco,coco,,,,,15.0,31.0,15.0,2017-11-22,11.0,2.0,2017.0,1,0,1,0,0,Disney,2,0,1,1,0,0,1,1,1,0,0,0,0,0,Adventure Animation Drama Family Fantasy Music Mystery,0,0.0,,0.0,17.74345821044555,19.164806245300884,False,False,True,False,False,False,False,False,False,False,False,False,False,False,False,False,False,False,False,False,True,False
Toy Story,2020,2020-11-06,727000.0,2102.0,Adventure Animation Comedy Family Fantasy,,https://www.boxofficemojo.com/release/rl1700430593/?ref_=bo_yld_table_105,505000.0,2102.0,,,81.0,Walt Disney Studios Motion Pictures,toy story,toy_story,,,,,100.0,161.0,92.0,2020-11-06,11.0,4.0,2020.0,0,0,1,0,0,Disney,3,0,1,1,1,0,0,1,1,0,0,0,0,0,Adventure Animation Comedy Family Fantasy,0,0.0,,0.0,13.132315688453556,13.49668313203053,False,False,True,False,False,False,False,False,False,False,False,False,False,False,False,False,False,False,False,False,True,False
"Monsters, Inc.",2020,2020-10-23,726000.0,1875.0,Adventure Animation Comedy Family Fantasy,,https://www.boxofficemojo.com/release/rl2270790401/?ref_=bo_yld_table_106,494000.0,1875.0,115000000.0,G,92.0,Walt Disney Studios Motion Pictures,monsters inc,monsters_inc,,,,,96.0,191.0,90.0,2020-10-23,10.0,4.0,2020.0,0,0,0,0,0,Disney,1,0,1,1,1,0,0,1,1,0,0,0,0,0,Adventure Animation Comedy Family Fantasy,1,18.560442695023177,,0.0,13.11029282045951,13.495306671216452,False,False,True,False,False,False,False,False,False,False,False,False,False,False,False,False,False,False,False,True,False,False
Baaghi 3,2020,2020-03-06,721439.0,265.0,Action Thriller,,https://www.boxofficemojo.com/release/rl397902337/?ref_=bo_yld_table_107,509616.0,265.0,,,143.0,FIP,baaghi 3,baaghi_3,,,,,0.0,12.0,67.0,2020-03-06,3.0,4.0,2020.0,0,0,0,1,1,Other,3,1,0,0,0,0,0,0,0,0,0,0,0,1,Action Thriller,0,0.0,,0.0,13.14141474218132,13.48900449365491,False,False,False,False,False,True,False,False,False,False,False,False,True,False,False,False,False,False,False,False,False,False
The Santa Clause,2020,2020-11-20,706000.0,1581.0,Comedy Drama Family Fantasy,,https://www.boxofficemojo.com/release/rl1482654465/?ref_=bo_yld_table_108,461000.0,1581.0,22000000.0,PG,97.0,Walt Disney Studios Motion Pictures,the santa clause,,,,,,,,,2020-11-20,11.0,4.0,2020.0,0,0,1,0,0,Disney,2,0,0,0,1,0,1,1,1,0,0,0,0,0,Comedy Drama Family Fantasy,1,16.906553056777135,,0.0,13.04115549117383,13.467371932904971,False,False,True,False,False,False,False,False,False,False,False,False,False,False,False,False,False,False,False,False,True,False
Pain and Glory,2020,2019-10-04,4567338.0,266.0,Drama,,https://www.boxofficemojo.com/release/rl1980270081/?ref_=bo_yld_table_110,152636.0,4.0,,R,113.0,Sony Pictures Classics,pain and glory,pain_and_glory,20191002163926.0,,,,96.0,305.0,91.0,2019-10-04,10.0,4.0,2019.0,0,0,0,0,0,Sony,4,0,0,0,0,0,1,0,0,0,0,0,0,0,Drama,0,0.0,,0.0,11.93581783240092,15.33444131757089,False,False,False,False,False,False,False,True,False,False,False,False,False,False,False,False,False,False,False,True,False,False
The Polar Express,2020,2020-12-04,711000.0,450.0,Adventure Animation Family Fantasy Musical,,https://www.boxofficemojo.com/release/rl3210904321/?ref_=bo_yld_table_111,155000.0,,165000000.0,,100.0,Warner Bros.,the polar express,the_polar_express,,,,,55.0,210.0,64.0,2020-12-04,12.0,4.0,2020.0,0,0,1,0,0,WB,3,0,1,1,0,0,0,1,1,0,1,0,0,0,Adventure Animation Family Fantasy Musical,1,18.92145603792546,,0.0,11.951186847493476,13.47442911525415,False,False,False,False,False,False,False,False,False,True,False,False,False,False,False,False,False,False,False,False,False,True
The Last Vermeer,2020,2020-11-20,685380.0,912.0,Drama War,,https://www.boxofficemojo.com/release/rl3048374785/?ref_=bo_yld_table_112,225691.0,912.0,,R,118.0,TriStar Pictures,the last vermeer,the_last_vermeer,,,,,68.0,78.0,91.0,2020-11-20,11.0,4.0,2020.0,0,0,1,0,0,Other,4,0,0,0,0,0,1,0,0,0,0,0,0,0,Drama War,0,0.0,,0.0,12.326926516896082,13.4377301669996,False,False,False,False,False,True,False,False,False,False,False,False,False,False,False,False,False,False,False,False,True,False
The Addams Family,2020,2020-10-23,678926.0,1307.0,Animation Comedy Family Fantasy Horror,,https://www.boxofficemojo.com/release/rl190350081/?ref_=bo_yld_table_113,282841.0,1307.0,24000000.0,PG,86.0,United Artists Releasing,the addams family,the_addams_family_2019,,,,,46.0,158.0,70.0,2020-10-23,10.0,4.0,2020.0,0,0,0,0,0,Other,2,0,0,1,1,0,0,1,1,1,0,0,0,0,Animation Comedy Family Fantasy Horror,1,16.993564429978885,,0.0,12.5526437168288,13.42826888971545,False,False,False,False,False,True,False,False,False,False,False,False,False,False,False,False,False,False,False,True,False,False
The Addams Family,2020,2020-10-23,678926.0,1307.0,Animation Comedy Family Fantasy Horror,,https://www.boxofficemojo.com/release/rl190350081/?ref_=bo_yld_table_113,282841.0,1307.0,24000000.0,PG,86.0,United Artists Releasing,the addams family,the_addams_family_2019,,,,,46.0,158.0,70.0,2020-10-23,10.0,4.0,2020.0,0,0,0,0,0,Other,2,0,0,1,1,0,0,1,1,1,0,0,0,0,Animation Comedy Family Fantasy Horror,1,16.993564429978885,,0.0,12.5526437168288,13.42826888971545,False,False,False,False,False,True,False,False,False,False,False,False,False,False,False,False,False,False,False,True,False,False
Merci pour tout,2020,2019-12-25,1073969.0,76.0,Comedy,,https://www.boxofficemojo.com/release/rl3232530945/?ref_=bo_yld_table_114,231908.0,57.0,,,99.0,Entertainment One,merci pour tout,,,,,,,,,2019-12-25,12.0,2.0,2019.0,1,0,1,0,0,Other,3,0,0,0,1,0,0,0,0,0,0,0,0,0,Comedy,0,0.0,,0.0,12.354100332322366,13.88687262069992,False,False,False,False,False,True,False,False,False,False,False,False,False,False,False,False,False,False,False,False,False,True
Maleficent: Mistress of Evil,2020,2019-10-18,113929605.0,3820.0,Adventure Drama Family Fantasy Romance,,https://www.boxofficemojo.com/release/rl939755009/?ref_=bo_yld_table_115,36948713.0,3790.0,185000000.0,PG,119.0,Walt Disney Studios Motion Pictures,maleficent mistress of evil,maleficent_mistress_of_evil,20191017000908.0,,,,40.0,258.0,95.0,2019-10-18,10.0,4.0,2019.0,0,0,0,0,1,Disney,2,0,1,0,0,0,1,1,1,0,0,1,0,0,Adventure Drama Family Fantasy Romance,1,19.035866388448003,,0.0,17.425041400963917,18.55109132440447,False,False,True,False,False,False,False,False,False,False,False,False,False,False,False,False,False,False,False,True,False,False
Ghostbusters,2020,2020-07-03,605000.0,622.0,Action Comedy Fantasy Sci-Fi,,https://www.boxofficemojo.com/release/rl423985921/?ref_=bo_yld_table_116,500000.0,622.0,30000000.0,,105.0,Columbia Pictures,ghostbusters,ghostbusters,,,,,95.0,83.0,88.0,2020-07-03,7.0,4.0,2020.0,1,1,0,0,0,Sony,3,1,0,0,1,0,0,0,1,0,0,0,1,0,Action Comedy Fantasy Sci-Fi,1,17.216707972959764,,0.0,13.122365377402328,13.312985389904174,False,False,False,False,False,False,False,True,False,False,False,False,False,False,False,False,True,False,False,False,False,False
Chhapaak,2020,2020-01-10,604334.0,100.0,Biography Drama,,https://www.boxofficemojo.com/release/rl3316417025/?ref_=bo_yld_table_117,316781.0,100.0,,,,FIP,chhapaak,chhapaak,20200109222203.0,,,,89.0,18.0,85.0,2020-01-10,1.0,4.0,2020.0,0,0,0,0,0,Other,3,0,0,0,0,0,1,0,0,0,0,0,0,0,Biography Drama,0,0.0,,0.0,12.665969119126375,13.311883958924977,False,False,False,False,False,True,False,False,False,False,True,False,False,False,False,False,False,False,False,False,False,False
Shortcut,2020,2020-09-25,588869.0,704.0,Adventure Fantasy Horror,,https://www.boxofficemojo.com/release/rl1833927425/?ref_=bo_yld_table_118,243508.0,704.0,,R,80.0,Gravitas Ventures,shortcut,shortcut_2020,,,,,60.0,25.0,24.0,2020-09-25,9.0,4.0,2020.0,0,0,0,0,0,Other,4,0,1,0,0,0,0,0,1,1,0,0,0,0,Adventure Fantasy Horror,0,0.0,,0.0,12.402909181807367,13.285960725200004,False,False,False,False,False,True,False,False,False,False,False,False,False,False,False,False,False,False,True,False,False,False
Panga,2020,2020-01-24,582720.0,102.0,Drama Sport,,https://www.boxofficemojo.com/release/rl951026177/?ref_=bo_yld_table_119,285689.0,102.0,,,131.0,FIP,panga,panga_2020,,,,,94.0,17.0,83.0,2020-01-24,1.0,4.0,2020.0,0,0,0,0,0,Other,3,0,0,0,0,0,1,0,0,0,0,0,0,0,Drama Sport,0,0.0,,0.0,12.562662585856202,13.275463791609969,False,False,False,False,False,True,False,False,False,False,True,False,False,False,False,False,False,False,False,False,False,False
Midway,2020,2019-11-08,56846802.0,3242.0,Action Drama History War,,https://www.boxofficemojo.com/release/rl2634515969/?ref_=bo_yld_table_120,17897419.0,3242.0,100000000.0,PG,138.0,Lionsgate,midway,midway,,,,,39.0,18.0,71.0,2019-11-08,11.0,4.0,2019.0,0,0,1,0,0,Lionsgate,2,1,0,0,0,0,1,0,0,0,0,0,0,0,Action Drama History War,1,18.420680753952364,,0.0,16.700167126344457,17.85587054087153,False,False,False,True,False,False,False,False,False,False,False,False,False,False,False,False,False,False,False,False,True,False
Black Christmas,2020,2019-12-13,10429730.0,2625.0,Horror Mystery Thriller,,https://www.boxofficemojo.com/release/rl1308788225/?ref_=bo_yld_table_121,4240245.0,2625.0,5000000.0,PG,92.0,Universal Pictures,black christmas,black_christmas,,,,,14.0,66.0,38.0,2019-12-13,12.0,4.0,2019.0,0,0,1,0,0,Universal,2,0,0,0,0,0,0,0,0,1,0,0,0,1,Horror Mystery Thriller,1,15.424948670398354,,0.0,15.260131844393035,16.160171035656827,False,False,False,False,False,False,False,False,True,False,False,False,False,False,False,False,False,False,False,False,False,True
Synchronic,2020,2020-10-23,636673.0,327.0,Drama Horror Mystery Sci-Fi Thriller,,https://www.boxofficemojo.com/release/rl3075572481/?ref_=bo_yld_table_122,245561.0,327.0,,R,102.0,Well Go USA Entertainment,synchronic,synchronic,,,,,79.0,160.0,76.0,2020-10-23,10.0,4.0,2020.0,0,0,0,0,0,Other,4,0,0,0,0,0,1,0,0,1,0,0,1,1,Drama Horror Mystery Sci-Fi Thriller,0,0.0,,0.0,12.411304740157231,13.364013029612975,False,False,False,False,False,True,False,False,False,False,False,False,False,False,False,False,False,False,False,True,False,False
Guardians of the Galaxy,2020,2020-11-13,542000.0,1560.0,Action Adventure Comedy Sci-Fi,,https://www.boxofficemojo.com/release/rl526156545/?ref_=bo_yld_table_123,406000.0,1560.0,170000000.0,PG,121.0,Walt Disney Studios Motion Pictures,guardians of the galaxy,guardians_of_the_galaxy,20201112021220.0,,,,91.0,337.0,92.0,2020-11-13,11.0,4.0,2020.0,0,0,1,0,0,Disney,2,1,1,0,1,0,0,0,0,0,0,0,1,0,Action Adventure Comedy Sci-Fi,1,18.951309000896888,,0.0,12.914110901635024,13.20302312543853,False,False,True,False,False,False,False,False,False,False,False,False,False,False,False,False,False,False,False,False,True,False
Color Out of Space,2020,2020-01-24,765561.0,81.0,Horror Mystery Sci-Fi Thriller,,https://www.boxofficemojo.com/release/rl3182658049/?ref_=bo_yld_table_124,216162.0,81.0,,,111.0,RLJ Entertainment,color out of space,color_out_of_space,,,,,86.0,213.0,82.0,2020-01-24,1.0,4.0,2020.0,0,0,0,0,0,Other,3,0,0,0,0,0,0,0,0,1,0,0,1,1,Horror Mystery Sci-Fi Thriller,0,0.0,,0.0,12.283788031706157,13.548365483615289,False,False,False,False,False,True,False,False,False,False,True,False,False,False,False,False,False,False,False,False,False,False
Followed,2020,2020-06-19,538179.0,100.0,Horror Mystery Thriller,,https://www.boxofficemojo.com/release/rl792756993/?ref_=bo_yld_table_125,152825.0,44.0,,R,96.0,Global View Entertainment,followed,followed,,,,,76.0,25.0,46.0,2020-06-19,6.0,4.0,2020.0,0,1,0,0,0,Other,4,0,0,0,0,0,0,0,0,1,0,0,0,1,Horror Mystery Thriller,0,0.0,,0.0,11.937055298307548,13.195948355677732,False,False,False,False,False,True,False,False,False,False,False,False,False,False,False,True,False,False,False,False,False,False
Alone,2020,2020-09-18,537589.0,173.0,Drama Mystery Thriller,,https://www.boxofficemojo.com/release/rl1565754113/?ref_=bo_yld_table_126,182473.0,169.0,,R,98.0,Magnolia Pictures,alone,alone,,,,,58.0,171.0,58.0,2020-09-18,9.0,4.0,2020.0,0,0,0,0,0,Other,4,0,0,0,0,0,1,0,0,0,0,0,0,1,Drama Mystery Thriller,0,0.0,,0.0,12.114362976102049,13.194851466827597,False,False,False,False,False,True,False,False,False,False,False,False,False,False,False,False,False,False,True,False,False,False
Harriet,2020,2019-11-01,43082155.0,2186.0,Action Biography Drama History,,https://www.boxofficemojo.com/release/rl369657345/?ref_=bo_yld_table_127,11676720.0,2059.0,17000000.0,PG,125.0,Focus Features,harriet,harriet,20191031105606.0,,,,74.0,233.0,97.0,2019-11-01,11.0,4.0,2019.0,0,0,1,0,0,Universal,2,1,0,0,0,0,1,0,0,0,0,0,0,0,Action Biography Drama History,1,16.648723960844016,,0.0,16.27310775964917,17.578619455425436,False,False,False,False,False,False,False,False,True,False,False,False,False,False,False,False,False,False,False,False,True,False
Kajillionaire,2020,2020-09-25,531430.0,547.0,Comedy Crime Drama,,https://www.boxofficemojo.com/release/rl1639809537/?ref_=bo_yld_table_128,215675.0,529.0,,R,104.0,Focus Features,kajillionaire,kajillionaire,,,,,90.0,213.0,47.0,2020-09-25,9.0,4.0,2020.0,0,0,0,0,0,Universal,4,0,0,0,1,1,1,0,0,0,0,0,0,0,Comedy Crime Drama,0,0.0,,0.0,12.281532560540034,13.183328647076047,False,False,False,False,False,False,False,False,True,False,False,False,False,False,False,False,False,False,True,False,False,False
The Addams Family,2020,2019-10-11,100044905.0,4107.0,Animation Comedy Family Fantasy Horror,,https://www.boxofficemojo.com/release/rl101025281/?ref_=bo_yld_table_129,30300007.0,4007.0,24000000.0,PG,86.0,United Artists Releasing,the addams family,the_addams_family_2019,,,,,46.0,158.0,70.0,2019-10-11,10.0,4.0,2019.0,0,0,0,0,0,Other,2,0,0,1,1,0,0,1,1,1,0,0,0,0,Animation Comedy Family Fantasy Horror,1,16.993564429978885,,0.0,17.226658534505965,18.4211297031551,False,False,False,False,False,True,False,False,False,False,False,False,False,False,False,False,False,False,False,True,False,False
The Addams Family,2020,2019-10-11,100044905.0,4107.0,Animation Comedy Family Fantasy Horror,,https://www.boxofficemojo.com/release/rl101025281/?ref_=bo_yld_table_129,30300007.0,4007.0,24000000.0,PG,86.0,United Artists Releasing,the addams family,the_addams_family_2019,,,,,46.0,158.0,70.0,2019-10-11,10.0,4.0,2019.0,0,0,0,0,0,Other,2,0,0,1,1,0,0,1,1,1,0,0,0,0,Animation Comedy Family Fantasy Horror,1,16.993564429978885,,0.0,17.226658534505965,18.4211297031551,False,False,False,False,False,True,False,False,False,False,False,False,False,False,False,False,False,False,False,True,False,False
The Big Ugly,2020,2020-07-24,514107.0,68.0,Crime Drama Thriller,,https://www.boxofficemojo.com/release/rl843416321/?ref_=bo_yld_table_132,152598.0,68.0,,R,106.0,Vertical Entertainment,the big ugly,the_big_ugly,,,,,40.0,20.0,77.0,2020-07-24,7.0,4.0,2020.0,0,1,0,0,0,Other,4,0,0,0,0,1,1,0,0,0,0,0,0,1,Crime Drama Thriller,0,0.0,,0.0,11.935568844731074,13.15018863909739,False,False,False,False,False,True,False,False,False,False,False,False,False,False,False,False,True,False,False,False,False,False
The Call,2020,2020-10-02,516521.0,195.0,Horror Mystery Thriller,,https://www.boxofficemojo.com/release/rl2874508033/?ref_=bo_yld_table_133,138237.0,195.0,,,97.0,Atlas Distribution Company,the call,the_call_2020,,,,,46.0,24.0,65.0,2020-10-02,10.0,4.0,2020.0,0,0,0,0,0,Other,3,0,0,0,0,0,0,0,0,1,0,0,0,1,Horror Mystery Thriller,0,0.0,,0.0,11.836732116340633,13.154873161020001,False,False,False,False,False,True,False,False,False,False,False,False,False,False,False,False,False,False,False,True,False,False
The Grinch,2020,2020-11-27,473781.0,450.0,Animation Comedy Family Fantasy,,https://www.boxofficemojo.com/release/rl3177349889/?ref_=bo_yld_table_134,82000.0,,75000000.0,PG,86.0,Universal Pictures,the grinch,the_grinch,,,,,60.0,197.0,54.0,2020-11-27,11.0,4.0,2020.0,1,0,1,0,0,Universal,2,0,0,1,1,0,0,1,1,0,0,0,0,0,Animation Comedy Family Fantasy,1,18.132998684833918,,0.0,11.314486721293981,13.068502579271776,False,False,False,False,False,False,False,False,True,False,False,False,False,False,False,False,False,False,False,False,True,False
Dark Waters,2020,Nov 22,11136084.0,2112.0,Biography Drama History Thriller,,https://www.boxofficemojo.com/release/rl2047575553/?ref_=bo_yld_table_135,102606.0,4.0,,PG,126.0,Focus Features,dark waters,dark_waters,,,,,71.0,7.0,54.0,,,,2020.0,0,0,0,0,0,Universal,2,0,0,0,0,0,1,0,0,0,0,0,0,1,Biography Drama History Thriller,0,0.0,,0.0,11.538661435512369,16.225701294429506,False,False,False,False,False,False,False,False,True,False,False,False,False,False,False,False,False,False,False,False,False,False
The Forgotten Carols,2020,2020-11-20,502252.0,70.0,Musical,,https://www.boxofficemojo.com/release/rl1700299521/?ref_=bo_yld_table_136,104798.0,59.0,,,130.0,Purdie Distribution,the forgotten carols,the_forgotten_carols,,,,,97.0,42.0,97.0,2020-11-20,11.0,4.0,2020.0,0,0,1,0,0,Other,3,0,0,0,0,0,0,0,0,0,1,0,0,0,Musical,0,0.0,,0.0,11.559799508838822,13.126859255780298,False,False,False,False,False,True,False,False,False,False,False,False,False,False,False,False,False,False,False,False,True,False
Spell,2020,2020-10-30,500104.0,369.0,Horror Thriller,,https://www.boxofficemojo.com/release/rl3255338497/?ref_=bo_yld_table_137,206591.0,369.0,,R,91.0,Paramount Pictures,spell,spell,,,,,0.0,9.0,,2020-10-30,10.0,4.0,2020.0,0,0,0,0,0,Paramount,4,0,0,0,0,0,0,0,0,1,0,0,0,1,Horror Thriller,0,0.0,,0.0,12.23850111274951,13.122573355357416,False,False,False,False,False,False,True,False,False,False,False,False,False,False,False,False,False,False,False,True,False,False
Ava,2020,2020-09-25,497747.0,252.0,Action Crime Drama Thriller,,https://www.boxofficemojo.com/release/rl1649509121/?ref_=bo_yld_table_138,170349.0,222.0,,R,96.0,Vertical Entertainment,ava,ava,,,,,85.0,20.0,67.0,2020-09-25,9.0,4.0,2020.0,0,0,0,0,0,Other,4,1,0,0,0,1,1,0,0,0,0,0,0,1,Action Crime Drama Thriller,0,0.0,,0.0,12.045610423089112,13.117849203837004,False,False,False,False,False,True,False,False,False,False,False,False,False,False,False,False,False,False,True,False,False,False
Pinocchio,2020,2020-12-25,1831718.0,824.0,Drama Family Fantasy,,https://www.boxofficemojo.com/release/rl3428745985/?ref_=bo_yld_table_139,272109.0,786.0,,PG,125.0,Roadside Attractions,pinocchio,pinocchio,,,,,0.0,54.0,34.0,2020-12-25,12.0,4.0,2020.0,1,0,1,0,0,Other,2,0,0,0,0,0,1,1,1,0,0,0,0,0,Drama Family Fantasy,0,0.0,,0.0,12.513961675290442,14.420765428172166,False,False,False,False,False,True,False,False,False,False,False,False,False,False,False,False,False,False,False,False,False,True
Beauty and the Beast,2020,2020-07-17,467000.0,527.0,Adventure Family Fantasy Musical Romance,,https://www.boxofficemojo.com/release/rl21660417/?ref_=bo_yld_table_140,467000.0,527.0,160000000.0,PG,129.0,Walt Disney Studios Motion Pictures,beauty and the beast,beauty_and_the_beast,,,,,96.0,67.0,90.0,2020-07-17,7.0,4.0,2020.0,0,1,0,0,0,Disney,2,0,1,0,0,0,0,1,1,0,1,1,0,0,Adventure Family Fantasy Musical Romance,1,18.8906843794481,,0.0,13.054086677976365,13.054086677976365,False,False,True,False,False,False,False,False,False,False,False,False,False,False,False,False,True,False,False,False,False,False
Once Were Brothers,2020,2020-02-21,449561.0,152.0,Biography Documentary History Music,,https://www.boxofficemojo.com/release/rl2662957569/?ref_=bo_yld_table_141,37828.0,4.0,,R,100.0,Magnolia Pictures,once were brothers,,,,,,,,,2020-02-21,2.0,4.0,2020.0,1,0,0,0,0,Other,4,0,0,0,0,0,0,0,0,0,0,0,0,0,Biography Documentary History Music,0,0.0,,0.0,10.540831283230636,13.016029054416684,False,False,False,False,False,True,False,False,False,False,False,True,False,False,False,False,False,False,False,False,False,False
Seberg,2020,2020-02-21,434702.0,373.0,Biography Drama History Thriller,,https://www.boxofficemojo.com/release/rl2584446465/?ref_=bo_yld_table_142,47180.0,3.0,,R,102.0,Amazon Studios,seberg,seberg,,,,,36.0,140.0,49.0,2020-02-21,2.0,4.0,2020.0,1,0,0,0,0,Amazon,4,0,0,0,0,0,1,0,0,0,0,0,0,1,Biography Drama History Thriller,0,0.0,,0.0,10.761746548158834,12.982418318264319,False,True,False,False,False,False,False,False,False,False,False,True,False,False,False,False,False,False,False,False,False,False
Iron Man,2020,2020-07-17,430000.0,462.0,Action Adventure Sci-Fi,,https://www.boxofficemojo.com/release/rl71992065/?ref_=bo_yld_table_143,430000.0,462.0,140000000.0,PG,126.0,Walt Disney Studios Motion Pictures,iron man,iron_man,,,,,94.0,278.0,91.0,2020-07-17,7.0,4.0,2020.0,0,1,0,0,0,Disney,2,1,1,0,0,0,0,0,0,0,0,0,1,0,Action Adventure Sci-Fi,1,18.757152987716434,,0.0,12.971542813248437,12.971542813248437,False,False,True,False,False,False,False,False,False,False,False,False,False,False,False,False,True,False,False,False,False,False
Fantastic Fungi,2020,2019-09-20,1788322.0,37.0,Documentary,,https://www.boxofficemojo.com/release/rl2886436353/?ref_=bo_yld_table_144,9419.0,1.0,,,81.0,Area 23a,fantastic fungi,fantastic_fungi,,,,,100.0,22.0,94.0,2019-09-20,9.0,4.0,2019.0,0,0,0,0,0,Other,3,0,0,0,0,0,0,0,0,0,0,0,0,0,Documentary,0,0.0,,0.0,9.150590367570409,14.396788867170148,False,False,False,False,False,True,False,False,False,False,False,False,False,False,False,False,False,False,True,False,False,False
Infamous,2020,2020-06-12,429148.0,58.0,Crime Drama Romance Thriller,,https://www.boxofficemojo.com/release/rl3124855553/?ref_=bo_yld_table_145,160371.0,58.0,,,100.0,Vertical Entertainment,infamous,infamous,,,,,75.0,154.0,69.0,2020-06-12,6.0,4.0,2020.0,0,1,0,0,0,Other,3,0,0,0,0,1,1,0,0,0,0,1,0,1,Crime Drama Romance Thriller,0,0.0,,0.0,11.985251395585532,12.969559456956071,False,False,False,False,False,True,False,False,False,False,False,False,False,False,False,True,False,False,False,False,False,False
Tulsa,2020,2020-08-21,413378.0,192.0,Comedy Drama,,https://www.boxofficemojo.com/release/rl4216161025/?ref_=bo_yld_table_146,78393.0,191.0,,PG,,Pryor Entertainment,tulsa,tulsa,20200820152500.0,,,,44.0,14.0,44.0,2020-08-21,8.0,4.0,2020.0,0,1,0,0,0,Other,2,0,0,0,1,0,1,0,0,0,0,0,0,0,Comedy Drama,0,0.0,,0.0,11.269502672797637,12.932120126681184,False,False,False,False,False,True,False,False,False,False,False,False,False,False,False,False,False,True,False,False,False,False
Stevie Nicks 24 Karat Gold the Concert,2020,2020-10-21,410265.0,413.0,Music,,https://www.boxofficemojo.com/release/rl2102952705/?ref_=bo_yld_table_147,243509.0,413.0,,,135.0,Trafalgar Releasing,stevie nicks 24 karat gold the concert,,,,,,,,,2020-10-21,10.0,2.0,2020.0,0,0,0,0,0,Other,3,0,0,0,0,0,0,0,0,0,0,0,0,0,Music,0,0.0,,0.0,12.402913288423331,12.924561008801218,False,False,False,False,False,True,False,False,False,False,False,False,False,False,False,False,False,False,False,True,False,False
Buddy Games,2020,2020-11-20,405904.0,401.0,Comedy,,https://www.boxofficemojo.com/release/rl1180664577/?ref_=bo_yld_table_148,150497.0,401.0,,R,96.0,Paramount Pictures,buddy games,the_buddy_games,,,,,16.0,25.0,67.0,2020-11-20,11.0,4.0,2020.0,0,0,1,0,0,Paramount,4,0,0,0,1,0,0,0,0,0,0,0,0,0,Comedy,0,0.0,,0.0,11.921705074046223,12.913874421056121,False,False,False,False,False,False,True,False,False,False,False,False,False,False,False,False,False,False,False,False,True,False
Black Panther,2020,2020-07-10,367000.0,421.0,Action Adventure Sci-Fi,,https://www.boxofficemojo.com/release/rl222659329/?ref_=bo_yld_table_149,367000.0,421.0,200000000.0,PG,134.0,Walt Disney Studios Motion Pictures,black panther,black_panther,,,,,48.0,7.0,48.0,2020-07-10,7.0,4.0,2020.0,0,1,0,0,0,Disney,2,1,1,0,0,0,0,0,0,0,0,0,1,0,Action Adventure Sci-Fi,1,19.11382792951231,,0.0,12.813119851828635,12.813119851828635,False,False,True,False,False,False,False,False,False,False,False,False,False,False,False,False,True,False,False,False,False,False
The Kid Detective,2020,2020-10-16,364138.0,865.0,Comedy Crime Drama Mystery,,https://www.boxofficemojo.com/release/rl4099244801/?ref_=bo_yld_table_150,140218.0,865.0,,R,100.0,Stage 6 Films,the kid detective,the_kid_detective,,,,,85.0,65.0,76.0,2020-10-16,10.0,4.0,2020.0,0,0,0,0,0,Other,4,0,0,0,1,1,1,0,0,0,0,0,0,0,Comedy Crime Drama Mystery,0,0.0,,0.0,11.850960765085265,12.805290941857667,False,False,False,False,False,True,False,False,False,False,False,False,False,False,False,False,False,False,False,True,False,False
She Dies Tomorrow,2020,2020-07-31,398663.0,24.0,Drama Fantasy Horror Mystery Thriller,,https://www.boxofficemojo.com/release/rl2470609665/?ref_=bo_yld_table_151,84659.0,24.0,,R,86.0,Neon,she dies tomorrow,she_dies_tomorrow,,,,,84.0,190.0,24.0,2020-07-31,7.0,4.0,2020.0,0,1,0,0,0,Other,4,0,0,0,0,0,1,0,1,1,0,0,0,1,Drama Fantasy Horror Mystery Thriller,0,0.0,,0.0,11.346398514074915,12.895874235839022,False,False,False,False,False,True,False,False,False,False,False,False,False,False,False,False,True,False,False,False,False,False
Greed,2020,2020-02-28,355308.0,596.0,Comedy Drama,,https://www.boxofficemojo.com/release/rl3785392641/?ref_=bo_yld_table_152,24163.0,4.0,,R,104.0,Sony Pictures Classics,greed,greed_2020,,,,,50.0,149.0,32.0,2020-02-28,2.0,4.0,2020.0,0,0,0,0,0,Sony,4,0,0,0,1,0,1,0,0,0,0,0,0,0,Comedy Drama,0,0.0,,0.0,10.092619201258632,12.780743112394747,False,False,False,False,False,False,False,True,False,False,False,True,False,False,False,False,False,False,False,False,False,False
Yellow Rose,2020,2020-10-09,367849.0,900.0,Drama Music,,https://www.boxofficemojo.com/release/rl5735169/?ref_=bo_yld_table_153,150330.0,900.0,,PG,94.0,Stage 6 Films,yellow rose,yellow_rose,,,,,87.0,53.0,52.0,2020-10-09,10.0,4.0,2020.0,0,0,0,0,0,Other,2,0,0,0,0,0,1,0,0,0,0,0,0,0,Drama Music,0,0.0,,0.0,11.920594808631952,12.81543052536041,False,False,False,False,False,True,False,False,False,False,False,False,False,False,False,False,False,False,False,True,False,False
Ride Your Wave,2020,2020-02-19,332432.0,605.0,Animation Comedy Drama Family Fantasy Romance,,https://www.boxofficemojo.com/release/rl1168998913/?ref_=bo_yld_table_154,19643.0,12.0,,,95.0,Fathom Events,ride your wave,ride_your_wave,,,,,93.0,30.0,84.0,2020-02-19,2.0,2.0,2020.0,1,0,0,0,0,Other,3,0,0,1,1,0,1,1,1,0,0,1,0,0,Animation Comedy Drama Family Fantasy Romance,0,0.0,,0.0,9.885527227159136,12.714193615014038,False,False,False,False,False,True,False,False,False,False,False,True,False,False,False,False,False,False,False,False,False,False
The Eight Hundred,2020,2020-08-28,372755.0,142.0,Action Drama History War,,https://www.boxofficemojo.com/release/rl1464500993/?ref_=bo_yld_table_155,118161.0,142.0,,,149.0,CMC Pictures,the eight hundred,the_eight_hundred,,,,,89.0,27.0,78.0,2020-08-28,8.0,4.0,2020.0,0,1,0,0,0,Other,3,1,0,0,0,0,1,0,0,0,0,0,0,0,Action Drama History War,0,0.0,,0.0,11.679811843263776,12.828679329076913,False,False,False,False,False,True,False,False,False,False,False,False,False,False,False,False,False,True,False,False,False,False
Les Misérables,2020,2020-01-10,330181.0,69.0,Crime Drama Thriller,,https://www.boxofficemojo.com/release/rl615416321/?ref_=bo_yld_table_156,24154.0,4.0,,R,104.0,Amazon Studios,les misrables,,,,,,,,,2020-01-10,1.0,4.0,2020.0,0,0,0,0,0,Amazon,4,0,0,0,0,1,1,0,0,0,0,0,0,1,Crime Drama Thriller,0,0.0,,0.0,10.092246676988507,12.707399296565592,False,True,False,False,False,False,False,False,False,False,True,False,False,False,False,False,False,False,False,False,False,False
Die Hard,2020,2020-12-04,325000.0,1172.0,Action Thriller,,https://www.boxofficemojo.com/release/rl3412165377/?ref_=bo_yld_table_157,189000.0,1172.0,28000000.0,,132.0,Walt Disney Studios Motion Pictures,die hard,die_hard,,,,,94.0,89.0,94.0,2020-12-04,12.0,4.0,2020.0,0,0,1,0,0,Disney,3,1,0,0,0,0,0,0,0,0,0,0,0,1,Action Thriller,1,17.147715103853763,,0.0,12.149507585033072,12.691583538230217,False,False,True,False,False,False,False,False,False,False,False,False,False,False,False,False,False,False,False,False,False,True
Clemency,2020,2019-12-27,364716.0,127.0,Drama,,https://www.boxofficemojo.com/release/rl721978881/?ref_=bo_yld_table_158,35444.0,2.0,,R,112.0,Neon,clemency,,,,,,,,,2019-12-27,12.0,4.0,2019.0,1,0,1,0,0,Other,4,0,0,0,0,0,1,0,0,0,0,0,0,0,Drama,0,0.0,,0.0,10.475737478289117,12.806876989365447,False,False,False,False,False,True,False,False,False,False,False,False,False,False,False,False,False,False,False,False,False,True
Ordinary Love,2020,2020-02-14,323688.0,22.0,Drama Romance,,https://www.boxofficemojo.com/release/rl1604420097/?ref_=bo_yld_table_159,23564.0,3.0,,R,92.0,Bleecker Street Media,ordinary love,ordinary_love,,,,,93.0,109.0,69.0,2020-02-14,2.0,4.0,2020.0,1,0,0,0,0,Other,4,0,0,0,0,0,1,0,0,0,0,1,0,0,Drama Romance,0,0.0,,0.0,10.067517839357832,12.687538457254757,False,False,False,False,False,True,False,False,False,False,False,True,False,False,False,False,False,False,False,False,False,False
Casper,2020,1995-05-26,100836847.0,2757.0,Comedy Family Fantasy,,https://www.boxofficemojo.com/release/rl2923988481/?ref_=bo_yld_table_160,16840385.0,2714.0,,PG,100.0,Universal Pictures,casper,casper,,,,,59.0,110.0,51.0,1995-05-26,5.0,4.0,1995.0,1,1,0,0,0,Universal,2,0,0,0,1,0,0,1,1,0,0,0,0,0,Comedy Family Fantasy,0,0.0,,0.0,16.63929048813096,18.429014402357943,False,False,False,False,False,False,False,False,True,False,False,False,False,False,True,False,False,False,False,False,False,False
The Informer,2020,2020-11-06,300460.0,283.0,Action Crime Drama Thriller,,https://www.boxofficemojo.com/release/rl2483193345/?ref_=bo_yld_table_161,133475.0,283.0,,R,113.0,Vertical Entertainment,the informer,the_informer_2020,,,,,63.0,57.0,62.0,2020-11-06,11.0,4.0,2020.0,0,0,1,0,0,Other,4,1,0,0,0,1,1,0,0,0,0,0,0,1,Action Crime Drama Thriller,0,0.0,,0.0,11.801676965380029,12.613073240840924,False,False,False,False,False,True,False,False,False,False,False,False,False,False,False,False,False,False,False,False,True,False
Playing with Fire,2020,2019-11-08,44451847.0,3185.0,Comedy Family,,https://www.boxofficemojo.com/release/rl604603905/?ref_=bo_yld_table_162,12723781.0,3125.0,29900000.0,PG,96.0,Paramount Pictures,playing with fire,playing_with_fire,,,,,43.0,4.0,43.0,2019-11-08,11.0,4.0,2019.0,0,0,1,0,0,Paramount,2,0,0,0,1,0,0,1,0,0,0,0,0,0,Comedy Family,1,17.21336907180573,,0.0,16.35898339872735,17.609917093863128,False,False,False,False,False,False,True,False,False,False,False,False,False,False,False,False,False,False,False,False,True,False
Save Yourselves!,2020,2020-10-02,301162.0,388.0,Adventure Comedy Sci-Fi,,https://www.boxofficemojo.com/release/rl1195475713/?ref_=bo_yld_table_163,142694.0,388.0,,R,93.0,Bleecker Street Media,save yourselves,save_yourselves,,,,,89.0,90.0,60.0,2020-10-02,10.0,4.0,2020.0,0,0,0,0,0,Other,4,0,1,0,1,0,0,0,0,0,0,0,1,0,Adventure Comedy Sci-Fi,0,0.0,,0.0,11.868464764308667,12.615406925396712,False,False,False,False,False,True,False,False,False,False,False,False,False,False,False,False,False,False,False,True,False,False
Judy,2020,Sep 27,24313888.0,1627.0,Biography Drama Music Romance,,https://www.boxofficemojo.com/release/rl470189569/?ref_=bo_yld_table_164,2916548.0,461.0,,PG,118.0,Roadside Attractions,judy,,,,,,,,,,,,2020.0,0,0,0,0,0,Other,2,0,0,0,0,0,1,0,0,0,0,1,0,0,Biography Drama Music Romance,0,0.0,,0.0,14.88591162599475,17.00655830881642,False,False,False,False,False,True,False,False,False,False,False,False,False,False,False,False,False,False,False,False,False,False
The Traitor,2020,2020-01-31,296027.0,45.0,Biography Crime Drama,,https://www.boxofficemojo.com/release/rl2970322433/?ref_=bo_yld_table_165,23240.0,3.0,,R,153.0,Sony Pictures Classics,the traitor,the_traitor_2020,,,,,86.0,106.0,73.0,2020-01-31,1.0,4.0,2020.0,0,0,0,0,0,Sony,4,0,0,0,0,1,1,0,0,0,0,0,0,0,Biography Crime Drama,0,0.0,,0.0,10.053673239300013,12.598209323427005,False,False,False,False,False,False,False,True,False,False,True,False,False,False,False,False,False,False,False,False,False,False
Gremlins,2020,2020-07-10,295000.0,64.0,Comedy Fantasy Horror,,https://www.boxofficemojo.com/release/rl2068153089/?ref_=bo_yld_table_166,140000.0,59.0,,,106.0,,gremlins,gremlins,,,,,86.0,91.0,78.0,2020-07-10,7.0,4.0,2020.0,0,1,0,0,0,Other,3,0,0,0,1,0,0,0,1,1,0,0,0,0,Comedy Fantasy Horror,0,0.0,,0.0,11.849404844423074,12.59473402514672,False,False,False,False,False,True,False,False,False,False,False,False,False,False,False,False,True,False,False,False,False,False
Created Equal: Clarence Thomas in His Own Words,2020,2020-01-31,282149.0,53.0,Biography Documentary,,https://www.boxofficemojo.com/release/rl1538490881/?ref_=bo_yld_table_169,74577.0,23.0,,PG,116.0,Manifold Productions Inc.,created equal clarence thomas in his own words,created_equal_clarence_thomas_in_his_own_words,,,,,35.0,17.0,99.0,2020-01-31,1.0,4.0,2020.0,0,0,0,0,1,Other,2,0,0,0,0,0,0,0,0,0,0,0,0,0,Biography Documentary,0,0.0,,0.0,11.219600836532258,12.550194123397286,False,False,False,False,False,True,False,False,False,False,True,False,False,False,False,False,False,False,False,False,False,False
Fatman,2020,2020-11-13,278378.0,259.0,Action Adventure Comedy Fantasy Horror Sci-Fi Thriller,,https://www.boxofficemojo.com/release/rl1532789505/?ref_=bo_yld_table_170,108305.0,259.0,,R,100.0,Saban Films,fatman,fatman,,,,,44.0,117.0,84.0,2020-11-13,11.0,4.0,2020.0,0,0,1,0,0,Other,4,1,1,0,1,0,0,0,1,1,0,0,1,1,Action Adventure Comedy Fantasy Horror Sci-Fi Thriller,0,0.0,,0.0,11.592715833116516,12.536738773562856,False,False,False,False,False,True,False,False,False,False,False,False,False,False,False,False,False,False,False,False,True,False
An American in Paris,2020,2020-01-19,267824.0,651.0,Drama Musical Romance,,https://www.boxofficemojo.com/release/rl1102283265/?ref_=bo_yld_table_171,182606.0,651.0,,,114.0,Fathom Events,an american in paris,american_in_paris,,,,,95.0,101.0,78.0,2020-01-19,1.0,6.0,2020.0,1,0,0,0,0,Other,3,0,0,0,0,0,1,0,0,0,1,1,0,0,Drama Musical Romance,0,0.0,,0.0,12.115091581567048,12.49808906113076,False,False,False,False,False,True,False,False,False,False,True,False,False,False,False,False,False,False,False,False,False,False
Wonder Woman,2020,2020-12-11,252000.0,560.0,Action Adventure Fantasy Sci-Fi War,,https://www.boxofficemojo.com/release/rl2959246081/?ref_=bo_yld_table_172,189000.0,,149000000.0,PG,141.0,Warner Bros.,wonder woman,wonder_woman,,,,,85.0,13.0,78.0,2020-12-11,12.0,4.0,2020.0,0,0,1,0,0,WB,2,1,1,0,0,0,0,0,1,0,0,0,1,0,Action Adventure Fantasy Sci-Fi War,1,18.819456870621142,,0.0,12.149507585033072,12.437188334739655,False,False,False,False,False,False,False,False,False,True,False,False,False,False,False,False,False,False,False,False,False,True
Back to the Future,2020,2020-07-31,247000.0,258.0,Adventure Comedy Sci-Fi,,https://www.boxofficemojo.com/release/rl340361985/?ref_=bo_yld_table_173,107000.0,116.0,19000000.0,,116.0,Universal Pictures,back to the future,back_to_the_future,,,,,93.0,118.0,95.0,2020-07-31,7.0,4.0,2020.0,0,1,0,0,0,Universal,3,0,1,0,1,0,0,0,0,0,0,0,1,0,Adventure Comedy Sci-Fi,1,16.759949589762293,,0.0,11.580593459194764,12.417147664184915,False,False,False,False,False,False,False,False,True,False,False,False,False,False,False,False,True,False,False,False,False,False
Bohemian Rhapsody,2020,2020-07-17,240000.0,,Biography Drama Music,,https://www.boxofficemojo.com/release/rl88769281/?ref_=bo_yld_table_174,240000.0,,52000000.0,PG,134.0,20th Century Fox,bohemian rhapsody,bohemian_rhapsody,,,,,60.0,417.0,85.0,2020-07-17,7.0,4.0,2020.0,0,1,0,0,0,Other,2,0,0,0,0,0,1,0,0,0,0,0,0,0,Biography Drama Music,1,17.76675429577647,,0.0,12.388398368982115,12.388398368982115,False,False,False,False,False,True,False,False,False,False,False,False,False,False,False,False,True,False,False,False,False,False
63 Up,2020,2019-11-27,483684.0,28.0,Biography Documentary,,https://www.boxofficemojo.com/release/rl1386709505/?ref_=bo_yld_table_175,13956.0,1.0,,,145.0,BritBox,63 up,63_up,,,,,98.0,56.0,95.0,2019-11-27,11.0,2.0,2019.0,1,0,1,0,0,Other,3,0,0,0,0,0,0,0,0,0,0,0,0,0,Biography Documentary,0,0.0,,0.0,9.543736453508645,13.08918914737302,False,False,False,False,False,True,False,False,False,False,False,False,False,False,False,False,False,False,False,False,True,False
Tokyo Godfathers,2020,2020-03-09,237571.0,519.0,Adventure Animation Comedy Drama,,https://www.boxofficemojo.com/release/rl682525185/?ref_=bo_yld_table_176,5800.0,4.0,,PG,92.0,Fathom Events,tokyo godfathers,tokyo_godfathers,,,,,92.0,77.0,91.0,2020-03-09,3.0,0.0,2020.0,0,0,0,1,0,Other,2,0,1,1,1,0,1,0,0,0,0,0,0,0,Adventure Animation Comedy Drama,0,0.0,,0.0,8.665785595466064,12.3782260144085,False,False,False,False,False,True,False,False,False,False,False,False,True,False,False,False,False,False,False,False,False,False
The Climb,2020,2020-11-13,234429.0,408.0,Comedy Drama,,https://www.boxofficemojo.com/release/rl2987099649/?ref_=bo_yld_table_178,97639.0,408.0,,R,98.0,Sony Pictures Classics,the climb,10001205-climb,,,,,73.0,32.0,73.0,2020-11-13,11.0,4.0,2020.0,0,0,1,0,0,Sony,4,0,0,0,1,0,1,0,0,0,0,0,0,0,Comedy Drama,0,0.0,,0.0,11.489042524506896,12.364912314843563,False,False,False,False,False,False,False,True,False,False,False,False,False,False,False,False,False,False,False,False,True,False
Doctor Who Live Q&A And Screening,2020,2020-01-05,228615.0,692.0,-,,https://www.boxofficemojo.com/release/rl2511241729/?ref_=bo_yld_table_179,228615.0,692.0,,,166.0,Fathom Events,doctor who live qa and screening,,,,,,,,,2020-01-05,1.0,6.0,2020.0,0,0,0,0,0,Other,3,0,0,0,0,0,0,0,0,0,0,0,0,0,-,0,0.0,,0.0,12.339799019144667,12.339799019144667,False,False,False,False,False,True,False,False,False,False,True,False,False,False,False,False,False,False,False,False,False,False
CatVideoFest 2020,2020,2020-02-21,437625.0,84.0,Documentary,,https://www.boxofficemojo.com/release/rl3954082305/?ref_=bo_yld_table_180,217927.0,30.0,,,75.0,Oscilloscope,catvideofest 2020,,,,,,,,,2020-02-21,2.0,4.0,2020.0,1,0,0,0,0,Other,3,0,0,0,0,0,0,0,0,0,0,0,0,0,Documentary,0,0.0,,0.0,12.291920011988992,12.989119943315767,False,False,False,False,False,True,False,False,False,False,False,True,False,False,False,False,False,False,False,False,False,False
Wild Mountain Thyme,2020,2020-12-11,213440.0,450.0,Comedy Drama Romance,,https://www.boxofficemojo.com/release/rl3680338689/?ref_=bo_yld_table_181,95360.0,450.0,,PG,102.0,Bleecker Street Media,wild mountain thyme,wild_mountain_thyme,,,,,25.0,134.0,55.0,2020-12-11,12.0,4.0,2020.0,0,0,1,0,0,Other,2,0,0,0,1,0,1,0,0,0,0,1,0,0,Comedy Drama Romance,0,0.0,,0.0,11.465424968821374,12.271115726855841,False,False,False,False,False,True,False,False,False,False,False,False,False,False,False,False,False,False,False,False,False,True
The Secrets We Keep,2020,2020-09-16,207928.0,471.0,Drama Thriller,,https://www.boxofficemojo.com/release/rl289571585/?ref_=bo_yld_table_182,88306.0,471.0,,R,97.0,Bleecker Street Media,the secrets we keep,the_secrets_we_keep,,,,,62.0,63.0,42.0,2020-09-16,9.0,2.0,2020.0,0,0,0,0,0,Other,4,0,0,0,0,0,1,0,0,0,0,0,0,1,Drama Thriller,0,0.0,,0.0,11.388574658648126,12.244951954257749,False,False,False,False,False,True,False,False,False,False,False,False,False,False,False,False,False,False,True,False,False,False
Fate/stay night [Heaven's Feel] III. spring song,2020,2020-11-18,200000.0,304.0,Action Adventure Animation Drama Fantasy Romance,,https://www.boxofficemojo.com/release/rl1690141185/?ref_=bo_yld_table_184,200000.0,304.0,,,,Fathom Events,fatestay night heavens feel iii spring song,,,,,,,,,2020-11-18,11.0,2.0,2020.0,0,0,1,0,1,Other,3,1,1,1,0,0,1,0,1,0,0,1,0,0,Action Adventure Animation Drama Fantasy Romance,0,0.0,,0.0,12.206077645517674,12.206077645517674,False,False,False,False,False,True,False,False,False,False,False,False,False,False,False,False,False,False,False,False,True,False
Ashfall,2020,2019-12-19,372562.0,18.0,Action Sci-Fi Thriller,,https://www.boxofficemojo.com/release/rl3031073281/?ref_=bo_yld_table_185,36201.0,2.0,,,130.0,Capelight Pictures,ashfall,ashfall,,,,,70.0,10.0,74.0,2019-12-19,12.0,3.0,2019.0,0,0,1,0,0,Other,3,1,0,0,0,0,0,0,0,0,0,0,1,1,Action Sci-Fi Thriller,0,0.0,,0.0,10.496869644906498,12.828161430018083,False,False,False,False,False,True,False,False,False,False,False,False,False,False,False,False,False,False,False,False,False,True
Zombieland: Double Tap,2020,2019-10-18,73123082.0,3468.0,Action Comedy Horror,,https://www.boxofficemojo.com/release/rl201819649/?ref_=bo_yld_table_187,26803104.0,3468.0,42000000.0,R,99.0,Sony Pictures Releasing,zombieland double tap,zombieland_double_tap,,,,,68.0,259.0,88.0,2019-10-18,10.0,4.0,2019.0,0,0,0,0,1,Sony,4,1,0,0,1,0,0,0,0,1,0,0,0,0,Action Comedy Horror,1,17.553180200057167,,0.0,17.104028296978996,18.10765464778805,False,False,False,False,False,False,False,True,False,False,False,False,False,False,False,False,False,False,False,True,False,False
Cunningham,2020,2019-12-13,265102.0,23.0,Biography Documentary Music,,https://www.boxofficemojo.com/release/rl369853953/?ref_=bo_yld_table_188,18422.0,4.0,,PG,93.0,Magnolia Pictures,cunningham,cunningham,20191212093156.0,,,,89.0,61.0,73.0,2019-12-13,12.0,4.0,2019.0,0,0,1,0,0,Other,2,0,0,0,0,0,0,0,0,0,0,0,0,0,Biography Documentary Music,0,0.0,,0.0,9.82135516299751,12.487873708697432,False,False,False,False,False,True,False,False,False,False,False,False,False,False,False,False,False,False,False,False,False,True
The Doors: Break On Thru - A Celebration Of Ray Manzarek,2020,2020-02-12,190160.0,330.0,Documentary Music,,https://www.boxofficemojo.com/release/rl4238639617/?ref_=bo_yld_table_189,4312.0,15.0,,,67.0,Trafalgar Releasing,the doors break on thru  a celebration of ray manzarek,the_doors_break_on_thru_a_celebration_of_ray_manzarek,,,,,100.0,6.0,100.0,2020-02-12,2.0,2.0,2020.0,0,0,0,0,1,Other,3,0,0,0,0,0,0,0,0,0,0,0,0,0,Documentary Music,0,0.0,,0.0,8.369388996647842,12.15562636074974,False,False,False,False,False,True,False,False,False,False,False,True,False,False,False,False,False,False,False,False,False,False
The Outpost,2020,2020-07-03,186635.0,81.0,Action Drama History War,,https://www.boxofficemojo.com/release/rl1145144065/?ref_=bo_yld_table_190,31042.0,74.0,,R,123.0,Fathom Events,the outpost,the_outpost_2020,20200630001609.0,,,,91.0,99.0,82.0,2020-07-03,7.0,4.0,2020.0,1,1,0,0,0,Other,4,1,0,0,0,0,1,0,0,0,0,0,0,0,Action Drama History War,0,0.0,,0.0,10.34312861911143,12.136915474832561,False,False,False,False,False,True,False,False,False,False,False,False,False,False,False,False,True,False,False,False,False,False
The Wolf of Snow Hollow,2020,2020-10-09,185026.0,112.0,Comedy Horror Mystery Thriller,,https://www.boxofficemojo.com/release/rl1247052545/?ref_=bo_yld_table_191,91943.0,112.0,,R,85.0,United Artists Releasing,the wolf of snow hollow,the_wolf_of_snow_hollow,,,,,90.0,78.0,63.0,2020-10-09,10.0,4.0,2020.0,0,0,0,0,0,Other,4,0,0,0,1,0,0,0,0,1,0,0,0,1,Comedy Horror Mystery Thriller,0,0.0,,0.0,11.428934975048595,12.128257039357335,False,False,False,False,False,True,False,False,False,False,False,False,False,False,False,False,False,False,False,True,False,False
Come Away,2020,2020-11-13,184477.0,475.0,Adventure Drama Fantasy,,https://www.boxofficemojo.com/release/rl509379329/?ref_=bo_yld_table_192,106084.0,475.0,,PG,94.0,Relativity Media,come away,come_away,,,,,29.0,69.0,49.0,2020-11-13,11.0,4.0,2020.0,0,0,1,0,0,Other,2,0,1,0,0,0,1,0,1,0,0,0,0,0,Adventure Drama Fantasy,0,0.0,,0.0,11.571995938547216,12.125285494160511,False,False,False,False,False,True,False,False,False,False,False,False,False,False,False,False,False,False,False,False,True,False
The Good Liar,2020,2019-11-15,17156058.0,2454.0,Crime Drama Mystery Thriller,,https://www.boxofficemojo.com/release/rl201754113/?ref_=bo_yld_table_193,5605051.0,2439.0,10000000.0,R,109.0,Warner Bros.,the good liar,the_good_liar,,,,,64.0,165.0,85.0,2019-11-15,11.0,4.0,2019.0,0,0,1,0,0,WB,4,0,0,0,0,1,1,0,0,0,0,0,0,1,Crime Drama Mystery Thriller,1,16.118095750958314,,0.0,15.539178891876228,16.65786196364307,False,False,False,False,False,False,False,False,False,True,False,False,False,False,False,False,False,False,False,False,True,False
And Then We Danced,2020,2020-02-07,177262.0,23.0,Drama Romance,,https://www.boxofficemojo.com/release/rl632128001/?ref_=bo_yld_table_194,13880.0,2.0,,,113.0,Music Box Films,and then we danced,and_then_we_danced,,,,,94.0,93.0,95.0,2020-02-07,2.0,4.0,2020.0,0,0,0,0,0,Other,3,0,0,0,0,0,1,0,0,0,0,1,0,0,Drama Romance,0,0.0,,0.0,9.53827627757511,12.085389784441174,False,False,False,False,False,True,False,False,False,False,False,True,False,False,False,False,False,False,False,False,False,False
Beanpole,2020,2020-01-29,196258.0,35.0,Drama War,,https://www.boxofficemojo.com/release/rl632652289/?ref_=bo_yld_table_195,10008.0,1.0,,,130.0,Kino Lorber,beanpole,beanpole,,,,,93.0,111.0,76.0,2020-01-29,1.0,2.0,2020.0,0,0,0,0,0,Other,3,0,0,0,0,0,1,0,0,0,0,0,0,0,Drama War,0,0.0,,0.0,9.211239967219019,12.187190494465735,False,False,False,False,False,True,False,False,False,False,True,False,False,False,False,False,False,False,False,False,False,False
Follow Me,2020,2020-09-18,167962.0,50.0,Adventure Horror Mystery Thriller,,https://www.boxofficemojo.com/release/rl1632731905/?ref_=bo_yld_table_196,79182.0,45.0,,R,91.0,Vertical Entertainment,follow me,no_escape_2020,,,,,38.0,13.0,44.0,2020-09-18,9.0,4.0,2020.0,0,0,0,0,0,Other,4,0,1,0,0,0,0,0,0,1,0,0,0,1,Adventure Horror Mystery Thriller,0,0.0,,0.0,11.279516908298021,12.031498996034188,False,False,False,False,False,True,False,False,False,False,False,False,False,False,False,False,False,False,True,False,False,False
Extra Ordinary,2020,2020-03-06,164346.0,80.0,Comedy Fantasy Horror,,https://www.boxofficemojo.com/release/rl2562359809/?ref_=bo_yld_table_197,82543.0,32.0,,R,94.0,Good Deed Entertainment,extra ordinary,extra_ordinary,,,,,98.0,93.0,77.0,2020-03-06,3.0,4.0,2020.0,0,0,0,1,0,Other,4,0,0,0,1,0,0,0,1,1,0,0,0,0,Comedy Fantasy Horror,0,0.0,,0.0,11.32108676348443,12.009735325198962,False,False,False,False,False,True,False,False,False,False,False,False,True,False,False,False,False,False,False,False,False,False
Palm Springs,2020,2020-07-10,164000.0,66.0,Comedy Fantasy Mystery Romance Sci-Fi,,https://www.boxofficemojo.com/release/rl3175187201/?ref_=bo_yld_table_198,164000.0,66.0,,R,90.0,Neon,palm springs,palm_springs_2020,,,,,95.0,253.0,89.0,2020-07-10,7.0,4.0,2020.0,0,1,0,0,0,Other,4,0,0,0,1,0,0,0,1,0,0,1,1,0,Comedy Fantasy Mystery Romance Sci-Fi,0,0.0,,0.0,12.00762780434872,12.00762780434872,False,False,False,False,False,True,False,False,False,False,False,False,False,False,False,False,True,False,False,False,False,False
A Call to Spy,2020,2020-10-02,159014.0,79.0,Biography Crime Drama History Thriller War,,https://www.boxofficemojo.com/release/rl3796140801/?ref_=bo_yld_table_199,35098.0,75.0,,PG,123.0,IFC Films,a call to spy,a_call_to_spy,,,,,70.0,50.0,75.0,2020-10-02,10.0,4.0,2020.0,0,0,0,0,0,Other,2,0,0,0,0,1,1,0,0,0,0,0,0,1,Biography Crime Drama History Thriller War,0,0.0,,0.0,10.465927919019618,11.976753816375307,False,False,False,False,False,True,False,False,False,False,False,False,False,False,False,False,False,False,False,True,False,False
Love Story,2020,2020-02-09,153504.0,650.0,Drama Romance,,https://www.boxofficemojo.com/release/rl934707713/?ref_=bo_yld_table_200,87198.0,650.0,,PG,100.0,Fathom Events,love story,love_story,,,,,65.0,31.0,75.0,2020-02-09,2.0,6.0,2020.0,0,0,0,0,0,Other,2,0,0,0,0,0,1,0,0,0,0,1,0,0,Drama Romance,0,0.0,,0.0,11.375948141941405,11.941488418768794,False,False,False,False,False,True,False,False,False,False,False,True,False,False,False,False,False,False,False,False,False,False
Spider-Man: No Way Home,2021,2021-12-17,804793477.0,4336.0,Action Adventure Fantasy Sci-Fi,,https://www.boxofficemojo.com/release/rl2869659137/?ref_=bo_yld_table_1,260138569.0,4336.0,200000000.0,PG,148.0,Sony Pictures Releasing,spiderman no way home,spider_man_no_way_home,20211215035145.0,,,,93.0,430.0,97.0,2021-12-17,12.0,4.0,2021.0,0,0,1,0,1,Sony,2,1,1,0,0,0,0,0,1,0,0,0,1,0,Action Adventure Fantasy Sci-Fi,1,19.11382792951231,,0.0,19.376725008544703,20.506096253400173,False,False,False,False,False,False,False,True,False,False,False,False,False,False,False,False,False,False,False,False,False,True
Shang-Chi and the Legend of the Ten Rings,2021,2021-09-03,224543292.0,4300.0,Action Adventure Fantasy Sci-Fi,,https://www.boxofficemojo.com/release/rl3490022913/?ref_=bo_yld_table_2,75388688.0,4300.0,,PG,132.0,Walt Disney Studios Motion Pictures,shangchi and the legend of the ten rings,shang_chi_and_the_legend_of_the_ten_rings,,,,,92.0,345.0,98.0,2021-09-03,9.0,4.0,2021.0,1,0,0,0,0,Disney,2,1,1,0,0,0,0,0,1,0,0,0,1,0,Action Adventure Fantasy Sci-Fi,0,0.0,,0.0,18.13816780846247,19.229579088425805,False,False,True,False,False,False,False,False,False,False,False,False,False,False,False,False,False,False,True,False,False,False
Venom: Let There Be Carnage,2021,2021-10-01,213550366.0,4225.0,Action Adventure Animation Crime Fantasy Horror Sci-Fi Thriller,,https://www.boxofficemojo.com/release/rl1908310529/?ref_=bo_yld_table_3,90033210.0,4225.0,,PG,97.0,Sony Pictures Releasing,venom let there be carnage,venom_let_there_be_carnage,20210930135202.0,,,,58.0,282.0,83.0,2021-10-01,10.0,4.0,2021.0,0,0,0,0,1,Sony,2,1,1,1,0,1,0,0,1,1,0,0,1,1,Action Adventure Animation Crime Fantasy Horror Sci-Fi Thriller,0,0.0,,0.0,18.315689171337795,19.179383273817354,False,False,False,False,False,False,False,True,False,False,False,False,False,False,False,False,False,False,False,True,False,False
Black Widow,2021,2021-07-09,183651655.0,4275.0,Action Adventure Sci-Fi,,https://www.boxofficemojo.com/release/rl2122089985/?ref_=bo_yld_table_4,80366312.0,4160.0,,PG,134.0,Walt Disney Studios Motion Pictures,black widow,black_widow_2021,20210708021141.0,,,,79.0,463.0,91.0,2021-07-09,7.0,4.0,2021.0,0,1,0,0,0,Disney,2,1,1,0,0,0,0,0,0,0,0,0,1,0,Action Adventure Sci-Fi,0,0.0,,0.0,18.202105653809983,19.028551347341487,False,False,True,False,False,False,False,False,False,False,False,False,False,False,False,False,True,False,False,False,False,False
F9: The Fast Saga,2021,2021-06-25,173005945.0,4203.0,Action Crime Thriller,,https://www.boxofficemojo.com/release/rl192906753/?ref_=bo_yld_table_5,70043165.0,4179.0,,PG,143.0,Universal Pictures,f9 the fast saga,,,,,,,,,2021-06-25,6.0,4.0,2021.0,0,1,0,0,1,Universal,2,1,0,0,0,1,0,0,0,0,0,0,0,1,Action Crime Thriller,0,0.0,,0.0,18.0646222671016,18.968836521813618,False,False,False,False,False,False,False,False,True,False,False,False,False,False,False,True,False,False,False,False,False,False
Eternals,2021,2021-11-05,164870234.0,4090.0,Action Adventure Fantasy Sci-Fi,,https://www.boxofficemojo.com/release/rl2138867201/?ref_=bo_yld_table_6,71297219.0,4090.0,,PG,156.0,Walt Disney Studios Motion Pictures,eternals,eternals,,,,,48.0,416.0,77.0,2021-11-05,11.0,4.0,2021.0,0,0,1,0,0,Disney,2,1,1,0,0,0,0,0,1,0,0,0,1,0,Action Adventure Fantasy Sci-Fi,0,0.0,,0.0,18.082367894442058,18.920669267901786,False,False,True,False,False,False,False,False,False,False,False,False,False,False,False,False,False,False,False,False,True,False
No Time to Die,2021,2021-10-08,160891007.0,4407.0,Action Adventure Thriller,,https://www.boxofficemojo.com/release/rl4077159937/?ref_=bo_yld_table_7,55225007.0,4407.0,,PG,163.0,,no time to die,no_time_to_die_2021,20211007220623.0,,,,83.0,429.0,88.0,2021-10-08,10.0,4.0,2021.0,0,0,0,0,0,Other,2,1,1,0,0,0,0,0,0,0,0,0,0,1,Action Adventure Thriller,0,0.0,,0.0,17.826926452132373,18.896237724757693,False,False,False,False,False,True,False,False,False,False,False,False,False,False,False,False,False,False,False,True,False,False
A Quiet Place Part II,2021,2021-05-28,160072261.0,3744.0,Drama Horror Sci-Fi Thriller,,https://www.boxofficemojo.com/release/rl2819065345/?ref_=bo_yld_table_8,47547231.0,3726.0,,PG,97.0,Paramount Pictures,a quiet place part ii,a_quiet_place_part_ii,,,,,91.0,366.0,92.0,2021-05-28,5.0,4.0,2021.0,1,1,0,0,1,Paramount,2,0,0,0,0,0,1,0,0,1,0,0,1,1,Drama Horror Sci-Fi Thriller,0,0.0,,0.0,17.677234132853275,18.891135908740583,False,False,False,False,False,False,True,False,False,False,False,False,False,False,True,False,False,False,False,False,False,False
Ghostbusters: Afterlife,2021,2021-11-19,129360575.0,4315.0,Adventure Comedy Fantasy Sci-Fi,,https://www.boxofficemojo.com/release/rl319391233/?ref_=bo_yld_table_9,44008406.0,4315.0,,PG,124.0,Sony Pictures Releasing,ghostbusters afterlife,ghostbusters_afterlife,20211117122402.0,,,,63.0,308.0,94.0,2021-11-19,11.0,4.0,2021.0,0,0,1,0,1,Sony,2,0,1,0,1,0,0,0,1,0,0,0,1,0,Adventure Comedy Fantasy Sci-Fi,0,0.0,,0.0,17.599891241813154,18.67811422591338,False,False,False,False,False,False,False,True,False,False,False,False,False,False,False,False,False,False,False,False,True,False
Free Guy,2021,2021-08-13,121626598.0,4165.0,Action Adventure Comedy Fantasy Romance Sci-Fi,,https://www.boxofficemojo.com/release/rl1158252033/?ref_=bo_yld_table_10,28365416.0,4165.0,,PG,115.0,20th Century Studios,free guy,free_guy,20210812043715.0,,,,80.0,296.0,94.0,2021-08-13,8.0,4.0,2021.0,0,1,0,0,0,Disney,2,1,1,0,1,0,0,0,1,0,0,1,1,0,Action Adventure Comedy Fantasy Romance Sci-Fi,0,0.0,,0.0,17.16068124985103,18.61646624535216,False,False,True,False,False,False,False,False,False,False,False,False,False,False,False,False,False,True,False,False,False,False
Jungle Cruise,2021,2021-07-30,116987516.0,4310.0,Action Adventure Comedy Fantasy,,https://www.boxofficemojo.com/release/rl3657795073/?ref_=bo_yld_table_11,35018731.0,4310.0,,PG,127.0,Walt Disney Studios Motion Pictures,jungle cruise,jungle_cruise,20210729231953.0,,,,62.0,348.0,92.0,2021-07-30,7.0,4.0,2021.0,0,1,0,0,0,Disney,2,1,1,0,1,0,0,0,1,0,0,0,0,0,Action Adventure Comedy Fantasy,0,0.0,,0.0,17.371393676285248,18.57757779476231,False,False,True,False,False,False,False,False,False,False,False,False,False,False,False,False,True,False,False,False,False,False
Godzilla vs. Kong,2021,2021-03-31,100916094.0,3084.0,Action Sci-Fi Thriller,,https://www.boxofficemojo.com/release/rl1383892481/?ref_=bo_yld_table_12,31625971.0,3064.0,,PG,113.0,Warner Bros.,godzilla vs kong,godzilla_vs_kong,,,,,75.0,391.0,91.0,2021-03-31,3.0,2.0,2021.0,0,0,0,1,0,WB,2,1,0,0,0,0,0,0,0,0,0,0,1,1,Action Sci-Fi Thriller,0,0.0,,0.0,17.269489239717508,18.429799986973435,False,False,False,False,False,False,False,False,False,True,False,False,True,False,False,False,False,False,False,False,False,False
Dune: Part One,2021,2021-10-22,108327830.0,4125.0,Action Adventure Drama Sci-Fi,,https://www.boxofficemojo.com/release/rl3162015233/?ref_=bo_yld_table_13,41011174.0,4125.0,165000000.0,PG,155.0,Warner Bros.,dune part one,,,,,,,,,2021-10-22,10.0,4.0,2021.0,0,0,0,0,1,WB,2,1,1,0,0,0,1,0,0,0,0,0,1,0,Action Adventure Drama Sci-Fi,1,18.92145603792546,,0.0,17.5293551485062,18.500672659566778,False,False,False,False,False,False,False,False,False,True,False,False,False,False,False,False,False,False,False,True,False,False
Halloween Kills,2021,2021-10-15,92002155.0,3727.0,Action Drama Horror Thriller,,https://www.boxofficemojo.com/release/rl319063553/?ref_=bo_yld_table_14,49404980.0,3705.0,20000000.0,R,105.0,Universal Pictures,halloween kills,halloween_kills,20211014054305.0,,,,38.0,276.0,66.0,2021-10-15,10.0,4.0,2021.0,0,0,0,0,0,Universal,4,1,0,0,0,0,1,0,0,1,0,0,0,1,Action Drama Horror Thriller,1,16.811242881518265,,0.0,17.715561807034668,18.337322569521334,False,False,False,False,False,False,False,False,True,False,False,False,False,False,False,False,False,False,False,True,False,False
Encanto,2021,2021-11-24,96093622.0,3980.0,Animation Comedy Family Fantasy Musical,,https://www.boxofficemojo.com/release/rl1887208961/?ref_=bo_yld_table_15,27206494.0,3980.0,,PG,102.0,Walt Disney Studios Motion Pictures,encanto,encanto_2021,20211125232240.0,,,,92.0,209.0,93.0,2021-11-24,11.0,2.0,2021.0,1,0,1,0,0,Disney,2,0,0,1,1,0,0,1,1,0,1,0,0,0,Animation Comedy Family Fantasy Musical,0,0.0,,0.0,17.11896628952591,18.380833513778278,False,False,True,False,False,False,False,False,False,False,False,False,False,False,False,False,False,False,False,False,True,False
Cruella,2021,2021-05-28,86103234.0,3922.0,Adventure Comedy Crime Drama,,https://www.boxofficemojo.com/release/rl3708126721/?ref_=bo_yld_table_16,21496997.0,3892.0,,PG,134.0,Walt Disney Studios Motion Pictures,cruella,cruella,20210527005429.0,,,,75.0,415.0,97.0,2021-05-28,5.0,4.0,2021.0,1,1,0,0,0,Disney,2,0,1,0,1,1,1,0,0,0,0,0,0,0,Adventure Comedy Crime Drama,0,0.0,,0.0,16.883423855442032,18.27105754128214,False,False,True,False,False,False,False,False,False,False,False,False,False,False,True,False,False,False,False,False,False,False
Sing 2,2021,2021-12-22,162790990.0,3892.0,Adventure Animation Comedy Family Musical,,https://www.boxofficemojo.com/release/rl302024193/?ref_=bo_yld_table_17,22326230.0,3892.0,,PG,110.0,Universal Pictures,sing 2,sing_2,20211223225236.0,,,,72.0,134.0,98.0,2021-12-22,12.0,2.0,2021.0,1,0,1,0,1,Universal,2,0,1,1,1,0,0,1,0,0,1,0,0,0,Adventure Animation Comedy Family Musical,0,0.0,,0.0,16.92127282318429,18.907977672163682,False,False,False,False,False,False,False,False,True,False,False,False,False,False,False,False,False,False,False,False,False,True
Space Jam: A New Legacy,2021,2021-07-16,70592228.0,4002.0,Adventure Animation Comedy Family Fantasy Sci-Fi Sport,,https://www.boxofficemojo.com/release/rl973374977/?ref_=bo_yld_table_18,31053362.0,3965.0,,PG,115.0,Warner Bros.,space jam a new legacy,space_jam_a_new_legacy,,,,,25.0,228.0,79.0,2021-07-16,7.0,4.0,2021.0,0,1,0,0,1,WB,2,0,1,1,1,0,0,1,1,0,0,0,1,0,Adventure Animation Comedy Family Fantasy Sci-Fi Sport,0,0.0,,0.0,17.25121766965749,18.072430625583703,False,False,False,False,False,False,False,False,False,True,False,False,False,False,False,False,True,False,False,False,False,False
The Conjuring: The Devil Made Me Do It,2021,2021-06-04,65631050.0,3280.0,Horror Mystery Thriller,,https://www.boxofficemojo.com/release/rl3842475521/?ref_=bo_yld_table_19,24104332.0,3102.0,,R,112.0,Warner Bros.,the conjuring the devil made me do it,the_conjuring_the_devil_made_me_do_it,20210601183707.0,67.0,46.0,,56.0,253.0,83.0,2021-06-04,6.0,4.0,2021.0,0,1,0,0,1,WB,4,0,0,0,0,0,0,0,0,1,0,0,0,1,Horror Mystery Thriller,0,0.0,-11.0,3.8501476017100584,16.997902174831264,17.999559480339663,False,False,False,False,False,False,False,False,False,True,False,False,False,False,False,True,False,False,False,False,False,False
Candyman,2021,2021-08-27,61186570.0,3569.0,Horror Thriller,,https://www.boxofficemojo.com/release/rl1913030145/?ref_=bo_yld_table_20,22001750.0,3569.0,,R,91.0,Universal Pictures,candyman,candyman,,,,,79.0,82.0,64.0,2021-08-27,8.0,4.0,2021.0,0,1,0,0,0,Universal,4,0,0,0,0,0,0,0,0,1,0,0,0,1,Horror Thriller,0,0.0,,0.0,16.906632599064494,17.92943829530011,False,False,False,False,False,False,False,False,True,False,False,False,False,False,False,False,False,True,False,False,False,False
The Boss Baby 2: Family Business,2021,2021-07-02,57300280.0,3688.0,Adventure Animation Comedy Family Fantasy,,https://www.boxofficemojo.com/release/rl1594066433/?ref_=bo_yld_table_21,16000665.0,3644.0,,PG,107.0,Universal Pictures,the boss baby 2 family business,,,,,,,,,2021-07-02,7.0,4.0,2021.0,1,1,0,0,1,Universal,2,0,1,1,1,0,0,1,1,0,0,0,0,0,Adventure Animation Comedy Family Fantasy,0,0.0,,0.0,16.58814090433776,17.863816085686906,False,False,False,False,False,False,False,False,True,False,False,False,False,False,False,False,True,False,False,False,False,False
The Addams Family 2,2021,2021-10-01,56489153.0,4207.0,Adventure Animation Comedy Family Fantasy Horror Mystery,,https://www.boxofficemojo.com/release/rl1465156353/?ref_=bo_yld_table_22,17325007.0,4207.0,,PG,93.0,United Artists Releasing,the addams family 2,the_addams_family_2,,,,,28.0,111.0,69.0,2021-10-01,10.0,4.0,2021.0,0,0,0,0,1,Other,2,0,1,1,1,0,0,1,1,1,0,0,0,0,Adventure Animation Comedy Family Fantasy Horror Mystery,0,0.0,,0.0,16.667661564800596,17.849559213087336,False,False,False,False,False,True,False,False,False,False,False,False,False,False,False,False,False,False,False,True,False,False
The Suicide Squad,2021,2021-08-06,55817425.0,4019.0,Action Adventure Comedy Sci-Fi,,https://www.boxofficemojo.com/release/rl84510209/?ref_=bo_yld_table_23,26205415.0,4002.0,185000000.0,R,132.0,Warner Bros.,the suicide squad,the_suicide_squad,20210805155420.0,,,,90.0,384.0,82.0,2021-08-06,8.0,4.0,2021.0,0,1,0,0,0,WB,4,1,1,0,1,0,0,0,0,0,0,0,1,0,Action Adventure Comedy Sci-Fi,1,19.035866388448003,,0.0,17.081476664925447,17.83759667250476,False,False,False,False,False,False,False,False,False,True,False,False,False,False,False,False,False,True,False,False,False,False
Raya and the Last Dragon,2021,2021-03-05,54723032.0,2375.0,Action Adventure Animation Comedy Drama Family Fantasy,,https://www.boxofficemojo.com/release/rl3781723649/?ref_=bo_yld_table_24,8502498.0,2045.0,,PG,107.0,Walt Disney Studios Motion Pictures,raya and the last dragon,raya_and_the_last_dragon,20210304052544.0,,,,93.0,303.0,97.0,2021-03-05,3.0,4.0,2021.0,0,0,0,1,0,Disney,2,1,1,1,1,0,1,1,1,0,0,0,0,0,Action Adventure Animation Comedy Drama Family Fantasy,0,0.0,,0.0,15.955870678251014,17.817795257374094,False,False,True,False,False,False,False,False,False,False,False,False,True,False,False,False,False,False,False,False,False,False
Demon Slayer: Kimetsu no Yaiba - The Movie: Mugen Train,2021,2021-04-23,49505008.0,2087.0,Action Adventure Animation Fantasy Thriller,,https://www.boxofficemojo.com/release/rl3648226049/?ref_=bo_yld_table_25,21234994.0,1614.0,15700000.0,R,117.0,FUNimation Entertainment,demon slayer kimetsu no yaiba  the movie mugen train,demon_slayer_kimetsu_no_yaiba_the_movie_mugen_train,,,,,98.0,49.0,99.0,2021-04-23,4.0,4.0,2021.0,0,0,0,0,1,Other,4,1,1,1,0,0,0,0,1,0,0,0,0,1,Action Adventure Animation Fantasy Thriller,1,16.5691713340128,,0.0,16.871161086269154,17.717584414338553,False,False,False,False,False,True,False,False,False,False,False,False,False,True,False,False,False,False,False,False,False,False
Clifford the Big Red Dog,2021,2021-11-10,48947356.0,3700.0,Adventure Comedy Family Fantasy,,https://www.boxofficemojo.com/release/rl642418177/?ref_=bo_yld_table_26,16627491.0,3700.0,,PG,96.0,Paramount Pictures,clifford the big red dog,clifford_the_big_red_dog,20211109211102.0,,,,58.0,96.0,94.0,2021-11-10,11.0,2.0,2021.0,0,0,1,0,0,Paramount,2,0,1,0,1,0,0,1,1,0,0,0,0,0,Adventure Comedy Family Fantasy,0,0.0,,0.0,16.62656802800994,17.706255931611775,False,False,False,False,False,False,True,False,False,False,False,False,False,False,False,False,False,False,False,False,True,False
House of Gucci,2021,2021-11-24,53809574.0,3477.0,Biography Crime Drama History,,https://www.boxofficemojo.com/release/rl2182841089/?ref_=bo_yld_table_27,14423794.0,3477.0,,R,158.0,United Artists Releasing,house of gucci,house_of_gucci,,,,,62.0,373.0,83.0,2021-11-24,11.0,2.0,2021.0,1,0,1,0,0,Other,4,0,0,0,0,1,1,0,0,0,0,0,0,0,Biography Crime Drama History,0,0.0,,0.0,16.484389831340554,17.800961983274217,False,False,False,False,False,True,False,False,False,False,False,False,False,False,False,False,False,False,False,False,True,False
Old,2021,2021-07-23,48276510.0,3379.0,Drama Mystery Thriller,,https://www.boxofficemojo.com/release/rl2097710593/?ref_=bo_yld_table_28,16854735.0,3355.0,,PG,108.0,Universal Pictures,old,old,20210721164952.0,,,,50.0,342.0,53.0,2021-07-23,7.0,4.0,2021.0,0,1,0,0,0,Universal,2,0,0,0,0,0,1,0,0,0,0,0,0,1,Drama Mystery Thriller,0,0.0,,0.0,16.640142243519623,17.69245568563366,False,False,False,False,False,False,False,False,True,False,False,False,False,False,False,False,True,False,False,False,False,False
Tom & Jerry,2021,2021-02-26,46536687.0,2563.0,Adventure Animation Comedy Family Fantasy,,https://www.boxofficemojo.com/release/rl2399766017/?ref_=bo_yld_table_29,14112629.0,2475.0,,PG,101.0,Warner Bros.,tom  jerry,tom_and_jerry,,,,,29.0,130.0,82.0,2021-02-26,2.0,4.0,2021.0,0,0,0,0,0,WB,2,0,1,1,1,0,0,1,1,0,0,0,0,0,Adventure Animation Comedy Family Fantasy,0,0.0,,0.0,16.46258069908939,17.6557515487165,False,False,False,False,False,False,False,False,False,True,False,True,False,False,False,False,False,False,False,False,False,False
The Forever Purge,2021,2021-07-02,44539245.0,3058.0,Action Crime Drama Horror Thriller Western,,https://www.boxofficemojo.com/release/rl84444673/?ref_=bo_yld_table_30,12551220.0,3051.0,,R,103.0,Universal Pictures,the forever purge,the_forever_purge,20210701162141.0,,,,48.0,160.0,78.0,2021-07-02,7.0,4.0,2021.0,1,1,0,0,0,Universal,4,1,0,0,0,1,1,0,0,1,0,0,0,1,Action Crime Drama Horror Thriller Western,0,0.0,,0.0,16.345328509646272,17.611881291046704,False,False,False,False,False,False,False,False,True,False,False,False,False,False,False,False,True,False,False,False,False,False
Peter Rabbit 2: The Runaway,2021,2021-06-11,40501717.0,3346.0,Adventure Animation Comedy Drama Family Fantasy,,https://www.boxofficemojo.com/release/rl2869200385/?ref_=bo_yld_table_31,10101066.0,3346.0,,PG,93.0,Sony Pictures Releasing,peter rabbit 2 the runaway,peter_rabbit_2_the_runaway,,,,,68.0,75.0,89.0,2021-06-11,6.0,4.0,2021.0,0,1,0,0,1,Sony,2,0,1,1,1,0,1,1,1,0,0,0,0,0,Adventure Animation Comedy Drama Family Fantasy,0,0.0,,0.0,16.128151619795958,17.516854950930163,False,False,False,False,False,False,False,True,False,False,False,False,False,False,False,True,False,False,False,False,False,False
PAW Patrol: The Movie,2021,2021-08-20,40127371.0,3189.0,Action Adventure Animation Comedy Crime Family Fantasy Sci-Fi,,https://www.boxofficemojo.com/release/rl1757315585/?ref_=bo_yld_table_32,13148340.0,3184.0,,G,86.0,Paramount Pictures,paw patrol the movie,paw_patrol_the_movie,20210819223716.0,,,,82.0,50.0,97.0,2021-08-20,8.0,4.0,2021.0,0,1,0,0,1,Paramount,1,1,1,1,1,1,0,1,1,0,0,0,1,0,Action Adventure Animation Comedy Crime Family Fantasy Sci-Fi,0,0.0,,0.0,16.391806148933426,17.50756925293201,False,False,False,False,False,False,True,False,False,False,False,False,False,False,False,False,False,True,False,False,False,False
Hitman's Wife's Bodyguard,2021,2021-06-16,38014727.0,3361.0,Action Adventure Comedy Crime Drama Romance Thriller,,https://www.boxofficemojo.com/release/rl2544534017/?ref_=bo_yld_table_33,11397820.0,3331.0,,R,100.0,Lionsgate,hitmans wifes bodyguard,,,,,,,,,2021-06-16,6.0,2.0,2021.0,0,1,0,0,0,Lionsgate,4,1,1,0,1,1,1,0,0,0,0,1,0,1,Action Adventure Comedy Crime Drama Romance Thriller,0,0.0,,0.0,16.248932754744203,17.45348422154871,False,False,False,True,False,False,False,False,False,False,False,False,False,False,False,True,False,False,False,False,False,False
Mortal Kombat,2021,2021-04-23,42326031.0,3114.0,Action Adventure Fantasy Sci-Fi Thriller,,https://www.boxofficemojo.com/release/rl1862829569/?ref_=bo_yld_table_34,23302503.0,3073.0,,R,110.0,Warner Bros.,mortal kombat,mortal_kombat,,,,,44.0,77.0,58.0,2021-04-23,4.0,4.0,2021.0,0,0,0,0,0,WB,4,1,1,0,0,0,0,0,1,0,0,0,1,1,Action Adventure Fantasy Sci-Fi Thriller,0,0.0,,0.0,16.964071380572836,17.560912868438727,False,False,False,False,False,False,False,False,False,True,False,False,False,True,False,False,False,False,False,False,False,False
Don't Breathe 2,2021,2021-08-13,32712950.0,3005.0,Action Crime Horror Thriller,,https://www.boxofficemojo.com/release/rl1180271361/?ref_=bo_yld_table_35,10622473.0,3005.0,,R,98.0,Screen Gems,dont breathe 2,dont_breathe_2,,,,,43.0,81.0,85.0,2021-08-13,8.0,4.0,2021.0,0,1,0,0,1,Other,4,1,0,0,0,1,0,0,0,1,0,0,0,1,Action Crime Horror Thriller,0,0.0,,0.0,16.17848250333337,17.303281612504257,False,False,False,False,False,True,False,False,False,False,False,False,False,False,False,False,False,True,False,False,False,False
In the Heights,2021,2021-06-11,29975167.0,3509.0,Drama Musical Romance,,https://www.boxofficemojo.com/release/rl3674506753/?ref_=bo_yld_table_36,11504710.0,3456.0,,PG,143.0,Warner Bros.,in the heights,in_the_heights_2021,20210610180929.0,,,,94.0,373.0,94.0,2021-06-11,6.0,4.0,2021.0,0,1,0,0,0,WB,2,0,0,0,0,0,1,0,0,0,1,1,0,0,Drama Musical Romance,0,0.0,,0.0,16.258267161622847,17.215879863532706,False,False,False,False,False,False,False,False,False,True,False,False,False,False,False,True,False,False,False,False,False,False
Snake Eyes,2021,2021-07-23,28264325.0,3540.0,Action Adventure Crime Fantasy Sci-Fi Thriller,,https://www.boxofficemojo.com/release/rl2114291201/?ref_=bo_yld_table_37,13367853.0,3521.0,,G,121.0,Paramount Pictures,snake eyes,snake_eyes,,,,,42.0,71.0,36.0,2021-07-23,7.0,4.0,2021.0,0,1,0,0,0,Paramount,1,1,1,0,0,1,0,0,1,0,0,0,1,1,Action Adventure Crime Fantasy Sci-Fi Thriller,0,0.0,,0.0,16.408363427593894,17.15711100206159,False,False,False,False,False,False,True,False,False,False,False,False,False,False,False,False,True,False,False,False,False,False
West Side Story,2021,2021-12-10,38530322.0,2820.0,Crime Drama Musical Romance,,https://www.boxofficemojo.com/release/rl319325697/?ref_=bo_yld_table_38,10574618.0,2820.0,,PG,156.0,20th Century Studios,west side story,west_side_story,,,,,92.0,115.0,84.0,2021-12-10,12.0,4.0,2021.0,0,0,1,0,0,Disney,2,0,0,0,0,1,1,0,0,0,1,1,0,0,Crime Drama Musical Romance,0,0.0,,0.0,16.173967253878786,17.466956099645323,False,False,True,False,False,False,False,False,False,False,False,False,False,False,False,False,False,False,False,False,False,True
The Matrix Resurrections,2021,2021-12-22,37686805.0,3552.0,Action Sci-Fi,,https://www.boxofficemojo.com/release/rl2175304193/?ref_=bo_yld_table_39,10749011.0,3552.0,,R,148.0,Warner Bros.,the matrix resurrections,the_matrix_resurrections,,,,,63.0,363.0,63.0,2021-12-22,12.0,2.0,2021.0,1,0,1,0,0,WB,4,1,0,0,0,0,0,0,0,0,0,0,1,0,Action Sci-Fi,0,0.0,,0.0,16.190324401337495,17.44482061768843,False,False,False,False,False,False,False,False,False,True,False,False,False,False,False,False,False,False,False,False,False,True
Wrath of Man,2021,2021-05-07,27466489.0,3007.0,Action Crime Thriller,,https://www.boxofficemojo.com/release/rl2976809729/?ref_=bo_yld_table_40,8309007.0,2875.0,,R,119.0,United Artists Releasing,wrath of man,wrath_of_man,,,,,68.0,260.0,90.0,2021-05-07,5.0,4.0,2021.0,0,1,0,0,0,Other,4,1,0,0,0,1,0,0,0,0,0,0,0,1,Action Crime Thriller,0,0.0,,0.0,15.932850785458065,17.12847727415207,False,False,False,False,False,True,False,False,False,False,False,False,False,False,True,False,False,False,False,False,False,False
Nobody,2021,2021-03-26,27568035.0,2567.0,Action Crime Drama Thriller,,https://www.boxofficemojo.com/release/rl604276225/?ref_=bo_yld_table_41,6820100.0,2460.0,16000000.0,R,92.0,Universal Pictures,nobody,nobody_2021,,,,,83.0,287.0,94.0,2021-03-26,3.0,4.0,2021.0,0,0,0,1,0,Universal,4,1,0,0,0,1,1,0,0,0,0,0,0,1,Action Crime Drama Thriller,1,16.588099342704055,,0.0,15.73538483909415,17.132167543610866,False,False,False,False,False,False,False,False,True,False,False,False,True,False,False,False,False,False,False,False,False,False
The Croods: A New Age,2021,2020-11-25,58568815.0,2211.0,Adventure Animation Comedy Family Fantasy,,https://www.boxofficemojo.com/release/rl3209528833/?ref_=bo_yld_table_42,9724200.0,2211.0,,PG,95.0,Universal Pictures,the croods a new age,the_croods_a_new_age,20201125085620.0,,,,77.0,156.0,94.0,2020-11-25,11.0,2.0,2020.0,1,0,1,0,1,Universal,2,0,1,1,1,0,0,1,1,0,0,0,0,0,Adventure Animation Comedy Family Fantasy,0,0.0,,0.0,16.090128284710485,17.885712962734438,False,False,False,False,False,False,False,False,True,False,False,False,False,False,False,False,False,False,False,False,True,False
Escape Room: Tournament of Champions,2021,2021-07-16,25314753.0,2815.0,Action Adventure Horror Mystery Sci-Fi Thriller,,https://www.boxofficemojo.com/release/rl3205072385/?ref_=bo_yld_table_43,8801391.0,2815.0,,PG,88.0,Sony Pictures Releasing,escape room tournament of champions,escape_room_tournament_of_champions,,,,,52.0,79.0,75.0,2021-07-16,7.0,4.0,2021.0,0,1,0,0,1,Sony,2,1,1,0,0,0,0,0,0,1,0,0,1,1,Action Adventure Horror Mystery Sci-Fi Thriller,0,0.0,,0.0,15.990420448757192,17.04689794578017,False,False,False,False,False,False,False,True,False,False,False,False,False,False,False,False,True,False,False,False,False,False
Respect,2021,2021-08-13,24278399.0,3207.0,Biography Drama Music,,https://www.boxofficemojo.com/release/rl4039082497/?ref_=bo_yld_table_44,8807513.0,3207.0,,PG,145.0,,respect,respect_2021,20210812024935.0,,,,68.0,192.0,95.0,2021-08-13,8.0,4.0,2021.0,0,1,0,0,0,Other,2,0,0,0,0,0,1,0,0,0,0,0,0,0,Biography Drama Music,0,0.0,,0.0,15.991115778750624,17.00509762412589,False,False,False,False,False,True,False,False,False,False,False,False,False,False,False,False,False,True,False,False,False,False
Wonder Woman 1984,2021,2020-12-25,46801036.0,2218.0,Action Adventure Fantasy,,https://www.boxofficemojo.com/release/rl3624109569/?ref_=bo_yld_table_45,16701957.0,2151.0,,PG,151.0,Warner Bros.,wonder woman 1984,wonder_woman_1984,20201223153114.0,,,,57.0,455.0,73.0,2020-12-25,12.0,4.0,2020.0,1,0,1,0,0,WB,2,1,1,0,0,0,0,0,1,0,0,0,0,0,Action Adventure Fantasy,0,0.0,,0.0,16.631036516023247,17.661415918762046,False,False,False,False,False,False,False,False,False,True,False,False,False,False,False,False,False,False,False,False,False,True
Spiral,2021,2021-05-14,23216862.0,2991.0,Crime Drama Horror Mystery Thriller,,https://www.boxofficemojo.com/release/rl1745389057/?ref_=bo_yld_table_46,8750034.0,2811.0,,R,93.0,Lionsgate,spiral,spiral_from_the_book_of_saw,20210513092525.0,,,,39.0,233.0,75.0,2021-05-14,5.0,4.0,2021.0,0,1,0,0,0,Lionsgate,4,0,0,0,0,1,1,0,0,1,0,0,0,1,Crime Drama Horror Mystery Thriller,0,0.0,,0.0,15.984568258325798,16.96038942605478,False,False,False,True,False,False,False,False,False,False,False,False,False,False,True,False,False,False,False,False,False,False
Ron's Gone Wrong,2021,2021-10-22,23009270.0,3560.0,Adventure Animation Comedy Family Sci-Fi,,https://www.boxofficemojo.com/release/rl2516747777/?ref_=bo_yld_table_47,7300225.0,3560.0,,PG,107.0,20th Century Studios,rons gone wrong,rons_gone_wrong,20211019005719.0,85.0,33.0,,82.0,102.0,94.0,2021-10-22,10.0,4.0,2021.0,0,0,0,0,0,Disney,2,0,1,1,1,0,0,1,0,0,0,0,1,0,Adventure Animation Comedy Family Sci-Fi,0,0.0,-3.0,3.5263605246161616,15.803415864543512,16.951407779632223,False,False,True,False,False,False,False,False,False,False,False,False,False,False,False,False,False,False,False,True,False,False
Spirit Untamed,2021,2021-06-04,17716215.0,3394.0,Adventure Animation Comedy Family Musical Western,,https://www.boxofficemojo.com/release/rl2450228737/?ref_=bo_yld_table_48,6101050.0,3211.0,,PG,88.0,Universal Pictures,spirit untamed,spirit_untamed,,,,,48.0,115.0,95.0,2021-06-04,6.0,4.0,2021.0,0,1,0,0,0,Universal,2,0,1,1,1,0,0,1,0,0,1,0,0,0,Adventure Animation Comedy Family Musical Western,0,0.0,,0.0,15.623971609384414,16.68999093631938,False,False,False,False,False,False,False,False,True,False,False,False,False,False,False,True,False,False,False,False,False,False
The Green Knight,2021,2021-07-30,17173321.0,2798.0,Adventure Drama Fantasy,,https://www.boxofficemojo.com/release/rl4222779905/?ref_=bo_yld_table_49,6790917.0,2790.0,,R,130.0,A24,the green knight,the_green_knight,20210729072815.0,,,,89.0,331.0,50.0,2021-07-30,7.0,4.0,2021.0,0,1,0,0,0,A24,4,0,1,0,0,0,1,0,1,0,0,0,0,0,Adventure Drama Fantasy,0,0.0,,0.0,15.73109668921814,16.658867691154157,True,False,False,False,False,False,False,False,False,False,False,False,False,False,False,False,True,False,False,False,False,False
Resident Evil: Welcome to Raccoon City,2021,2021-11-24,17000612.0,2803.0,Action Horror Sci-Fi Thriller,,https://www.boxofficemojo.com/release/rl829063937/?ref_=bo_yld_table_50,5319280.0,2803.0,,R,107.0,Screen Gems,resident evil welcome to raccoon city,resident_evil_welcome_to_raccoon_city,20211125135629.0,,,,30.0,92.0,65.0,2021-11-24,11.0,2.0,2021.0,1,0,1,0,1,Other,4,1,0,0,0,0,0,0,0,1,0,0,1,1,Action Horror Sci-Fi Thriller,0,0.0,,0.0,15.486848701808253,16.648759960193917,False,False,False,False,False,True,False,False,False,False,False,False,False,False,False,False,False,False,False,False,True,False
The King's Man,2021,2021-12-22,37176373.0,3180.0,Action Adventure Thriller,,https://www.boxofficemojo.com/release/rl2181531137/?ref_=bo_yld_table_51,5915542.0,3180.0,,R,131.0,20th Century Studios,the kings man,the_kings_man,,,,,41.0,183.0,80.0,2021-12-22,12.0,2.0,2021.0,1,0,1,0,0,Disney,4,1,1,0,0,0,0,0,0,0,0,0,0,1,Action Adventure Thriller,0,0.0,,0.0,15.593093851688401,17.431184009950275,False,False,True,False,False,False,False,False,False,False,False,False,False,False,False,False,False,False,False,False,False,True
The French Dispatch,2021,2021-10-22,16124375.0,1225.0,Comedy Drama Romance,,https://www.boxofficemojo.com/release/rl1085440513/?ref_=bo_yld_table_52,1348804.0,52.0,,R,107.0,Searchlight Pictures,the french dispatch,the_french_dispatch,,,,,75.0,321.0,76.0,2021-10-22,10.0,4.0,2021.0,0,0,0,0,0,Disney,4,0,0,0,1,0,1,0,0,0,0,1,0,0,Comedy Drama Romance,0,0.0,,0.0,14.114729573221672,16.59584272222292,False,False,True,False,False,False,False,False,False,False,False,False,False,False,False,False,False,False,False,True,False,False
The Marksman,2021,2021-01-15,15566093.0,2018.0,Action Drama Thriller,,https://www.boxofficemojo.com/release/rl3412361985/?ref_=bo_yld_table_53,3104204.0,1975.0,,PG,108.0,,the marksman,the_marksman_2021,,,,,38.0,109.0,83.0,2021-01-15,1.0,4.0,2021.0,1,0,0,0,0,Other,2,1,0,0,0,0,1,0,0,0,0,0,0,1,Action Drama Thriller,0,0.0,,0.0,14.948268201918882,16.560605645285754,False,False,False,False,False,True,False,False,False,False,True,False,False,False,False,False,False,False,False,False,False,False
The Unholy,2021,2021-04-02,15532137.0,2057.0,Drama Horror Mystery Thriller,,https://www.boxofficemojo.com/release/rl460292865/?ref_=bo_yld_table_54,3153456.0,1850.0,,PG,99.0,Screen Gems,the unholy,the_unholy,,,,,25.0,8.0,44.0,2021-04-02,4.0,4.0,2021.0,0,0,0,0,0,Other,2,0,0,0,0,0,1,0,0,1,0,0,0,1,Drama Horror Mystery Thriller,0,0.0,,0.0,14.96400986934994,16.558421854677047,False,False,False,False,False,True,False,False,False,False,False,False,False,True,False,False,False,False,False,False,False,False
The Little Things,2021,2021-01-29,15342746.0,2206.0,Crime Drama Mystery Thriller,,https://www.boxofficemojo.com/release/rl918258177/?ref_=bo_yld_table_55,4705527.0,2171.0,,R,128.0,Warner Bros.,the little things,the_little_things_2021,,,,,45.0,267.0,67.0,2021-01-29,1.0,4.0,2021.0,0,0,0,0,0,WB,4,0,0,0,0,1,1,0,0,0,0,0,0,1,Crime Drama Mystery Thriller,0,0.0,,0.0,15.364248545746753,16.546153412187007,False,False,False,False,False,False,False,False,False,True,True,False,False,False,False,False,False,False,False,False,False,False
Dear Evan Hansen,2021,2021-09-24,15002646.0,3364.0,Drama Musical,,https://www.boxofficemojo.com/release/rl3127608065/?ref_=bo_yld_table_56,7443830.0,3364.0,,PG,137.0,Universal Pictures,dear evan hansen,dear_evan_hansen,,,,,28.0,281.0,88.0,2021-09-24,9.0,4.0,2021.0,0,0,0,0,0,Universal,2,0,0,0,0,0,1,0,0,0,1,0,0,0,Drama Musical,0,0.0,,0.0,15.822896193638634,16.52373721016474,False,False,False,False,False,False,False,False,True,False,False,False,False,False,False,False,False,False,True,False,False,False
King Richard,2021,2021-11-19,15129285.0,3302.0,Biography Drama Sport,,https://www.boxofficemojo.com/release/rl1191740929/?ref_=bo_yld_table_57,5406033.0,3302.0,,PG,144.0,Warner Bros.,king richard,king_richard,20211117133234.0,,,,90.0,302.0,98.0,2021-11-19,11.0,4.0,2021.0,0,0,1,0,0,WB,2,0,0,0,0,0,1,0,0,0,0,0,0,0,Biography Drama Sport,0,0.0,,0.0,15.50302629510693,16.532142893639772,False,False,False,False,False,False,False,False,False,True,False,False,False,False,False,False,False,False,False,False,True,False
Stillwater,2021,2021-07-30,14465535.0,2611.0,Crime Drama Mystery Thriller,,https://www.boxofficemojo.com/release/rl1863026177/?ref_=bo_yld_table_58,5188150.0,2531.0,,R,139.0,Focus Features,stillwater,,,,,,,,,2021-07-30,7.0,4.0,2021.0,0,1,0,0,0,Universal,4,0,0,0,0,1,1,0,0,0,0,0,0,1,Crime Drama Mystery Thriller,0,0.0,,0.0,15.461887929623284,16.487279550666102,False,False,False,False,False,False,False,False,True,False,False,False,False,False,False,False,True,False,False,False,False,False
Christmas with the Chosen: The Messengers,2021,2021-12-01,13728000.0,1700.0,Music,,https://www.boxofficemojo.com/release/rl2048426753/?ref_=bo_yld_table_59,4245000.0,1700.0,,,123.0,Fathom Events,christmas with the chosen the messengers,christmas_with_the_chosen_the_messengers,,,,,96.0,1313.0,96.0,2021-12-01,12.0,2.0,2021.0,0,0,1,0,1,Other,3,0,0,0,0,0,0,0,0,0,0,0,0,0,Music,0,0.0,,0.0,15.261252613298817,16.4349481735537,False,False,False,False,False,True,False,False,False,False,False,False,False,False,False,False,False,False,False,False,False,True
Malignant,2021,2021-09-10,13391791.0,3501.0,Crime Horror Mystery,,https://www.boxofficemojo.com/release/rl4288512513/?ref_=bo_yld_table_60,5434620.0,3485.0,,R,111.0,Warner Bros.,malignant,malignant,,,,,40.0,2.0,40.0,2021-09-10,9.0,4.0,2021.0,0,0,0,0,0,WB,4,0,0,0,0,1,0,0,0,1,0,0,0,0,Crime Horror Mystery,0,0.0,,0.0,15.508300342895302,16.410152539930085,False,False,False,False,False,False,False,False,False,True,False,False,False,False,False,False,False,False,True,False,False,False
Chaos Walking,2021,2021-03-05,13287908.0,2132.0,Action Adventure Drama Fantasy Sci-Fi Western,,https://www.boxofficemojo.com/release/rl157647617/?ref_=bo_yld_table_61,3775350.0,1980.0,,PG,109.0,Lionsgate,chaos walking,chaos_walking,,,,,21.0,155.0,71.0,2021-03-05,3.0,4.0,2021.0,0,0,0,1,0,Lionsgate,2,1,1,0,0,0,1,0,1,0,0,0,1,0,Action Adventure Drama Fantasy Sci-Fi Western,0,0.0,,0.0,15.144003916475327,16.402365081967652,False,False,False,True,False,False,False,False,False,False,False,False,True,False,False,False,False,False,False,False,False,False
My Hero Academia: World Heroes' Mission,2021,2021-10-29,12271658.0,1585.0,Action Adventure Animation Sci-Fi,,https://www.boxofficemojo.com/release/rl1494057729/?ref_=bo_yld_table_62,6255779.0,1585.0,,PG,101.0,FUNimation Entertainment,my hero academia world heroes mission,my_hero_academia_world_heroes_mission,20211028224703.0,,,,87.0,30.0,95.0,2021-10-29,10.0,4.0,2021.0,0,0,0,0,1,Other,2,1,1,1,0,0,0,0,0,0,0,0,1,0,Action Adventure Animation Sci-Fi,0,0.0,,0.0,15.649016394348529,16.3228030153713,False,False,False,False,False,True,False,False,False,False,False,False,False,False,False,False,False,False,False,True,False,False
American Underdog,2021,2021-12-25,26514814.0,2813.0,Biography Drama Romance Sport,,https://www.boxofficemojo.com/release/rl1035239937/?ref_=bo_yld_table_63,5861836.0,2813.0,,PG,112.0,Lionsgate,american underdog,american_underdog,,,,,75.0,69.0,98.0,2021-12-25,12.0,5.0,2021.0,1,0,1,0,0,Lionsgate,2,0,0,0,0,0,1,0,0,0,0,1,0,0,Biography Drama Romance Sport,0,0.0,,0.0,15.58397359365689,17.0932141913463,False,False,False,True,False,False,False,False,False,False,False,False,False,False,False,False,False,False,False,False,False,True
The Last Duel,2021,2021-10-15,10853945.0,3065.0,Drama History Thriller,,https://www.boxofficemojo.com/release/rl3819143681/?ref_=bo_yld_table_64,4759151.0,3065.0,,R,152.0,20th Century Studios,the last duel,the_last_duel_2021,20211014044942.0,,,,85.0,293.0,81.0,2021-10-15,10.0,4.0,2021.0,0,0,0,0,0,Disney,4,0,0,0,0,0,1,0,0,0,0,0,0,1,Drama History Thriller,0,0.0,,0.0,15.375580059076277,16.200039258468735,False,False,True,False,False,False,False,False,False,False,False,False,False,False,False,False,False,False,False,True,False,False
Antlers,2021,2021-10-29,10619670.0,2800.0,Drama Horror Mystery,,https://www.boxofficemojo.com/release/rl3483599361/?ref_=bo_yld_table_65,4271346.0,2800.0,,R,99.0,Searchlight Pictures,antlers,antlers,,,,,59.0,179.0,67.0,2021-10-29,10.0,4.0,2021.0,0,0,0,0,0,Disney,4,0,0,0,0,0,1,0,0,1,0,0,0,0,Drama Horror Mystery,0,0.0,,0.0,15.267439792133285,16.17821859401383,False,False,True,False,False,False,False,False,False,False,False,False,False,False,False,False,False,False,False,True,False,False
Cry Macho,2021,2021-09-17,10310734.0,4022.0,Drama,,https://www.boxofficemojo.com/release/rl477004545/?ref_=bo_yld_table_66,4426161.0,3967.0,,PG,104.0,Warner Bros.,cry macho,cry_macho,20210916202113.0,,,,57.0,177.0,64.0,2021-09-17,9.0,4.0,2021.0,0,0,0,0,0,WB,2,0,0,0,0,0,1,0,0,0,0,0,0,0,Drama,0,0.0,,0.0,15.303043400821174,16.14869614346183,False,False,False,False,False,False,False,False,False,True,False,False,False,False,False,False,False,False,True,False,False,False
Monster Hunter,2021,2020-12-18,15162470.0,1817.0,Action Adventure Animation Fantasy,,https://www.boxofficemojo.com/release/rl1862895105/?ref_=bo_yld_table_67,2201269.0,1736.0,,PG,103.0,Screen Gems,monster hunter,monster_hunter,,,,,45.0,98.0,70.0,2020-12-18,12.0,4.0,2020.0,0,0,1,0,0,Other,2,1,1,1,0,0,0,0,1,0,0,0,0,0,Action Adventure Animation Fantasy,0,0.0,,0.0,14.604545024498012,16.534333919619257,False,False,False,False,False,True,False,False,False,False,False,False,False,False,False,False,False,False,False,False,False,True
Last Night in Soho,2021,2021-10-29,10127625.0,3016.0,Drama Horror Mystery Thriller,,https://www.boxofficemojo.com/release/rl839616001/?ref_=bo_yld_table_68,4178460.0,3016.0,,R,116.0,Focus Features,last night in soho,last_night_in_soho,,,,,75.0,349.0,89.0,2021-10-29,10.0,4.0,2021.0,0,0,0,0,0,Universal,4,0,0,0,0,0,1,0,0,1,0,0,0,1,Drama Horror Mystery Thriller,0,0.0,,0.0,15.24545355488719,16.13077749535409,False,False,False,False,False,False,False,False,True,False,False,False,False,False,False,False,False,False,False,True,False,False
News of the World,2021,2020-12-25,12668325.0,1986.0,Action Adventure Drama Western,,https://www.boxofficemojo.com/release/rl3054208513/?ref_=bo_yld_table_69,2250430.0,1900.0,,PG,118.0,Universal Pictures,news of the world,news_of_the_world,,,,,88.0,270.0,89.0,2020-12-25,12.0,4.0,2020.0,1,0,1,0,0,Universal,2,1,1,0,0,0,1,0,0,0,0,0,0,0,Action Adventure Drama Western,0,0.0,,0.0,14.626632311391736,16.354615420442798,False,False,False,False,False,False,False,False,True,False,False,False,False,False,False,False,False,False,False,False,False,True
The Many Saints of Newark,2021,2021-10-01,8237403.0,3181.0,Crime Drama,,https://www.boxofficemojo.com/release/rl2164884993/?ref_=bo_yld_table_70,4651571.0,3181.0,,R,,Warner Bros.,the many saints of newark,the_many_saints_of_newark,20210930003458.0,,,,72.0,229.0,59.0,2021-10-01,10.0,4.0,2021.0,0,0,0,0,0,WB,4,0,0,0,0,1,1,0,0,0,0,0,0,0,Crime Drama,0,0.0,,0.0,15.352715784948735,15.924195803703746,False,False,False,False,False,False,False,False,False,True,False,False,False,False,False,False,False,False,False,True,False,False
The Protégé,2021,2021-08-20,7446823.0,2577.0,Action Adventure Crime Drama Thriller,,https://www.boxofficemojo.com/release/rl1555988993/?ref_=bo_yld_table_71,2908221.0,2577.0,,R,109.0,Lionsgate,the protg,,,,,,,,,2021-08-20,8.0,4.0,2021.0,0,1,0,0,0,Lionsgate,4,1,1,0,0,1,1,0,0,0,0,0,0,1,Action Adventure Crime Drama Thriller,0,0.0,,0.0,14.883052455849635,15.823298190735512,False,False,False,True,False,False,False,False,False,False,False,False,False,False,False,False,False,True,False,False,False,False
The Night House,2021,2021-08-20,7100581.0,2240.0,Horror Mystery Thriller,,https://www.boxofficemojo.com/release/rl1550353153/?ref_=bo_yld_table_72,2859409.0,2240.0,,R,107.0,Searchlight Pictures,the night house,the_night_house,20210819203741.0,,,,88.0,209.0,69.0,2021-08-20,8.0,4.0,2021.0,0,1,0,0,0,Disney,4,0,0,0,0,0,0,0,0,1,0,0,0,1,Horror Mystery Thriller,0,0.0,,0.0,14.866125867808268,15.775687310483022,False,False,True,False,False,False,False,False,False,False,False,False,False,False,False,False,False,True,False,False,False,False
Spencer,2021,2021-11-05,7086632.0,1265.0,Biography Drama,,https://www.boxofficemojo.com/release/rl2065335041/?ref_=bo_yld_table_73,2104767.0,996.0,,R,117.0,Neon,spencer,spencer,,,,,21.0,10.0,21.0,2021-11-05,11.0,4.0,2021.0,0,0,1,0,0,Other,4,0,0,0,0,0,1,0,0,0,0,0,0,0,Biography Drama,0,0.0,,0.0,14.559715805247912,15.77372089149313,False,False,False,False,False,True,False,False,False,False,False,False,False,False,False,False,False,False,False,False,True,False
Belfast,2021,2021-11-12,9250870.0,1255.0,Biography Drama,,https://www.boxofficemojo.com/release/rl4000285441/?ref_=bo_yld_table_74,1779410.0,580.0,,PG,98.0,Focus Features,belfast,belfast,,,,,86.0,330.0,92.0,2021-11-12,11.0,4.0,2021.0,0,0,1,0,0,Universal,2,0,0,0,0,0,1,0,0,0,0,0,0,0,Biography Drama,0,0.0,,0.0,14.39179296863275,16.040228267217792,False,False,False,False,False,False,False,False,True,False,False,False,False,False,False,False,False,False,False,False,True,False
Nightmare Alley,2021,2021-12-17,11338107.0,2145.0,Crime Drama Thriller,,https://www.boxofficemojo.com/release/rl1382580993/?ref_=bo_yld_table_75,2811703.0,2145.0,,R,150.0,Searchlight Pictures,nightmare alley,nightmare_alley,,,,,87.0,63.0,86.0,2021-12-17,12.0,4.0,2021.0,0,0,1,0,0,Disney,4,0,0,0,0,1,1,0,0,0,0,0,0,1,Crime Drama Thriller,0,0.0,,0.0,14.849301263214242,16.243679999310523,False,False,True,False,False,False,False,False,False,False,False,False,False,False,False,False,False,False,False,False,False,True
Those Who Wish Me Dead,2021,2021-05-14,7407200.0,3379.0,Action Drama Thriller,,https://www.boxofficemojo.com/release/rl2909504257/?ref_=bo_yld_table_76,2831382.0,3188.0,,R,100.0,Warner Bros.,those who wish me dead,those_who_wish_me_dead,,,,,63.0,223.0,86.0,2021-05-14,5.0,4.0,2021.0,0,1,0,0,0,WB,4,1,0,0,0,0,1,0,0,0,0,0,0,1,Action Drama Thriller,0,0.0,,0.0,14.856275842827596,15.817963193119745,False,False,False,False,False,False,False,False,False,True,False,False,False,False,True,False,False,False,False,False,False,False
The Courier,2021,2021-03-19,6613432.0,1641.0,Drama History Mystery Thriller,,https://www.boxofficemojo.com/release/rl3082715649/?ref_=bo_yld_table_77,1885829.0,1433.0,,PG,112.0,Roadside Attractions,the courier,the_courier,,,,,85.0,215.0,95.0,2021-03-19,3.0,4.0,2021.0,1,0,0,1,0,Other,2,0,0,0,0,0,1,0,0,0,0,0,0,1,Drama History Mystery Thriller,0,0.0,,0.0,14.449878600254978,15.704613441603847,False,False,False,False,False,True,False,False,False,False,False,False,True,False,False,False,False,False,False,False,False,False
Judas and the Black Messiah,2021,2021-02-12,5478009.0,1906.0,Biography Crime Drama History,,https://www.boxofficemojo.com/release/rl782991873/?ref_=bo_yld_table_78,2027076.0,1888.0,,R,126.0,Warner Bros.,judas and the black messiah,judas_and_the_black_messiah,,,,,96.0,358.0,95.0,2021-02-12,2.0,4.0,2021.0,0,0,0,0,0,WB,4,0,0,0,0,1,1,0,0,0,0,0,0,0,Biography Crime Drama History,0,0.0,,0.0,14.522105411885805,15.516252454287248,False,False,False,False,False,False,False,False,False,True,False,True,False,False,False,False,False,False,False,False,False,False
Licorice Pizza,2021,2021-11-26,17318007.0,1977.0,Comedy Drama Romance,,https://www.boxofficemojo.com/release/rl2233172737/?ref_=bo_yld_table_79,345157.0,4.0,,R,133.0,United Artists Releasing,licorice pizza,licorice_pizza,,,,,90.0,325.0,65.0,2021-11-26,11.0,4.0,2021.0,1,0,1,0,0,Other,4,0,0,0,1,0,1,0,0,0,0,1,0,0,Comedy Drama Romance,0,0.0,,0.0,12.75175756219127,16.667257442936883,False,False,False,False,False,True,False,False,False,False,False,False,False,False,False,False,False,False,False,False,True,False
Promising Young Woman,2021,2020-12-25,6460965.0,1448.0,Crime Drama Mystery Thriller,,https://www.boxofficemojo.com/release/rl3852829185/?ref_=bo_yld_table_80,719305.0,1310.0,,R,113.0,Focus Features,promising young woman,promising_young_woman,,,,,90.0,427.0,87.0,2020-12-25,12.0,4.0,2020.0,1,0,1,0,0,Universal,4,0,0,0,0,1,1,0,0,0,0,0,0,1,Crime Drama Mystery Thriller,0,0.0,,0.0,13.486042137263727,15.681289400183166,False,False,False,False,False,False,False,False,True,False,False,False,False,False,False,False,False,False,False,False,False,True
Roadrunner: A Film About Anthony Bourdain,2021,2021-07-16,5354970.0,954.0,Documentary,,https://www.boxofficemojo.com/release/rl3782378241/?ref_=bo_yld_table_81,1988795.0,927.0,,R,119.0,Focus Features,roadrunner a film about anthony bourdain,roadrunner_a_film_about_anthony_bourdain,,,,,91.0,148.0,94.0,2021-07-16,7.0,4.0,2021.0,0,1,0,0,1,Universal,4,0,0,0,0,0,0,0,0,0,0,0,0,0,Documentary,0,0.0,,0.0,14.503039988473487,15.49353584634979,False,False,False,False,False,False,False,False,True,False,False,False,False,False,False,False,True,False,False,False,False,False
Copshop,2021,2021-09-17,5213243.0,3005.0,Action Thriller,,https://www.boxofficemojo.com/release/rl2667676417/?ref_=bo_yld_table_82,2315638.0,3005.0,,R,107.0,,copshop,copshop,20210915072431.0,,,,83.0,112.0,74.0,2021-09-17,9.0,4.0,2021.0,0,0,0,0,0,Other,4,1,0,0,0,0,0,0,0,0,0,0,0,1,Action Thriller,0,0.0,,0.0,14.655196233332253,15.466712868716643,False,False,False,False,False,True,False,False,False,False,False,False,False,False,False,False,False,False,True,False,False,False
Zola,2021,2021-06-30,4844399.0,1468.0,Comedy Crime Drama,,https://www.boxofficemojo.com/release/rl358974209/?ref_=bo_yld_table_83,1200013.0,1468.0,,R,86.0,A24,zola,zola,20210630012706.0,,,,88.0,257.0,68.0,2021-06-30,6.0,2.0,2021.0,0,1,0,0,0,A24,4,0,0,0,1,1,1,0,0,0,0,0,0,0,Comedy Crime Drama,0,0.0,,0.0,13.99784378135684,15.393333956629032,True,False,False,False,False,False,False,False,False,False,False,False,False,False,False,True,False,False,False,False,False,False
Separation,2021,2021-04-30,4509143.0,1911.0,Drama Horror Mystery,,https://www.boxofficemojo.com/release/rl1383105281/?ref_=bo_yld_table_84,1800162.0,1751.0,,R,107.0,,separation,separation_2021,,,,,7.0,30.0,35.0,2021-04-30,4.0,4.0,2021.0,0,0,0,0,0,Other,4,0,0,0,0,0,1,0,0,1,0,0,0,0,Drama Horror Mystery,0,0.0,,0.0,14.403387774322042,15.321617893021019,False,False,False,False,False,True,False,False,False,False,False,False,False,True,False,False,False,False,False,False,False,False
Boogie,2021,2021-03-05,4178620.0,1272.0,Drama Sport,,https://www.boxofficemojo.com/release/rl677610241/?ref_=bo_yld_table_85,1200165.0,1252.0,,R,90.0,Focus Features,boogie,,,,,,,,,2021-03-05,3.0,4.0,2021.0,0,0,0,1,0,Universal,4,0,0,0,0,0,1,0,0,0,0,0,0,0,Drama Sport,0,0.0,,0.0,13.997970438524389,15.245491845764322,False,False,False,False,False,False,False,False,True,False,False,False,True,False,False,False,False,False,False,False,False,False
Fatale,2021,2020-12-18,6306897.0,1222.0,Drama Mystery Romance Thriller,,https://www.boxofficemojo.com/release/rl1846248961/?ref_=bo_yld_table_86,918112.0,1107.0,,R,102.0,Lionsgate,fatale,fatale,,,,,46.0,70.0,87.0,2020-12-18,12.0,4.0,2020.0,0,0,1,0,0,Lionsgate,4,0,0,0,0,0,1,0,0,0,0,1,0,1,Drama Mystery Romance Thriller,0,0.0,,0.0,13.730075755709139,15.657154513008273,False,False,False,True,False,False,False,False,False,False,False,False,False,False,False,False,False,False,False,False,False,True
A Journal for Jordan,2021,2021-12-25,6545174.0,2500.0,Drama Romance War,,https://www.boxofficemojo.com/release/rl1886552833/?ref_=bo_yld_table_87,2201886.0,2500.0,,PG,131.0,Sony Pictures Releasing,a journal for jordan,a_journal_for_jordan,,,,,39.0,61.0,95.0,2021-12-25,12.0,5.0,2021.0,1,0,1,0,0,Sony,2,0,0,0,0,0,1,0,0,0,0,1,0,0,Drama Romance War,0,0.0,,0.0,14.60482527796344,15.6942386949366,False,False,False,False,False,False,False,True,False,False,False,False,False,False,False,False,False,False,False,False,False,True
Reminiscence,2021,2021-08-20,3900193.0,3265.0,Mystery Romance Sci-Fi Thriller,,https://www.boxofficemojo.com/release/rl2076082689/?ref_=bo_yld_table_88,1950793.0,3265.0,,PG,116.0,Warner Bros.,reminiscence,reminiscence_2021,,,,,37.0,199.0,54.0,2021-08-20,8.0,4.0,2021.0,0,1,0,0,0,WB,2,0,0,0,0,0,0,0,0,0,0,1,1,1,Mystery Romance Sci-Fi Thriller,0,0.0,,0.0,14.483747027152038,15.176536853452447,False,False,False,False,False,False,False,False,False,True,False,False,False,False,False,False,False,True,False,False,False,False
12 Mighty Orphans,2021,2021-06-11,3689637.0,1047.0,Drama History Sport,,https://www.boxofficemojo.com/release/rl4050879233/?ref_=bo_yld_table_89,251569.0,132.0,,PG,118.0,Sony Pictures Releasing,12 mighty orphans,12_mighty_orphans,,,,,62.0,85.0,98.0,2021-06-11,6.0,4.0,2021.0,0,1,0,0,0,Sony,2,0,0,0,0,0,1,0,0,0,0,0,0,0,Drama History Sport,0,0.0,,0.0,12.435476559815198,15.121038908223268,False,False,False,False,False,False,False,True,False,False,False,False,False,False,False,True,False,False,False,False,False,False
Sooryavanshi,2021,2021-11-05,3547776.0,491.0,Action Crime Drama Thriller,,https://www.boxofficemojo.com/release/rl4078338817/?ref_=bo_yld_table_90,1443475.0,491.0,,,145.0,Reliance Entertainment,sooryavanshi,sooryavanshi,,,,,36.0,11.0,83.0,2021-11-05,11.0,4.0,2021.0,0,0,1,0,0,Other,3,1,0,0,0,1,1,0,0,0,0,0,0,1,Action Crime Drama Thriller,0,0.0,,0.0,14.18256465169128,15.081831768125157,False,False,False,False,False,True,False,False,False,False,False,False,False,False,False,False,False,False,False,False,True,False
Pig,2021,2021-07-16,3186668.0,588.0,Drama Mystery,,https://www.boxofficemojo.com/release/rl2718204673/?ref_=bo_yld_table_91,970935.0,552.0,,R,92.0,Neon,pig,pig_2021,20210715230019.0,,,,97.0,272.0,83.0,2021-07-16,7.0,4.0,2021.0,0,1,0,0,0,Other,4,0,0,0,0,0,1,0,0,0,0,0,0,0,Drama Mystery,0,0.0,,0.0,13.786015833669694,14.97448672857678,False,False,False,False,False,True,False,False,False,False,False,False,False,False,False,False,True,False,False,False,False,False
The Girl Who Believes in Miracles,2021,2021-04-02,3163362.0,1012.0,Drama Family,,https://www.boxofficemojo.com/release/rl1685029633/?ref_=bo_yld_table_92,546000.0,640.0,,PG,100.0,Atlas Distribution Company,the girl who believes in miracles,the_girl_who_believes_in_miracles,,,,,40.0,5.0,93.0,2021-04-02,4.0,4.0,2021.0,0,0,0,0,0,Other,2,0,0,0,0,0,1,1,0,0,0,0,0,0,Drama Family,0,0.0,,0.0,13.210376086227196,14.967146260166965,False,False,False,False,False,True,False,False,False,False,False,False,False,True,False,False,False,False,False,False,False,False
Voyagers,2021,2021-04-09,3149935.0,1996.0,Adventure Mystery Sci-Fi Thriller,,https://www.boxofficemojo.com/release/rl1505657345/?ref_=bo_yld_table_93,1379988.0,1972.0,,PG,108.0,Lionsgate,voyagers,voyagers_2021,20210408205045.0,,,,25.0,142.0,55.0,2021-04-09,4.0,4.0,2021.0,0,0,0,0,0,Lionsgate,2,0,1,0,0,0,0,0,0,0,0,0,1,1,Adventure Mystery Sci-Fi Thriller,0,0.0,,0.0,14.137586086087126,14.962892693135096,False,False,False,True,False,False,False,False,False,False,False,False,False,True,False,False,False,False,False,False,False,False
Minari,2021,2021-02-12,3110580.0,912.0,Drama,,https://www.boxofficemojo.com/release/rl3731849985/?ref_=bo_yld_table_94,193460.0,786.0,,PG,115.0,A24,minari,minari,20210211052112.0,,,,98.0,325.0,92.0,2021-02-12,2.0,4.0,2021.0,0,0,0,0,0,A24,2,0,0,0,0,0,1,0,0,0,0,0,0,0,Drama,0,0.0,,0.0,12.172831220750368,14.950320083427604,True,False,False,False,False,False,False,False,False,False,False,True,False,False,False,False,False,False,False,False,False,False
'83,2021,2021-12-23,4055660.0,486.0,Drama History Sport,,https://www.boxofficemojo.com/release/rl3882713857/?ref_=bo_yld_table_95,1692575.0,486.0,,,162.0,Reliance Entertainment,83,83,20211222031642.0,,,,80.0,15.0,95.0,2021-12-23,12.0,3.0,2021.0,1,0,1,0,0,Other,3,0,0,0,0,0,1,0,0,0,0,0,0,0,Drama History Sport,0,0.0,,0.0,14.341762186748596,15.215624240878507,False,False,False,False,False,True,False,False,False,False,False,False,False,False,False,False,False,False,False,False,False,True
Dream Horse,2021,2021-05-21,2913328.0,1284.0,Biography Comedy Drama Sport,,https://www.boxofficemojo.com/release/rl648774145/?ref_=bo_yld_table_96,794741.0,1254.0,,PG,113.0,Bleecker Street Media,dream horse,dream_horse,,,,,88.0,132.0,97.0,2021-05-21,5.0,4.0,2021.0,0,1,0,0,0,Other,2,0,0,0,1,0,1,0,0,0,0,0,0,0,Biography Comedy Drama Sport,0,0.0,,0.0,13.585772812663878,14.884806971548315,False,False,False,False,False,True,False,False,False,False,False,False,False,False,True,False,False,False,False,False,False,False
The House Next Door: Meet the Blacks 2,2021,2021-06-11,2893660.0,539.0,Action Comedy Horror,,https://www.boxofficemojo.com/release/rl1383564033/?ref_=bo_yld_table_97,1011756.0,420.0,,R,97.0,,the house next door meet the blacks 2,the_house_next_door_meet_the_blacks_2,,,,,17.0,6.0,50.0,2021-06-11,6.0,4.0,2021.0,0,1,0,0,1,Other,4,1,0,0,1,0,0,0,0,1,0,0,0,0,Action Comedy Horror,0,0.0,,0.0,13.827198981419391,14.878033040404183,False,False,False,False,False,True,False,False,False,False,False,False,False,False,False,True,False,False,False,False,False,False
Here Today,2021,2021-05-07,2807494.0,1230.0,Comedy Drama Music,,https://www.boxofficemojo.com/release/rl1551074049/?ref_=bo_yld_table_98,1042171.0,1200.0,,PG,117.0,Stage 6 Films,here today,here_today_2021,,,,,46.0,100.0,93.0,2021-05-07,5.0,4.0,2021.0,0,1,0,0,0,Other,2,0,0,0,1,0,1,0,0,0,0,0,0,0,Comedy Drama Music,0,0.0,,0.0,13.856817554851865,14.84780318464925,False,False,False,False,False,True,False,False,False,False,False,False,False,False,True,False,False,False,False,False,False,False
Finding You,2021,2021-05-14,2753985.0,1447.0,Comedy Drama Romance,,https://www.boxofficemojo.com/release/rl2941289217/?ref_=bo_yld_table_99,920476.0,1312.0,,PG,119.0,Roadside Attractions,finding you,finding_you,,,,,53.0,38.0,91.0,2021-05-14,5.0,4.0,2021.0,0,1,0,0,0,Other,2,0,0,0,1,0,1,0,0,0,0,1,0,0,Comedy Drama Romance,0,0.0,,0.0,13.73264729292268,14.828559874742929,False,False,False,False,False,True,False,False,False,False,False,False,False,False,True,False,False,False,False,False,False,False
Lamb,2021,2021-10-08,2676410.0,865.0,Drama Fantasy Horror,,https://www.boxofficemojo.com/release/rl3725492993/?ref_=bo_yld_table_100,1000089.0,583.0,,R,106.0,A24,lamb,lamb_2021,20211007155540.0,,,,86.0,188.0,61.0,2021-10-08,10.0,4.0,2021.0,0,0,0,0,0,A24,4,0,0,0,0,0,1,0,1,1,0,0,0,0,Drama Fantasy Horror,0,0.0,,0.0,13.815600553914518,14.799987275880857,True,False,False,False,False,False,False,False,False,False,False,False,False,False,False,False,False,False,False,True,False,False
The Card Counter,2021,2021-09-10,2657850.0,739.0,Crime Drama Thriller,,https://www.boxofficemojo.com/release/rl1165460225/?ref_=bo_yld_table_101,1039580.0,580.0,,R,111.0,Focus Features,the card counter,the_card_counter,,,,,88.0,226.0,42.0,2021-09-10,9.0,4.0,2021.0,0,0,0,0,0,Universal,4,0,0,0,0,1,1,0,0,0,0,0,0,1,Crime Drama Thriller,0,0.0,,0.0,13.85432830532236,14.793028459498212,False,False,False,False,False,False,False,False,True,False,False,False,False,False,False,False,False,False,True,False,False,False
Land,2021,2021-02-12,2577830.0,1349.0,Adventure Drama,,https://www.boxofficemojo.com/release/rl3798106881/?ref_=bo_yld_table_102,899810.0,1231.0,,PG,89.0,Focus Features,land,land_2021,,,,,69.0,187.0,84.0,2021-02-12,2.0,4.0,2021.0,0,0,0,0,0,Universal,2,0,1,0,0,0,1,0,0,0,0,0,0,0,Adventure Drama,0,0.0,,0.0,13.70994002025336,14.762458905638907,False,False,False,False,False,False,False,False,True,False,False,True,False,False,False,False,False,False,False,False,False,False
The War with Grandpa,2021,2020-10-09,21277892.0,2365.0,Comedy Drama Family,,https://www.boxofficemojo.com/release/rl1078166273/?ref_=bo_yld_table_103,3623880.0,2250.0,,PG,94.0,101 Studios,the war with grandpa,the_war_with_grandpa,,,,,29.0,121.0,85.0,2020-10-09,10.0,4.0,2020.0,0,0,0,0,0,Other,2,0,0,0,1,0,1,1,0,0,0,0,0,0,Comedy Drama Family,0,0.0,,0.0,15.103056108961281,16.873179204377696,False,False,False,False,False,True,False,False,False,False,False,False,False,False,False,False,False,False,False,True,False,False
The Eyes of Tammy Faye,2021,2021-09-17,2404127.0,1352.0,Biography Drama Romance,,https://www.boxofficemojo.com/release/rl1600684801/?ref_=bo_yld_table_104,652358.0,450.0,,PG,126.0,Searchlight Pictures,the eyes of tammy faye,the_eyes_of_tammy_faye,,,,,87.0,38.0,72.0,2021-09-17,9.0,4.0,2021.0,0,0,0,0,0,Disney,2,0,0,0,0,0,1,0,0,0,0,1,0,0,Biography Drama Romance,0,0.0,,0.0,13.388350302873732,14.692697817812139,False,False,True,False,False,False,False,False,False,False,False,False,False,False,False,False,False,False,True,False,False,False
"Summer of Soul (...Or, When the Revolution Could Not Be Televised)",2021,2021-06-25,2320649.0,752.0,Documentary History Music,,https://www.boxofficemojo.com/release/rl1786741505/?ref_=bo_yld_table_105,802054.0,752.0,,PG,118.0,Searchlight Pictures,summer of soul or when the revolution could not be televised,summer_of_soul,,,,,99.0,225.0,98.0,2021-06-25,6.0,4.0,2021.0,0,1,0,0,0,Disney,2,0,0,0,0,0,0,0,0,0,0,0,0,0,Documentary History Music,0,0.0,,0.0,13.594932463050865,14.657357876815324,False,False,True,False,False,False,False,False,False,False,False,False,False,False,False,True,False,False,False,False,False,False
After We Fell,2021,2021-09-10,2170750.0,1294.0,Drama Romance,,https://www.boxofficemojo.com/release/rl3121709825/?ref_=bo_yld_table_106,426457.0,246.0,,R,98.0,Vertical Entertainment,after we fell,after_we_fell,,,,,9.0,11.0,40.0,2021-09-10,9.0,4.0,2021.0,0,0,0,0,0,Other,4,0,0,0,0,0,1,0,0,0,0,1,0,0,Drama Romance,0,0.0,,0.0,12.96326916509762,14.59058374859306,False,False,False,False,False,True,False,False,False,False,False,False,False,False,False,False,False,False,True,False,False,False
Queen Bees,2021,2021-06-11,1926706.0,600.0,Comedy Drama Romance,,https://www.boxofficemojo.com/release/rl3010495233/?ref_=bo_yld_table_107,375232.0,500.0,,PG,100.0,Gravitas Ventures,queen bees,queen_bees,,,,,55.0,31.0,89.0,2021-06-11,6.0,4.0,2021.0,0,1,0,0,0,Other,2,0,0,0,1,0,1,0,0,0,0,1,0,0,Comedy Drama Romance,0,0.0,,0.0,12.835302445338245,14.471322886017388,False,False,False,False,False,True,False,False,False,False,False,False,False,False,False,True,False,False,False,False,False,False
Show Me the Father,2021,2021-09-10,1803226.0,1073.0,Documentary Drama,,https://www.boxofficemojo.com/release/rl8028929/?ref_=bo_yld_table_109,700181.0,1073.0,,PG,91.0,Affirm Films,show me the father,show_me_the_father,,,,,98.0,186.0,98.0,2021-09-10,9.0,4.0,2021.0,0,0,0,0,0,Other,2,0,0,0,0,0,1,0,0,0,0,0,0,0,Documentary Drama,0,0.0,,0.0,13.459095580231399,14.405088395536206,False,False,False,False,False,True,False,False,False,False,False,False,False,False,False,False,False,False,True,False,False,False
C'mon C'mon,2021,2021-11-19,1863674.0,569.0,Drama,,https://www.boxofficemojo.com/release/rl2048033537/?ref_=bo_yld_table_110,134447.0,5.0,,R,109.0,A24,cmon cmon,cmon_cmon,,,,,94.0,215.0,87.0,2021-11-19,11.0,4.0,2021.0,0,0,1,0,0,A24,4,0,0,0,0,0,1,0,0,0,0,0,0,0,Drama,0,0.0,,0.0,11.808932786167999,14.438060902802684,True,False,False,False,False,False,False,False,False,False,False,False,False,False,False,False,False,False,False,False,True,False
Profile,2021,2021-05-14,1744740.0,2104.0,Mystery Thriller,,https://www.boxofficemojo.com/release/rl1080984321/?ref_=bo_yld_table_111,730290.0,2033.0,,R,106.0,Focus Features,profile,profile_2021,,,,,61.0,94.0,75.0,2021-05-14,5.0,4.0,2021.0,0,1,0,0,0,Universal,4,0,0,0,0,0,0,0,0,0,0,0,0,1,Mystery Thriller,0,0.0,,0.0,13.501198363829676,14.372116678533954,False,False,False,False,False,False,False,False,True,False,False,False,False,False,True,False,False,False,False,False,False,False
Titane,2021,2021-10-01,1442988.0,562.0,Drama Horror Sci-Fi Thriller,,https://www.boxofficemojo.com/release/rl1947370241/?ref_=bo_yld_table_112,533397.0,562.0,,R,108.0,Neon,titane,titane,20210929220425.0,,,,90.0,260.0,85.0,2021-10-01,10.0,4.0,2021.0,0,0,0,0,0,Other,4,0,0,0,0,0,1,0,0,1,0,0,1,1,Drama Horror Sci-Fi Thriller,0,0.0,,0.0,13.187023141191712,14.18222721471933,False,False,False,False,False,True,False,False,False,False,False,False,False,False,False,False,False,False,False,True,False,False
Together Together,2021,2021-04-23,1437938.0,665.0,Comedy Drama,,https://www.boxofficemojo.com/release/rl1802732289/?ref_=bo_yld_table_113,532773.0,665.0,,R,90.0,Bleecker Street Media,together together,together_together,20210421062919.0,,,,90.0,152.0,77.0,2021-04-23,4.0,4.0,2021.0,0,0,0,0,0,Other,4,0,0,0,1,0,1,0,0,0,0,0,0,0,Comedy Drama,0,0.0,,0.0,13.185852598218817,14.178721396335558,False,False,False,False,False,True,False,False,False,False,False,False,False,True,False,False,False,False,False,False,False,False
Joe Bell,2021,2021-07-23,1405488.0,1094.0,Biography Drama,,https://www.boxofficemojo.com/release/rl1935442689/?ref_=bo_yld_table_114,749635.0,1094.0,,R,94.0,Roadside Attractions,joe bell,joe_bell,20210722195713.0,,,,39.0,130.0,88.0,2021-07-23,7.0,4.0,2021.0,0,1,0,0,0,Other,4,0,0,0,0,0,1,0,0,0,0,0,0,0,Biography Drama,0,0.0,,0.0,13.527343034366817,14.155895842901797,False,False,False,False,False,True,False,False,False,False,False,False,False,False,False,False,True,False,False,False,False,False
Nomadland,2021,2021-02-19,3700000.0,1200.0,Drama,,https://www.boxofficemojo.com/release/rl1414169345/?ref_=bo_yld_table_115,503000.0,1175.0,,R,107.0,Searchlight Pictures,nomadland,nomadland,,,,,93.0,440.0,82.0,2021-02-19,2.0,4.0,2021.0,1,0,0,0,0,Disney,4,0,0,0,0,0,1,0,0,0,0,0,0,0,Drama,0,0.0,,0.0,13.12834743715147,15.123843647884687,False,False,True,False,False,False,False,False,False,False,False,True,False,False,False,False,False,False,False,False,False,False
Pinocchio,2021,2020-12-25,1831718.0,824.0,Drama Family Fantasy,,https://www.boxofficemojo.com/release/rl3428745985/?ref_=bo_yld_table_116,272109.0,786.0,,PG,125.0,Roadside Attractions,pinocchio,pinocchio,,,,,0.0,54.0,34.0,2020-12-25,12.0,4.0,2020.0,1,0,1,0,0,Other,2,0,0,0,0,0,1,1,1,0,0,0,0,0,Drama Family Fantasy,0,0.0,,0.0,12.513961675290442,14.420765428172166,False,False,False,False,False,True,False,False,False,False,False,False,False,False,False,False,False,False,False,False,False,True
Pushpa: The Rise - Part 1,2021,2021-12-17,1320000.0,400.0,Action Crime Drama Thriller,,https://www.boxofficemojo.com/release/rl405046017/?ref_=bo_yld_table_117,1320000.0,400.0,,,179.0,Hamsini Entertainment,pushpa the rise  part 1,pushpa_the_rise_part_1,,,,,74.0,12.0,74.0,2021-12-17,12.0,4.0,2021.0,0,0,1,0,1,Other,3,1,0,0,0,1,1,0,0,0,0,0,0,1,Action Crime Drama Thriller,0,0.0,,0.0,14.093143052138025,14.093143052138025,False,False,False,False,False,True,False,False,False,False,False,False,False,False,False,False,False,False,False,False,False,True
Scott Pilgrim vs. the World,2021,-,1867625.0,448.0,Action Comedy Fantasy Romance,,https://www.boxofficemojo.com/release/rl3027141377/?ref_=bo_yld_table_118,729930.0,152.0,60000000.0,PG,112.0,Universal Pictures,scott pilgrim vs the world,scott_pilgrims_vs_the_world,,,,,83.0,272.0,84.0,,,,2021.0,0,0,0,0,0,Universal,2,1,0,0,1,0,0,0,1,0,0,1,0,0,Action Comedy Fantasy Romance,1,17.909855136853043,,0.0,13.50070528810928,14.440178663592638,False,False,False,False,False,False,False,False,True,False,False,False,False,False,False,False,False,False,False,False,False,False
Wrong Turn,2021,2021-01-26,1251184.0,259.0,Drama Horror Mystery Thriller,,https://www.boxofficemojo.com/release/rl1147962113/?ref_=bo_yld_table_119,107897.0,259.0,,R,109.0,Saban Films,wrong turn,wrong_turn,,,,,40.0,84.0,54.0,2021-01-26,1.0,1.0,2021.0,0,0,0,0,0,Other,4,0,0,0,0,0,1,0,0,1,0,0,0,1,Drama Horror Mystery Thriller,0,0.0,,0.0,11.588941615393251,14.039601660210273,False,False,False,False,False,True,False,False,False,False,True,False,False,False,False,False,False,False,False,False,False,False
Honsla Rakh,2021,2021-10-15,1800000.0,100.0,Comedy Drama Romance,,https://www.boxofficemojo.com/release/rl2736161537/?ref_=bo_yld_table_120,706000.0,100.0,,,145.0,,honsla rakh,,,,,,,,,2021-10-15,10.0,4.0,2021.0,0,0,0,0,0,Other,3,0,0,0,1,0,1,0,0,0,0,1,0,0,Comedy Drama Romance,0,0.0,,0.0,13.467371932904971,14.403297778421795,False,False,False,False,False,True,False,False,False,False,False,False,False,False,False,False,False,False,False,True,False,False
In the Earth,2021,2021-04-16,1113723.0,571.0,Drama Horror Mystery Sci-Fi Thriller,,https://www.boxofficemojo.com/release/rl242385665/?ref_=bo_yld_table_122,505723.0,547.0,,R,107.0,Neon,in the earth,in_the_earth,,,,,79.0,175.0,24.0,2021-04-16,4.0,4.0,2021.0,0,0,0,0,0,Other,4,0,0,0,0,0,1,0,0,1,0,0,1,1,Drama Horror Mystery Sci-Fi Thriller,0,0.0,,0.0,13.133746344909701,13.92321991293799,False,False,False,False,False,True,False,False,False,False,False,False,False,True,False,False,False,False,False,False,False,False
The Rescue,2021,2021-10-08,1060556.0,561.0,Action Documentary Mystery Thriller,,https://www.boxofficemojo.com/release/rl4010574593/?ref_=bo_yld_table_123,65591.0,9.0,,PG,107.0,Greenwich Entertainment,the rescue,the_rescue_2021,20211007124811.0,,,,96.0,104.0,99.0,2021-10-08,10.0,4.0,2021.0,0,0,0,0,0,Other,2,1,0,0,0,0,0,0,0,0,0,0,0,1,Action Documentary Mystery Thriller,0,0.0,,0.0,11.091209016276014,13.874304799774455,False,False,False,False,False,True,False,False,False,False,False,False,False,False,False,False,False,False,False,True,False,False
Sword Art Online: Progressive - Aria of a Starless Night,2021,2021-12-03,1050000.0,840.0,Action Adventure Animation Fantasy Sci-Fi,,https://www.boxofficemojo.com/release/rl589529857/?ref_=bo_yld_table_124,1050000.0,840.0,,,97.0,FUNimation Entertainment,sword art online progressive  aria of a starless night,,,,,,,,,2021-12-03,12.0,4.0,2021.0,0,0,1,0,1,Other,3,1,1,1,0,0,0,0,1,0,0,0,1,0,Action Adventure Animation Fantasy Sci-Fi,0,0.0,,0.0,13.864301674514206,13.864301674514206,False,False,False,False,False,True,False,False,False,False,False,False,False,False,False,False,False,False,False,False,False,True
True to the Game 3,2021,2021-12-03,1038255.0,440.0,Crime Romance Thriller,,https://www.boxofficemojo.com/release/rl3799024385/?ref_=bo_yld_table_125,573031.0,440.0,,R,98.0,Faith Media Distribution,true to the game 3,true_to_the_game_3,,,,,87.0,30.0,87.0,2021-12-03,12.0,4.0,2021.0,0,0,1,0,1,Other,4,0,0,0,0,1,0,0,0,0,0,1,0,1,Crime Romance Thriller,0,0.0,,0.0,13.258696840559862,13.853052940431274,False,False,False,False,False,True,False,False,False,False,False,False,False,False,False,False,False,False,False,False,False,True
Long Weekend,2021,2021-03-12,1018532.0,821.0,Comedy Romance,,https://www.boxofficemojo.com/release/rl2305655553/?ref_=bo_yld_table_126,245182.0,814.0,,R,91.0,Stage 6 Films,long weekend,10007156-long_weekend,,,,,38.0,378.0,38.0,2021-03-12,3.0,4.0,2021.0,0,0,0,1,0,Other,4,0,0,0,1,0,0,0,0,0,0,1,0,0,Comedy Romance,0,0.0,,0.0,12.40976014948244,13.83387391471321,False,False,False,False,False,True,False,False,False,False,False,False,True,False,False,False,False,False,False,False,False,False
The Jesus Music,2021,2021-10-01,1016725.0,270.0,Documentary Music,,https://www.boxofficemojo.com/release/rl469992193/?ref_=bo_yld_table_127,548848.0,249.0,,PG,109.0,Lionsgate,the jesus music,the_jesus_music,,,,,67.0,15.0,97.0,2021-10-01,10.0,4.0,2021.0,0,0,0,0,0,Lionsgate,2,0,0,0,0,0,0,0,0,0,0,0,0,0,Documentary Music,0,0.0,,0.0,13.215578637122366,13.832098218868305,False,False,False,True,False,False,False,False,False,False,False,False,False,False,False,False,False,False,False,True,False,False
Love Story,2021,2021-09-24,971000.0,300.0,Romance,,https://www.boxofficemojo.com/release/rl1997701889/?ref_=bo_yld_table_128,971000.0,300.0,,,155.0,Sony Pictures Releasing,love story,love_story,,,,,65.0,31.0,75.0,2021-09-24,9.0,4.0,2021.0,0,0,0,0,0,Sony,3,0,0,0,0,0,0,0,0,0,0,1,0,0,Romance,0,0.0,,0.0,13.786082777139049,13.786082777139049,False,False,False,False,False,False,False,True,False,False,False,False,False,False,False,False,False,False,True,False,False,False
Come Play,2021,2020-10-30,10475990.0,2183.0,Drama Horror Mystery Thriller,,https://www.boxofficemojo.com/release/rl2773844737/?ref_=bo_yld_table_129,3119875.0,2183.0,,PG,96.0,Focus Features,come play,come_play,,,,,57.0,120.0,67.0,2020-10-30,10.0,4.0,2020.0,0,0,0,0,0,Universal,2,0,0,0,0,0,1,0,0,1,0,0,0,1,Drama Horror Mystery Thriller,0,0.0,,0.0,14.953303815406125,16.164596625502842,False,False,False,False,False,False,False,False,True,False,False,False,False,False,False,False,False,False,False,True,False,False
Little Eggs: An African Rescue,2021,2021-08-27,927154.0,320.0,Adventure Animation Comedy Family Fantasy,,https://www.boxofficemojo.com/release/rl2970387201/?ref_=bo_yld_table_130,428034.0,320.0,,PG,88.0,Pantelion Films,little eggs an african rescue,,,,,,,,,2021-08-27,8.0,4.0,2021.0,0,1,0,0,1,Other,2,0,1,1,1,0,0,1,1,0,0,0,0,0,Adventure Animation Comedy Family Fantasy,0,0.0,,0.0,12.966960246921419,13.739876036611612,False,False,False,False,False,True,False,False,False,False,False,False,False,False,False,False,False,True,False,False,False,False
Witnesses,2021,2021-06-04,855765.0,90.0,Action Adventure Drama Family History,,https://www.boxofficemojo.com/release/rl595428097/?ref_=bo_yld_table_131,134490.0,90.0,,PG,110.0,Purdie Distribution,witnesses,witnesses_2021,,,,,97.0,42.0,97.0,2021-06-04,6.0,4.0,2021.0,0,1,0,0,0,Other,2,1,1,0,0,0,1,1,0,0,0,0,0,0,Action Adventure Drama Family History,0,0.0,,0.0,11.809252561287014,13.659752253267015,False,False,False,False,False,True,False,False,False,False,False,False,False,False,False,True,False,False,False,False,False,False
Scoob!,2021,2021-05-21,2188425.0,,Adventure Animation Comedy Family Fantasy Mystery Sci-Fi,,https://www.boxofficemojo.com/release/rl3816785409/?ref_=bo_yld_table_132,850000.0,2500.0,,PG,94.0,Warner Bros.,scoob,scoob,,,,,48.0,153.0,52.0,2021-05-21,5.0,4.0,2021.0,0,1,0,0,0,WB,2,0,1,1,1,0,0,1,1,0,0,0,1,0,Adventure Animation Comedy Family Fantasy Mystery Sci-Fi,0,0.0,,0.0,13.652992804936396,14.598693121927406,False,False,False,False,False,False,False,False,False,True,False,False,False,False,True,False,False,False,False,False,False,False
The Alpinist,2021,2021-09-10,844743.0,245.0,Biography Documentary Sport,,https://www.boxofficemojo.com/release/rl620921601/?ref_=bo_yld_table_133,318648.0,172.0,,PG,92.0,Roadside Attractions,the alpinist,the_alpinist_2021,,,,,93.0,45.0,97.0,2021-09-10,9.0,4.0,2021.0,0,0,0,0,0,Other,2,0,0,0,0,0,0,0,0,0,0,0,0,0,Biography Documentary Sport,0,0.0,,0.0,12.671845462498068,13.646788901858208,False,False,False,False,False,True,False,False,False,False,False,False,False,False,False,False,False,False,True,False,False,False
Four Good Days,2021,2021-04-30,837849.0,489.0,Drama,,https://www.boxofficemojo.com/release/rl1265861377/?ref_=bo_yld_table_134,298358.0,298.0,,R,100.0,Vertical Entertainment,four good days,four_good_days,,,,,54.0,78.0,81.0,2021-04-30,4.0,4.0,2021.0,0,0,0,0,0,Other,4,0,0,0,0,0,1,0,0,0,0,0,0,0,Drama,0,0.0,,0.0,12.606052738407765,13.63859436582887,False,False,False,False,False,True,False,False,False,False,False,False,False,True,False,False,False,False,False,False,False,False
The Mauritanian,2021,2021-02-12,836536.0,287.0,Biography Drama Thriller,,https://www.boxofficemojo.com/release/rl3395388161/?ref_=bo_yld_table_135,163789.0,248.0,,R,129.0,STX Entertainment,the mauritanian,the_mauritanian,,,,,75.0,220.0,85.0,2021-02-12,2.0,4.0,2021.0,0,0,0,0,0,Other,4,0,0,0,0,0,1,0,0,0,0,0,0,1,Biography Drama Thriller,0,0.0,,0.0,12.006340398476425,13.637026030349523,False,False,False,False,False,True,False,False,False,False,False,True,False,False,False,False,False,False,False,False,False,False
Lamb of God: The Concert Film,2021,2021-03-12,744813.0,138.0,Musical,,https://www.boxofficemojo.com/release/rl527270657/?ref_=bo_yld_table_136,129908.0,104.0,,,90.0,Excel Entertainment,lamb of god the concert film,lamb_of_god_the_concert_film,,,,,100.0,76.0,100.0,2021-03-12,3.0,4.0,2021.0,0,0,0,1,1,Other,3,0,0,0,0,0,0,0,0,0,1,0,0,0,Musical,0,0.0,,0.0,11.774589484323325,13.520889801760815,False,False,False,False,False,True,False,False,False,False,False,False,True,False,False,False,False,False,False,False,False,False
Blue Bayou,2021,2021-09-17,788675.0,487.0,Crime Drama,,https://www.boxofficemojo.com/release/rl777749249/?ref_=bo_yld_table_137,329840.0,477.0,,R,117.0,Focus Features,blue bayou,blue_bayou_2021,,,,,75.0,125.0,93.0,2021-09-17,9.0,4.0,2021.0,0,0,0,0,0,Universal,4,0,0,0,0,1,1,0,0,0,0,0,0,0,Crime Drama,0,0.0,,0.0,12.706365999149167,13.578110869101861,False,False,False,False,False,False,False,False,True,False,False,False,False,False,False,False,False,False,True,False,False,False
L'Arracheuse de temps,2021,2021-11-19,750623.0,72.0,Fantasy,,https://www.boxofficemojo.com/release/rl3486745345/?ref_=bo_yld_table_139,188790.0,68.0,,,105.0,Entertainment One,larracheuse de temps,,,,,,,,,2021-11-19,11.0,4.0,2021.0,0,0,1,0,0,Other,3,0,0,0,0,0,0,0,1,0,0,0,0,0,Fantasy,0,0.0,,0.0,12.148395862065785,13.52866013959235,False,False,False,False,False,True,False,False,False,False,False,False,False,False,False,False,False,False,False,False,True,False
Nine Days,2021,2021-07-30,694849.0,443.0,Drama Fantasy,,https://www.boxofficemojo.com/release/rl491553537/?ref_=bo_yld_table_140,15700.0,4.0,,R,124.0,Sony Pictures Classics,nine days,nine_days,,,,,90.0,161.0,75.0,2021-07-30,7.0,4.0,2021.0,0,1,0,0,0,Sony,4,0,0,0,0,0,1,0,1,0,0,0,0,0,Drama Fantasy,0,0.0,,0.0,9.661479683575521,13.451451273914728,False,False,False,False,False,False,False,True,False,False,False,False,False,False,False,False,True,False,False,False,False,False
Our Friend,2021,2021-01-22,663725.0,818.0,Drama Romance,,https://www.boxofficemojo.com/release/rl2321515265/?ref_=bo_yld_table_141,240160.0,543.0,,R,124.0,Gravitas Ventures,our friend,our_friend,20210121022218.0,,,,85.0,117.0,95.0,2021-01-22,1.0,4.0,2021.0,0,0,0,0,0,Other,4,0,0,0,0,0,1,0,0,0,0,1,0,0,Drama Romance,0,0.0,,0.0,12.389064810749359,13.405624692692472,False,False,False,False,False,True,False,False,False,False,True,False,False,False,False,False,False,False,False,False,False,False
Chal Mera Putt 3,2021,2021-10-01,644000.0,90.0,Comedy,,https://www.boxofficemojo.com/release/rl2316665601/?ref_=bo_yld_table_142,644000.0,90.0,,,130.0,Rhythm Boyz Entertainment,chal mera putt 3,chal_mera_putt_3,,,,,100.0,0.0,100.0,2021-10-01,10.0,4.0,2021.0,0,0,0,0,1,Other,3,0,0,0,1,0,0,0,0,0,0,0,0,0,Comedy,0,0.0,,0.0,13.375455557880317,13.375455557880317,False,False,False,False,False,True,False,False,False,False,False,False,False,False,False,False,False,False,False,True,False,False
The Sparks Brothers,2021,2021-06-18,648665.0,534.0,Biography Comedy Documentary History Music,,https://www.boxofficemojo.com/release/rl3715072769/?ref_=bo_yld_table_143,273530.0,534.0,,R,140.0,Focus Features,the sparks brothers,the_sparks_brothers,,,,,95.0,164.0,98.0,2021-06-18,6.0,4.0,2021.0,0,1,0,0,0,Universal,4,0,0,0,1,0,0,0,0,0,0,0,0,0,Biography Comedy Documentary History Music,0,0.0,,0.0,12.519170239942078,13.38267322531022,False,False,False,False,False,False,False,False,True,False,False,False,False,False,False,True,False,False,False,False,False,False
"If I Can't Have Love, I Want Power",2021,2021-08-25,626946.0,122.0,Drama Fantasy Horror Musical,,https://www.boxofficemojo.com/release/rl2920055553/?ref_=bo_yld_table_144,135223.0,122.0,,R,53.0,IMAX,if i cant have love i want power,if_i_cant_have_love_i_want_power,,,,,100.0,5.0,76.0,2021-08-25,8.0,2.0,2021.0,0,1,0,0,0,Other,4,0,0,0,0,0,1,0,1,1,1,0,0,0,Drama Fantasy Horror Musical,0,0.0,,0.0,11.814687941630014,13.348617286536655,False,False,False,False,False,True,False,False,False,False,False,False,False,False,False,False,False,True,False,False,False,False
Aline,2021,2021-11-26,667815.0,72.0,Biography Comedy Drama Music,,https://www.boxofficemojo.com/release/rl2048754433/?ref_=bo_yld_table_145,164087.0,70.0,,PG,126.0,Roadside Attractions,aline,aline,,,,,56.0,80.0,68.0,2021-11-26,11.0,4.0,2021.0,1,0,1,0,0,Other,2,0,0,0,1,0,1,0,0,0,0,0,0,0,Biography Comedy Drama Music,0,0.0,,0.0,12.008158148261739,13.411767965473915,False,False,False,False,False,True,False,False,False,False,False,False,False,False,False,False,False,False,False,False,True,False
Werewolves Within,2021,2021-06-25,575783.0,270.0,Comedy Horror Mystery Thriller,,https://www.boxofficemojo.com/release/rl1785496321/?ref_=bo_yld_table_146,250811.0,270.0,,R,97.0,IFC Films,werewolves within,werewolves_within,20210623035945.0,,,,86.0,148.0,80.0,2021-06-25,6.0,4.0,2021.0,0,1,0,0,0,Other,4,0,0,0,1,0,0,0,0,1,0,0,0,1,Comedy Horror Mystery Thriller,0,0.0,,0.0,12.43245893348623,13.263487869347946,False,False,False,False,False,True,False,False,False,False,False,False,False,False,False,True,False,False,False,False,False,False
City of Lies,2021,2021-03-19,572493.0,502.0,Biography Crime Drama Mystery Thriller,,https://www.boxofficemojo.com/release/rl3664741121/?ref_=bo_yld_table_147,284561.0,501.0,,G,112.0,Saban Films,city of lies,city_of_lies,,,,,49.0,47.0,86.0,2021-03-19,3.0,4.0,2021.0,1,0,0,1,0,Other,1,0,0,0,0,1,1,0,0,0,0,0,0,1,Biography Crime Drama Mystery Thriller,0,0.0,,0.0,12.558706434992352,13.257757534006268,False,False,False,False,False,True,False,False,False,False,False,False,True,False,False,False,False,False,False,False,False,False
Anita,2021,2021-11-12,556632.0,15.0,Biography Drama History Music,,https://www.boxofficemojo.com/release/rl404718337/?ref_=bo_yld_table_148,82421.0,13.0,,,137.0,CMC Pictures,anita,anita,,,,,33.0,11.0,33.0,2021-11-12,11.0,4.0,2021.0,0,0,1,0,0,Other,3,0,0,0,0,0,1,0,0,0,0,0,0,0,Biography Drama History Music,0,0.0,,0.0,11.31960767055326,13.22966141485398,False,False,False,False,False,True,False,False,False,False,False,False,False,False,False,False,False,False,False,False,True,False
Courageous,2021,2021-09-24,504855.0,1023.0,Drama,,https://www.boxofficemojo.com/release/rl226132737/?ref_=bo_yld_table_149,286586.0,1023.0,2000000.0,PG,130.0,Affirm Films,courageous,courageous,,,,,43.0,21.0,86.0,2021-09-24,9.0,4.0,2021.0,0,0,0,0,0,Other,2,0,0,0,0,0,1,0,0,0,0,0,0,0,Drama,1,14.508658238524095,,0.0,12.565797433961537,13.132028519080077,False,False,False,False,False,True,False,False,False,False,False,False,False,False,False,False,False,False,True,False,False,False
For the Love of Money,2021,2021-11-24,480774.0,519.0,Drama Thriller,,https://www.boxofficemojo.com/release/rl3155919617/?ref_=bo_yld_table_151,211286.0,519.0,,R,99.0,Freestyle Releasing,for the love of money,for_the_love_of_money_2012,,,,,0.0,7.0,50.0,2021-11-24,11.0,2.0,2021.0,1,0,1,0,0,Other,4,0,0,0,0,0,1,0,0,0,0,0,0,1,Drama Thriller,0,0.0,,0.0,12.260972677811807,13.083154664179048,False,False,False,False,False,True,False,False,False,False,False,False,False,False,False,False,False,False,False,False,True,False
National Champions,2021,2021-12-10,475488.0,1197.0,Drama Sport,,https://www.boxofficemojo.com/release/rl3472917249/?ref_=bo_yld_table_152,301028.0,1197.0,,R,116.0,STX Entertainment,national champions,national_champions,,,,,65.0,57.0,79.0,2021-12-10,12.0,4.0,2021.0,0,0,1,0,0,Other,4,0,0,0,0,0,1,0,0,0,0,0,0,0,Drama Sport,0,0.0,,0.0,12.614961884605032,13.072099027156359,False,False,False,False,False,True,False,False,False,False,False,False,False,False,False,False,False,False,False,False,False,True
Jathi Ratnalu,2021,2021-03-12,470000.0,130.0,Comedy,,https://www.boxofficemojo.com/release/rl2725217025/?ref_=bo_yld_table_153,470000.0,130.0,,,145.0,Flyhigh Cinemas,jathi ratnalu,jathi_ratnalu,,,,,80.0,5.0,,2021-03-12,3.0,4.0,2021.0,0,0,0,1,0,Other,3,0,0,0,1,0,0,0,0,0,0,0,0,0,Comedy,0,0.0,,0.0,13.060490101343552,13.060490101343552,False,False,False,False,False,True,False,False,False,False,False,False,True,False,False,False,False,False,False,False,False,False
Most Eligible Bachelor,2021,2021-10-15,470000.0,195.0,Drama Romance,,https://www.boxofficemojo.com/release/rl2786493185/?ref_=bo_yld_table_154,470000.0,195.0,,,170.0,,most eligible bachelor,most_eligible_bachelor,,,,,72.0,2.0,72.0,2021-10-15,10.0,4.0,2021.0,0,0,0,0,0,Other,3,0,0,0,0,0,1,0,0,0,0,1,0,0,Drama Romance,0,0.0,,0.0,13.060490101343552,13.060490101343552,False,False,False,False,False,True,False,False,False,False,False,False,False,False,False,False,False,False,False,True,False,False
Tenet,2021,2020-09-03,58504105.0,2930.0,Action Sci-Fi Thriller,,https://www.boxofficemojo.com/release/rl1442940417/?ref_=bo_yld_table_155,9353090.0,2810.0,205000000.0,PG,150.0,Warner Bros.,tenet,tenet,,,,,70.0,379.0,76.0,2020-09-03,9.0,3.0,2020.0,1,0,0,0,0,WB,2,1,0,0,0,0,0,0,0,0,0,0,1,1,Action Sci-Fi Thriller,1,19.138520541980732,,0.0,16.05121743486791,17.884607497773207,False,False,False,False,False,False,False,False,False,True,False,False,False,False,False,False,False,False,True,False,False,False
World War Z,2021,2021-05-28,448000.0,80.0,Action Adventure Horror Sci-Fi,,https://www.boxofficemojo.com/release/rl2658894593/?ref_=bo_yld_table_156,347000.0,80.0,190000000.0,PG,116.0,Paramount Pictures,world war z,world-war-z,,,,,67.0,276.0,72.0,2021-05-28,5.0,4.0,2021.0,1,1,0,0,0,Paramount,2,1,1,0,0,0,0,0,0,1,0,0,1,0,Action Adventure Horror Sci-Fi,1,19.06253463538792,,0.0,12.757082940769225,13.012550743537489,False,False,False,False,False,False,True,False,False,False,False,False,False,False,True,False,False,False,False,False,False,False
The Lost Leonardo,2021,2021-08-13,445740.0,217.0,Documentary Mystery,,https://www.boxofficemojo.com/release/rl1970766593/?ref_=bo_yld_table_157,12487.0,3.0,,PG,96.0,Sony Pictures Classics,the lost leonardo,the_lost_leonardo,,,,,98.0,80.0,83.0,2021-08-13,8.0,4.0,2021.0,0,1,0,0,0,Sony,2,0,0,0,0,0,0,0,0,0,0,0,0,0,Documentary Mystery,0,0.0,,0.0,9.432523462195268,13.007493344831703,False,False,False,False,False,False,False,True,False,False,False,False,False,False,False,False,False,True,False,False,False,False
2021 Oscar Nominated Short Films: Live Action,2021,2021-04-02,443050.0,184.0,Talk-Show,,https://www.boxofficemojo.com/release/rl3178267393/?ref_=bo_yld_table_158,81113.0,157.0,,,130.0,Magnolia Pictures,2021 oscar nominated short films live action,,,,,,,,,2021-04-02,4.0,4.0,2021.0,0,0,0,0,1,Other,3,0,0,0,0,0,0,0,0,0,0,0,0,0,Talk-Show,0,0.0,,0.0,11.30361085159246,13.001440166554495,False,False,False,False,False,True,False,False,False,False,False,False,False,True,False,False,False,False,False,False,False,False
Flag Day,2021,2021-08-20,424667.0,196.0,Crime Drama,,https://www.boxofficemojo.com/release/rl3758850817/?ref_=bo_yld_table_159,42953.0,24.0,,R,109.0,United Artists Releasing,flag day,flag_day_2021,,,,,40.0,87.0,47.0,2021-08-20,8.0,4.0,2021.0,0,1,0,0,0,Other,4,0,0,0,0,1,1,0,0,0,0,0,0,0,Crime Drama,0,0.0,,0.0,10.66788505462424,12.959062966158633,False,False,False,False,False,True,False,False,False,False,False,False,False,False,False,False,False,True,False,False,False,False
Willy's Wonderland,2021,2021-02-12,418286.0,171.0,Action Comedy Horror Thriller,,https://www.boxofficemojo.com/release/rl879395585/?ref_=bo_yld_table_160,97164.0,123.0,,,88.0,Screen Media Films,willys wonderland,willys_wonderland,,,,,60.0,93.0,67.0,2021-02-12,2.0,4.0,2021.0,0,0,0,0,0,Other,3,1,0,0,1,0,0,0,0,1,0,0,0,1,Action Comedy Horror Thriller,0,0.0,,0.0,11.484165843298804,12.943923078773794,False,False,False,False,False,True,False,False,False,False,False,True,False,False,False,False,False,False,False,False,False,False
Top Gun,2021,2021-05-14,457577.0,153.0,Action Drama,,https://www.boxofficemojo.com/release/rl3061285633/?ref_=bo_yld_table_161,214654.0,153.0,,,109.0,Paramount Pictures,top gun,top_gun,,,,,57.0,147.0,83.0,2021-05-14,5.0,4.0,2021.0,0,1,0,0,0,Paramount,3,1,0,0,0,0,1,0,0,0,0,0,0,0,Action Drama,0,0.0,,0.0,12.276787367115398,13.033702640968915,False,False,False,False,False,False,True,False,False,False,False,False,False,False,True,False,False,False,False,False,False,False
Dutch,2021,2021-03-12,404371.0,202.0,Action,,https://www.boxofficemojo.com/release/rl2573632257/?ref_=bo_yld_table_162,135015.0,202.0,,R,109.0,Faith Media Distribution,dutch,dutch,,,,,17.0,24.0,64.0,2021-03-12,3.0,4.0,2021.0,0,0,0,1,0,Other,4,1,0,0,0,0,0,0,0,0,0,0,0,0,Action,0,0.0,,0.0,11.81314856891632,12.910090525353523,False,False,False,False,False,True,False,False,False,False,False,False,True,False,False,False,False,False,False,False,False,False
Ghostbusters,2021,2021-10-29,391718.0,774.0,Action Comedy Fantasy Sci-Fi,,https://www.boxofficemojo.com/release/rl1830322945/?ref_=bo_yld_table_163,304317.0,774.0,30000000.0,,105.0,Sony Pictures Classics,ghostbusters,ghostbusters,,,,,95.0,83.0,88.0,2021-10-29,10.0,4.0,2021.0,0,0,0,0,0,Sony,3,1,0,0,1,0,0,0,1,0,0,0,1,0,Action Comedy Fantasy Sci-Fi,1,17.216707972959764,,0.0,12.625828486288125,12.878300024987604,False,False,False,False,False,False,False,True,False,False,False,False,False,False,False,False,False,False,False,True,False,False
The Metropolitan Opera HD Live: Mussorgsky: Boris Godunov,2021,2021-10-08,387000.0,791.0,Musical,,https://www.boxofficemojo.com/release/rl890733313/?ref_=bo_yld_table_164,387000.0,791.0,,,,Fathom Events,the metropolitan opera hd live mussorgsky boris godunov,,,,,,,,,2021-10-08,10.0,4.0,2021.0,0,0,0,0,1,Other,3,0,0,0,0,0,0,0,0,0,1,0,0,0,Musical,0,0.0,,0.0,12.866182555987908,12.866182555987908,False,False,False,False,False,True,False,False,False,False,False,False,False,False,False,False,False,False,False,True,False,False
Crisis,2021,2021-02-26,404738.0,216.0,Drama Thriller,,https://www.boxofficemojo.com/release/rl2808578817/?ref_=bo_yld_table_165,190649.0,216.0,,R,118.0,Quiver Distribution,crisis,crisis_2021,,,,,66.0,163.0,60.0,2021-02-26,2.0,4.0,2021.0,0,0,0,0,0,Other,4,0,0,0,0,0,1,0,0,0,0,0,0,1,Drama Thriller,0,0.0,,0.0,12.15819456528571,12.910997693900653,False,False,False,False,False,True,False,False,False,False,False,True,False,False,False,False,False,False,False,False,False,False
Red Rocket,2021,2021-12-10,1023086.0,385.0,Comedy Drama Romance,,https://www.boxofficemojo.com/release/rl2098365185/?ref_=bo_yld_table_166,88195.0,6.0,,R,130.0,A24,red rocket,red_rocket,,,,,90.0,211.0,79.0,2021-12-10,12.0,4.0,2021.0,0,0,1,0,0,A24,4,0,0,0,1,0,1,0,0,0,0,1,0,0,Comedy Drama Romance,0,0.0,,0.0,11.387316889492551,13.838335085305998,True,False,False,False,False,False,False,False,False,False,False,False,False,False,False,False,False,False,False,False,False,True
Julia,2021,2021-11-12,399811.0,288.0,Biography Documentary,,https://www.boxofficemojo.com/release/rl2550956801/?ref_=bo_yld_table_167,18010.0,5.0,,PG,95.0,Sony Pictures Classics,julia,julia_2021,,,,,96.0,106.0,91.0,2021-11-12,11.0,4.0,2021.0,0,0,1,0,0,Sony,2,0,0,0,0,0,0,0,0,0,0,0,0,0,Biography Documentary,0,0.0,,0.0,9.798737961337057,12.898749715605499,False,False,False,False,False,False,False,True,False,False,False,False,False,False,False,False,False,False,False,False,True,False
Ghost in the Shell,2021,2021-09-17,373169.0,124.0,Action Animation Crime Drama Mystery Sci-Fi Thriller,,https://www.boxofficemojo.com/release/rl185434881/?ref_=bo_yld_table_168,220389.0,124.0,,,83.0,Lionsgate,ghost in the shell,ghost_in_the_shell,,,,,95.0,62.0,89.0,2021-09-17,9.0,4.0,2021.0,0,0,0,0,0,Lionsgate,3,1,0,1,0,1,1,0,0,0,0,0,1,1,Action Animation Crime Drama Mystery Sci-Fi Thriller,0,0.0,,0.0,12.303153983180737,12.82978935887212,False,False,False,True,False,False,False,False,False,False,False,False,False,False,False,False,False,False,True,False,False,False
The Dry,2021,2021-05-21,364237.0,186.0,Crime Drama Mystery Thriller,,https://www.boxofficemojo.com/release/rl393052929/?ref_=bo_yld_table_169,119364.0,186.0,,R,117.0,IFC Films,the dry,the_dry,,,,,90.0,99.0,89.0,2021-05-21,5.0,4.0,2021.0,0,1,0,0,0,Other,4,0,0,0,0,1,1,0,0,0,0,0,0,1,Crime Drama Mystery Thriller,0,0.0,,0.0,11.689941304640652,12.805562779108458,False,False,False,False,False,True,False,False,False,False,False,False,False,False,True,False,False,False,False,False,False,False
"Dad, I'm Sorry",2021,2021-05-28,350000.0,,Comedy Drama Family,,https://www.boxofficemojo.com/release/rl3950740225/?ref_=bo_yld_table_170,350000.0,20.0,,,128.0,3388 Films,dad im sorry,,,,,,,,,2021-05-28,5.0,4.0,2021.0,1,1,0,0,0,Other,3,0,0,0,1,0,1,1,0,0,0,0,0,0,Comedy Drama Family,0,0.0,,0.0,12.765691290604371,12.765691290604371,False,False,False,False,False,True,False,False,False,False,False,False,False,False,True,False,False,False,False,False,False,False
The Battle at Lake Changjin,2021,2021-11-19,342411.0,20.0,Action Drama History War,,https://www.boxofficemojo.com/release/rl673088257/?ref_=bo_yld_table_171,105768.0,20.0,,,176.0,CMC Pictures,the battle at lake changjin,the_battle_at_lake_changjin,,,,,36.0,11.0,100.0,2021-11-19,11.0,4.0,2021.0,0,0,1,0,0,Other,3,1,0,0,0,0,1,0,0,0,0,0,0,0,Action Drama History War,0,0.0,,0.0,11.56901274980071,12.743769969364573,False,False,False,False,False,True,False,False,False,False,False,False,False,False,False,False,False,False,False,False,True,False
The Emperor's New Groove,2021,2021-01-15,334000.0,744.0,Adventure Animation Comedy Family Fantasy,,https://www.boxofficemojo.com/release/rl3194585857/?ref_=bo_yld_table_172,160000.0,744.0,100000000.0,,78.0,Walt Disney Studios Motion Pictures,the emperors new groove,,,,,,,,,2021-01-15,1.0,4.0,2021.0,1,0,0,0,0,Disney,3,0,1,1,1,0,0,1,1,0,0,0,0,0,Adventure Animation Comedy Family Fantasy,1,18.420680753952364,,0.0,11.982935344196433,12.718899265966332,False,False,True,False,False,False,False,False,False,False,True,False,False,False,False,False,False,False,False,False,False,False
Benedetta,2021,2021-12-03,354481.0,201.0,Biography Drama Romance,,https://www.boxofficemojo.com/release/rl3825959681/?ref_=bo_yld_table_173,136839.0,201.0,,,131.0,IFC Films,benedetta,benedetta,,,,,84.0,200.0,90.0,2021-12-03,12.0,4.0,2021.0,0,0,1,0,0,Other,3,0,0,0,0,0,1,0,0,0,0,1,0,0,Biography Drama Romance,0,0.0,,0.0,11.826567639091541,12.778412847924708,False,False,False,False,False,True,False,False,False,False,False,False,False,False,False,False,False,False,False,False,False,True
Freaky,2021,2020-11-13,9030855.0,2472.0,Comedy Horror Thriller,,https://www.boxofficemojo.com/release/rl1699840769/?ref_=bo_yld_table_174,3600355.0,2472.0,,R,102.0,Universal Pictures,freaky,freaky,,,,,84.0,253.0,80.0,2020-11-13,11.0,4.0,2020.0,0,0,1,0,0,Universal,4,0,0,0,1,0,0,0,0,1,0,0,0,1,Comedy Horror Thriller,0,0.0,,0.0,15.096543287426044,16.01615771602775,False,False,False,False,False,False,False,False,True,False,False,False,False,False,False,False,False,False,False,False,True,False
Drive My Car,2021,2021-11-24,2352240.0,213.0,Drama,,https://www.boxofficemojo.com/release/rl404194049/?ref_=bo_yld_table_175,13775.0,2.0,,,179.0,Janus Films,drive my car,drive_my_car,,,,,97.0,215.0,83.0,2021-11-24,11.0,2.0,2021.0,1,0,1,0,0,Other,3,0,0,0,0,0,1,0,0,0,0,0,0,0,Drama,0,0.0,,0.0,9.530683226667511,14.670879048737769,False,False,False,False,False,True,False,False,False,False,False,False,False,False,False,False,False,False,False,False,True,False
Final Account,2021,2021-05-21,308976.0,308.0,Documentary,,https://www.boxofficemojo.com/release/rl309035777/?ref_=bo_yld_table_176,139985.0,308.0,,PG,94.0,Focus Features,final account,final_account,,,,,93.0,70.0,91.0,2021-05-21,5.0,4.0,2021.0,0,1,0,0,0,Universal,2,0,0,0,0,0,0,0,0,0,0,0,0,0,Documentary,0,0.0,,0.0,11.849297696591108,12.641022119452602,False,False,False,False,False,False,False,False,True,False,False,False,False,False,True,False,False,False,False,False,False,False
The Water Man,2021,2021-05-07,383234.0,311.0,Adventure Drama Family Fantasy,,https://www.boxofficemojo.com/release/rl3194913537/?ref_=bo_yld_table_177,181046.0,311.0,,PG,91.0,RLJ Entertainment,the water man,the_water_man,,,,,78.0,74.0,69.0,2021-05-07,5.0,4.0,2021.0,0,1,0,0,0,Other,2,0,1,0,0,0,1,1,1,0,0,0,0,0,Adventure Drama Family Fantasy,0,0.0,,0.0,12.106511945048219,12.856403657024863,False,False,False,False,False,True,False,False,False,False,False,False,False,False,True,False,False,False,False,False,False,False
New Order,2021,2021-05-21,303556.0,236.0,Crime Drama Sci-Fi Thriller,,https://www.boxofficemojo.com/release/rl2742518529/?ref_=bo_yld_table_178,144533.0,236.0,,R,86.0,Neon,new order,new_order_2021,,,,,67.0,105.0,67.0,2021-05-21,5.0,4.0,2021.0,0,1,0,0,0,Other,4,0,0,0,0,1,1,0,0,0,0,0,1,1,Crime Drama Sci-Fi Thriller,0,0.0,,0.0,11.881270052974951,12.623324680744018,False,False,False,False,False,True,False,False,False,False,False,False,False,False,True,False,False,False,False,False,False,False
India Sweets and Spices,2021,2021-11-19,288714.0,343.0,Comedy,,https://www.boxofficemojo.com/release/rl2333901569/?ref_=bo_yld_table_179,170629.0,343.0,,PG,101.0,Bleecker Street Media,india sweets and spices,india_sweets_and_spices,,,,,83.0,29.0,78.0,2021-11-19,11.0,4.0,2021.0,0,0,1,0,0,Other,2,0,0,0,1,0,0,0,0,0,0,0,0,0,Comedy,0,0.0,,0.0,12.047252748521311,12.573195321350145,False,False,False,False,False,True,False,False,False,False,False,False,False,False,False,False,False,False,False,False,True,False
Blithe Spirit,2021,2021-02-19,282500.0,239.0,Comedy Fantasy Romance,,https://www.boxofficemojo.com/release/rl2874442497/?ref_=bo_yld_table_180,88559.0,239.0,,PG,99.0,IFC Films,blithe spirit,blithe_spirit,,,,,78.0,23.0,75.0,2021-02-19,2.0,4.0,2021.0,1,0,0,0,0,Other,2,0,0,0,1,0,0,0,1,0,0,1,0,0,Comedy Fantasy Romance,0,0.0,,0.0,11.39143556738252,12.551437369385376,False,False,False,False,False,True,False,False,False,False,False,True,False,False,False,False,False,False,False,False,False,False
American Skin,2021,2021-01-15,282332.0,72.0,Drama Thriller,,https://www.boxofficemojo.com/release/rl1785103105/?ref_=bo_yld_table_181,46410.0,51.0,,R,90.0,Vertical Entertainment,american skin,american_skin,,,,,35.0,20.0,95.0,2021-01-15,1.0,4.0,2021.0,1,0,0,0,0,Other,4,0,0,0,0,0,1,0,0,0,0,0,0,1,Drama Thriller,0,0.0,,0.0,10.745291779083457,12.550842504327841,False,False,False,False,False,True,False,False,False,False,True,False,False,False,False,False,False,False,False,False,False,False
I'm Your Man,2021,2021-09-24,275155.0,122.0,Comedy Drama Romance Sci-Fi,,https://www.boxofficemojo.com/release/rl638747393/?ref_=bo_yld_table_182,32917.0,16.0,,R,108.0,Bleecker Street Media,im your man,im_your_man_2021,20210923173155.0,,,,95.0,143.0,80.0,2021-09-24,9.0,4.0,2021.0,0,0,0,0,0,Other,4,0,0,0,1,0,1,0,0,0,0,1,1,0,Comedy Drama Romance Sci-Fi,0,0.0,,0.0,10.401774899604014,12.52509348853763,False,False,False,False,False,True,False,False,False,False,False,False,False,False,False,False,False,False,True,False,False,False
Escape from Mogadishu,2021,2021-08-06,346271.0,42.0,Action Drama Thriller,,https://www.boxofficemojo.com/release/rl4144333569/?ref_=bo_yld_table_183,112788.0,42.0,,,121.0,Well Go USA Entertainment,escape from mogadishu,escape_from_mogadishu,,,,,95.0,44.0,85.0,2021-08-06,8.0,4.0,2021.0,0,1,0,0,0,Other,3,1,0,0,0,0,1,0,0,0,0,0,0,1,Action Drama Thriller,0,0.0,,0.0,11.633274095560436,12.754979872371376,False,False,False,False,False,True,False,False,False,False,False,False,False,False,False,False,False,True,False,False,False,False
Raging Fire,2021,2021-08-13,385305.0,59.0,Action Adventure Crime Mystery Thriller,,https://www.boxofficemojo.com/release/rl2114487041/?ref_=bo_yld_table_184,101926.0,59.0,,,126.0,Well Go USA Entertainment,raging fire,raging_fire,,,,,90.0,52.0,100.0,2021-08-13,8.0,4.0,2021.0,0,1,0,0,0,Other,3,1,1,0,0,1,0,0,0,0,0,0,0,1,Action Adventure Crime Mystery Thriller,0,0.0,,0.0,11.532012149766217,12.86179310277434,False,False,False,False,False,True,False,False,False,False,False,False,False,False,False,False,False,True,False,False,False,False
A Mouthful of Air,2021,2021-10-29,269435.0,816.0,Drama,,https://www.boxofficemojo.com/release/rl2081522433/?ref_=bo_yld_table_185,130701.0,816.0,,R,105.0,Stage 6 Films,a mouthful of air,a_mouthful_of_air,,,,,66.0,29.0,80.0,2021-10-29,10.0,4.0,2021.0,0,0,0,0,0,Other,4,0,0,0,0,0,1,0,0,0,0,0,0,0,Drama,0,0.0,,0.0,11.780675201714057,12.504086164320201,False,False,False,False,False,True,False,False,False,False,False,False,False,False,False,False,False,False,False,True,False,False
Rita Moreno: Just a Girl Who Decided to Go for It,2021,2021-06-18,264626.0,227.0,Biography Documentary,,https://www.boxofficemojo.com/release/rl3077669633/?ref_=bo_yld_table_186,84366.0,227.0,,PG,90.0,Roadside Attractions,rita moreno just a girl who decided to go for it,rita_moreno_just_a_girl_who_decided_to_go_for_it,,,,,96.0,112.0,93.0,2021-06-18,6.0,4.0,2021.0,0,1,0,0,1,Other,2,0,0,0,0,0,0,0,0,0,0,0,0,0,Biography Documentary,0,0.0,,0.0,11.342931608864808,12.486076566273509,False,False,False,False,False,True,False,False,False,False,False,False,False,False,False,True,False,False,False,False,False,False
Weathering with You,2021,2020-01-15,8056636.0,1020.0,Animation Drama Fantasy Romance,,https://www.boxofficemojo.com/release/rl3669066241/?ref_=bo_yld_table_187,1808533.0,486.0,,PG,112.0,GKIDS,weathering with you,weathering_with_you,20200114042434.0,,,,92.0,98.0,95.0,2020-01-15,1.0,2.0,2020.0,1,0,0,0,0,Other,2,0,0,1,0,0,1,0,1,0,0,1,0,0,Animation Drama Fantasy Romance,0,0.0,,0.0,14.40802713030816,15.902006781754052,False,False,False,False,False,True,False,False,False,False,True,False,False,False,False,False,False,False,False,False,False,False
Once I Was Engaged,2021,2021-07-21,254775.0,32.0,Comedy,,https://www.boxofficemojo.com/release/rl1644593921/?ref_=bo_yld_table_188,35304.0,32.0,,,107.0,Excel Entertainment,once i was engaged,once_i_was_engaged,,,,,92.0,6.0,92.0,2021-07-21,7.0,2.0,2021.0,0,1,0,0,0,Other,3,0,0,0,1,0,0,0,0,0,0,0,0,0,Comedy,0,0.0,,0.0,10.471779875950448,12.448140006721083,False,False,False,False,False,True,False,False,False,False,False,False,False,False,False,False,True,False,False,False,False,False
Supernova,2021,2021-01-29,234220.0,330.0,Drama Romance,,https://www.boxofficemojo.com/release/rl3512894209/?ref_=bo_yld_table_189,90096.0,330.0,,R,95.0,Bleecker Street Media,supernova,supernova,,,,,9.0,59.0,9.0,2021-01-29,1.0,4.0,2021.0,0,0,0,0,0,Other,4,0,0,0,0,0,1,0,0,0,0,1,0,0,Drama Romance,0,0.0,,0.0,11.408642146704691,12.364020393077237,False,False,False,False,False,True,False,False,False,False,True,False,False,False,False,False,False,False,False,False,False,False
Becoming Cousteau,2021,2021-10-22,231687.0,319.0,Adventure Biography Documentary,,https://www.boxofficemojo.com/release/rl1846182657/?ref_=bo_yld_table_190,116974.0,319.0,,PG,94.0,Picturehouse,becoming cousteau,becoming_cousteau,,,,,98.0,61.0,81.0,2021-10-22,10.0,4.0,2021.0,0,0,0,0,0,Other,2,0,1,0,0,0,0,0,0,0,0,0,0,0,Adventure Biography Documentary,0,0.0,,0.0,11.669715515734417,12.353146917970069,False,False,False,False,False,True,False,False,False,False,False,False,False,False,False,False,False,False,False,True,False,False
Half Brothers,2021,2020-12-04,2241980.0,1386.0,Comedy Drama,,https://www.boxofficemojo.com/release/rl760382209/?ref_=bo_yld_table_191,700160.0,1369.0,,PG,96.0,Focus Features,half brothers,,,,,,,,,2020-12-04,12.0,4.0,2020.0,0,0,1,0,0,Universal,2,0,0,0,1,0,1,0,0,0,0,0,0,0,Comedy Drama,0,0.0,,0.0,13.459065587579596,14.622870408002061,False,False,False,False,False,False,False,False,True,False,False,False,False,False,False,False,False,False,False,False,False,True
Limbo,2021,2021-04-30,224405.0,213.0,Comedy Drama,,https://www.boxofficemojo.com/release/rl1735361281/?ref_=bo_yld_table_192,84710.0,208.0,,R,104.0,Focus Features,limbo,limbo_2011,,,,,72.0,58.0,72.0,2021-04-30,4.0,4.0,2021.0,0,0,0,0,0,Universal,4,0,0,0,1,0,1,0,0,0,0,0,0,0,Comedy Drama,0,0.0,,0.0,11.34700074233762,12.32121219024114,False,False,False,False,False,False,False,False,True,False,False,False,False,True,False,False,False,False,False,False,False,False
Promare,2021,2019-09-17,2529324.0,701.0,Action Adventure Animation Comedy Drama Fantasy Sci-Fi Thriller,,https://www.boxofficemojo.com/release/rl3104540161/?ref_=bo_yld_table_193,109085.0,54.0,,PG,111.0,GKIDS,promare,promare,,,,,97.0,29.0,94.0,2019-09-17,9.0,1.0,2019.0,0,0,0,0,0,Other,2,1,1,1,1,0,1,0,1,0,0,0,1,1,Action Adventure Animation Comedy Drama Fantasy Sci-Fi Thriller,0,0.0,,0.0,11.599891840947327,14.743463026687701,False,False,False,False,False,True,False,False,False,False,False,False,False,False,False,False,False,False,True,False,False,False
Together,2021,2021-08-27,214390.0,250.0,Comedy Drama Romance,,https://www.boxofficemojo.com/release/rl252543745/?ref_=bo_yld_table_194,100066.0,250.0,,R,92.0,Universal Pictures,together,together,,,,,73.0,77.0,89.0,2021-08-27,8.0,4.0,2021.0,0,1,0,0,0,Universal,4,0,0,0,1,0,1,0,0,0,0,1,0,0,Comedy Drama Romance,0,0.0,,0.0,11.513595240620432,12.275556729685759,False,False,False,False,False,False,False,False,True,False,False,False,False,False,False,False,False,True,False,False,False,False
The Swimming Pool,2021,2021-05-14,211467.0,10.0,Crime Drama Romance,,https://www.boxofficemojo.com/release/rl2658632449/?ref_=bo_yld_table_195,3867.0,1.0,,,122.0,Rialto Distribution,the swimming pool,the_swimming_pool,,,,,95.0,19.0,81.0,2021-05-14,5.0,4.0,2021.0,0,1,0,0,0,Other,3,0,0,0,0,1,1,0,0,0,0,1,0,0,Crime Drama Romance,0,0.0,,0.0,8.260492856573185,12.261828965785028,False,False,False,False,False,True,False,False,False,False,False,False,False,False,True,False,False,False,False,False,False,False
Ailey,2021,2021-07-23,204513.0,88.0,Biography Documentary History Music,,https://www.boxofficemojo.com/release/rl2332459777/?ref_=bo_yld_table_196,15091.0,2.0,,PG,95.0,Neon,ailey,ailey,20210720183041.0,,,,90.0,80.0,88.0,2021-07-23,7.0,4.0,2021.0,0,1,0,0,0,Other,2,0,0,0,0,0,0,0,0,0,0,0,0,0,Biography Documentary History Music,0,0.0,,0.0,9.621920081084202,12.22839171177944,False,False,False,False,False,True,False,False,False,False,False,False,False,False,False,False,True,False,False,False,False,False
Groundhog Day,2021,2021-01-29,200989.0,845.0,Comedy Drama Fantasy Romance,,https://www.boxofficemojo.com/release/rl3177939713/?ref_=bo_yld_table_198,85330.0,845.0,,PG,101.0,Sony Pictures Classics,groundhog day,groundhog_day,,,,,94.0,144.0,88.0,2021-01-29,1.0,4.0,2021.0,0,0,0,0,0,Sony,2,0,0,0,1,0,1,0,1,0,0,1,0,0,Comedy Drama Fantasy Romance,0,0.0,,0.0,11.354293090669742,12.211010434559798,False,False,False,False,False,False,False,True,False,False,True,False,False,False,False,False,False,False,False,False,False,False
The Resort,2021,2021-04-30,191996.0,114.0,Horror,,https://www.boxofficemojo.com/release/rl1316193025/?ref_=bo_yld_table_199,88831.0,114.0,,,76.0,Vertical Entertainment,the resort,the_resort_2021,20210429033306.0,,,,37.0,19.0,7.0,2021-04-30,4.0,4.0,2021.0,0,0,0,0,0,Other,3,0,0,0,0,0,0,0,0,1,0,0,0,0,Horror,0,0.0,,0.0,11.394502224426422,12.165235025887847,False,False,False,False,False,True,False,False,False,False,False,False,False,True,False,False,False,False,False,False,False,False
Kaamelott: First Installment,2021,2021-07-23,188000.0,26.0,Adventure Comedy Fantasy,,https://www.boxofficemojo.com/release/rl3691414273/?ref_=bo_yld_table_200,188000.0,26.0,,,,Paramount Pictures,kaamelott first installment,,,,,,,,,2021-07-23,7.0,4.0,2021.0,0,1,0,0,1,Paramount,3,0,1,0,1,0,0,0,1,0,0,0,0,0,Adventure Comedy Fantasy,0,0.0,,0.0,12.144202560946876,12.144202560946876,False,False,False,False,False,False,True,False,False,False,False,False,False,False,False,False,True,False,False,False,False,False
Top Gun: Maverick,2022,2022-05-27,718732821.0,4751.0,Action Drama,,https://www.boxofficemojo.com/release/rl2500036097/?ref_=bo_yld_table_1,126707459.0,4735.0,177000000.0,PG,130.0,Paramount Pictures,top gun maverick,top_gun_maverick,,,,,96.0,475.0,99.0,2022-05-27,5.0,4.0,2022.0,1,1,0,0,1,Paramount,2,1,0,0,0,0,1,0,0,0,0,0,0,0,Action Drama,1,18.99166029618782,,0.0,18.657391522800356,20.393000249964143,False,False,False,False,False,False,True,False,False,False,False,False,False,False,True,False,False,False,False,False,False,False
Black Panther: Wakanda Forever,2022,2022-11-11,453829060.0,4396.0,Action Adventure Animation Drama Sci-Fi,,https://www.boxofficemojo.com/release/rl3573908993/?ref_=bo_yld_table_2,181339761.0,4396.0,250000000.0,PG,161.0,Walt Disney Studios Motion Pictures,black panther wakanda forever,black_panther_wakanda_forever,,,,,84.0,450.0,93.0,2022-11-11,11.0,4.0,2022.0,0,0,1,0,1,Disney,2,1,1,1,0,0,1,0,0,0,0,0,1,0,Action Adventure Animation Drama Sci-Fi,1,19.33697147982652,,0.0,19.015882967729574,19.93323116748392,False,False,True,False,False,False,False,False,False,False,False,False,False,False,False,False,False,False,False,False,True,False
Doctor Strange in the Multiverse of Madness,2022,2022-05-06,411331607.0,4534.0,Action Adventure Fantasy Sci-Fi,,https://www.boxofficemojo.com/release/rl3724903937/?ref_=bo_yld_table_3,187420998.0,4534.0,414900000.0,PG,126.0,Walt Disney Studios Motion Pictures,doctor strange in the multiverse of madness,doctor_strange_in_the_multiverse_of_madness,20220505012026.0,,,,73.0,464.0,85.0,2022-05-06,5.0,4.0,2022.0,0,1,0,0,0,Disney,2,1,1,0,0,0,0,0,1,0,0,0,1,0,Action Adventure Fantasy Sci-Fi,1,19.843548087713316,,0.0,19.048867975919997,19.834910279263237,False,False,True,False,False,False,False,False,False,False,False,False,False,False,True,False,False,False,False,False,False,False
Avatar: The Way of Water,2022,2022-12-16,684075767.0,4340.0,Action Adventure Animation Fantasy Sci-Fi,,https://www.boxofficemojo.com/release/rl3372254721/?ref_=bo_yld_table_4,134100226.0,4202.0,460000000.0,PG,192.0,20th Century Studios,avatar the way of water,avatar_the_way_of_water,20221215034457.0,,,,76.0,454.0,92.0,2022-12-16,12.0,4.0,2022.0,0,0,1,0,1,Disney,2,1,1,1,0,0,0,0,1,0,0,0,1,0,Action Adventure Animation Fantasy Sci-Fi,1,19.946737049621326,,0.0,18.714098041017067,20.343579241381892,False,False,True,False,False,False,False,False,False,False,False,False,False,False,False,False,False,False,False,False,False,True
Jurassic World: Dominion,2022,2022-06-10,376851080.0,4697.0,Action Adventure Sci-Fi Thriller,,https://www.boxofficemojo.com/release/rl4043671041/?ref_=bo_yld_table_5,145075625.0,4676.0,465000000.0,PG,147.0,Universal Pictures,jurassic world dominion,jurassic_world_dominion,,,,,28.0,405.0,77.0,2022-06-10,6.0,4.0,2022.0,0,1,0,0,1,Universal,2,1,1,0,0,0,0,0,0,0,0,0,1,1,Action Adventure Sci-Fi Thriller,1,19.95754796570217,,0.0,18.792765723041114,19.747360656764965,False,False,False,False,False,False,False,False,True,False,False,False,False,False,False,True,False,False,False,False,False,False
Minions: The Rise of Gru,2022,2022-07-01,370549695.0,4427.0,Adventure Animation Comedy Crime Family Sci-Fi,,https://www.boxofficemojo.com/release/rl1736214017/?ref_=bo_yld_table_6,107010140.0,4391.0,100000000.0,PG,87.0,Universal Pictures,minions the rise of gru,minions_the_rise_of_gru,,,,,70.0,184.0,89.0,2022-07-01,7.0,4.0,2022.0,1,1,0,0,1,Universal,2,0,1,1,1,1,0,1,0,0,0,0,1,0,Adventure Animation Comedy Crime Family Sci-Fi,1,18.420680753952364,,0.0,18.48843416363618,19.7304981259592,False,False,False,False,False,False,False,False,True,False,False,False,False,False,False,False,True,False,False,False,False,False
The Batman,2022,2022-03-04,369345583.0,4417.0,Action Crime Mystery,,https://www.boxofficemojo.com/release/rl67732993/?ref_=bo_yld_table_7,134008624.0,4417.0,200000000.0,PG,176.0,Warner Bros.,the batman,the_batman,20220303015258.0,86.0,219.0,,85.0,526.0,87.0,2022-03-04,3.0,4.0,2022.0,0,0,0,1,0,WB,2,1,0,0,0,1,0,0,0,0,0,0,0,0,Action Crime Mystery,1,19.11382792951231,-1.0,5.393627546352362,18.713414721515445,19.727243305728383,False,False,False,False,False,False,False,False,False,True,False,False,True,False,False,False,False,False,False,False,False,False
Thor: Love and Thunder,2022,2022-07-08,343256830.0,4375.0,Action Adventure Comedy Romance Sci-Fi,,https://www.boxofficemojo.com/release/rl3523577345/?ref_=bo_yld_table_8,144165107.0,4375.0,,PG,118.0,Walt Disney Studios Motion Pictures,thor love and thunder,thor_love_and_thunder,20220707220618.0,,,,64.0,448.0,76.0,2022-07-08,7.0,4.0,2022.0,0,1,0,0,1,Disney,2,1,1,0,1,0,0,0,0,0,0,1,1,0,Action Adventure Comedy Romance Sci-Fi,0,0.0,,0.0,18.78646978404896,19.653989503361164,False,False,True,False,False,False,False,False,False,False,False,False,False,False,False,False,True,False,False,False,False,False
Spider-Man: No Way Home,2022,2021-12-17,804793477.0,4336.0,Action Adventure Fantasy Sci-Fi,,https://www.boxofficemojo.com/release/rl2869659137/?ref_=bo_yld_table_9,260138569.0,4336.0,200000000.0,PG,148.0,Sony Pictures Releasing,spiderman no way home,spider_man_no_way_home,,,,,93.0,430.0,97.0,2021-12-17,12.0,4.0,2021.0,0,0,1,0,1,Sony,2,1,1,0,0,0,0,0,1,0,0,0,1,0,Action Adventure Fantasy Sci-Fi,1,19.11382792951231,,0.0,19.376725008544703,20.506096253400173,False,False,False,False,False,False,False,True,False,False,False,False,False,False,False,False,False,False,False,False,False,True
Spider-Man: No Way Home,2022,2021-12-17,804793477.0,4336.0,Action Adventure Fantasy Sci-Fi,,https://www.boxofficemojo.com/release/rl2869659137/?ref_=bo_yld_table_9,260138569.0,4336.0,200000000.0,PG,148.0,Sony Pictures Releasing,spiderman no way home,spider_man_no_way_home,,,,,93.0,430.0,97.0,2021-12-17,12.0,4.0,2021.0,0,0,1,0,1,Sony,2,1,1,0,0,0,0,0,1,0,0,0,1,0,Action Adventure Fantasy Sci-Fi,1,19.11382792951231,,0.0,19.376725008544703,20.506096253400173,False,False,False,False,False,False,False,True,False,False,False,False,False,False,False,False,False,False,False,False,False,True
Sonic the Hedgehog 2,2022,2022-04-08,190872904.0,4258.0,Action Adventure Comedy Family Fantasy Sci-Fi,,https://www.boxofficemojo.com/release/rl1363641089/?ref_=bo_yld_table_10,72105176.0,4234.0,,PG,122.0,Paramount Pictures,sonic the hedgehog 2,sonic_the_hedgehog_2,,,,,69.0,181.0,96.0,2022-04-08,4.0,4.0,2022.0,0,0,0,0,1,Paramount,2,1,1,0,1,0,0,1,1,0,0,0,1,0,Action Adventure Comedy Family Fantasy Sci-Fi,0,0.0,,0.0,18.09363640272878,19.067118345673354,False,False,False,False,False,False,True,False,False,False,False,False,False,True,False,False,False,False,False,False,False,False
Black Adam,2022,2022-10-21,168152111.0,4402.0,Action Adventure Fantasy Sci-Fi,,https://www.boxofficemojo.com/release/rl2728624641/?ref_=bo_yld_table_11,67004323.0,4402.0,,PG,125.0,Warner Bros.,black adam,black_adam,,,,,39.0,306.0,87.0,2022-10-21,10.0,4.0,2022.0,0,0,0,0,0,WB,2,1,1,0,0,0,0,0,1,0,0,0,1,0,Action Adventure Fantasy Sci-Fi,0,0.0,,0.0,18.02026771258623,18.94037955628577,False,False,False,False,False,False,False,False,False,True,False,False,False,False,False,False,False,False,False,True,False,False
Elvis,2022,2022-06-24,151040048.0,3932.0,Biography Drama Music,,https://www.boxofficemojo.com/release/rl2869528065/?ref_=bo_yld_table_12,31211579.0,3906.0,,PG,159.0,Warner Bros.,elvis,elvis,,,,,77.0,400.0,94.0,2022-06-24,6.0,4.0,2022.0,0,1,0,0,0,WB,2,0,0,0,0,0,1,0,0,0,0,0,0,0,Biography Drama Music,0,0.0,,0.0,17.256299737765314,18.833055584778783,False,False,False,False,False,False,False,False,False,True,False,False,False,False,False,True,False,False,False,False,False,False
Uncharted,2022,2022-02-18,148648820.0,4275.0,Action Adventure,,https://www.boxofficemojo.com/release/rl2977334785/?ref_=bo_yld_table_13,44010155.0,4275.0,,PG,116.0,Sony Pictures Releasing,uncharted,uncharted,,,,,14.0,4.0,14.0,2022-02-18,2.0,4.0,2022.0,1,0,0,0,0,Sony,2,1,1,0,0,0,0,0,0,0,0,0,0,0,Action Adventure,0,0.0,,0.0,17.599930983429935,18.817097175994487,False,False,False,False,False,False,False,True,False,False,False,True,False,False,False,False,False,False,False,False,False,False
Nope,2022,2022-07-22,123277080.0,3807.0,Horror Mystery Sci-Fi Thriller,,https://www.boxofficemojo.com/release/rl3562898177/?ref_=bo_yld_table_14,44366910.0,3785.0,,R,130.0,Universal Pictures,nope,nope,,,,,83.0,478.0,69.0,2022-07-22,7.0,4.0,2022.0,0,1,0,0,0,Universal,4,0,0,0,0,0,0,0,0,1,0,0,1,1,Horror Mystery Sci-Fi Thriller,0,0.0,,0.0,17.608004501819558,18.629945070889192,False,False,False,False,False,False,False,False,True,False,False,False,False,False,False,False,True,False,False,False,False,False
Lightyear,2022,2022-06-17,118307188.0,4255.0,Action Adventure Animation Comedy Family Sci-Fi,,https://www.boxofficemojo.com/release/rl6456065/?ref_=bo_yld_table_15,50577961.0,4255.0,,PG,105.0,Walt Disney Studios Motion Pictures,lightyear,lightyear,,,,,74.0,321.0,84.0,2022-06-17,6.0,4.0,2022.0,0,1,0,0,0,Disney,2,1,1,1,1,0,0,1,0,0,0,0,1,0,Action Adventure Animation Comedy Family Sci-Fi,0,0.0,,0.0,17.73902650578855,18.58879509633301,False,False,True,False,False,False,False,False,False,False,False,False,False,False,False,True,False,False,False,False,False,False
Smile,2022,2022-09-30,105935048.0,3659.0,Horror Mystery Thriller,,https://www.boxofficemojo.com/release/rl2982445825/?ref_=bo_yld_table_16,22609925.0,3645.0,,R,115.0,Paramount Pictures,smile,smile_2022,,,,,79.0,195.0,77.0,2022-09-30,9.0,4.0,2022.0,0,0,0,0,0,Paramount,4,0,0,0,0,0,0,0,0,1,0,0,0,1,Horror Mystery Thriller,0,0.0,,0.0,16.933899571360694,18.47833671898821,False,False,False,False,False,False,True,False,False,False,False,False,False,False,False,False,False,False,True,False,False,False
The Lost City,2022,2022-03-25,105344029.0,4283.0,Action Adventure Comedy Romance,,https://www.boxofficemojo.com/release/rl795706113/?ref_=bo_yld_table_17,30453269.0,4253.0,,PG,112.0,Paramount Pictures,the lost city,the_lost_city,20220324145531.0,,,,78.0,272.0,83.0,2022-03-25,3.0,4.0,2022.0,0,0,0,1,0,Paramount,2,1,1,0,1,0,0,0,0,0,0,1,0,0,Action Adventure Comedy Romance,0,0.0,,0.0,17.23170393551694,18.47274202836007,False,False,False,False,False,False,True,False,False,False,False,False,True,False,False,False,False,False,False,False,False,False
Bullet Train,2022,2022-08-05,103368602.0,4357.0,Action Comedy Thriller,,https://www.boxofficemojo.com/release/rl192905985/?ref_=bo_yld_table_18,30030156.0,4357.0,,R,127.0,Sony Pictures Releasing,bullet train,the_bullet_train,,,,,56.0,22.0,56.0,2022-08-05,8.0,4.0,2022.0,0,1,0,0,0,Sony,4,1,0,0,1,0,0,0,0,0,0,0,0,1,Action Comedy Thriller,0,0.0,,0.0,17.217712668051075,18.453811827893997,False,False,False,False,False,False,False,True,False,False,False,False,False,False,False,False,False,True,False,False,False,False
The Bad Guys,2022,2022-04-22,97459240.0,4042.0,Adventure Animation Comedy Crime Family,,https://www.boxofficemojo.com/release/rl2467005953/?ref_=bo_yld_table_19,23950245.0,4008.0,,PG,100.0,Universal Pictures,the bad guys,the_bad_guys_2022,,,,,87.0,174.0,93.0,2022-04-22,4.0,4.0,2022.0,0,0,0,0,0,Universal,2,0,1,1,1,1,0,1,0,0,0,0,0,0,Adventure Animation Comedy Crime Family,0,0.0,,0.0,16.991489153167194,18.394944807538927,False,False,False,False,False,False,False,False,True,False,False,False,False,True,False,False,False,False,False,False,False,False
Fantastic Beasts: The Secrets of Dumbledore,2022,2022-04-15,95850844.0,4245.0,Adventure Fantasy,,https://www.boxofficemojo.com/release/rl2886305281/?ref_=bo_yld_table_20,42151256.0,4208.0,,PG,142.0,Warner Bros.,fantastic beasts the secrets of dumbledore,fantastic_beasts_the_secrets_of_dumbledore,20220414221805.0,,,,46.0,246.0,83.0,2022-04-15,4.0,4.0,2022.0,0,0,0,0,1,WB,2,0,1,0,0,0,0,0,1,0,0,0,0,0,Adventure Fantasy,0,0.0,,0.0,17.556775064031527,18.37830384327518,False,False,False,False,False,False,False,False,False,True,False,False,False,True,False,False,False,False,False,False,False,False
DC League of Super-Pets,2022,2022-07-29,93657117.0,4332.0,Action Adventure Animation Comedy Crime Family Fantasy Sci-Fi,,https://www.boxofficemojo.com/release/rl470124033/?ref_=bo_yld_table_21,23003441.0,4314.0,,PG,105.0,Warner Bros.,dc league of superpets,dc_league_of_super_pets,,,,,72.0,147.0,87.0,2022-07-29,7.0,4.0,2022.0,0,1,0,0,0,WB,2,1,1,1,1,1,0,1,1,0,0,0,1,0,Action Adventure Animation Comedy Crime Family Fantasy Sci-Fi,0,0.0,,0.0,16.95115441487057,18.355150990372866,False,False,False,False,False,False,False,False,False,True,False,False,False,False,False,False,True,False,False,False,False,False
Where the Crawdads Sing,2022,2022-07-15,90230760.0,3650.0,Drama Mystery Romance Thriller,,https://www.boxofficemojo.com/release/rl2457109249/?ref_=bo_yld_table_22,17253227.0,3650.0,,PG,125.0,Sony Pictures Releasing,where the crawdads sing,where_the_crawdads_sing,,,,,34.0,220.0,96.0,2022-07-15,7.0,4.0,2022.0,0,1,0,0,0,Sony,2,0,0,0,0,0,1,0,0,0,0,1,0,1,Drama Mystery Romance Thriller,0,0.0,,0.0,16.66350981436971,18.317880957937113,False,False,False,False,False,False,False,True,False,False,False,False,False,False,False,False,True,False,False,False,False,False
The Black Phone,2022,2022-06-24,90123230.0,3156.0,Horror Mystery Thriller,,https://www.boxofficemojo.com/release/rl3849487105/?ref_=bo_yld_table_23,23633220.0,3150.0,,R,103.0,Universal Pictures,the black phone,the_black_phone,,,,,81.0,271.0,88.0,2022-06-24,6.0,4.0,2022.0,0,1,0,0,0,Universal,4,0,0,0,0,0,0,0,0,1,0,0,0,1,Horror Mystery Thriller,0,0.0,,0.0,16.978163949649467,18.316688525082714,False,False,False,False,False,False,False,False,True,False,False,False,False,False,False,True,False,False,False,False,False,False
Sing 2,2022,2021-12-22,162790990.0,3892.0,Adventure Animation Comedy Family Musical,,https://www.boxofficemojo.com/release/rl302024193/?ref_=bo_yld_table_24,22326230.0,3892.0,,PG,110.0,Universal Pictures,sing 2,sing_2,,,,,72.0,134.0,98.0,2021-12-22,12.0,2.0,2021.0,1,0,1,0,1,Universal,2,0,1,1,1,0,0,1,0,0,1,0,0,0,Adventure Animation Comedy Family Musical,0,0.0,,0.0,16.92127282318429,18.907977672163682,False,False,False,False,False,False,False,False,True,False,False,False,False,False,False,False,False,False,False,False,False,True
Scream,2022,2022-01-14,81641405.0,3666.0,Horror Mystery Thriller,,https://www.boxofficemojo.com/release/rl307200769/?ref_=bo_yld_table_25,30018805.0,3664.0,24000000.0,R,114.0,Paramount Pictures,scream,scream_2022,,,,,76.0,299.0,82.0,2022-01-14,1.0,4.0,2022.0,1,0,0,0,0,Paramount,4,0,0,0,0,0,0,0,0,1,0,0,0,1,Horror Mystery Thriller,1,16.993564429978885,,0.0,17.21733460989426,18.217847117707645,False,False,False,False,False,False,True,False,False,False,True,False,False,False,False,False,False,False,False,False,False,False
Morbius,2022,2022-04-01,73865530.0,4268.0,Action Adventure Horror Sci-Fi Thriller,,https://www.boxofficemojo.com/release/rl2064025089/?ref_=bo_yld_table_26,39005895.0,4268.0,,PG,104.0,Columbia Pictures,morbius,morbius,20220331005808.0,,,,15.0,287.0,71.0,2022-04-01,4.0,4.0,2022.0,0,0,0,0,0,Sony,2,1,1,0,0,0,0,0,0,1,0,0,1,1,Action Adventure Horror Sci-Fi Thriller,0,0.0,,0.0,17.47922337215463,18.117756849502367,False,False,False,False,False,False,False,True,False,False,False,False,False,True,False,False,False,False,False,False,False,False
Everything Everywhere All at Once,2022,Mar 25,77191785.0,2220.0,Action Adventure Comedy Drama Fantasy Sci-Fi,,https://www.boxofficemojo.com/release/rl3861218049/?ref_=bo_yld_table_27,501305.0,10.0,,R,139.0,A24,everything everywhere all at once,everything_everywhere_all_at_once,,,,,93.0,406.0,79.0,,,,2022.0,0,0,0,0,0,A24,4,1,1,0,1,0,1,0,1,0,0,0,1,0,Action Adventure Comedy Drama Fantasy Sci-Fi,0,0.0,,0.0,13.124971972060878,18.1618036103705,True,False,False,False,False,False,False,False,False,False,False,False,False,False,False,False,False,False,False,False,False,False
Ticket to Paradise,2022,2022-10-21,68275985.0,4066.0,Comedy Drama Romance,,https://www.boxofficemojo.com/release/rl3949822721/?ref_=bo_yld_table_28,16509095.0,3543.0,,PG,104.0,Universal Pictures,ticket to paradise,ticket_to_paradise_2022,,,,,57.0,226.0,87.0,2022-10-21,10.0,4.0,2022.0,0,0,0,0,0,Universal,2,0,0,0,1,0,1,0,0,0,0,1,0,0,Comedy Drama Romance,0,0.0,,0.0,16.619422059703094,18.03906866681625,False,False,False,False,False,False,False,False,True,False,False,False,False,False,False,False,False,False,False,True,False,False
The Woman King,2022,2022-09-16,67328130.0,3765.0,Action Drama History,,https://www.boxofficemojo.com/release/rl2551874305/?ref_=bo_yld_table_29,19051442.0,3765.0,,PG,135.0,TriStar Pictures,the woman king,the_woman_king,,,,,94.0,277.0,99.0,2022-09-16,9.0,4.0,2022.0,0,0,0,0,0,Other,2,1,0,0,0,0,1,0,0,0,0,0,0,0,Action Drama History,0,0.0,,0.0,16.762653404699744,18.02508870133624,False,False,False,False,False,True,False,False,False,False,False,False,False,False,False,False,False,False,True,False,False,False
Halloween Ends,2022,2022-10-14,64079860.0,3901.0,Horror Mystery Romance Thriller,,https://www.boxofficemojo.com/release/rl2047247873/?ref_=bo_yld_table_30,40050355.0,3901.0,30000000.0,R,111.0,Universal Pictures,halloween ends,halloween_ends,,,,,40.0,266.0,57.0,2022-10-14,10.0,4.0,2022.0,0,0,0,0,0,Universal,4,0,0,0,0,0,0,0,0,1,0,1,0,1,Horror Mystery Romance Thriller,1,17.216707972959764,,0.0,17.505648120328026,17.97564069155848,False,False,False,False,False,False,False,False,True,False,False,False,False,False,False,False,False,False,False,True,False,False
Dog,2022,2022-02-18,61778069.0,3827.0,Comedy Drama,,https://www.boxofficemojo.com/release/rl1831174913/?ref_=bo_yld_table_31,14883928.0,3677.0,,PG,101.0,United Artists Releasing,dog,dog_2022,20220216194640.0,,,,77.0,158.0,89.0,2022-02-18,2.0,4.0,2022.0,1,0,0,0,0,Other,2,0,0,0,1,0,1,0,0,0,0,0,0,0,Comedy Drama,0,0.0,,0.0,16.515792598214215,17.939059005083276,False,False,False,False,False,True,False,False,False,False,False,True,False,False,False,False,False,False,False,False,False,False
Jackass Forever,2022,2022-02-04,57743451.0,3653.0,Comedy Documentary,,https://www.boxofficemojo.com/release/rl1688896001/?ref_=bo_yld_table_32,23154388.0,3604.0,,R,96.0,Paramount Pictures,jackass forever,jackass_forever,,,,,86.0,172.0,91.0,2022-02-04,2.0,4.0,2022.0,0,0,0,0,0,Paramount,4,0,0,0,1,0,0,0,0,0,0,0,0,0,Comedy Documentary,0,0.0,,0.0,16.957694910159503,17.871520515656194,False,False,False,False,False,False,True,False,False,False,False,True,False,False,False,False,False,False,False,False,False,False
Puss in Boots: The Last Wish,2022,2022-12-21,186090535.0,4121.0,Action Adventure Animation Comedy Family Fantasy,,https://www.boxofficemojo.com/release/rl3899622145/?ref_=bo_yld_table_33,12429515.0,4099.0,110000000.0,PG,102.0,Universal Pictures,puss in boots the last wish,puss_in_boots_the_last_wish,,,,,95.0,195.0,94.0,2022-12-21,12.0,2.0,2022.0,1,0,1,0,1,Universal,2,1,1,1,1,0,0,1,1,0,0,0,0,0,Action Adventure Animation Comedy Family Fantasy,1,18.5159909328476,,0.0,16.335584524675692,19.041743865939985,False,False,False,False,False,False,False,False,True,False,False,False,False,False,False,False,False,False,False,False,False,True
Violent Night,2022,2022-12-02,50057405.0,3723.0,Action Comedy Thriller,,https://www.boxofficemojo.com/release/rl4179395329/?ref_=bo_yld_table_34,13450240.0,3682.0,,R,112.0,Universal Pictures,violent night,violent_night,,,,,74.0,215.0,88.0,2022-12-02,12.0,4.0,2022.0,0,0,1,0,0,Universal,4,1,0,0,1,0,0,0,0,0,0,0,0,1,Action Comedy Thriller,0,0.0,,0.0,16.414507582067206,17.728681024806694,False,False,False,False,False,False,False,False,True,False,False,False,False,False,False,False,False,False,False,False,False,True
"Lyle, Lyle, Crocodile",2022,2022-10-07,46888441.0,4350.0,Adventure Comedy Family Fantasy Musical,,https://www.boxofficemojo.com/release/rl2323088129/?ref_=bo_yld_table_35,11401182.0,4350.0,,PG,106.0,Sony Pictures Releasing,lyle lyle crocodile,lyle_lyle_crocodile,,,,,72.0,95.0,93.0,2022-10-07,10.0,4.0,2022.0,0,0,0,0,0,Sony,2,0,1,0,1,0,0,1,1,0,1,0,0,0,Adventure Comedy Family Fantasy Musical,0,0.0,,0.0,16.249227679910614,17.66328176381296,False,False,False,False,False,False,False,True,False,False,False,False,False,False,False,False,False,False,False,True,False,False
Death on the Nile,2022,2022-02-11,45630104.0,3420.0,Crime Drama Mystery,,https://www.boxofficemojo.com/release/rl2416281089/?ref_=bo_yld_table_36,12891123.0,3280.0,,PG,127.0,20th Century Studios,death on the nile,death_on_the_nile,,,,,80.0,20.0,79.0,2022-02-11,2.0,4.0,2022.0,0,0,0,0,0,Disney,2,0,0,0,0,1,1,0,0,0,0,0,0,0,Crime Drama Mystery,0,0.0,,0.0,16.37204957049309,17.636078254018624,False,False,True,False,False,False,False,False,False,False,False,True,False,False,False,False,False,False,False,False,False,False
Don't Worry Darling,2022,2022-09-23,45309403.0,4121.0,Drama Mystery Thriller,,https://www.boxofficemojo.com/release/rl3021046529/?ref_=bo_yld_table_37,19353213.0,4113.0,,R,123.0,Warner Bros.,dont worry darling,dont_worry_darling,20220921081653.0,,,,38.0,358.0,74.0,2022-09-23,9.0,4.0,2022.0,0,0,0,0,0,WB,4,0,0,0,0,0,1,0,0,0,0,0,0,1,Drama Mystery Thriller,0,0.0,,0.0,16.778369061838504,17.629025162727633,False,False,False,False,False,False,False,False,False,True,False,False,False,False,False,False,False,False,True,False,False,False
Downton Abbey: A New Era,2022,2022-05-20,44141550.0,3830.0,Drama Romance,,https://www.boxofficemojo.com/release/rl24281857/?ref_=bo_yld_table_38,16000495.0,3820.0,,PG,124.0,Focus Features,downton abbey a new era,downton_abbey_a_new_era,,,,,87.0,200.0,97.0,2022-05-20,5.0,4.0,2022.0,0,1,0,0,1,Universal,2,0,0,0,0,0,1,0,0,0,0,1,0,0,Drama Romance,0,0.0,,0.0,16.588130279723565,17.60291209637218,False,False,False,False,False,False,False,False,True,False,False,False,False,False,True,False,False,False,False,False,False,False
Barbarian,2022,2022-09-09,40842944.0,2890.0,Horror Mystery Thriller,,https://www.boxofficemojo.com/release/rl919241473/?ref_=bo_yld_table_39,10543948.0,2340.0,,R,102.0,20th Century Studios,barbarian,barbarian_2022,,,,,92.0,211.0,70.0,2022-09-09,9.0,4.0,2022.0,0,0,0,0,0,Disney,4,0,0,0,0,0,0,0,0,1,0,0,0,1,Horror Mystery Thriller,0,0.0,,0.0,16.171062698838675,17.525244659336696,False,False,True,False,False,False,False,False,False,False,False,False,False,False,False,False,False,False,True,False,False,False
Dragon Ball Super: Super Hero,2022,2022-08-19,38112140.0,3018.0,Action Adventure Animation Fantasy,,https://www.boxofficemojo.com/release/rl349471489/?ref_=bo_yld_table_40,21126919.0,3018.0,,PG,100.0,Crunchyroll,dragon ball super super hero,dragon_ball_super_super_hero,,,,,95.0,58.0,95.0,2022-08-19,8.0,4.0,2022.0,0,1,0,0,1,Other,2,1,1,1,0,0,0,0,1,0,0,0,0,0,Action Adventure Animation Fantasy,0,0.0,,0.0,16.86605861465145,17.456043450752485,False,False,False,False,False,True,False,False,False,False,False,False,False,False,False,False,False,True,False,False,False,False
Strange World,2022,2022-11-23,37968963.0,4174.0,Action Adventure Animation Comedy Family Fantasy Sci-Fi,,https://www.boxofficemojo.com/release/rl3422914049/?ref_=bo_yld_table_41,12151384.0,4174.0,,PG,102.0,Walt Disney Studios Motion Pictures,strange world,strange_world,,,,,72.0,168.0,66.0,2022-11-23,11.0,2.0,2022.0,1,0,1,0,0,Disney,2,1,1,1,1,0,0,1,1,0,0,0,1,0,Action Adventure Animation Comedy Family Fantasy Sci-Fi,0,0.0,,0.0,16.31295371302381,17.452279647137306,False,False,True,False,False,False,False,False,False,False,False,False,False,False,False,False,False,False,False,False,True,False
The Menu,2022,2022-11-18,38501125.0,3228.0,Comedy Horror Thriller,,https://www.boxofficemojo.com/release/rl2839380737/?ref_=bo_yld_table_42,9004957.0,3211.0,,R,107.0,Searchlight Pictures,the menu,the_menu,,,,,88.0,337.0,76.0,2022-11-18,11.0,4.0,2022.0,0,0,1,0,0,Disney,4,0,0,0,1,0,0,0,0,1,0,0,0,1,Comedy Horror Thriller,0,0.0,,0.0,16.013285872505804,17.46619804558358,False,False,True,False,False,False,False,False,False,False,False,False,False,False,False,False,False,False,False,False,True,False
Jujutsu Kaisen 0,2022,2022-03-18,34542754.0,2418.0,Action Animation Fantasy,,https://www.boxofficemojo.com/release/rl3458958081/?ref_=bo_yld_table_43,18009921.0,2286.0,,PG,105.0,Crunchyroll,jujutsu kaisen 0,,,,,,,,,2022-03-18,3.0,4.0,2022.0,1,0,0,1,0,Other,2,1,0,1,0,0,0,0,1,0,0,0,0,0,Action Animation Fantasy,0,0.0,,0.0,16.706433386215497,17.357708390096033,False,False,False,False,False,True,False,False,False,False,False,False,True,False,False,False,False,False,False,False,False,False
The Northman,2022,2022-04-22,34233110.0,3284.0,Action Adventure Drama Fantasy History Thriller,,https://www.boxofficemojo.com/release/rl3195503361/?ref_=bo_yld_table_44,12290800.0,3234.0,,R,137.0,Focus Features,the northman,the_northman,20220421145322.0,,,,90.0,383.0,64.0,2022-04-22,4.0,4.0,2022.0,0,0,0,0,0,Universal,4,1,1,0,0,0,1,0,1,0,0,0,0,1,Action Adventure Drama Fantasy History Thriller,0,0.0,,0.0,16.3243616543574,17.34870389156499,False,False,False,False,False,False,False,False,True,False,False,False,False,True,False,False,False,False,False,False,False,False
The Bob's Burgers Movie,2022,2022-05-27,31933830.0,3425.0,Adventure Animation Comedy Crime Drama Musical Mystery Thriller,,https://www.boxofficemojo.com/release/rl2852292097/?ref_=bo_yld_table_45,12416819.0,3425.0,,PG,102.0,20th Century Studios,the bobs burgers movie,the_bobs_burgers_movie,,,,,87.0,146.0,89.0,2022-05-27,5.0,4.0,2022.0,1,1,0,0,0,Disney,2,0,1,1,1,1,1,0,0,0,1,0,0,1,Adventure Animation Comedy Crime Drama Musical Mystery Thriller,0,0.0,,0.0,16.334562563038773,17.27917653870269,False,False,True,False,False,False,False,False,False,False,False,False,False,False,True,False,False,False,False,False,False,False
Beast,2022,2022-08-19,31846530.0,3754.0,Action Adventure Drama Horror Thriller,,https://www.boxofficemojo.com/release/rl2222424833/?ref_=bo_yld_table_46,11575855.0,3743.0,,R,93.0,Universal Pictures,beast,beast,,,,,92.0,144.0,75.0,2022-08-19,8.0,4.0,2022.0,0,1,0,0,0,Universal,4,1,1,0,0,0,1,0,0,1,0,0,0,1,Action Adventure Drama Horror Thriller,0,0.0,,0.0,16.264432107686023,17.276439017253093,False,False,False,False,False,False,False,False,True,False,False,False,False,False,False,False,False,True,False,False,False,False
The Invitation,2022,2022-08-26,25100080.0,3117.0,Horror Thriller,,https://www.boxofficemojo.com/release/rl690324225/?ref_=bo_yld_table_47,6805468.0,3114.0,,PG,105.0,Sony Pictures Releasing,the invitation,the_invitation,,,,,90.0,117.0,69.0,2022-08-26,8.0,4.0,2022.0,0,1,0,0,0,Sony,2,0,0,0,0,0,0,0,0,1,0,0,0,1,Horror Thriller,0,0.0,,0.0,15.733237111604666,17.03838163118844,False,False,False,False,False,False,False,True,False,False,False,False,False,False,False,False,False,True,False,False,False,False
Avatar,2022,2022-09-23,24714024.0,2040.0,Action Adventure Fantasy Sci-Fi,,https://www.boxofficemojo.com/release/rl2319418113/?ref_=bo_yld_table_48,10529576.0,1860.0,237000000.0,PG,162.0,Walt Disney Studios Motion Pictures,avatar,avatar,,,,,81.0,335.0,82.0,2022-09-23,9.0,4.0,2022.0,0,0,0,0,0,Disney,2,1,1,0,0,0,0,0,1,0,0,0,1,0,Action Adventure Fantasy Sci-Fi,1,19.283570703318816,,0.0,16.169698712363115,17.02288145421815,False,False,True,False,False,False,False,False,False,False,False,False,False,False,False,False,False,False,True,False,False,False
Ambulance,2022,2022-04-08,22781115.0,3412.0,Action Crime Drama Thriller,,https://www.boxofficemojo.com/release/rl1432912641/?ref_=bo_yld_table_49,8699630.0,3412.0,,R,136.0,Universal Pictures,ambulance,ambulance,20220407145541.0,,,,68.0,255.0,87.0,2022-04-08,4.0,4.0,2022.0,0,0,0,0,0,Universal,4,1,0,0,0,1,1,0,0,0,0,0,0,1,Action Crime Drama Thriller,0,0.0,,0.0,15.978791168932219,16.94144250512573,False,False,False,False,False,False,False,False,True,False,False,False,False,True,False,False,False,False,False,False,False,False
Marry Me,2022,2022-02-11,22438180.0,3643.0,Comedy Music Romance,,https://www.boxofficemojo.com/release/rl877691649/?ref_=bo_yld_table_50,7949980.0,3642.0,,PG,112.0,Universal Pictures,marry me,marry_me_2022,,,,,61.0,216.0,92.0,2022-02-11,2.0,4.0,2022.0,0,0,0,0,0,Universal,2,0,0,0,1,0,0,0,0,0,0,1,0,0,Comedy Music Romance,0,0.0,,0.0,15.888680096690551,16.92627457472712,False,False,False,False,False,False,False,False,True,False,False,True,False,False,False,False,False,False,False,False,False,False
The King's Man,2022,2021-12-22,37176373.0,3180.0,Action Adventure Thriller,,https://www.boxofficemojo.com/release/rl2181531137/?ref_=bo_yld_table_51,5915542.0,3180.0,,R,131.0,20th Century Studios,the kings man,the_kings_man,,,,,41.0,183.0,80.0,2021-12-22,12.0,2.0,2021.0,1,0,1,0,0,Disney,4,1,1,0,0,0,0,0,0,0,0,0,0,1,Action Adventure Thriller,0,0.0,,0.0,15.593093851688401,17.431184009950275,False,False,True,False,False,False,False,False,False,False,False,False,False,False,False,False,False,False,False,False,False,True
Father Stu,2022,2022-04-13,20884796.0,2705.0,Biography Drama Sport,,https://www.boxofficemojo.com/release/rl3291185921/?ref_=bo_yld_table_52,5402642.0,2705.0,4000000.0,R,124.0,Sony Pictures Releasing,father stu,father_stu,,,,,41.0,123.0,95.0,2022-04-13,4.0,2.0,2022.0,0,0,0,0,0,Sony,4,0,0,0,0,0,1,0,0,0,0,0,0,0,Biography Drama Sport,1,15.201805169084134,,0.0,15.502398836240085,16.854532035971513,False,False,False,False,False,False,False,True,False,False,False,False,False,True,False,False,False,False,False,False,False,False
The Unbearable Weight of Massive Talent,2022,2022-04-22,20300157.0,3036.0,Action Comedy Crime Thriller,,https://www.boxofficemojo.com/release/rl2763358721/?ref_=bo_yld_table_53,7131703.0,3036.0,,R,107.0,Lionsgate,the unbearable weight of massive talent,the_unbearable_weight_of_massive_talent,,,,,87.0,317.0,87.0,2022-04-22,4.0,4.0,2022.0,0,0,0,0,0,Lionsgate,4,1,0,0,1,1,0,0,0,0,0,0,0,1,Action Comedy Crime Thriller,0,0.0,,0.0,15.780060754019203,16.826139227232957,False,False,False,True,False,False,False,False,False,False,False,False,False,True,False,False,False,False,False,False,False,False
Devotion,2022,2022-11-23,20511938.0,3458.0,Action Biography Drama War,,https://www.boxofficemojo.com/release/rl1211925249/?ref_=bo_yld_table_54,5902803.0,3405.0,,PG,139.0,Columbia Pictures,devotion,devotion_2022,20221123190608.0,,,,81.0,126.0,92.0,2022-11-23,11.0,2.0,2022.0,1,0,1,0,0,Sony,2,1,0,0,0,0,1,0,0,0,0,0,0,0,Action Biography Drama War,0,0.0,,0.0,15.59093805021571,16.836517664829156,False,False,False,False,False,False,False,True,False,False,False,False,False,False,False,False,False,False,False,False,True,False
Prey for the Devil,2022,2022-10-28,19802293.0,2980.0,Horror Mystery Thriller,,https://www.boxofficemojo.com/release/rl3938025985/?ref_=bo_yld_table_55,7185126.0,2980.0,,PG,93.0,Lionsgate,prey for the devil,prey_for_the_devil,,,,,15.0,34.0,69.0,2022-10-28,10.0,4.0,2022.0,0,0,0,0,0,Lionsgate,2,0,0,0,0,0,0,0,0,1,0,0,0,1,Horror Mystery Thriller,0,0.0,,0.0,15.78752375305234,16.801308347539536,False,False,False,True,False,False,False,False,False,False,False,False,False,False,False,False,False,False,False,True,False,False
Moonfall,2022,2022-02-04,19060660.0,3446.0,Action Adventure Animation Sci-Fi,,https://www.boxofficemojo.com/release/rl1478001409/?ref_=bo_yld_table_56,9868997.0,3446.0,,PG,130.0,Lionsgate,moonfall,moonfall,,,,,35.0,216.0,69.0,2022-02-04,2.0,4.0,2022.0,0,0,0,0,0,Lionsgate,2,1,1,1,0,0,0,0,0,0,0,0,1,0,Action Adventure Animation Sci-Fi,0,0.0,,0.0,16.104908886499345,16.763137135547023,False,False,False,True,False,False,False,False,False,False,False,True,False,False,False,False,False,False,False,False,False,False
Paws of Fury: The Legend of Hank,2022,2022-07-15,17811382.0,3481.0,Action Adventure Animation Comedy Family Fantasy,,https://www.boxofficemojo.com/release/rl3979051777/?ref_=bo_yld_table_57,6321423.0,3475.0,,PG,98.0,Paramount Pictures,paws of fury the legend of hank,paws_of_fury_the_legend_of_hank,,,,,56.0,59.0,67.0,2022-07-15,7.0,4.0,2022.0,0,1,0,0,1,Paramount,2,1,1,1,1,0,0,1,1,0,0,0,0,0,Action Adventure Animation Comedy Family Fantasy,0,0.0,,0.0,15.659455057198796,16.695348305254935,False,False,False,False,False,False,True,False,False,False,False,False,False,False,False,False,True,False,False,False,False,False
Amsterdam,2022,2022-10-07,14947969.0,3005.0,Comedy Drama History Mystery Romance Thriller,,https://www.boxofficemojo.com/release/rl3406136833/?ref_=bo_yld_table_58,6444896.0,3005.0,,R,134.0,20th Century Studios,amsterdam,amsterdam,,,,,19.0,11.0,19.0,2022-10-07,10.0,4.0,2022.0,0,0,0,0,0,Disney,4,0,0,0,1,0,1,0,0,0,0,1,0,1,Comedy Drama History Mystery Romance Thriller,0,0.0,,0.0,15.678799212846807,16.520086062628046,False,False,True,False,False,False,False,False,False,False,False,False,False,False,False,False,False,False,False,True,False,False
The Chosen Season 3: Episode 1 & 2,2022,2022-11-18,14612089.0,2021.0,-,,https://www.boxofficemojo.com/release/rl2834137857/?ref_=bo_yld_table_59,8772746.0,2021.0,,,131.0,Fathom Events,the chosen season 3 episode 1  2,,,,,,,,,2022-11-18,11.0,4.0,2022.0,0,0,1,0,1,Other,3,0,0,0,0,0,0,0,0,0,0,0,0,0,-,0,0.0,,0.0,15.987160542212978,16.497359826199446,False,False,False,False,False,True,False,False,False,False,False,False,False,False,False,False,False,False,False,False,True,False
The 355,2022,2022-01-07,14570455.0,3145.0,Action Drama Thriller,,https://www.boxofficemojo.com/release/rl2572518145/?ref_=bo_yld_table_60,4621765.0,3145.0,,PG,122.0,Universal Pictures,the 355,the_355,,,,,24.0,229.0,86.0,2022-01-07,1.0,4.0,2022.0,0,0,0,0,0,Universal,2,1,0,0,0,0,1,0,0,0,0,0,0,1,Action Drama Thriller,0,0.0,,0.0,15.34628744110084,16.494506474867638,False,False,False,False,False,False,False,False,True,False,True,False,False,False,False,False,False,False,False,False,False,False
American Underdog,2022,2021-12-25,26514814.0,2813.0,Biography Drama Romance Sport,,https://www.boxofficemojo.com/release/rl1035239937/?ref_=bo_yld_table_61,5861836.0,2813.0,,PG,112.0,Lionsgate,american underdog,american_underdog,,,,,75.0,69.0,98.0,2021-12-25,12.0,5.0,2021.0,1,0,1,0,0,Lionsgate,2,0,0,0,0,0,1,0,0,0,0,1,0,0,Biography Drama Romance Sport,0,0.0,,0.0,15.58397359365689,17.0932141913463,False,False,False,True,False,False,False,False,False,False,False,False,False,False,False,False,False,False,False,False,False,True
Glass Onion,2022,2022-11-23,13280000.0,696.0,Comedy Crime Drama Mystery Thriller,,https://www.boxofficemojo.com/release/rl3907814145/?ref_=bo_yld_table_62,9400000.0,696.0,,PG,139.0,Netflix,glass onion,,,,,,,,,2022-11-23,11.0,2.0,2022.0,1,0,1,0,0,Netflix,2,0,0,0,1,1,1,0,0,0,0,0,0,1,Comedy Crime Drama Mystery Thriller,0,0.0,,0.0,16.056220353623207,16.401769777313763,False,False,False,False,True,False,False,False,False,False,False,False,False,False,False,False,False,False,False,False,True,False
Whitney Houston: I Wanna Dance with Somebody,2022,2022-12-23,23708080.0,3625.0,Biography Drama Music,,https://www.boxofficemojo.com/release/rl101810945/?ref_=bo_yld_table_63,4700450.0,3625.0,,R,144.0,TriStar Pictures,whitney houston i wanna dance with somebody,whitney_houston_i_wanna_dance_with_somebody,20221222010759.0,,,,43.0,135.0,92.0,2022-12-23,12.0,4.0,2022.0,1,0,1,0,1,Other,4,0,0,0,0,0,1,0,0,0,0,0,0,0,Biography Drama Music,0,0.0,,0.0,15.363169019523474,16.981326518452278,False,False,False,False,False,True,False,False,False,False,False,False,False,False,False,False,False,False,False,False,False,True
Easter Sunday,2022,2022-08-05,13013690.0,3176.0,Comedy,,https://www.boxofficemojo.com/release/rl2332525313/?ref_=bo_yld_table_64,5447130.0,3175.0,,PG,96.0,Universal Pictures,easter sunday,easter_sunday_2022,20220804183947.0,,,,40.0,67.0,70.0,2022-08-05,8.0,4.0,2022.0,0,1,0,0,0,Universal,2,0,0,0,1,0,0,0,0,0,0,0,0,0,Comedy,0,0.0,,0.0,15.510599606012361,16.381512515094506,False,False,False,False,False,False,False,False,True,False,False,False,False,False,False,False,False,True,False,False,False,False
One Piece Film: Red,2022,2022-11-04,12775324.0,2367.0,Action Adventure Animation,,https://www.boxofficemojo.com/release/rl1474003713/?ref_=bo_yld_table_65,9340245.0,2367.0,,PG,115.0,Crunchyroll,one piece film red,one_piece_film_red,,,,,97.0,38.0,94.0,2022-11-04,11.0,4.0,2022.0,0,0,1,0,1,Other,2,1,1,1,0,0,0,0,0,0,0,0,0,0,Action Adventure Animation,0,0.0,,0.0,16.049843148187943,16.363026134043555,False,False,False,False,False,True,False,False,False,False,False,False,False,False,False,False,False,False,False,False,True,False
Licorice Pizza,2022,2021-11-26,17318007.0,1977.0,Comedy Drama Romance,,https://www.boxofficemojo.com/release/rl2233172737/?ref_=bo_yld_table_66,345157.0,4.0,,R,133.0,United Artists Releasing,licorice pizza,licorice_pizza,20211125143450.0,,,,90.0,325.0,65.0,2021-11-26,11.0,4.0,2021.0,1,0,1,0,0,Other,4,0,0,0,1,0,1,0,0,0,0,1,0,0,Comedy Drama Romance,0,0.0,,0.0,12.75175756219127,16.667257442936883,False,False,False,False,False,True,False,False,False,False,False,False,False,False,False,False,False,False,False,False,True,False
The Fabelmans,2022,Nov 11,17348945.0,1962.0,Drama,,https://www.boxofficemojo.com/release/rl337871617/?ref_=bo_yld_table_67,161579.0,4.0,,PG,151.0,Universal Pictures,the fabelmans,the_fabelmans,,,,,92.0,398.0,83.0,,,,2022.0,0,0,0,0,0,Universal,2,0,0,0,0,0,1,0,0,0,0,0,0,0,Drama,0,0.0,,0.0,11.9927556550337,16.669042313232293,False,False,False,False,False,False,False,False,True,False,False,False,False,False,False,False,False,False,False,False,False,False
X,2022,2022-03-18,11769469.0,2920.0,Horror Mystery Thriller,,https://www.boxofficemojo.com/release/rl1713931009/?ref_=bo_yld_table_68,4275126.0,2865.0,,R,105.0,A24,x,x_2022,,,,,94.0,229.0,76.0,2022-03-18,3.0,4.0,2022.0,1,0,0,1,1,A24,4,0,0,0,0,0,0,0,0,1,0,0,0,1,Horror Mystery Thriller,0,0.0,,0.0,15.268324367514074,16.28101944848597,True,False,False,False,False,False,False,False,False,False,False,False,True,False,False,False,False,False,False,False,False,False
Bros,2022,2022-09-30,11628165.0,3356.0,Comedy Romance,,https://www.boxofficemojo.com/release/rl2674688769/?ref_=bo_yld_table_69,4854125.0,3350.0,,R,115.0,Universal Pictures,bros,bros_2022,20220929060509.0,,,,88.0,231.0,89.0,2022-09-30,9.0,4.0,2022.0,0,0,0,0,0,Universal,4,0,0,0,1,0,0,0,0,0,0,1,0,0,Comedy Romance,0,0.0,,0.0,15.395339622904586,16.268940816444797,False,False,False,False,False,False,False,False,True,False,False,False,False,False,False,False,False,False,True,False,False,False
Bodies Bodies Bodies,2022,2022-08-05,11446602.0,2541.0,Comedy Horror Mystery Thriller,,https://www.boxofficemojo.com/release/rl3502801665/?ref_=bo_yld_table_70,226653.0,6.0,,R,94.0,A24,bodies bodies bodies,bodies_bodies_bodies,,,,,85.0,238.0,69.0,2022-08-05,8.0,4.0,2022.0,0,1,0,0,0,A24,4,0,0,0,1,0,0,0,0,1,0,0,0,1,Comedy Horror Mystery Thriller,0,0.0,,0.0,12.331179904569762,16.253203562723236,True,False,False,False,False,False,False,False,False,False,False,False,False,False,False,False,False,True,False,False,False,False
RRR,2022,2022-03-25,14500000.0,1200.0,Action Adventure Drama,,https://www.boxofficemojo.com/release/rl641303297/?ref_=bo_yld_table_71,9500000.0,1200.0,,,187.0,Sarigama Cinemas,rrr,rrr,,,,,96.0,103.0,94.0,2022-03-25,3.0,4.0,2022.0,0,0,0,1,0,Other,3,1,1,0,0,0,1,0,0,0,0,0,0,0,Action Adventure Drama,0,0.0,,0.0,16.066802461833923,16.489659276356317,False,False,False,False,False,True,False,False,False,False,False,False,True,False,False,False,False,False,False,False,False,False
Terrifier 2,2022,2022-10-06,10640105.0,1550.0,Horror,,https://www.boxofficemojo.com/release/rl585073409/?ref_=bo_yld_table_72,805000.0,770.0,,,138.0,Cinedigm Entertainment Group,terrifier 2,terrifier_2,20221005143431.0,,,,88.0,82.0,81.0,2022-10-06,10.0,3.0,2022.0,0,0,0,0,1,Other,3,0,0,0,0,0,0,0,0,1,0,0,0,0,Horror,0,0.0,,0.0,13.598598798635953,16.180141004234162,False,False,False,False,False,True,False,False,False,False,False,False,False,False,False,False,False,False,False,True,False,False
Mrs. Harris Goes to Paris,2022,2022-07-15,10433915.0,1001.0,Comedy Drama,,https://www.boxofficemojo.com/release/rl1819771649/?ref_=bo_yld_table_73,1953070.0,980.0,,PG,115.0,Focus Features,mrs harris goes to paris,mrs_harris_goes_to_paris,,,,,94.0,178.0,93.0,2022-07-15,7.0,4.0,2022.0,0,1,0,0,0,Universal,2,0,0,0,1,0,1,0,0,0,0,0,0,0,Comedy Drama,0,0.0,,0.0,14.48491356352469,16.160572211928272,False,False,False,False,False,False,False,False,True,False,False,False,False,False,False,False,True,False,False,False,False,False
West Side Story,2022,2021-12-10,38530322.0,2820.0,Crime Drama Musical Romance,,https://www.boxofficemojo.com/release/rl319325697/?ref_=bo_yld_table_74,10574618.0,2820.0,,PG,156.0,20th Century Studios,west side story,west_side_story,,,,,92.0,115.0,84.0,2021-12-10,12.0,4.0,2021.0,0,0,1,0,0,Disney,2,0,0,0,0,1,1,0,0,0,1,1,0,0,Crime Drama Musical Romance,0,0.0,,0.0,16.173967253878786,17.466956099645323,False,False,True,False,False,False,False,False,False,False,False,False,False,False,False,False,False,False,False,False,False,True
Firestarter,2022,2022-05-13,9739250.0,3413.0,Drama Horror Sci-Fi Thriller,,https://www.boxofficemojo.com/release/rl2917121/?ref_=bo_yld_table_75,3827715.0,3412.0,,R,94.0,Universal Pictures,firestarter,firestarter,,,,,40.0,35.0,52.0,2022-05-13,5.0,4.0,2022.0,0,1,0,0,0,Universal,4,0,0,0,0,0,1,0,0,1,0,0,1,1,Drama Horror Sci-Fi Thriller,0,0.0,,0.0,15.157778838625116,16.091674773277823,False,False,False,False,False,False,False,False,True,False,False,False,False,False,True,False,False,False,False,False,False,False
Blacklight,2022,2022-02-11,9591094.0,2772.0,Action Drama Thriller,,https://www.boxofficemojo.com/release/rl2469102337/?ref_=bo_yld_table_76,3502475.0,2772.0,,PG,104.0,Briarcliff Entertainment,blacklight,blacklight_2022,20220209172426.0,,,,11.0,105.0,82.0,2022-02-11,2.0,4.0,2022.0,0,0,0,0,0,Other,2,1,0,0,0,0,1,0,0,0,0,0,0,1,Action Drama Thriller,0,0.0,,0.0,15.068980704921428,16.076345621780415,False,False,False,False,False,True,False,False,False,False,False,True,False,False,False,False,False,False,False,False,False,False
See How They Run,2022,2022-09-16,9586237.0,2502.0,Comedy Crime Mystery,,https://www.boxofficemojo.com/release/rl3838411521/?ref_=bo_yld_table_77,3007657.0,2404.0,,PG,98.0,Walt Disney Studios Motion Pictures,see how they run,see_how_they_run,20220915182251.0,,,,75.0,199.0,69.0,2022-09-16,9.0,4.0,2022.0,0,0,0,0,0,Disney,2,0,0,0,1,1,0,0,0,0,0,0,0,0,Comedy Crime Mystery,0,0.0,,0.0,14.916672260779384,16.07583908626749,False,False,True,False,False,False,False,False,False,False,False,False,False,False,False,False,False,False,True,False,False,False
The Matrix Resurrections,2022,2021-12-22,37686805.0,3552.0,Action Sci-Fi,,https://www.boxofficemojo.com/release/rl2175304193/?ref_=bo_yld_table_78,10749011.0,3552.0,,R,148.0,Warner Bros.,the matrix resurrections,the_matrix_resurrections,,,,,63.0,363.0,63.0,2021-12-22,12.0,2.0,2021.0,1,0,1,0,0,WB,4,1,0,0,0,0,0,0,0,0,0,0,1,0,Action Sci-Fi,0,0.0,,0.0,16.190324401337495,17.44482061768843,False,False,False,False,False,False,False,False,False,True,False,False,False,False,False,False,False,False,False,False,False,True
Pearl,2022,2022-09-16,9423445.0,2982.0,Drama Horror Thriller,,https://www.boxofficemojo.com/release/rl2094039809/?ref_=bo_yld_table_79,3128427.0,2935.0,,R,103.0,A24,pearl,pearl_2022,,,,,93.0,217.0,83.0,2022-09-16,9.0,4.0,2022.0,0,0,0,0,0,A24,4,0,0,0,0,0,1,0,0,1,0,0,0,1,Drama Horror Thriller,0,0.0,,0.0,14.956041199931654,16.058711397067437,True,False,False,False,False,False,False,False,False,False,False,False,False,False,False,False,False,False,True,False,False,False
Spider-Man: No Way Home,2022,2022-09-02,9321593.0,3935.0,Action Adventure Fantasy Sci-Fi,,https://www.boxofficemojo.com/release/rl735478529/?ref_=bo_yld_table_80,5403230.0,3935.0,200000000.0,PG,148.0,Sony Pictures Releasing,spiderman no way home,spider_man_no_way_home,,,,,93.0,430.0,97.0,2022-09-02,9.0,4.0,2022.0,1,0,0,0,1,Sony,2,1,1,0,0,0,0,0,1,0,0,0,1,0,Action Adventure Fantasy Sci-Fi,1,19.11382792951231,,0.0,15.502507665937816,16.04784420208072,False,False,False,False,False,False,False,True,False,False,False,False,False,False,False,False,False,False,True,False,False,False
Spider-Man: No Way Home,2022,2022-09-02,9321593.0,3935.0,Action Adventure Fantasy Sci-Fi,,https://www.boxofficemojo.com/release/rl735478529/?ref_=bo_yld_table_80,5403230.0,3935.0,200000000.0,PG,148.0,Sony Pictures Releasing,spiderman no way home,spider_man_no_way_home,,,,,93.0,430.0,97.0,2022-09-02,9.0,4.0,2022.0,1,0,0,0,1,Sony,2,1,1,0,0,0,0,0,1,0,0,0,1,0,Action Adventure Fantasy Sci-Fi,1,19.11382792951231,,0.0,15.502507665937816,16.04784420208072,False,False,False,False,False,False,False,True,False,False,False,False,False,False,False,False,False,False,True,False,False,False
Redeeming Love,2022,2022-01-21,9214020.0,1963.0,Drama Romance Western,,https://www.boxofficemojo.com/release/rl3492250369/?ref_=bo_yld_table_81,3530180.0,1903.0,,PG,134.0,Universal Pictures,redeeming love,redeeming_love,20220120040653.0,,,,11.0,28.0,95.0,2022-01-21,1.0,4.0,2022.0,1,0,0,0,0,Universal,2,0,0,0,0,0,1,0,0,0,0,1,0,0,Drama Romance Western,0,0.0,,0.0,15.076859702382508,16.03623690361584,False,False,False,False,False,False,False,False,True,False,True,False,False,False,False,False,False,False,False,False,False,False
Babylon,2022,2022-12-23,15658225.0,3351.0,Comedy Drama,,https://www.boxofficemojo.com/release/rl2308997633/?ref_=bo_yld_table_82,3603368.0,3343.0,,R,189.0,Paramount Pictures,babylon,babylon,,,,,100.0,30.0,46.0,2022-12-23,12.0,4.0,2022.0,1,0,1,0,0,Paramount,4,0,0,0,1,0,1,0,0,0,0,0,0,0,Comedy Drama,0,0.0,,0.0,15.097379799140663,16.56650695986225,False,False,False,False,False,False,True,False,False,False,False,False,False,False,False,False,False,False,False,False,False,True
The Banshees of Inisherin,2022,2022-10-21,10582266.0,1205.0,Comedy Drama,,https://www.boxofficemojo.com/release/rl925926145/?ref_=bo_yld_table_83,184454.0,4.0,,R,114.0,Searchlight Pictures,the banshees of inisherin,the_banshees_of_inisherin,20221020005325.0,,,,96.0,376.0,75.0,2022-10-21,10.0,4.0,2022.0,0,0,0,0,0,Disney,4,0,0,0,1,0,1,0,0,0,0,0,0,0,Comedy Drama,0,0.0,,0.0,12.125160810274657,16.174690233653138,False,False,True,False,False,False,False,False,False,False,False,False,False,False,False,False,False,False,False,True,False,False
Till,2022,2022-10-14,9000202.0,2136.0,Biography Crime Drama History,,https://www.boxofficemojo.com/release/rl1042187009/?ref_=bo_yld_table_84,242269.0,16.0,,PG,130.0,United Artists Releasing,till,till,,,,,96.0,196.0,97.0,2022-10-14,10.0,4.0,2022.0,0,0,0,0,0,Other,2,0,0,0,0,1,1,0,0,0,0,0,0,0,Biography Crime Drama History,0,0.0,,0.0,12.397808085684703,16.012757690601678,False,False,False,False,False,True,False,False,False,False,False,False,False,False,False,False,False,False,False,True,False,False
Three Thousand Years of Longing,2022,2022-08-26,8286741.0,2436.0,Drama Fantasy Romance,,https://www.boxofficemojo.com/release/rl2436662017/?ref_=bo_yld_table_85,2919717.0,2436.0,,R,108.0,United Artists Releasing,three thousand years of longing,three_thousand_years_of_longing,,,,,71.0,260.0,73.0,2022-08-26,8.0,4.0,2022.0,0,1,0,0,0,Other,4,0,0,0,0,0,1,0,1,0,0,1,0,0,Drama Fantasy Romance,0,0.0,,0.0,14.8869975942383,15.930167446246498,False,False,False,False,False,True,False,False,False,False,False,False,False,False,False,False,False,True,False,False,False,False
Brahmastra Part One: Shiva,2022,2022-09-09,7839108.0,810.0,Action Adventure Fantasy Romance,,https://www.boxofficemojo.com/release/rl4181689089/?ref_=bo_yld_table_86,4543659.0,810.0,,,167.0,Walt Disney Studios Motion Pictures,brahmastra part one shiva,brahmastra_part_one_shiva,,,,,49.0,35.0,68.0,2022-09-09,9.0,4.0,2022.0,0,0,0,0,1,Disney,3,1,1,0,0,0,0,0,1,0,0,1,0,0,Action Adventure Fantasy Romance,0,0.0,,0.0,15.329243412640011,15.874635737908989,False,False,True,False,False,False,False,False,False,False,False,False,False,False,False,False,False,False,True,False,False,False
Bones and All,2022,2022-11-23,7834907.0,2727.0,Drama Horror Romance,,https://www.boxofficemojo.com/release/rl734495489/?ref_=bo_yld_table_87,2258562.0,2727.0,,R,131.0,United Artists Releasing,bones and all,bones_and_all,,,,,82.0,292.0,63.0,2022-11-23,11.0,2.0,2022.0,1,0,1,0,0,Other,4,0,0,0,0,0,1,0,0,1,0,1,0,0,Drama Horror Romance,0,0.0,,0.0,14.630239328308072,15.874099691520804,False,False,False,False,False,True,False,False,False,False,False,False,False,False,False,False,False,False,False,False,True,False
Memory,2022,2022-04-29,7329043.0,2555.0,Action Crime Thriller,,https://www.boxofficemojo.com/release/rl2301330177/?ref_=bo_yld_table_88,3113298.0,2555.0,,R,114.0,,memory,memory,,,,,14.0,14.0,47.0,2022-04-29,4.0,4.0,2022.0,0,0,0,0,0,Other,4,1,0,0,0,1,0,0,0,0,0,0,0,1,Action Crime Thriller,0,0.0,,0.0,14.951193493638849,15.807355642437518,False,False,False,False,False,True,False,False,False,False,False,False,False,True,False,False,False,False,False,False,False,False
Fall,2022,2022-08-12,7240521.0,1548.0,Action Thriller,,https://www.boxofficemojo.com/release/rl2982773505/?ref_=bo_yld_table_89,2512145.0,1548.0,,PG,107.0,Lionsgate,fall,fall,,,,,79.0,150.0,79.0,2022-08-12,8.0,4.0,2022.0,0,1,0,0,0,Lionsgate,2,1,0,0,0,0,0,0,0,0,0,0,0,1,Action Thriller,0,0.0,,0.0,14.736647925900373,15.795203861210373,False,False,False,True,False,False,False,False,False,False,False,False,False,False,False,False,False,True,False,False,False,False
Men,2022,2022-05-20,7587853.0,2212.0,Drama Fantasy Horror Thriller,,https://www.boxofficemojo.com/release/rl70025985/?ref_=bo_yld_table_90,3293030.0,2212.0,,R,100.0,A24,men,men_2022,,,,,69.0,270.0,40.0,2022-05-20,5.0,4.0,2022.0,0,1,0,0,0,A24,4,0,0,0,0,0,1,0,1,1,0,0,0,1,Drama Fantasy Horror Thriller,0,0.0,,0.0,15.00731897522248,15.842059368945238,True,False,False,False,False,False,False,False,False,False,False,False,False,False,True,False,False,False,False,False,False,False
Ghostbusters: Afterlife,2022,2021-11-19,129360575.0,4315.0,Adventure Comedy Fantasy Sci-Fi,,https://www.boxofficemojo.com/release/rl319391233/?ref_=bo_yld_table_91,44008406.0,4315.0,,PG,124.0,Sony Pictures Releasing,ghostbusters afterlife,ghostbusters_afterlife,,,,,63.0,308.0,94.0,2021-11-19,11.0,4.0,2021.0,0,0,1,0,1,Sony,2,0,1,0,1,0,0,0,1,0,0,0,1,0,Adventure Comedy Fantasy Sci-Fi,0,0.0,,0.0,17.599891241813154,18.67811422591338,False,False,False,False,False,False,False,True,False,False,False,False,False,False,False,False,False,False,False,False,True,False
BTS Permission to Dance on Stage - Seoul: Live Viewing,2022,2022-03-12,6840000.0,803.0,Documentary Music,,https://www.boxofficemojo.com/release/rl3660940033/?ref_=bo_yld_table_92,6840000.0,803.0,,,195.0,Trafalgar Releasing,bts permission to dance on stage  seoul live viewing,bts_permission_to_dance_on_stage_seoul_live_viewing,,,,,86.0,3.0,86.0,2022-03-12,3.0,5.0,2022.0,0,0,0,1,1,Other,3,0,0,0,0,0,0,0,0,0,0,0,0,0,Documentary Music,0,0.0,,0.0,15.738298435797553,15.738298435797553,False,False,False,False,False,True,False,False,False,False,False,False,True,False,False,False,False,False,False,False,False,False
Marcel the Shell with Shoes On,2022,Jun 24,6333702.0,821.0,Animation Comedy Drama Family Fantasy,,https://www.boxofficemojo.com/release/rl566919937/?ref_=bo_yld_table_93,159403.0,6.0,,PG,90.0,A24,marcel the shell with shoes on,marcel_the_shell_with_shoes_on,,,,,98.0,198.0,95.0,,,,2022.0,0,0,0,0,0,A24,2,0,0,1,1,0,1,1,1,0,0,0,0,0,Animation Comedy Drama Family Fantasy,0,0.0,,0.0,11.979197139126287,15.661395615180288,True,False,False,False,False,False,False,False,False,False,False,False,False,False,False,False,False,False,False,False,False,False
She Said,2022,2022-11-18,5825995.0,2023.0,Crime Drama History,,https://www.boxofficemojo.com/release/rl2768536321/?ref_=bo_yld_table_94,2217010.0,2022.0,,R,129.0,Universal Pictures,she said,she_said,,,,,88.0,278.0,91.0,2022-11-18,11.0,4.0,2022.0,0,0,1,0,0,Universal,4,0,0,0,0,1,1,0,0,0,0,0,0,0,Crime Drama History,0,0.0,,0.0,14.61167045024604,15.57784052992387,False,False,False,False,False,False,False,False,True,False,False,False,False,False,False,False,False,False,False,False,True,False
Tár,2022,Oct 7,6773650.0,1090.0,Drama Music,,https://www.boxofficemojo.com/release/rl605979393/?ref_=bo_yld_table_95,158620.0,4.0,,R,158.0,Focus Features,tr,,,,,,,,,,,,2022.0,0,0,0,0,0,Universal,4,0,0,0,0,0,1,0,0,0,0,0,0,0,Drama Music,0,0.0,,0.0,11.974272987992675,15.728550790512992,False,False,False,False,False,False,False,False,True,False,False,False,False,False,False,False,False,False,False,False,False,False
I Heard the Bells,2022,2022-12-01,5644104.0,1204.0,Biography Drama Family War,,https://www.boxofficemojo.com/release/rl3184820993/?ref_=bo_yld_table_96,2016504.0,1082.0,,PG,110.0,Fathom Events,i heard the bells,i_heard_the_bells,,,,,98.0,483.0,98.0,2022-12-01,12.0,3.0,2022.0,0,0,1,0,0,Other,2,0,0,0,0,0,1,1,0,0,0,0,0,0,Biography Drama Family War,0,0.0,,0.0,14.51687637283625,15.546122195608866,False,False,False,False,False,True,False,False,False,False,False,False,False,False,False,False,False,False,False,False,False,True
Encanto,2022,2021-11-24,96093622.0,3980.0,Animation Comedy Family Fantasy Musical,,https://www.boxofficemojo.com/release/rl1887208961/?ref_=bo_yld_table_97,27206494.0,3980.0,,PG,102.0,Walt Disney Studios Motion Pictures,encanto,,,,,,,,,2021-11-24,11.0,2.0,2021.0,1,0,1,0,0,Disney,2,0,0,1,1,0,0,1,1,0,1,0,0,0,Animation Comedy Family Fantasy Musical,0,0.0,,0.0,17.11896628952591,18.380833513778278,False,False,True,False,False,False,False,False,False,False,False,False,False,False,False,False,False,False,False,False,True,False
Orphan: First Kill,2022,2022-08-19,5413227.0,557.0,Crime Drama Horror Mystery Thriller,,https://www.boxofficemojo.com/release/rl81036033/?ref_=bo_yld_table_98,1739557.0,498.0,,R,99.0,Paramount Pictures,orphan first kill,orphan_first_kill,,,,,69.0,150.0,77.0,2022-08-19,8.0,4.0,2022.0,0,1,0,0,1,Paramount,4,0,0,0,0,1,1,0,0,1,0,0,0,1,Crime Drama Horror Mystery Thriller,0,0.0,,0.0,14.369141615932902,15.504356145712306,False,False,False,False,False,False,True,False,False,False,False,False,False,False,False,False,False,True,False,False,False,False
House of Gucci,2022,2021-11-24,53809574.0,3477.0,Biography Crime Drama History,,https://www.boxofficemojo.com/release/rl2182841089/?ref_=bo_yld_table_99,14423794.0,3477.0,,R,158.0,United Artists Releasing,house of gucci,house_of_gucci,20211124013503.0,,,,62.0,373.0,83.0,2021-11-24,11.0,2.0,2021.0,1,0,1,0,0,Other,4,0,0,0,0,1,1,0,0,0,0,0,0,0,Biography Crime Drama History,0,0.0,,0.0,16.484389831340554,17.800961983274217,False,False,False,False,False,True,False,False,False,False,False,False,False,False,False,False,False,False,False,False,True,False
The Whale,2022,2022-12-09,17463630.0,1721.0,Drama,,https://www.boxofficemojo.com/release/rl4040786689/?ref_=bo_yld_table_100,332152.0,6.0,,R,117.0,A24,the whale,the_whale,,,,,86.0,22.0,83.0,2022-12-09,12.0,4.0,2022.0,0,0,1,0,0,A24,4,0,0,0,0,0,1,0,0,0,0,0,0,0,Drama,0,0.0,,0.0,12.713350985116424,16.675631047808665,True,False,False,False,False,False,False,False,False,False,False,False,False,False,False,False,False,False,False,False,False,True
Lifemark,2022,2022-09-09,5180537.0,1531.0,Biography Drama,,https://www.boxofficemojo.com/release/rl1859879681/?ref_=bo_yld_table_101,2189456.0,1531.0,,PG,105.0,Fathom Events,lifemark,lifemark,,,,,83.0,6.0,98.0,2022-09-09,9.0,4.0,2022.0,0,0,0,0,0,Other,2,0,0,0,0,0,1,0,0,0,0,0,0,0,Biography Drama,0,0.0,,0.0,14.59916412584371,15.460419469846347,False,False,False,False,False,True,False,False,False,False,False,False,False,False,False,False,False,False,True,False,False,False
Jaws,2022,2022-09-02,5809280.0,1246.0,Adventure Drama Horror Thriller,,https://www.boxofficemojo.com/release/rl550863617/?ref_=bo_yld_table_102,2638285.0,1246.0,7000000.0,,124.0,Universal Pictures,jaws,jaws,,,,,97.0,178.0,98.0,2022-09-02,9.0,4.0,2022.0,1,0,0,0,0,Universal,3,0,1,0,0,0,1,0,0,1,0,0,0,1,Adventure Drama Horror Thriller,1,15.76142084987672,,0.0,14.785640021849128,15.574967369018701,False,False,False,False,False,False,False,False,True,False,False,False,False,False,False,False,False,False,True,False,False,False
The Cursed,2022,2022-02-18,4588389.0,1695.0,Fantasy Horror Mystery,,https://www.boxofficemojo.com/release/rl3542975233/?ref_=bo_yld_table_103,1776142.0,1687.0,,R,111.0,LD Entertainment,the cursed,the_cursed_2022,,,,,71.0,128.0,54.0,2022-02-18,2.0,4.0,2022.0,1,0,0,0,0,Other,4,0,0,0,0,0,0,0,1,1,0,0,0,0,Fantasy Horror Mystery,0,0.0,,0.0,14.389954717310868,15.33903975797793,False,False,False,False,False,True,False,False,False,False,False,True,False,False,False,False,False,False,False,False,False,False
Nightmare Alley,2022,2021-12-17,11338107.0,2145.0,Crime Drama Thriller,,https://www.boxofficemojo.com/release/rl1382580993/?ref_=bo_yld_table_104,2811703.0,2145.0,,R,150.0,Searchlight Pictures,nightmare alley,nightmare_alley,,,,,87.0,63.0,86.0,2021-12-17,12.0,4.0,2021.0,0,0,1,0,0,Disney,4,0,0,0,0,1,1,0,0,0,0,0,0,1,Crime Drama Thriller,0,0.0,,0.0,14.849301263214242,16.243679999310523,False,False,True,False,False,False,False,False,False,False,False,False,False,False,False,False,False,False,False,False,False,True
Vengeance,2022,2022-07-29,4330720.0,1003.0,Comedy Music Mystery Thriller,,https://www.boxofficemojo.com/release/rl2485945089/?ref_=bo_yld_table_105,1755325.0,998.0,,R,107.0,Focus Features,vengeance,vengeance_2022,20220727015417.0,,,,82.0,164.0,86.0,2022-07-29,7.0,4.0,2022.0,0,1,0,0,0,Universal,4,0,0,0,1,0,0,0,0,0,0,0,0,1,Comedy Music Mystery Thriller,0,0.0,,0.0,14.378165152617537,15.28124459881905,False,False,False,False,False,False,False,False,True,False,False,False,False,False,False,False,True,False,False,False,False,False
Ponniyin Selvan: Part I,2022,2022-09-30,4282000.0,500.0,Action Drama,,https://www.boxofficemojo.com/release/rl350126849/?ref_=bo_yld_table_106,4018000.0,500.0,,,167.0,Sarigama Cinemas,ponniyin selvan part i,ponniyin_selvan_part_i,,,,,87.0,15.0,78.0,2022-09-30,9.0,4.0,2022.0,0,0,0,0,1,Other,3,1,0,0,0,0,1,0,0,0,0,0,0,0,Action Drama,0,0.0,,0.0,15.206295073237026,15.26993098166747,False,False,False,False,False,True,False,False,False,False,False,False,False,False,False,False,False,False,True,False,False,False
Moonage Daydream,2022,2022-09-16,4218925.0,733.0,Biography Documentary Music,,https://www.boxofficemojo.com/release/rl1037533953/?ref_=bo_yld_table_107,1230145.0,170.0,,PG,135.0,Neon,moonage daydream,moonage_daydream,,,,,92.0,166.0,84.0,2022-09-16,9.0,4.0,2022.0,0,0,0,0,0,Other,2,0,0,0,0,0,0,0,0,0,0,0,0,0,Biography Documentary Music,0,0.0,,0.0,14.0226434194914,15.255091151251303,False,False,False,False,False,True,False,False,False,False,False,False,False,False,False,False,False,False,True,False,False,False
Triangle of Sadness,2022,2022-10-07,4608096.0,610.0,Comedy Drama,,https://www.boxofficemojo.com/release/rl3722543873/?ref_=bo_yld_table_108,214602.0,10.0,,R,147.0,Neon,triangle of sadness,triangle_of_sadness,20221004170409.0,,,,71.0,284.0,80.0,2022-10-07,10.0,4.0,2022.0,0,0,0,0,0,Other,4,0,0,0,1,0,1,0,0,0,0,0,0,0,Comedy Drama,0,0.0,,0.0,12.27654508857776,15.343325531483531,False,False,False,False,False,True,False,False,False,False,False,False,False,False,False,False,False,False,False,True,False,False
Belle,2022,Jan 14,4018313.0,1338.0,Adventure Animation Drama Family Fantasy Music Musical Sci-Fi,,https://www.boxofficemojo.com/release/rl4095116033/?ref_=bo_yld_table_109,1565658.0,1338.0,,PG,121.0,GKIDS,belle,belle,,,,,82.0,6.0,82.0,,,,2022.0,0,0,0,0,0,Other,2,0,1,1,0,0,1,1,1,0,1,0,1,0,Adventure Animation Drama Family Fantasy Music Musical Sci-Fi,0,0.0,,0.0,14.263817379586431,15.2063729696361,False,False,False,False,False,True,False,False,False,False,False,False,False,False,False,False,False,False,False,False,False,False
Family Camp,2022,2022-05-13,3973263.0,1057.0,Comedy Family,,https://www.boxofficemojo.com/release/rl3291251457/?ref_=bo_yld_table_110,1399117.0,854.0,,PG,111.0,Roadside Attractions,family camp,family_camp,,,,,40.0,5.0,84.0,2022-05-13,5.0,4.0,2022.0,0,1,0,0,0,Other,2,0,0,0,1,0,0,1,0,0,0,0,0,0,Comedy Family,0,0.0,,0.0,14.1513525960521,15.195098481116691,False,False,False,False,False,True,False,False,False,False,False,False,False,False,True,False,False,False,False,False,False,False
Cyrano,2022,2022-02-25,3873124.0,797.0,Drama Musical Romance,,https://www.boxofficemojo.com/release/rl2115666689/?ref_=bo_yld_table_111,1385995.0,797.0,,PG,123.0,United Artists Releasing,cyrano,cyrano,20220224144642.0,,,,85.0,254.0,86.0,2022-02-25,2.0,4.0,2022.0,0,0,0,0,0,Other,2,0,0,0,0,0,1,0,0,0,1,1,0,0,Drama Musical Romance,0,0.0,,0.0,14.141929572724935,15.16957223269851,False,False,False,False,False,True,False,False,False,False,False,True,False,False,False,False,False,False,False,False,False,False
Laal Singh Chaddha,2022,2022-08-11,3401324.0,517.0,Comedy Drama Romance,,https://www.boxofficemojo.com/release/rl3217982209/?ref_=bo_yld_table_112,1486924.0,516.0,,PG,159.0,Paramount Pictures,laal singh chaddha,laal_singh_chaddha,,,,,69.0,36.0,90.0,2022-08-11,8.0,3.0,2022.0,0,1,0,0,0,Paramount,2,0,0,0,1,0,1,0,0,0,0,1,0,0,Comedy Drama Romance,0,0.0,,0.0,14.212220787048576,15.039675619553128,False,False,False,False,False,False,True,False,False,False,False,False,False,False,False,False,False,True,False,False,False,False
The Outfit,2022,2022-03-18,3344040.0,1328.0,Crime Drama Mystery Thriller,,https://www.boxofficemojo.com/release/rl4262822657/?ref_=bo_yld_table_113,1499730.0,1324.0,,R,105.0,Focus Features,the outfit,the_outfit,,,,,80.0,5.0,74.0,2022-03-18,3.0,4.0,2022.0,1,0,0,1,0,Universal,4,0,0,0,0,1,1,0,0,0,0,0,0,1,Crime Drama Mystery Thriller,0,0.0,,0.0,14.22079631665696,15.022690513877118,False,False,False,False,False,False,False,False,True,False,False,False,True,False,False,False,False,False,False,False,False,False
Clerks III,2022,2022-09-16,4663106.0,5.0,Comedy Drama,,https://www.boxofficemojo.com/release/rl869958401/?ref_=bo_yld_table_114,674330.0,,,R,100.0,Fathom Events,clerks iii,clerks_iii,20220915050531.0,,,,63.0,126.0,93.0,2022-09-16,9.0,4.0,2022.0,0,0,0,0,1,Other,4,0,0,0,1,0,1,0,0,0,0,0,0,0,Comedy Drama,0,0.0,,0.0,13.421476367268173,15.355192522128089,False,False,False,False,False,True,False,False,False,False,False,False,False,False,False,False,False,False,True,False,False,False
The Worst Person in the World,2022,2022-02-04,3034775.0,554.0,Comedy Drama Romance,,https://www.boxofficemojo.com/release/rl3744301825/?ref_=bo_yld_table_115,138424.0,4.0,,R,128.0,Neon,the worst person in the world,the_worst_person_in_the_world,,,,,96.0,250.0,88.0,2022-02-04,2.0,4.0,2022.0,0,0,0,0,0,Other,4,0,0,0,1,0,1,0,0,0,0,1,0,0,Comedy Drama Romance,0,0.0,,0.0,11.838083941691169,14.92564817415065,False,False,False,False,False,True,False,False,False,False,False,True,False,False,False,False,False,False,False,False,False,False
K.G.F: Chapter 2,2022,2022-04-15,2874000.0,,Action Crime Drama Thriller,,https://www.boxofficemojo.com/release/rl322798337/?ref_=bo_yld_table_116,2874000.0,,,G,166.0,Viva Pictures,kgf chapter 2,kgf_chapter_2,,,,,50.0,14.0,93.0,2022-04-15,4.0,4.0,2022.0,0,0,0,0,1,Other,1,1,0,0,0,1,1,0,0,0,0,0,0,1,Action Crime Drama Thriller,0,0.0,,0.0,14.871215693568159,14.871215693568159,False,False,False,False,False,True,False,False,False,False,False,False,False,True,False,False,False,False,False,False,False,False
Breaking,2022,2022-08-26,2806359.0,909.0,Crime Drama Thriller,,https://www.boxofficemojo.com/release/rl449807105/?ref_=bo_yld_table_117,985921.0,902.0,,PG,103.0,Bleecker Street Media,breaking,breaking,20220824153117.0,,,,81.0,155.0,84.0,2022-08-26,8.0,4.0,2022.0,0,1,0,0,0,Other,2,0,0,0,0,1,1,0,0,0,0,0,0,1,Crime Drama Thriller,0,0.0,,0.0,13.801332522950538,14.847398827922735,False,False,False,False,False,True,False,False,False,False,False,False,False,False,False,False,False,True,False,False,False,False
A Journal for Jordan,2022,2021-12-25,6545174.0,2500.0,Drama Romance War,,https://www.boxofficemojo.com/release/rl1886552833/?ref_=bo_yld_table_118,2201886.0,2500.0,,PG,131.0,Sony Pictures Releasing,a journal for jordan,a_journal_for_jordan,20211229152007.0,50.0,34.0,,39.0,61.0,95.0,2021-12-25,12.0,5.0,2021.0,1,0,1,0,0,Sony,2,0,0,0,0,0,1,0,0,0,0,1,0,0,Drama Romance War,0,0.0,-11.0,3.5553480614894135,14.60482527796344,15.6942386949366,False,False,False,False,False,False,False,True,False,False,False,False,False,False,False,False,False,False,False,False,False,True
Honk for Jesus. Save Your Soul.,2022,2022-09-02,2561270.0,1882.0,Comedy,,https://www.boxofficemojo.com/release/rl2989654785/?ref_=bo_yld_table_119,1422615.0,1880.0,,R,106.0,Focus Features,honk for jesus save your soul,honk_for_jesus_save_your_soul,,,,,72.0,180.0,26.0,2022-09-02,9.0,4.0,2022.0,1,0,0,0,0,Universal,4,0,0,0,1,0,0,0,0,0,0,0,0,0,Comedy,0,0.0,,0.0,14.168007988230817,14.756014177623157,False,False,False,False,False,False,False,False,True,False,False,False,False,False,False,False,False,False,True,False,False,False
Mack & Rita,2022,2022-08-12,2540965.0,1930.0,Comedy Fantasy,,https://www.boxofficemojo.com/release/rl2520744705/?ref_=bo_yld_table_120,1038291.0,1930.0,,PG,94.0,Gravitas Premiere,mack  rita,mack_and_rita,,,,,24.0,63.0,48.0,2022-08-12,8.0,4.0,2022.0,0,1,0,0,0,Other,2,0,0,0,1,0,0,0,1,0,0,0,0,0,Comedy Fantasy,0,0.0,,0.0,13.853087613359618,14.748054881653946,False,False,False,False,False,True,False,False,False,False,False,False,False,False,False,False,False,True,False,False,False,False
Studio 666,2022,2022-02-25,2513963.0,2306.0,Comedy Horror Music,,https://www.boxofficemojo.com/release/rl2519433985/?ref_=bo_yld_table_121,1540543.0,2306.0,,R,106.0,,studio 666,the_possessed_2005,,,,,14.0,1.0,14.0,2022-02-25,2.0,4.0,2022.0,0,0,0,0,0,Other,4,0,0,0,1,0,0,0,0,1,0,0,0,0,Comedy Horror Music,0,0.0,,0.0,14.247646158766113,14.737371348220732,False,False,False,False,False,True,False,False,False,False,False,True,False,False,False,False,False,False,False,False,False,False
Crimes of the Future,2022,2022-06-03,2452882.0,773.0,Drama Horror Sci-Fi Thriller,,https://www.boxofficemojo.com/release/rl1489470209/?ref_=bo_yld_table_122,1117962.0,773.0,,R,107.0,Neon,crimes of the future,crimes_of_the_future,,,,,67.0,9.0,28.0,2022-06-03,6.0,4.0,2022.0,0,1,0,0,0,Other,4,0,0,0,0,0,1,0,0,1,0,0,1,1,Drama Horror Sci-Fi Thriller,0,0.0,,0.0,13.927018837337371,14.712774625405181,False,False,False,False,False,True,False,False,False,False,False,False,False,False,False,True,False,False,False,False,False,False
Belfast,2022,2021-11-12,9250870.0,1255.0,Biography Drama,,https://www.boxofficemojo.com/release/rl4000285441/?ref_=bo_yld_table_123,1779410.0,580.0,,PG,98.0,Focus Features,belfast,belfast,20211109211200.0,,,,86.0,330.0,92.0,2021-11-12,11.0,4.0,2021.0,0,0,1,0,0,Universal,2,0,0,0,0,0,1,0,0,0,0,0,0,0,Biography Drama,0,0.0,,0.0,14.39179296863275,16.040228267217792,False,False,False,False,False,False,False,False,True,False,False,False,False,False,False,False,False,False,False,False,True,False
Gigi & Nate,2022,2022-09-02,2280814.0,1220.0,Drama Family,,https://www.boxofficemojo.com/release/rl617251585/?ref_=bo_yld_table_124,990279.0,1184.0,,PG,114.0,Roadside Attractions,gigi  nate,gigi_and_nate,20220831183301.0,0.0,5.0,,19.0,31.0,95.0,2022-09-02,9.0,4.0,2022.0,1,0,0,0,0,Other,2,0,0,0,0,0,1,1,0,0,0,0,0,0,Drama Family,0,0.0,19.0,1.791759469228055,13.805743010405221,14.640043393198749,False,False,False,False,False,True,False,False,False,False,False,False,False,False,False,False,False,False,True,False,False,False
The Good House,2022,2022-09-30,2219760.0,1061.0,Comedy Drama,,https://www.boxofficemojo.com/release/rl1036550913/?ref_=bo_yld_table_125,801568.0,1061.0,,R,104.0,Roadside Attractions,the good house,the_good_house_2022,,,,,71.0,80.0,76.0,2022-09-30,9.0,4.0,2022.0,0,0,0,0,0,Other,4,0,0,0,1,0,1,0,0,0,0,0,0,0,Comedy Drama,0,0.0,,0.0,13.59432633591024,14.612910090395303,False,False,False,False,False,True,False,False,False,False,False,False,False,False,False,False,False,False,True,False,False,False
Parallel Mothers,2022,2021-12-24,2297501.0,684.0,Drama,,https://www.boxofficemojo.com/release/rl2718728961/?ref_=bo_yld_table_126,38249.0,3.0,,R,123.0,Sony Pictures Classics,parallel mothers,parallel_mothers,,,,,96.0,230.0,93.0,2021-12-24,12.0,4.0,2021.0,1,0,1,0,0,Sony,4,0,0,0,0,0,1,0,0,0,0,0,0,0,Drama,0,0.0,,0.0,10.551898839254681,14.647333003723025,False,False,False,False,False,False,False,True,False,False,False,False,False,False,False,False,False,False,False,False,False,True
Emily the Criminal,2022,2022-08-12,2156296.0,483.0,Crime Drama Thriller,,https://www.boxofficemojo.com/release/rl3325788929/?ref_=bo_yld_table_127,669161.0,470.0,,R,97.0,Roadside Attractions,emily the criminal,emily_the_criminal,20220811132934.0,,,,93.0,207.0,79.0,2022-08-12,8.0,4.0,2022.0,0,1,0,0,0,Other,4,0,0,0,0,1,1,0,0,0,0,0,0,1,Crime Drama Thriller,0,0.0,,0.0,13.413781462262557,14.583902956625703,False,False,False,False,False,True,False,False,False,False,False,False,False,False,False,False,False,True,False,False,False,False
Umma,2022,2022-03-18,2121025.0,805.0,Drama Horror Mystery,,https://www.boxofficemojo.com/release/rl2653848321/?ref_=bo_yld_table_128,915290.0,805.0,,PG,83.0,Stage 6 Films,umma,umma,,,,,32.0,41.0,51.0,2022-03-18,3.0,4.0,2022.0,1,0,0,1,0,Other,2,0,0,0,0,0,1,0,0,1,0,0,0,0,Drama Horror Mystery,0,0.0,,0.0,13.726997326482836,14.56741049184038,False,False,False,False,False,True,False,False,False,False,False,False,True,False,False,False,False,False,False,False,False,False
The Wolf and the Lion,2022,2022-02-04,2072173.0,1005.0,Adventure Drama Family,,https://www.boxofficemojo.com/release/rl186680065/?ref_=bo_yld_table_129,641845.0,1005.0,,PG,99.0,Blue Fox Entertainment,the wolf and the lion,the_wolf_and_the_lion,20220203110457.0,,,,30.0,27.0,90.0,2022-02-04,2.0,4.0,2022.0,0,0,0,0,0,Other,2,0,1,0,0,0,1,1,0,0,0,0,0,0,Adventure Drama Family,0,0.0,,0.0,13.372103678507987,14.54410885566963,False,False,False,False,False,True,False,False,False,False,False,True,False,False,False,False,False,False,False,False,False,False
E.T. the Extra-Terrestrial,2022,2022-08-12,2234590.0,793.0,Adventure Family Sci-Fi,,https://www.boxofficemojo.com/release/rl2882765569/?ref_=bo_yld_table_130,1072350.0,389.0,10500000.0,PG,115.0,Universal Pictures,et the extraterrestrial,,,,,,,,,2022-08-12,8.0,4.0,2022.0,0,1,0,0,0,Universal,2,0,1,0,0,0,0,1,0,0,0,0,1,0,Adventure Family Sci-Fi,1,16.166885910365842,,0.0,13.88536399239403,14.61956877152081,False,False,False,False,False,False,False,False,True,False,False,False,False,False,False,False,False,True,False,False,False,False
Drive My Car,2022,2021-11-24,2352240.0,213.0,Drama,,https://www.boxofficemojo.com/release/rl404194049/?ref_=bo_yld_table_131,13775.0,2.0,,,179.0,Janus Films,drive my car,drive_my_car,,,,,97.0,215.0,83.0,2021-11-24,11.0,2.0,2021.0,1,0,1,0,0,Other,3,0,0,0,0,0,1,0,0,0,0,0,0,0,Drama,0,0.0,,0.0,9.530683226667511,14.670879048737769,False,False,False,False,False,True,False,False,False,False,False,False,False,False,False,False,False,False,False,False,True,False
Jeepers Creepers: Reborn,2022,2022-09-19,2033057.0,996.0,Horror Mystery Thriller,,https://www.boxofficemojo.com/release/rl1725006593/?ref_=bo_yld_table_132,380299.0,461.0,,R,88.0,Fathom Events,jeepers creepers reborn,jeepers_creepers_reborn,,,,,0.0,15.0,11.0,2022-09-19,9.0,0.0,2022.0,0,0,0,0,1,Other,4,0,0,0,0,0,0,0,0,1,0,0,0,1,Horror Mystery Thriller,0,0.0,,0.0,12.84871569391635,14.525051621470626,False,False,False,False,False,True,False,False,False,False,False,False,False,False,False,False,False,False,True,False,False,False
Watcher,2022,2022-06-03,1961207.0,764.0,Drama Horror Mystery Thriller,,https://www.boxofficemojo.com/release/rl3576791809/?ref_=bo_yld_table_133,826775.0,764.0,,R,96.0,IFC Films,watcher,watcher,,,,,11.0,90.0,28.0,2022-06-03,6.0,4.0,2022.0,0,1,0,0,0,Other,4,0,0,0,0,0,1,0,0,1,0,0,0,1,Drama Horror Mystery Thriller,0,0.0,,0.0,13.625289078792244,14.489071167886118,False,False,False,False,False,True,False,False,False,False,False,False,False,False,False,True,False,False,False,False,False,False
Mr. Malcolm's List,2022,2022-07-01,1885718.0,1384.0,Comedy Drama Romance,,https://www.boxofficemojo.com/release/rl2630124289/?ref_=bo_yld_table_134,810742.0,1384.0,,PG,117.0,Bleecker Street Media,mr malcolms list,mr_malcolms_list,,,,,83.0,117.0,82.0,2022-07-01,7.0,4.0,2022.0,1,1,0,0,0,Other,2,0,0,0,1,0,1,0,0,0,0,1,0,0,Comedy Drama Romance,0,0.0,,0.0,13.60570639015141,14.44981973849816,False,False,False,False,False,True,False,False,False,False,False,False,False,False,False,False,True,False,False,False,False,False
Armageddon Time,2022,Oct 28,1872625.0,1006.0,Drama,,https://www.boxofficemojo.com/release/rl2295104257/?ref_=bo_yld_table_135,70275.0,6.0,,R,114.0,Focus Features,armageddon time,armageddon_time,,,,,76.0,229.0,48.0,,,,2022.0,0,0,0,0,0,Universal,4,0,0,0,0,0,1,0,0,0,0,0,0,0,Drama,0,0.0,,0.0,11.160185625484944,14.442852281829285,False,False,False,False,False,False,False,False,True,False,False,False,False,False,False,False,False,False,False,False,False,False
Radhe Shyam,2022,2022-03-11,1860000.0,800.0,Romance,,https://www.boxofficemojo.com/release/rl3828712193/?ref_=bo_yld_table_136,1860000.0,800.0,,,138.0,Alerion,radhe shyam,radhe_shyam,,,,,20.0,10.0,54.0,2022-03-11,3.0,4.0,2022.0,0,0,0,1,0,Other,3,0,0,0,0,0,0,0,0,0,0,1,0,0,Romance,0,0.0,,0.0,14.436087583323648,14.436087583323648,False,False,False,False,False,True,False,False,False,False,False,False,True,False,False,False,False,False,False,False,False,False
Vikram,2022,2022-06-03,1770000.0,465.0,Action Crime Thriller,,https://www.boxofficemojo.com/release/rl1539801857/?ref_=bo_yld_table_137,1770000.0,465.0,,,175.0,Prime Media Pictures,vikram,vikram,,,,,59.0,17.0,95.0,2022-06-03,6.0,4.0,2022.0,0,1,0,0,0,Other,3,1,0,0,0,1,0,0,0,0,0,0,0,1,Action Crime Thriller,0,0.0,,0.0,14.386490669521603,14.386490669521603,False,False,False,False,False,True,False,False,False,False,False,False,False,False,False,True,False,False,False,False,False,False
The King's Daughter,2022,2022-01-21,1758963.0,2170.0,Action Adventure Family Fantasy Romance,,https://www.boxofficemojo.com/release/rl3541795585/?ref_=bo_yld_table_138,723802.0,2170.0,,PG,98.0,Gravitas Ventures,the kings daughter,the_kings_daughter_2022,,,,,20.0,65.0,80.0,2022-01-21,1.0,4.0,2022.0,1,0,0,0,0,Other,2,1,1,0,0,0,0,1,1,0,0,1,0,0,Action Adventure Family Fantasy Romance,0,0.0,,0.0,13.492274534894568,14.380235557336297,False,False,False,False,False,True,False,False,False,False,True,False,False,False,False,False,False,False,False,False,False,False
2022 Oscar Nominated Short Films: Live Action/2022 Oscar Nominated Short Films: Animation/2022 Oscar Nominated Short Films: Documentary,2022,2022-02-25,1801646.0,355.0,-,,https://www.boxofficemojo.com/release/rl489718529/?ref_=bo_yld_table_139,434107.0,355.0,,,373.0,ShortsTV,2022 oscar nominated short films live action2022 oscar nominated short films animation2022 oscar nominated short films documentary,,,,,,,,,2022-02-25,2.0,4.0,2022.0,0,0,0,0,1,Other,3,0,0,0,0,0,0,0,0,0,0,0,0,0,-,0,0.0,,0.0,12.9810486300513,14.404211804509071,False,False,False,False,False,True,False,False,False,False,False,True,False,False,False,False,False,False,False,False,False,False
Infinite Storm,2022,2022-03-25,1600543.0,1525.0,Drama Thriller,,https://www.boxofficemojo.com/release/rl758153985/?ref_=bo_yld_table_140,758919.0,1525.0,,R,97.0,Bleecker Street Media,infinite storm,infinite_storm,,,,,55.0,60.0,55.0,2022-03-25,3.0,4.0,2022.0,0,0,0,1,0,Other,4,0,0,0,0,0,1,0,0,0,0,0,0,1,Drama Thriller,0,0.0,,0.0,13.53965164897807,14.285854129423107,False,False,False,False,False,True,False,False,False,False,False,False,True,False,False,False,False,False,False,False,False,False
Vikram Vedha,2022,2022-09-30,1589362.0,558.0,Action Crime Drama Thriller,,https://www.boxofficemojo.com/release/rl81691393/?ref_=bo_yld_table_141,986592.0,558.0,,,160.0,Reliance Entertainment,vikram vedha,vikram_vedha,,,,,88.0,2.0,88.0,2022-09-30,9.0,4.0,2022.0,0,0,0,0,0,Other,3,1,0,0,0,1,1,0,0,0,0,0,0,1,Action Crime Drama Thriller,0,0.0,,0.0,13.802012872682614,14.278843864992385,False,False,False,False,False,True,False,False,False,False,False,False,False,False,False,False,False,False,True,False,False,False
The Duke,2022,2022-04-22,1526970.0,353.0,Biography Comedy Crime Drama,,https://www.boxofficemojo.com/release/rl3540026113/?ref_=bo_yld_table_142,25776.0,4.0,,R,95.0,Sony Pictures Classics,the duke,the_duke,,,,,97.0,148.0,88.0,2022-04-22,4.0,4.0,2022.0,0,0,0,0,0,Sony,4,0,0,0,1,1,1,0,0,0,0,0,0,0,Biography Comedy Crime Drama,0,0.0,,0.0,10.157237900443238,14.238796592533854,False,False,False,False,False,False,False,True,False,False,False,False,False,True,False,False,False,False,False,False,False,False
Running the Bases,2022,2022-09-16,1511980.0,1080.0,Drama Family Sport,,https://www.boxofficemojo.com/release/rl4241457921/?ref_=bo_yld_table_143,538749.0,1080.0,,PG,127.0,UP2U Films,running the bases,running_the_bases,,,,,97.0,128.0,97.0,2022-09-16,9.0,4.0,2022.0,0,0,0,0,0,Other,2,0,0,0,0,0,1,1,0,0,0,0,0,0,Drama Family Sport,0,0.0,,0.0,13.197006920400094,14.228931269505095,False,False,False,False,False,True,False,False,False,False,False,False,False,False,False,False,False,False,True,False,False,False
¿Y cómo es él?,2022,2022-04-22,1500636.0,325.0,Comedy,,https://www.boxofficemojo.com/release/rl3249242625/?ref_=bo_yld_table_144,624377.0,325.0,,PG,95.0,Lionsgate,y cmo es l,,,,,,,,,2022-04-22,4.0,4.0,2022.0,0,0,0,0,0,Lionsgate,2,0,0,0,1,0,0,0,0,0,0,0,0,0,Comedy,0,0.0,,0.0,13.344511233178217,14.221400242593736,False,False,False,True,False,False,False,False,False,False,False,False,False,True,False,False,False,False,False,False,False,False
The Kashmir Files,2022,2022-03-18,1485000.0,230.0,Drama,,https://www.boxofficemojo.com/release/rl1077379841/?ref_=bo_yld_table_145,1485000.0,230.0,,,170.0,Zee Studios,the kashmir files,the_kashmir_files,20220315133206.0,,,,40.0,5.0,92.0,2022-03-18,3.0,4.0,2022.0,1,0,0,1,0,Other,3,0,0,0,0,0,1,0,0,0,0,0,0,0,Drama,0,0.0,,0.0,14.210926003619385,14.210926003619385,False,False,False,False,False,True,False,False,False,False,False,False,True,False,False,False,False,False,False,False,False,False
2000 Mules,2022,2022-05-20,1465513.0,415.0,Documentary,,https://www.boxofficemojo.com/release/rl2915074817/?ref_=bo_yld_table_146,751755.0,415.0,,,89.0,D'Souza Media,2000 mules,2000_mules,,,,,100.0,432.0,100.0,2022-05-20,5.0,4.0,2022.0,0,1,0,0,0,Other,3,0,0,0,0,0,0,0,0,0,0,0,0,0,Documentary,0,0.0,,0.0,13.530167082195712,14.197716592141019,False,False,False,False,False,True,False,False,False,False,False,False,False,False,True,False,False,False,False,False,False,False
It's a Wonderful Life,2022,2022-12-18,1439643.0,960.0,Drama Family Fantasy Romance,,https://www.boxofficemojo.com/release/rl2046132993/?ref_=bo_yld_table_147,734571.0,960.0,,PG,130.0,Fathom Events,its a wonderful life,its_a_wonderful_life,,,,,94.0,97.0,95.0,2022-12-18,12.0,6.0,2022.0,0,0,1,0,0,Other,2,0,0,0,0,0,1,1,1,0,0,1,0,0,Drama Family Fantasy Romance,0,0.0,,0.0,13.507043295659784,14.17990641876551,False,False,False,False,False,True,False,False,False,False,False,False,False,False,False,False,False,False,False,False,False,True
The Godfather,2022,2022-02-25,1414662.0,596.0,Crime Drama,,https://www.boxofficemojo.com/release/rl3240854273/?ref_=bo_yld_table_148,965375.0,156.0,6000000.0,,175.0,Paramount Pictures,the godfather,the_godfather,,,,,97.0,155.0,98.0,2022-02-25,2.0,4.0,2022.0,0,0,0,0,0,Paramount,3,0,0,0,0,1,1,0,0,0,0,0,0,0,Crime Drama,1,15.607270193858982,,0.0,13.78027294173792,14.162401898150103,False,False,False,False,False,False,True,False,False,False,False,True,False,False,False,False,False,False,False,False,False,False
Spoiler Alert,2022,2022-12-02,1384003.0,783.0,Comedy Drama Romance,,https://www.boxofficemojo.com/release/rl415793921/?ref_=bo_yld_table_149,82983.0,6.0,,PG,112.0,Focus Features,spoiler alert,spoiler_alert_2022,,,,,87.0,94.0,97.0,2022-12-02,12.0,4.0,2022.0,0,0,1,0,0,Universal,2,0,0,0,1,0,1,0,0,0,0,1,0,0,Comedy Drama Romance,0,0.0,,0.0,11.326403097111664,14.140491305328986,False,False,False,False,False,False,False,False,True,False,False,False,False,False,False,False,False,False,False,False,False,True
Medieval,2022,2022-09-09,1374325.0,1311.0,Action Drama History War,,https://www.boxofficemojo.com/release/rl969835265/?ref_=bo_yld_table_150,821991.0,1311.0,,R,125.0,The Avenue Entertainment,medieval,medieval,20220908062833.0,,,,39.0,33.0,72.0,2022-09-09,9.0,4.0,2022.0,0,0,0,0,0,Other,4,1,0,0,0,0,1,0,0,0,0,0,0,0,Action Drama History War,0,0.0,,0.0,13.61948594163086,14.133473987086244,False,False,False,False,False,True,False,False,False,False,False,False,False,False,False,False,False,False,True,False,False,False
Rogue One: A Star Wars Story,2022,2022-08-26,1362667.0,255.0,Action Adventure Sci-Fi,,https://www.boxofficemojo.com/release/rl785810177/?ref_=bo_yld_table_151,1060459.0,255.0,200000000.0,PG,133.0,Walt Disney Studios Motion Pictures,rogue one a star wars story,rogue_one_a_star_wars_story,,,,,84.0,459.0,87.0,2022-08-26,8.0,4.0,2022.0,0,1,0,0,1,Disney,2,1,1,0,0,0,0,0,0,0,0,0,1,0,Action Adventure Sci-Fi,1,19.11382792951231,,0.0,13.87421333421801,14.12495510067067,False,False,True,False,False,False,False,False,False,False,False,False,False,False,False,False,False,True,False,False,False,False
Decision to Leave,2022,2022-10-14,2179864.0,169.0,Crime Drama Mystery Romance Thriller,,https://www.boxofficemojo.com/release/rl2514715393/?ref_=bo_yld_table_152,96200.0,3.0,,,139.0,MUBI,decision to leave,decision_to_leave,,,,,94.0,245.0,92.0,2022-10-14,10.0,4.0,2022.0,0,0,0,0,0,Other,3,0,0,0,0,1,1,0,0,0,0,1,0,1,Crime Drama Mystery Romance Thriller,0,0.0,,0.0,11.474195031610165,14.594773506242236,False,False,False,False,False,True,False,False,False,False,False,False,False,False,False,False,False,False,False,True,False,False
Howl's Moving Castle,2022,2022-09-23,1212525.0,868.0,Adventure Animation Family Fantasy,,https://www.boxofficemojo.com/release/rl1423737601/?ref_=bo_yld_table_153,762961.0,868.0,,PG,119.0,Fathom Events,howls moving castle,howls_moving_castle,,,,,88.0,185.0,93.0,2022-09-23,9.0,4.0,2022.0,0,0,0,0,0,Other,2,0,1,1,0,0,0,1,1,0,0,0,0,0,Adventure Animation Family Fantasy,0,0.0,,0.0,13.544963505618762,14.00821634486284,False,False,False,False,False,True,False,False,False,False,False,False,False,False,False,False,False,False,True,False,False,False
F3: Fun and Frustration,2022,2022-05-27,1195000.0,400.0,Comedy Family Romance,,https://www.boxofficemojo.com/release/rl2344911617/?ref_=bo_yld_table_154,1028000.0,400.0,,,148.0,Independent Indian,f3 fun and frustration,,,,,,,,,2022-05-27,5.0,4.0,2022.0,1,1,0,0,1,Other,3,0,0,0,1,0,0,1,0,0,0,1,0,0,Comedy Family Romance,0,0.0,,0.0,13.84312669775942,13.993657580167481,False,False,False,False,False,True,False,False,False,False,False,False,False,False,True,False,False,False,False,False,False,False
Dune: Part One,2022,2021-10-22,108327830.0,4125.0,Action Adventure Drama Sci-Fi,,https://www.boxofficemojo.com/release/rl3162015233/?ref_=bo_yld_table_155,41011174.0,4125.0,165000000.0,PG,155.0,Warner Bros.,dune part one,,,,,,,,,2021-10-22,10.0,4.0,2021.0,0,0,0,0,1,WB,2,1,1,0,0,0,1,0,0,0,0,0,1,0,Action Adventure Drama Sci-Fi,1,18.92145603792546,,0.0,17.5293551485062,18.500672659566778,False,False,False,False,False,False,False,False,False,True,False,False,False,False,False,False,False,False,False,True,False,False
Aftersun,2022,2022-10-21,1658790.0,97.0,Drama,,https://www.boxofficemojo.com/release/rl2866774785/?ref_=bo_yld_table_156,60752.0,4.0,,R,102.0,A24,aftersun,aftersun,20221018111828.0,,,,95.0,244.0,82.0,2022-10-21,10.0,4.0,2022.0,0,0,0,0,0,A24,4,0,0,0,0,0,1,0,0,0,0,0,0,0,Drama,0,0.0,,0.0,11.014571742699559,14.321599581730771,True,False,False,False,False,False,False,False,False,False,False,False,False,False,False,False,False,False,False,True,False,False
After Ever Happy,2022,2022-09-07,1072750.0,1144.0,Drama Romance,,https://www.boxofficemojo.com/release/rl1876656897/?ref_=bo_yld_table_157,114993.0,239.0,,R,95.0,Fathom Events,after ever happy,after_ever_happy,,,,,0.0,8.0,92.0,2022-09-07,9.0,2.0,2022.0,1,0,0,0,0,Other,4,0,0,0,0,0,1,0,0,0,0,1,0,0,Drama Romance,0,0.0,,0.0,11.652635232071237,13.885736935036977,False,False,False,False,False,True,False,False,False,False,False,False,False,False,False,False,False,False,True,False,False,False
Fire of Love,2022,2022-07-06,1120412.0,191.0,Biography Documentary,,https://www.boxofficemojo.com/release/rl4274815745/?ref_=bo_yld_table_158,22416.0,3.0,,PG,98.0,Neon,fire of love,fire_of_love,,,,,98.0,182.0,88.0,2022-07-06,7.0,2.0,2022.0,1,1,0,0,0,Other,2,0,0,0,0,0,0,0,0,0,0,0,0,0,Biography Documentary,0,0.0,,0.0,10.017574878573896,13.929207925299705,False,False,False,False,False,True,False,False,False,False,False,False,False,False,False,False,True,False,False,False,False,False
"Hallelujah: Leonard Cohen, a Journey, a Song",2022,2022-07-01,1062603.0,168.0,Biography Documentary Music,,https://www.boxofficemojo.com/release/rl289309441/?ref_=bo_yld_table_159,24488.0,3.0,,PG,118.0,Sony Pictures Releasing,hallelujah leonard cohen a journey a song,hallelujah_leonard_cohen_a_journey_a_song,20220630150042.0,,,,88.0,73.0,91.0,2022-07-01,7.0,4.0,2022.0,1,1,0,0,1,Sony,2,0,0,0,0,0,0,0,0,0,0,0,0,0,Biography Documentary Music,0,0.0,,0.0,10.105979316119466,13.876233057343486,False,False,False,False,False,False,False,True,False,False,False,False,False,False,False,False,True,False,False,False,False,False
The Contractor,2022,2022-04-01,1035265.0,489.0,Action Drama Thriller,,https://www.boxofficemojo.com/release/rl3254813441/?ref_=bo_yld_table_160,560678.0,489.0,,R,103.0,STX Entertainment,the contractor,the_contractor_2022,20220330024203.0,,,,45.0,87.0,72.0,2022-04-01,4.0,4.0,2022.0,0,0,0,0,0,Other,4,1,0,0,0,0,1,0,0,0,0,0,0,1,Action Drama Thriller,0,0.0,,0.0,13.236903828226856,13.85016895649244,False,False,False,False,False,True,False,False,False,False,False,False,False,True,False,False,False,False,False,False,False,False
Jug Jugg Jeeyo,2022,2022-06-24,1033000.0,318.0,Comedy Drama Family Romance,,https://www.boxofficemojo.com/release/rl415924993/?ref_=bo_yld_table_161,725000.0,318.0,,,148.0,Moviegoer,jug jugg jeeyo,jugjugg_jeeyo,,,,,45.0,11.0,45.0,2022-06-24,6.0,4.0,2022.0,0,1,0,0,0,Other,3,0,0,0,1,0,1,1,0,0,0,1,0,0,Comedy Drama Family Romance,0,0.0,,0.0,13.493928313146206,13.847978716155518,False,False,False,False,False,True,False,False,False,False,False,False,False,False,False,True,False,False,False,False,False,False
'83,2022,2021-12-23,4055660.0,486.0,Drama History Sport,,https://www.boxofficemojo.com/release/rl3882713857/?ref_=bo_yld_table_162,1692575.0,486.0,,,162.0,Reliance Entertainment,83,83,20211222031642.0,,,,80.0,15.0,95.0,2021-12-23,12.0,3.0,2021.0,1,0,1,0,0,Other,3,0,0,0,0,0,1,0,0,0,0,0,0,0,Drama History Sport,0,0.0,,0.0,14.341762186748596,15.215624240878507,False,False,False,False,False,True,False,False,False,False,False,False,False,False,False,False,False,False,False,False,False,True
Coldplay Music of The Spheres Live Broadcast from Buenos Aires,2022,2022-10-28,1015000.0,833.0,Documentary Music,,https://www.boxofficemojo.com/release/rl635863809/?ref_=bo_yld_table_163,1015000.0,833.0,,,150.0,Trafalgar Releasing,coldplay music of the spheres live broadcast from buenos aires,,,,,,,,,2022-10-28,10.0,4.0,2022.0,0,0,0,0,0,Other,3,0,0,0,0,0,0,0,0,0,0,0,0,0,Documentary Music,0,0.0,,0.0,13.830400155679214,13.830400155679214,False,False,False,False,False,True,False,False,False,False,False,False,False,False,False,False,False,False,False,True,False,False
The Beatles: Get Back - The Rooftop Concert,2022,2022-01-30,976712.0,179.0,Documentary Music,,https://www.boxofficemojo.com/release/rl2703917825/?ref_=bo_yld_table_164,391252.0,67.0,,PG,65.0,IMAX,the beatles get back  the rooftop concert,the_beatles_get_back_the_rooftop_concert,,,,,100.0,11.0,94.0,2022-01-30,1.0,6.0,2022.0,0,0,0,0,1,Other,2,0,0,0,0,0,0,0,0,0,0,0,0,0,Documentary Music,0,0.0,,0.0,12.877109688538733,13.791948131472923,False,False,False,False,False,True,False,False,False,False,True,False,False,False,False,False,False,False,False,False,False,False
Venom: Let There Be Carnage,2022,2021-10-01,213550366.0,4225.0,Action Adventure Animation Crime Fantasy Horror Sci-Fi Thriller,,https://www.boxofficemojo.com/release/rl1908310529/?ref_=bo_yld_table_165,90033210.0,4225.0,,PG,97.0,Sony Pictures Releasing,venom let there be carnage,venom_let_there_be_carnage,20210930200820.0,,,,58.0,282.0,83.0,2021-10-01,10.0,4.0,2021.0,0,0,0,0,1,Sony,2,1,1,1,0,1,0,0,1,1,0,0,1,1,Action Adventure Animation Crime Fantasy Horror Sci-Fi Thriller,0,0.0,,0.0,18.315689171337795,19.179383273817354,False,False,False,False,False,False,False,True,False,False,False,False,False,False,False,False,False,False,False,True,False,False
Man of God,2022,2022-03-21,920561.0,830.0,Biography Drama,,https://www.boxofficemojo.com/release/rl2683470593/?ref_=bo_yld_table_166,15892.0,5.0,,,111.0,Fathom Events,man of god,man_of_god,20220323114744.0,,,,95.0,20.0,95.0,2022-03-21,3.0,0.0,2022.0,1,0,0,1,0,Other,3,0,0,0,0,0,1,0,0,0,0,0,0,0,Biography Drama,0,0.0,,0.0,9.67363403969682,13.732739632085577,False,False,False,False,False,True,False,False,False,False,False,False,True,False,False,False,False,False,False,False,False,False
Empire of Light,2022,2022-12-09,1177577.0,436.0,Drama Romance,,https://www.boxofficemojo.com/release/rl4291789569/?ref_=bo_yld_table_167,163405.0,110.0,,R,115.0,Searchlight Pictures,empire of light,empire_of_light,20221206000714.0,,,,44.0,262.0,74.0,2022-12-09,12.0,4.0,2022.0,0,0,1,0,0,Disney,4,0,0,0,0,0,1,0,0,0,0,1,0,0,Drama Romance,0,0.0,,0.0,12.00399318044013,13.97897034471702,False,False,True,False,False,False,False,False,False,False,False,False,False,False,False,False,False,False,False,False,False,True
The Tiger Rising,2022,2022-01-21,835162.0,872.0,Family,,https://www.boxofficemojo.com/release/rl3894772481/?ref_=bo_yld_table_169,364216.0,872.0,,PG,102.0,Variance Films,the tiger rising,the_tiger_rising,,,,,18.0,17.0,73.0,2022-01-21,1.0,4.0,2022.0,1,0,0,0,0,Other,2,0,0,0,0,0,0,1,0,0,0,0,0,0,Family,0,0.0,,0.0,12.80550512283592,13.63538219436292,False,False,False,False,False,True,False,False,False,False,True,False,False,False,False,False,False,False,False,False,False,False
Hansan: Rising Dragon,2022,2022-07-29,865888.0,32.0,Action Drama History War,,https://www.boxofficemojo.com/release/rl1909293825/?ref_=bo_yld_table_170,287554.0,32.0,,,130.0,Well Go USA Entertainment,hansan rising dragon,hansan_rising_dragon,,,,,67.0,9.0,86.0,2022-07-29,7.0,4.0,2022.0,0,1,0,0,1,Other,3,1,0,0,0,0,1,0,0,0,0,0,0,0,Action Drama History War,0,0.0,,0.0,12.569169425271024,13.671512003809758,False,False,False,False,False,True,False,False,False,False,False,False,False,False,False,False,True,False,False,False,False,False
Acharya,2022,2022-04-29,832000.0,396.0,Action Drama,,https://www.boxofficemojo.com/release/rl1128170241/?ref_=bo_yld_table_171,832000.0,396.0,,,152.0,Prime Media Pictures,acharya,,,,,,,,,2022-04-29,4.0,4.0,2022.0,0,0,0,0,0,Other,3,1,0,0,0,0,1,0,0,0,0,0,0,0,Action Drama,0,0.0,,0.0,13.631588921725701,13.631588921725701,False,False,False,False,False,True,False,False,False,False,False,False,False,True,False,False,False,False,False,False,False,False
Petite Maman,2022,2022-04-22,829065.0,224.0,Drama Fantasy,,https://www.boxofficemojo.com/release/rl2654765825/?ref_=bo_yld_table_172,45764.0,4.0,,PG,73.0,Neon,petite maman,petite_maman,,,,,97.0,218.0,81.0,2022-04-22,4.0,4.0,2022.0,0,0,0,0,0,Other,2,0,0,0,0,0,1,0,1,0,0,0,0,0,Drama Fantasy,0,0.0,,0.0,10.73127488581888,13.628055044941169,False,False,False,False,False,True,False,False,False,False,False,False,False,True,False,False,False,False,False,False,False,False
Evangelion: 3.0+1.0 Thrice Upon a Time,2022,2022-12-06,810744.0,745.0,Action Animation Drama Sci-Fi,,https://www.boxofficemojo.com/release/rl3051324161/?ref_=bo_yld_table_173,320631.0,745.0,,,155.0,Fathom Events,evangelion 3010 thrice upon a time,,,,,,,,,2022-12-06,12.0,1.0,2022.0,0,0,1,0,1,Other,3,1,0,1,0,0,1,0,0,0,0,0,1,0,Action Animation Drama Sci-Fi,0,0.0,,0.0,12.678049327027523,13.605708857021346,False,False,False,False,False,True,False,False,False,False,False,False,False,False,False,False,False,False,False,False,False,True
The Roundup,2022,2022-05-19,812859.0,22.0,Action Crime Thriller,,https://www.boxofficemojo.com/release/rl2110096129/?ref_=bo_yld_table_174,102204.0,15.0,,,106.0,Capelight Pictures,the roundup,the_roundup_2022,,,,,96.0,26.0,100.0,2022-05-19,5.0,3.0,2022.0,0,1,0,0,0,Other,3,1,0,0,0,1,0,0,0,0,0,0,0,1,Action Crime Thriller,0,0.0,,0.0,11.534735879234077,13.608314171979512,False,False,False,False,False,True,False,False,False,False,False,False,False,False,True,False,False,False,False,False,False,False
Star Trek II: The Wrath of Khan,2022,2022-09-04,794943.0,967.0,Action Adventure Sci-Fi,,https://www.boxofficemojo.com/release/rl1624998657/?ref_=bo_yld_table_175,454868.0,967.0,11200000.0,PG,113.0,Fathom Events,star trek ii the wrath of khan,star_trek_ii_the_wrath_of_khan,,,,,87.0,76.0,90.0,2022-09-04,9.0,6.0,2022.0,1,0,0,0,1,Other,2,1,1,0,0,0,0,0,0,0,0,0,1,0,Action Adventure Sci-Fi,1,16.231424425551033,,0.0,13.027764744390533,13.586026950903866,False,False,False,False,False,True,False,False,False,False,False,False,False,False,False,False,False,False,True,False,False,False
"The Metropolitan Opera HD Live: Kevin Puts: The Hours, Libretto by Greg Pierce",2022,2022-12-10,791374.0,826.0,Musical,,https://www.boxofficemojo.com/release/rl2297660161/?ref_=bo_yld_table_176,791374.0,826.0,,,155.0,Fathom Events,the metropolitan opera hd live kevin puts the hours libretto by greg pierce,,,,,,,,,2022-12-10,12.0,5.0,2022.0,0,0,1,0,1,Other,3,0,0,0,0,0,0,0,0,0,1,0,0,0,Musical,0,0.0,,0.0,13.581527217846428,13.581527217846428,False,False,False,False,False,True,False,False,False,False,False,False,False,False,False,False,False,False,False,False,False,True
The Phantom of the Open,2022,2022-06-03,748695.0,501.0,Biography Comedy Drama Sport,,https://www.boxofficemojo.com/release/rl4114318081/?ref_=bo_yld_table_177,25577.0,6.0,,PG,106.0,Sony Pictures Classics,the phantom of the open,the_phantom_of_the_open,,,,,86.0,139.0,87.0,2022-06-03,6.0,4.0,2022.0,0,1,0,0,0,Sony,2,0,0,0,1,0,1,0,0,0,0,0,0,0,Biography Comedy Drama Sport,0,0.0,,0.0,10.149487885993265,13.526088305610676,False,False,False,False,False,False,False,True,False,False,False,False,False,False,False,True,False,False,False,False,False,False
Ante Sundharaniki,2022,2022-06-10,620000.0,350.0,Comedy Romance,,https://www.boxofficemojo.com/release/rl2580120321/?ref_=bo_yld_table_179,620000.0,350.0,,,173.0,,ante sundharaniki,ante_sundharaniki,,,,,95.0,4.0,95.0,2022-06-10,6.0,4.0,2022.0,0,1,0,0,0,Other,3,0,0,0,1,0,0,0,0,0,0,1,0,0,Comedy Romance,0,0.0,,0.0,13.3374763699232,13.3374763699232,False,False,False,False,False,True,False,False,False,False,False,False,False,False,False,True,False,False,False,False,False,False
Unsilenced,2022,2022-01-21,613621.0,186.0,Drama,,https://www.boxofficemojo.com/release/rl2599977729/?ref_=bo_yld_table_180,47339.0,34.0,,R,108.0,Zhen Pictures,unsilenced,unsilenced,,,,,100.0,7.0,100.0,2022-01-21,1.0,4.0,2022.0,1,0,0,0,0,Other,4,0,0,0,0,0,1,0,0,0,0,0,0,0,Drama,0,0.0,,0.0,10.765110883067974,13.327134382368977,False,False,False,False,False,True,False,False,False,False,True,False,False,False,False,False,False,False,False,False,False,False
HIT: The 2nd Case,2022,2022-12-02,600000.0,280.0,Crime Drama Mystery Thriller,,https://www.boxofficemojo.com/release/rl2884731649/?ref_=bo_yld_table_181,600000.0,280.0,,,150.0,Tolly Movies,hit the 2nd case,,,,,,,,,2022-12-02,12.0,4.0,2022.0,0,0,1,0,1,Other,3,0,0,0,0,1,1,0,0,0,0,0,0,1,Crime Drama Mystery Thriller,0,0.0,,0.0,13.304686600863562,13.304686600863562,False,False,False,False,False,True,False,False,False,False,False,False,False,False,False,False,False,False,False,False,False,True
Official Competition,2022,2022-06-17,593790.0,173.0,Comedy Drama,,https://www.boxofficemojo.com/release/rl3224732417/?ref_=bo_yld_table_182,27150.0,4.0,,R,115.0,IFC Films,official competition,official_competition,,,,,96.0,157.0,78.0,2022-06-17,6.0,4.0,2022.0,0,1,0,0,0,Other,4,0,0,0,1,0,1,0,0,0,0,0,0,0,Comedy Drama,0,0.0,,0.0,10.209169157096309,13.294282684578544,False,False,False,False,False,True,False,False,False,False,False,False,False,False,False,True,False,False,False,False,False,False
Gangubai Kathiawadi,2022,2022-03-04,592000.0,,Biography Crime Drama,,https://www.boxofficemojo.com/release/rl3006432001/?ref_=bo_yld_table_183,592000.0,,,,152.0,Paramount Pictures,gangubai kathiawadi,gangubai_kathiawadi,,,,,91.0,22.0,96.0,2022-03-04,3.0,4.0,2022.0,0,0,0,1,0,Paramount,3,0,0,0,0,1,1,0,0,0,0,0,0,0,Biography Crime Drama,0,0.0,,0.0,13.291263603053904,13.291263603053904,False,False,False,False,False,False,True,False,False,False,False,False,True,False,False,False,False,False,False,False,False,False
When I'm Young,2022,2022-09-23,588028.0,315.0,Comedy,,https://www.boxofficemojo.com/release/rl853312257/?ref_=bo_yld_table_184,268465.0,315.0,,PG,,Pantelion Films,when im young,,,,,,,,,2022-09-23,9.0,4.0,2022.0,0,0,0,0,0,Other,2,0,0,0,1,0,0,0,0,0,0,0,0,0,Comedy,0,0.0,,0.0,12.500479555490156,13.284531545392477,False,False,False,False,False,True,False,False,False,False,False,False,False,False,False,False,False,False,True,False,False,False
The Mean One,2022,2022-12-08,612260.0,162.0,Comedy Horror,,https://www.boxofficemojo.com/release/rl3170075393/?ref_=bo_yld_table_185,218550.0,162.0,,,93.0,Atlas Distribution Company,the mean one,the_mean_one,,,,,22.0,27.0,50.0,2022-12-08,12.0,3.0,2022.0,0,0,1,0,0,Other,3,0,0,0,1,0,0,0,0,1,0,0,0,0,Comedy Horror,0,0.0,,0.0,12.294774675892981,13.324913941169964,False,False,False,False,False,True,False,False,False,False,False,False,False,False,False,False,False,False,False,False,False,True
"Confess, Fletch",2022,2022-09-16,538842.0,516.0,Comedy Crime Mystery,,https://www.boxofficemojo.com/release/rl3688530689/?ref_=bo_yld_table_186,266744.0,516.0,,R,98.0,Paramount Pictures,confess fletch,confess_fletch,,,,,86.0,127.0,74.0,2022-09-16,9.0,4.0,2022.0,0,0,0,0,0,Paramount,4,0,0,0,1,1,0,0,0,0,0,0,0,0,Comedy Crime Mystery,0,0.0,,0.0,12.49404842484587,13.197179527312409,False,False,False,False,False,False,True,False,False,False,False,False,False,False,False,False,False,False,True,False,False,False
Call Jane,2022,2022-10-28,512770.0,1068.0,Drama History,,https://www.boxofficemojo.com/release/rl960135937/?ref_=bo_yld_table_187,244469.0,1068.0,,R,121.0,Roadside Attractions,call jane,call_jane,20221027115337.0,,,,82.0,133.0,87.0,2022-10-28,10.0,4.0,2022.0,0,0,0,0,0,Other,4,0,0,0,0,0,1,0,0,0,0,0,0,0,Drama History,0,0.0,,0.0,12.406847880982376,13.147584630727367,False,False,False,False,False,True,False,False,False,False,False,False,False,False,False,False,False,False,False,True,False,False
The Quintessential Quintuplets Movie,2022,2022-12-02,502000.0,910.0,Animation Comedy Drama Romance,,https://www.boxofficemojo.com/release/rl2146272001/?ref_=bo_yld_table_188,502000.0,910.0,,,136.0,Crunchyroll,the quintessential quintuplets movie,the_quintessential_quintuplets_movie,,,,,92.0,12.0,96.0,2022-12-02,12.0,4.0,2022.0,0,0,1,0,0,Other,3,0,0,1,1,0,1,0,0,0,0,1,0,0,Animation Comedy Drama Romance,0,0.0,,0.0,13.126357390703754,13.126357390703754,False,False,False,False,False,True,False,False,False,False,False,False,False,False,False,False,False,False,False,False,False,True
God's Country,2022,2022-09-16,493679.0,785.0,Thriller,,https://www.boxofficemojo.com/release/rl4107043585/?ref_=bo_yld_table_189,279928.0,785.0,,R,102.0,IFC Films,gods country,gods_country,,,,,89.0,20.0,89.0,2022-09-16,9.0,4.0,2022.0,0,0,0,0,0,Other,4,0,0,0,0,0,0,0,0,0,0,0,0,1,Thriller,0,0.0,,0.0,12.542291278568145,13.109642812994949,False,False,False,False,False,True,False,False,False,False,False,False,False,False,False,False,False,False,True,False,False,False
Deep in the Heart: A Texas Wildlife Story,2022,2022-06-03,480240.0,69.0,Documentary,,https://www.boxofficemojo.com/release/rl372671233/?ref_=bo_yld_table_190,131360.0,69.0,,PG,101.0,Fin & Fur Films,deep in the heart a texas wildlife story,deep_in_the_heart_a_texas_wildlife_story,,,,,100.0,6.0,93.0,2022-06-03,6.0,4.0,2022.0,0,1,0,0,1,Other,2,0,0,0,0,0,0,0,0,0,0,0,0,0,Documentary,0,0.0,,0.0,11.785704537324758,13.082043340215744,False,False,False,False,False,True,False,False,False,False,False,False,False,False,False,True,False,False,False,False,False,False
The Railway Children Return,2022,2022-09-23,466391.0,923.0,Adventure Drama Family,,https://www.boxofficemojo.com/release/rl64258817/?ref_=bo_yld_table_191,245904.0,923.0,,PG,99.0,Blue Fox Entertainment,the railway children return,railway_children_2022,,,,,57.0,49.0,92.0,2022-09-23,9.0,4.0,2022.0,0,0,0,0,0,Other,2,0,1,0,0,0,1,1,0,0,0,0,0,0,Adventure Drama Family,0,0.0,,0.0,12.412700561466451,13.05278176121265,False,False,False,False,False,True,False,False,False,False,False,False,False,False,False,False,False,False,True,False,False,False
Selena,2022,2022-04-07,444681.0,427.0,Biography Drama Music,,https://www.boxofficemojo.com/release/rl3946545921/?ref_=bo_yld_table_193,141916.0,427.0,,PG,127.0,Iconic Events Releasing,selena,1073427-selena,,,,,67.0,84.0,78.0,2022-04-07,4.0,3.0,2022.0,0,0,0,0,0,Other,2,0,0,0,0,0,1,0,0,0,0,0,0,0,Biography Drama Music,0,0.0,,0.0,11.86299765865031,13.005114698953701,False,False,False,False,False,True,False,False,False,False,False,False,False,True,False,False,False,False,False,False,False,False
Eiffel,2022,2022-04-29,444814.0,308.0,Biography Drama History Romance,,https://www.boxofficemojo.com/release/rl3039724289/?ref_=bo_yld_table_194,42394.0,41.0,,R,108.0,Blue Fox Entertainment,eiffel,eiffel,,,,,48.0,54.0,89.0,2022-04-29,4.0,4.0,2022.0,0,0,0,0,0,Other,4,0,0,0,0,0,1,0,0,0,0,1,0,0,Biography Drama History Romance,0,0.0,,0.0,10.654785709738103,13.005413744371484,False,False,False,False,False,True,False,False,False,False,False,False,False,True,False,False,False,False,False,False,False,False
Brian and Charles,2022,2022-06-17,430635.0,279.0,Comedy Drama Sci-Fi,,https://www.boxofficemojo.com/release/rl3912401665/?ref_=bo_yld_table_195,216220.0,279.0,,PG,90.0,Focus Features,brian and charles,brian_and_charles,,,,,85.0,104.0,73.0,2022-06-17,6.0,4.0,2022.0,0,1,0,0,0,Universal,2,0,0,0,1,0,1,0,0,0,0,0,1,0,Comedy Drama Sci-Fi,0,0.0,,0.0,12.284056311755132,12.973018464690865,False,False,False,False,False,False,False,False,True,False,False,False,False,False,False,True,False,False,False,False,False,False
King Richard,2022,2021-11-19,15129285.0,3302.0,Biography Drama Sport,,https://www.boxofficemojo.com/release/rl1191740929/?ref_=bo_yld_table_196,5406033.0,3302.0,,PG,144.0,Warner Bros.,king richard,king_richard,,,,,90.0,302.0,98.0,2021-11-19,11.0,4.0,2021.0,0,0,1,0,0,WB,2,0,0,0,0,0,1,0,0,0,0,0,0,0,Biography Drama Sport,0,0.0,,0.0,15.50302629510693,16.532142893639772,False,False,False,False,False,False,False,False,False,True,False,False,False,False,False,False,False,False,False,False,True,False
Superspreader,2022,2022-09-30,399370.0,235.0,Documentary,,https://www.boxofficemojo.com/release/rl2061402881/?ref_=bo_yld_table_197,289500.0,235.0,,PG,75.0,Iconic Events Releasing,superspreader,superspreader,,,,,100.0,67.0,100.0,2022-09-30,9.0,4.0,2022.0,0,0,0,0,0,Other,2,0,0,0,0,0,0,0,0,0,0,0,0,0,Documentary,0,0.0,,0.0,12.575914030220655,12.897646088414326,False,False,False,False,False,True,False,False,False,False,False,False,False,False,False,False,False,False,True,False,False,False
The Inspection,2022,2022-11-18,390429.0,144.0,Drama,,https://www.boxofficemojo.com/release/rl3486810881/?ref_=bo_yld_table_198,65942.0,5.0,,R,95.0,A24,the inspection,the_inspection,,,,,88.0,141.0,91.0,2022-11-18,11.0,4.0,2022.0,0,0,1,0,0,A24,4,0,0,0,0,0,1,0,0,0,0,0,0,0,Drama,0,0.0,,0.0,11.096546011496184,12.875003974831001,True,False,False,False,False,False,False,False,False,False,False,False,False,False,False,False,False,False,False,False,True,False
Alice,2022,2022-03-18,373043.0,169.0,Crime Drama Thriller,,https://www.boxofficemojo.com/release/rl3945104129/?ref_=bo_yld_table_199,173614.0,169.0,,R,100.0,Roadside Attractions,alice,alice_2022,,,,,28.0,68.0,60.0,2022-03-18,3.0,4.0,2022.0,1,0,0,1,0,Other,4,0,0,0,0,1,1,0,0,0,0,0,0,1,Crime Drama Thriller,0,0.0,,0.0,12.064595483005599,12.829451654135417,False,False,False,False,False,True,False,False,False,False,False,False,True,False,False,False,False,False,False,False,False,False
Emergency Declaration,2022,2022-08-12,412196.0,42.0,Action Drama Thriller,,https://www.boxofficemojo.com/release/rl2496430849/?ref_=bo_yld_table_200,123140.0,42.0,,,141.0,Well Go USA Entertainment,emergency declaration,emergency_declaration,,,,,65.0,34.0,64.0,2022-08-12,8.0,4.0,2022.0,0,1,0,0,0,Other,3,1,0,0,0,0,1,0,0,0,0,0,0,1,Action Drama Thriller,0,0.0,,0.0,11.721085319270298,12.929256669391632,False,False,False,False,False,True,False,False,False,False,False,False,False,False,False,False,False,True,False,False,False,False
Barbie,2023,2023-07-21,636238421.0,4337.0,Adventure Comedy Fantasy,,https://www.boxofficemojo.com/release/rl1077904129/?ref_=bo_yld_table_1,162022044.0,4243.0,128000000.0,PG,114.0,Warner Bros.,barbie,barbie,20230720210623.0,,,,88.0,506.0,83.0,2023-07-21,7.0,4.0,2023.0,0,1,0,0,0,WB,2,0,1,0,1,0,0,0,1,0,0,0,0,0,Adventure Comedy Fantasy,1,18.667540829696392,,0.0,18.903242964185495,20.271083928413926,False,False,False,False,False,False,False,False,False,True,False,False,False,False,False,False,True,False,False,False,False,False
The Super Mario Bros. Movie,2023,2023-04-05,574934330.0,4371.0,Adventure Animation Comedy Family Fantasy,,https://www.boxofficemojo.com/release/rl1930593025/?ref_=bo_yld_table_2,146361865.0,4343.0,100000000.0,PG,92.0,Universal Pictures,the super mario bros movie,the_super_mario_bros_movie,20230406223436.0,,,,59.0,292.0,95.0,2023-04-05,4.0,2.0,2023.0,0,0,0,0,0,Universal,2,0,1,1,1,0,0,1,1,0,0,0,0,0,Adventure Animation Comedy Family Fantasy,1,18.420680753952364,,0.0,18.801592647419085,20.16976638528299,False,False,False,False,False,False,False,False,True,False,False,False,False,True,False,False,False,False,False,False,False,False
Spider-Man: Across the Spider-Verse,2023,2023-06-02,381311319.0,4332.0,Action Adventure Animation Family Fantasy Sci-Fi,,https://www.boxofficemojo.com/release/rl2812183041/?ref_=bo_yld_table_3,120663589.0,4313.0,150000000.0,PG,140.0,Columbia Pictures,spiderman across the spiderverse,spider_man_across_the_spider_verse,,,,,95.0,397.0,95.0,2023-06-02,6.0,4.0,2023.0,0,1,0,0,1,Sony,2,1,1,1,0,0,0,1,1,0,0,0,1,0,Action Adventure Animation Family Fantasy Sci-Fi,1,18.826145858727198,,0.0,18.608516983559305,19.759126712296897,False,False,False,False,False,False,False,True,False,False,False,False,False,False,False,True,False,False,False,False,False,False
Guardians of the Galaxy Vol. 3,2023,2023-05-05,358995815.0,4450.0,Action Adventure Comedy Fantasy Sci-Fi,,https://www.boxofficemojo.com/release/rl2977202945/?ref_=bo_yld_table_4,118414021.0,4450.0,250000000.0,PG,150.0,Walt Disney Studios Motion Pictures,guardians of the galaxy vol 3,guardians_of_the_galaxy_vol_3,20230504233653.0,,,,82.0,409.0,94.0,2023-05-05,5.0,4.0,2023.0,0,1,0,0,1,Disney,2,1,1,0,1,0,0,0,1,0,0,0,1,0,Action Adventure Comedy Fantasy Sci-Fi,1,19.33697147982652,,0.0,18.589697702456068,19.698821291788537,False,False,True,False,False,False,False,False,False,False,False,False,False,False,True,False,False,False,False,False,False,False
Oppenheimer,2023,2023-07-21,330078895.0,3761.0,Biography Drama History,,https://www.boxofficemojo.com/release/rl3725886209/?ref_=bo_yld_table_5,82455420.0,3610.0,,R,,Universal Pictures,oppenheimer,oppenheimer_2023,,,,,93.0,512.0,91.0,2023-07-21,7.0,4.0,2023.0,0,1,0,0,0,Universal,4,0,0,0,0,0,1,0,0,0,0,0,0,0,Biography Drama History,0,0.0,,0.0,18.227768353747265,19.6148422626379,False,False,False,False,False,False,False,False,True,False,False,False,False,False,False,False,True,False,False,False,False,False
The Little Mermaid,2023,2023-05-26,298172056.0,4320.0,Adventure Family Fantasy Musical Romance,,https://www.boxofficemojo.com/release/rl1913750273/?ref_=bo_yld_table_6,95578040.0,4320.0,,PG,135.0,Walt Disney Studios Motion Pictures,the little mermaid,the_little_mermaid,,,,,53.0,4.0,53.0,2023-05-26,5.0,4.0,2023.0,1,1,0,0,0,Disney,2,0,1,0,0,0,0,1,1,0,1,1,0,0,Adventure Family Fantasy Musical Romance,0,0.0,,0.0,18.375453654984593,19.51318125033754,False,False,True,False,False,False,False,False,False,False,False,False,False,False,True,False,False,False,False,False,False,False
Avatar: The Way of Water,2023,2022-12-16,684075767.0,4340.0,Action Adventure Animation Fantasy Sci-Fi,,https://www.boxofficemojo.com/release/rl3372254721/?ref_=bo_yld_table_7,134100226.0,4202.0,460000000.0,PG,192.0,20th Century Studios,avatar the way of water,avatar_the_way_of_water,20221215034457.0,,,,76.0,454.0,92.0,2022-12-16,12.0,4.0,2022.0,0,0,1,0,1,Disney,2,1,1,1,0,0,0,0,1,0,0,0,1,0,Action Adventure Animation Fantasy Sci-Fi,1,19.946737049621326,,0.0,18.714098041017067,20.343579241381892,False,False,True,False,False,False,False,False,False,False,False,False,False,False,False,False,False,False,False,False,False,True
Ant-Man and the Wasp: Quantumania,2023,2023-02-17,214504909.0,4345.0,Action Adventure Animation Comedy Sci-Fi,,https://www.boxofficemojo.com/release/rl3195306753/?ref_=bo_yld_table_8,106109650.0,4345.0,,PG,124.0,Walt Disney Studios Motion Pictures,antman and the wasp quantumania,ant_man_and_the_wasp_quantumania,,,,,46.0,414.0,81.0,2023-02-17,2.0,4.0,2023.0,1,0,0,0,1,Disney,2,1,1,1,1,0,0,0,0,0,0,0,1,0,Action Adventure Animation Comedy Sci-Fi,0,0.0,,0.0,18.479983560804687,19.183843186513254,False,False,True,False,False,False,False,False,False,False,False,True,False,False,False,False,False,False,False,False,False,False
John Wick: Chapter 4,2023,2023-03-24,187131806.0,3855.0,Action Crime Thriller,,https://www.boxofficemojo.com/release/rl1644725761/?ref_=bo_yld_table_9,73817950.0,3855.0,100000000.0,R,169.0,Lionsgate,john wick chapter 4,john_wick_chapter_4,20230322085536.0,,,,94.0,384.0,93.0,2023-03-24,3.0,4.0,2023.0,0,0,0,1,1,Lionsgate,4,1,0,0,0,1,0,0,0,0,0,0,0,1,Action Crime Thriller,1,18.420680753952364,,0.0,18.117112498475404,19.047323776795956,False,False,False,True,False,False,False,False,False,False,False,False,True,False,False,False,False,False,False,False,False,False
Sound of Freedom,2023,2023-07-04,184178046.0,3411.0,Biography Crime Drama History Thriller,,https://www.boxofficemojo.com/release/rl4254237441/?ref_=bo_yld_table_10,19680879.0,2852.0,,PG,131.0,Angel,sound of freedom,sound_of_freedom,20230706210527.0,,,,57.0,79.0,99.0,2023-07-04,7.0,1.0,2023.0,1,1,0,0,0,Other,2,0,0,0,0,1,1,0,0,0,0,0,0,1,Biography Crime Drama History Thriller,0,0.0,,0.0,16.79515816403583,19.03141349444408,False,False,False,False,False,True,False,False,False,False,False,False,False,False,False,False,True,False,False,False,False,False
Taylor Swift: The Eras Tour,2023,2023-10-13,180756269.0,3855.0,Documentary Music Musical,,https://www.boxofficemojo.com/release/rl4054352641/?ref_=bo_yld_table_11,93224755.0,3855.0,,PG,169.0,AMC Theatres,taylor swift the eras tour,taylor_swift_the_eras_tour,,,,,98.0,96.0,98.0,2023-10-13,10.0,4.0,2023.0,0,0,0,0,1,Other,2,0,0,0,0,0,0,0,0,0,1,0,0,0,Documentary Music Musical,0,0.0,,0.0,18.350523866702055,19.012660107198187,False,False,False,False,False,True,False,False,False,False,False,False,False,False,False,False,False,False,False,True,False,False
Indiana Jones and the Dial of Destiny,2023,2023-06-30,174480468.0,4600.0,Action Adventure Sci-Fi,,https://www.boxofficemojo.com/release/rl2776598017/?ref_=bo_yld_table_12,60368101.0,4600.0,,PG,154.0,Walt Disney Studios Motion Pictures,indiana jones and the dial of destiny,indiana_jones_and_the_dial_of_destiny,20230629211241.0,,,,71.0,439.0,87.0,2023-06-30,6.0,4.0,2023.0,0,1,0,0,0,Disney,2,1,1,0,0,0,0,0,0,0,0,0,1,0,Action Adventure Sci-Fi,0,0.0,,0.0,17.915971410821694,18.977323367841198,False,False,True,False,False,False,False,False,False,False,False,False,False,False,False,True,False,False,False,False,False,False
Mission: Impossible - Dead Reckoning Part One,2023,2023-07-12,172640980.0,4327.0,Action Adventure Thriller,,https://www.boxofficemojo.com/release/rl1896449537/?ref_=bo_yld_table_13,54688347.0,4327.0,291000000.0,PG,163.0,Paramount Pictures,mission impossible  dead reckoning part one,mission_impossible_dead_reckoning_part_one,20230713182529.0,,,,96.0,438.0,94.0,2023-07-12,7.0,2.0,2023.0,0,1,0,0,1,Paramount,2,1,1,0,0,0,0,0,0,0,0,0,0,1,Action Adventure Thriller,1,19.488833828572194,,0.0,17.8171612282476,18.966724741802718,False,False,False,False,False,False,True,False,False,False,False,False,False,False,False,False,True,False,False,False,False,False
The Hunger Games: The Ballad of Songbirds & Snakes,2023,2023-11-17,166350594.0,3776.0,Action Adventure Drama Sci-Fi Thriller War,,https://www.boxofficemojo.com/release/rl1262387969/?ref_=bo_yld_table_14,44607143.0,3776.0,,PG,157.0,Lionsgate,the hunger games the ballad of songbirds  snakes,the_hunger_games_the_ballad_of_songbirds_and_snakes,20231116221214.0,,,,64.0,242.0,89.0,2023-11-17,11.0,4.0,2023.0,0,0,1,0,1,Lionsgate,2,1,1,0,0,0,1,0,0,0,0,0,1,1,Action Adventure Drama Sci-Fi Thriller War,0,0.0,,0.0,17.613404583535143,18.929608137218274,False,False,False,True,False,False,False,False,False,False,False,False,False,False,False,False,False,False,False,False,True,False
Transformers: Rise of the Beasts,2023,2023-06-09,157341749.0,3680.0,Action Adventure Animation Sci-Fi,,https://www.boxofficemojo.com/release/rl1606320641/?ref_=bo_yld_table_15,61045464.0,3678.0,,PG,127.0,Paramount Pictures,transformers rise of the beasts,transformers_rise_of_the_beasts,20230608043456.0,,,,51.0,235.0,91.0,2023-06-09,6.0,4.0,2023.0,0,1,0,0,1,Paramount,2,1,1,1,0,0,0,0,0,0,0,0,1,0,Action Adventure Animation Sci-Fi,0,0.0,,0.0,17.92712947238756,18.873930749213585,False,False,False,False,False,False,True,False,False,False,False,False,False,False,False,True,False,False,False,False,False,False
Creed III,2023,2023-03-03,156248615.0,4007.0,Action Drama Sport,,https://www.boxofficemojo.com/release/rl1713734401/?ref_=bo_yld_table_16,58370007.0,4007.0,,PG,116.0,United Artists Releasing,creed iii,creed_iii,20230302232351.0,,,,89.0,342.0,95.0,2023-03-03,3.0,4.0,2023.0,0,0,0,1,1,Other,2,1,0,0,0,0,1,0,0,0,0,0,0,0,Action Drama Sport,0,0.0,,0.0,17.882312754236672,18.866958988941555,False,False,False,False,False,True,False,False,False,False,False,False,True,False,False,False,False,False,False,False,False,False
Elemental,2023,2023-06-16,154426697.0,4035.0,Adventure Animation Comedy Family Fantasy Romance,,https://www.boxofficemojo.com/release/rl1811383041/?ref_=bo_yld_table_17,29602429.0,4035.0,,PG,101.0,Walt Disney Studios Motion Pictures,elemental,elemental,,,,,100.0,10.0,60.0,2023-06-16,6.0,4.0,2023.0,0,1,0,0,0,Disney,2,0,1,1,1,0,0,1,1,0,0,1,0,0,Adventure Animation Comedy Family Fantasy Romance,0,0.0,,0.0,17.203367010519308,18.85523009511473,False,False,True,False,False,False,False,False,False,False,False,False,False,False,False,True,False,False,False,False,False,False
Fast X,2023,2023-05-19,146126015.0,4088.0,Action Adventure Crime Mystery Thriller,,https://www.boxofficemojo.com/release/rl209683969/?ref_=bo_yld_table_18,67017410.0,4046.0,,PG,141.0,Universal Pictures,fast x,fast_x,,,,,56.0,314.0,84.0,2023-05-19,5.0,4.0,2023.0,0,1,0,0,1,Universal,2,1,1,0,0,1,0,0,0,0,0,0,0,1,Action Adventure Crime Mystery Thriller,0,0.0,,0.0,18.020463009267647,18.799979930683577,False,False,False,False,False,False,False,False,True,False,False,False,False,False,True,False,False,False,False,False,False,False
Five Nights at Freddy's,2023,2023-10-27,137275620.0,3789.0,Horror Mystery Thriller,,https://www.boxofficemojo.com/release/rl764248833/?ref_=bo_yld_table_19,80001720.0,3675.0,,PG,109.0,Universal Pictures,five nights at freddys,five_nights_at_freddys,20231026010948.0,,,,33.0,215.0,86.0,2023-10-27,10.0,4.0,2023.0,0,0,0,0,0,Universal,2,0,0,0,0,0,0,0,0,1,0,0,0,1,Horror Mystery Thriller,0,0.0,,0.0,18.197558704906765,18.737501294885142,False,False,False,False,False,False,False,False,True,False,False,False,False,False,False,False,False,False,False,True,False,False
Wonka,2023,2023-12-15,218402312.0,4213.0,Adventure Comedy Family Fantasy Musical,,https://www.boxofficemojo.com/release/rl2942927617/?ref_=bo_yld_table_20,39005800.0,4203.0,125000000.0,PG,116.0,Warner Bros.,wonka,wonka,,,,,82.0,332.0,90.0,2023-12-15,12.0,4.0,2023.0,0,0,1,0,0,WB,2,0,1,0,1,0,0,1,1,0,1,0,0,0,Adventure Comedy Family Fantasy Musical,1,18.643824303266577,,0.0,17.479220936622433,19.201849392438284,False,False,False,False,False,False,False,False,False,True,False,False,False,False,False,False,False,False,False,False,False,True
Puss in Boots: The Last Wish,2023,2022-12-21,186090535.0,4121.0,Action Adventure Animation Comedy Family Fantasy,,https://www.boxofficemojo.com/release/rl3899622145/?ref_=bo_yld_table_21,12429515.0,4099.0,110000000.0,PG,102.0,Universal Pictures,puss in boots the last wish,puss_in_boots_the_last_wish,,,,,95.0,195.0,94.0,2022-12-21,12.0,2.0,2022.0,1,0,1,0,1,Universal,2,1,1,1,1,0,0,1,1,0,0,0,0,0,Action Adventure Animation Comedy Family Fantasy,1,18.5159909328476,,0.0,16.335584524675692,19.041743865939985,False,False,False,False,False,False,False,False,True,False,False,False,False,False,False,False,False,False,False,False,False,True
Teenage Mutant Ninja Turtles: Mutant Mayhem,2023,2023-08-02,118700272.0,3950.0,Action Adventure Animation Comedy Crime Family Fantasy Sci-Fi,,https://www.boxofficemojo.com/release/rl393904897/?ref_=bo_yld_table_22,28007544.0,3858.0,,PG,99.0,Paramount Pictures,teenage mutant ninja turtles mutant mayhem,teenage_mutant_ninja_turtles_mutant_mayhem,,,,,95.0,252.0,90.0,2023-08-02,8.0,2.0,2023.0,0,1,0,0,1,Paramount,2,1,1,1,1,1,0,1,1,0,0,0,1,0,Action Adventure Animation Comedy Crime Family Fantasy Sci-Fi,0,0.0,,0.0,17.147984496126213,18.592112159493006,False,False,False,False,False,False,True,False,False,False,False,False,False,False,False,False,False,True,False,False,False,False
Scream VI,2023,2023-03-10,108391107.0,3676.0,Horror Mystery Thriller,,https://www.boxofficemojo.com/release/rl1714914049/?ref_=bo_yld_table_23,44447270.0,3675.0,35000000.0,R,122.0,Paramount Pictures,scream vi,scream_vi,20230308021544.0,,,,77.0,316.0,90.0,2023-03-10,3.0,4.0,2023.0,0,0,0,1,1,Paramount,4,0,0,0,0,0,0,0,0,1,0,0,0,1,Horror Mystery Thriller,1,17.370858648025116,,0.0,17.609814123213802,18.50125661408492,False,False,False,False,False,False,True,False,False,False,False,False,True,False,False,False,False,False,False,False,False,False
The Flash,2023,2023-06-16,108133313.0,4256.0,Action Adventure Fantasy Sci-Fi,,https://www.boxofficemojo.com/release/rl2225635841/?ref_=bo_yld_table_24,55043679.0,4234.0,,PG,144.0,Warner Bros.,the flash,the_flash_2023,,,,,63.0,388.0,81.0,2023-06-16,6.0,4.0,2023.0,0,1,0,0,0,WB,2,1,1,0,0,0,0,0,1,0,0,0,1,0,Action Adventure Fantasy Sci-Fi,0,0.0,,0.0,17.823637609819418,18.49887541274579,False,False,False,False,False,False,False,False,False,True,False,False,False,False,False,True,False,False,False,False,False,False
Trolls Band Together,2023,2023-11-17,103270155.0,3893.0,Adventure Animation Comedy Family Fantasy Musical,,https://www.boxofficemojo.com/release/rl577798913/?ref_=bo_yld_table_25,30002525.0,3870.0,,PG,91.0,Universal Pictures,trolls band together,trolls_band_together,20231116123755.0,,,,64.0,88.0,92.0,2023-11-17,11.0,4.0,2023.0,0,0,1,0,0,Universal,2,0,1,1,1,0,0,1,1,0,1,0,0,0,Adventure Animation Comedy Family Fantasy Musical,0,0.0,,0.0,17.216792136081807,18.45285898624972,False,False,False,False,False,False,False,False,True,False,False,False,False,False,False,False,False,False,False,False,True,False
M3GAN,2023,2023-01-06,95159005.0,3628.0,Horror Sci-Fi Thriller,,https://www.boxofficemojo.com/release/rl1110147841/?ref_=bo_yld_table_26,30429860.0,3509.0,,PG,102.0,Universal Pictures,m3gan,m3gan,,,,,93.0,318.0,78.0,2023-01-06,1.0,4.0,2023.0,0,0,0,0,0,Universal,2,0,0,0,0,0,0,0,0,1,0,0,1,1,Horror Sci-Fi Thriller,0,0.0,,0.0,17.230934954002056,18.37105979777911,False,False,False,False,False,False,False,False,True,False,True,False,False,False,False,False,False,False,False,False,False,False
Dungeons & Dragons: Honor Among Thieves,2023,2023-03-31,93549650.0,3856.0,Action Adventure Comedy Fantasy,,https://www.boxofficemojo.com/release/rl1879410177/?ref_=bo_yld_table_27,37205784.0,3855.0,,PG,134.0,Paramount Pictures,dungeons  dragons honor among thieves,dungeons_and_dragons_honor_among_thieves,20230330012848.0,,,,91.0,317.0,92.0,2023-03-31,3.0,4.0,2023.0,0,0,0,1,1,Paramount,2,1,1,0,1,0,0,0,1,0,0,0,0,0,Action Adventure Comedy Fantasy,0,0.0,,0.0,17.43197481790552,18.35400288005208,False,False,False,False,False,False,True,False,False,False,False,False,True,False,False,False,False,False,False,False,False,False
The Equalizer 3,2023,2023-09-01,92373751.0,3965.0,Action Crime Thriller,,https://www.boxofficemojo.com/release/rl1430029057/?ref_=bo_yld_table_28,34604229.0,3965.0,,R,109.0,Columbia Pictures,the equalizer 3,the_equalizer_3,20230830052438.0,,,,76.0,167.0,94.0,2023-09-01,9.0,4.0,2023.0,1,0,0,0,1,Sony,4,1,0,0,0,1,0,0,0,0,0,0,0,1,Action Crime Thriller,0,0.0,,0.0,17.35948648689076,18.341353426992526,False,False,False,False,False,False,False,True,False,False,False,False,False,False,False,False,False,False,True,False,False,False
The Nun II,2023,2023-09-08,86267073.0,3743.0,Horror Mystery Thriller,,https://www.boxofficemojo.com/release/rl1339523841/?ref_=bo_yld_table_29,32603336.0,3728.0,,R,110.0,Warner Bros.,the nun ii,the_nun_ii,20230907081300.0,,,,51.0,136.0,72.0,2023-09-08,9.0,4.0,2023.0,0,0,0,0,1,WB,4,0,0,0,0,0,0,0,0,1,0,0,0,1,Horror Mystery Thriller,0,0.0,,0.0,17.2999252030615,18.27295855370465,False,False,False,False,False,False,False,False,False,True,False,False,False,False,False,False,False,False,True,False,False,False
The Marvels,2023,2023-11-10,84500223.0,4030.0,Action Adventure Animation Sci-Fi,,https://www.boxofficemojo.com/release/rl247366145/?ref_=bo_yld_table_30,46110859.0,4030.0,,PG,105.0,Walt Disney Studios Motion Pictures,the marvels,the_marvels,20231109000744.0,,,,63.0,376.0,79.0,2023-11-10,11.0,4.0,2023.0,0,0,1,0,0,Disney,2,1,1,1,0,0,0,0,0,0,0,0,1,0,Action Adventure Animation Sci-Fi,0,0.0,,0.0,17.64655905506079,18.252264743211462,False,False,True,False,False,False,False,False,False,False,False,False,False,False,False,False,False,False,False,False,True,False
Meg 2: The Trench,2023,2023-08-04,82600317.0,3604.0,Action Adventure Animation Horror Sci-Fi Thriller,,https://www.boxofficemojo.com/release/rl3090514689/?ref_=bo_yld_table_31,30002735.0,3503.0,,PG,116.0,Warner Bros.,meg 2 the trench,meg_2_the_trench,20230803205004.0,,,,27.0,183.0,72.0,2023-08-04,8.0,4.0,2023.0,0,1,0,0,1,WB,2,1,1,1,0,0,0,0,0,1,0,0,1,1,Action Adventure Animation Horror Sci-Fi Thriller,0,0.0,,0.0,17.216799135467962,18.22952408836273,False,False,False,False,False,False,False,False,False,True,False,False,False,False,False,False,False,True,False,False,False,False
Insidious: The Red Door,2023,2023-07-07,82156962.0,3188.0,Horror Mystery Thriller,,https://www.boxofficemojo.com/release/rl1137607425/?ref_=bo_yld_table_32,33013036.0,3188.0,,PG,107.0,Screen Gems,insidious the red door,insidious_the_red_door,,,,,39.0,119.0,69.0,2023-07-07,7.0,4.0,2023.0,1,1,0,0,1,Other,2,0,0,0,0,0,0,0,0,1,0,0,0,1,Horror Mystery Thriller,0,0.0,,0.0,17.31241310202092,18.224142158441783,False,False,False,False,False,True,False,False,False,False,False,False,False,False,False,False,True,False,False,False,False,False
Aquaman and the Lost Kingdom,2023,2023-12-22,124481226.0,3787.0,Action Adventure Animation Fantasy Sci-Fi,,https://www.boxofficemojo.com/release/rl3003745793/?ref_=bo_yld_table_33,27686211.0,3706.0,,PG,124.0,Warner Bros.,aquaman and the lost kingdom,aquaman_and_the_lost_kingdom,,,,,33.0,212.0,79.0,2023-12-22,12.0,4.0,2023.0,1,0,1,0,0,WB,2,1,1,1,0,0,0,0,1,0,0,0,1,0,Action Adventure Animation Fantasy Sci-Fi,0,0.0,,0.0,17.13644508550022,18.639665475350917,False,False,False,False,False,False,False,False,False,True,False,False,False,False,False,False,False,False,False,False,False,True
Blue Beetle,2023,2023-08-18,72488072.0,3871.0,Action Adventure Animation Sci-Fi Thriller,,https://www.boxofficemojo.com/release/rl3693445889/?ref_=bo_yld_table_34,25030225.0,3871.0,,PG,127.0,Warner Bros.,blue beetle,blue_beetle,20230817025015.0,82.0,79.0,,78.0,277.0,90.0,2023-08-18,8.0,4.0,2023.0,0,1,0,0,0,WB,2,1,1,1,0,0,0,0,0,0,0,0,1,1,Action Adventure Animation Sci-Fi Thriller,0,0.0,-4.0,4.382026634673881,17.035594692532197,18.098932595946764,False,False,False,False,False,False,False,False,False,True,False,False,False,False,False,False,False,True,False,False,False,False
Haunted Mansion,2023,2023-07-28,67653287.0,3740.0,Comedy Drama Family Fantasy Horror Mystery,,https://www.boxofficemojo.com/release/rl707822337/?ref_=bo_yld_table_35,24082475.0,3740.0,,PG,123.0,Walt Disney Studios Motion Pictures,haunted mansion,haunted_mansion,,,,,14.0,139.0,32.0,2023-07-28,7.0,4.0,2023.0,0,1,0,0,0,Disney,2,0,0,0,1,0,1,1,1,1,0,0,0,0,Comedy Drama Family Fantasy Horror Mystery,0,0.0,,0.0,16.996994997039142,18.02990651450419,False,False,True,False,False,False,False,False,False,False,False,False,False,False,False,False,True,False,False,False,False,False
Killers of the Flower Moon,2023,2023-10-20,68035488.0,3786.0,Crime Drama History Western,,https://www.boxofficemojo.com/release/rl629703425/?ref_=bo_yld_table_36,23253655.0,3628.0,,R,206.0,Paramount Pictures,killers of the flower moon,killers_of_the_flower_moon,20231019011523.0,,,,93.0,473.0,84.0,2023-10-20,10.0,4.0,2023.0,0,0,0,0,0,Paramount,4,0,0,0,0,1,1,0,0,0,0,0,0,0,Crime Drama History Western,0,0.0,,0.0,16.961972924947403,18.0355400240583,False,False,False,False,False,False,True,False,False,False,False,False,False,False,False,False,False,False,False,True,False,False
Evil Dead Rise,2023,2023-04-21,67233054.0,3417.0,Horror,,https://www.boxofficemojo.com/release/rl1289192193/?ref_=bo_yld_table_37,24504315.0,3402.0,,R,96.0,Warner Bros.,evil dead rise,evil_dead_rise,20230420234319.0,,,,85.0,241.0,76.0,2023-04-21,4.0,4.0,2023.0,0,0,0,0,0,WB,4,0,0,0,0,0,0,0,0,1,0,0,0,0,Horror,0,0.0,,0.0,17.014359823265334,18.02367557443616,False,False,False,False,False,False,False,False,False,True,False,False,False,True,False,False,False,False,False,False,False,False
The Exorcist: Believer,2023,2023-10-06,65537395.0,3684.0,Horror,,https://www.boxofficemojo.com/release/rl2047378177/?ref_=bo_yld_table_38,26497600.0,3663.0,,R,111.0,Universal Pictures,the exorcist believer,the_exorcist_believer,,,,,22.0,252.0,57.0,2023-10-06,10.0,4.0,2023.0,0,0,0,0,1,Universal,4,0,0,0,0,0,0,0,0,1,0,0,0,0,Horror,0,0.0,,0.0,17.09256475855663,17.998131468983924,False,False,False,False,False,False,False,False,True,False,False,False,False,False,False,False,False,False,False,True,False,False
PAW Patrol: The Mighty Movie,2023,2023-09-29,65343309.0,4027.0,Action Adventure Animation Comedy Crime Family Fantasy Sci-Fi,,https://www.boxofficemojo.com/release/rl3038479105/?ref_=bo_yld_table_39,22764354.0,3989.0,,PG,88.0,Paramount Pictures,paw patrol the mighty movie,paw_patrol_the_mighty_movie,20230928235913.0,,,,71.0,49.0,93.0,2023-09-29,9.0,4.0,2023.0,0,0,0,0,1,Paramount,2,1,1,1,1,1,0,1,1,0,0,0,1,0,Action Adventure Animation Comedy Crime Family Fantasy Sci-Fi,0,0.0,,0.0,16.940706493382358,17.99516562095023,False,False,False,False,False,False,True,False,False,False,False,False,False,False,False,False,False,False,True,False,False,False
Cocaine Bear,2023,2023-02-24,64670240.0,3571.0,Comedy Crime Thriller,,https://www.boxofficemojo.com/release/rl2503901953/?ref_=bo_yld_table_40,23260790.0,3534.0,,R,95.0,Universal Pictures,cocaine bear,cocaine_bear,,,,,65.0,332.0,71.0,2023-02-24,2.0,4.0,2023.0,0,0,0,0,0,Universal,4,0,0,0,1,1,0,0,0,0,0,0,0,1,Comedy Crime Thriller,0,0.0,,0.0,16.962279711355333,17.984811700027862,False,False,False,False,False,False,False,False,True,False,False,True,False,False,False,False,False,False,False,False,False,False
A Man Called Otto,2023,Dec 30,64267657.0,3957.0,Comedy Drama,,https://www.boxofficemojo.com/release/rl3442377473/?ref_=bo_yld_table_41,56257.0,4.0,,PG,126.0,Columbia Pictures,a man called otto,a_man_called_otto,,,,,70.0,210.0,97.0,,,,2023.0,0,0,0,0,0,Sony,2,0,0,0,1,0,1,0,0,0,0,0,0,0,Comedy Drama,0,0.0,,0.0,10.937703532176267,17.978567076664845,False,False,False,False,False,False,False,True,False,False,False,False,False,False,False,False,False,False,False,False,False,False
Wish,2023,2023-11-22,63973821.0,3900.0,Adventure Animation Comedy Family Fantasy Musical,,https://www.boxofficemojo.com/release/rl3097657857/?ref_=bo_yld_table_42,19698228.0,3900.0,,PG,95.0,Walt Disney Studios Motion Pictures,wish,wish_2023,20231123022543.0,,,,48.0,229.0,80.0,2023-11-22,11.0,2.0,2023.0,1,0,1,0,0,Disney,2,0,1,1,1,0,0,1,1,0,1,0,0,0,Adventure Animation Comedy Family Fantasy Musical,0,0.0,,0.0,16.79603929118995,17.973984526397846,False,False,True,False,False,False,False,False,False,False,False,False,False,False,False,False,False,False,False,False,True,False
Napoleon,2023,2023-11-22,61524375.0,3500.0,Action Adventure Biography Drama History War,,https://www.boxofficemojo.com/release/rl2710274817/?ref_=bo_yld_table_43,20638887.0,3500.0,,R,158.0,Columbia Pictures,napoleon,napoleon_2023,20231123000819.0,,,,58.0,341.0,58.0,2023-11-22,11.0,2.0,2023.0,1,0,1,0,0,Sony,4,1,1,0,0,0,1,0,0,0,0,0,0,0,Action Adventure Biography Drama History War,0,0.0,,0.0,16.842687621157282,17.93494401197135,False,False,False,False,False,False,False,True,False,False,False,False,False,False,False,False,False,False,False,False,True,False
Shazam! Fury of the Gods,2023,2023-03-17,57638006.0,4071.0,Action Adventure Animation Comedy Fantasy Sci-Fi,,https://www.boxofficemojo.com/release/rl162234881/?ref_=bo_yld_table_44,30111158.0,4071.0,,PG,130.0,Warner Bros.,shazam fury of the gods,shazam_fury_of_the_gods,20230315175814.0,,,,49.0,264.0,85.0,2023-03-17,3.0,4.0,2023.0,1,0,0,1,0,WB,2,1,1,1,1,0,0,0,1,0,0,0,1,0,Action Adventure Animation Comedy Fantasy Sci-Fi,0,0.0,,0.0,17.220406391912395,17.86969275181495,False,False,False,False,False,False,False,False,False,True,False,False,True,False,False,False,False,False,False,False,False,False
Migration,2023,2023-12-22,127630880.0,3839.0,Adventure Animation Comedy Family,,https://www.boxofficemojo.com/release/rl83920385/?ref_=bo_yld_table_45,12453275.0,3761.0,72000000.0,PG,83.0,Universal Pictures,migration,migration_2023,,,,,73.0,105.0,87.0,2023-12-22,12.0,4.0,2023.0,1,0,1,0,0,Universal,2,0,1,1,1,0,0,1,0,0,0,0,0,0,Adventure Animation Comedy Family,1,18.09217669086922,,0.0,16.33749427879182,18.664652913700856,False,False,False,False,False,False,False,False,True,False,False,False,False,False,False,False,False,False,False,False,False,True
Saw X,2023,2023-09-29,53607898.0,3262.0,Crime Drama Horror Mystery Thriller,,https://www.boxofficemojo.com/release/rl1926595329/?ref_=bo_yld_table_46,18309301.0,3262.0,,R,118.0,Lionsgate,saw x,saw_x,20230927002945.0,,,,81.0,151.0,88.0,2023-09-29,9.0,4.0,2023.0,0,0,0,0,1,Lionsgate,4,0,0,0,0,1,1,0,0,1,0,0,0,1,Crime Drama Horror Mystery Thriller,0,0.0,,0.0,16.722919794678837,17.79720698458621,False,False,False,True,False,False,False,False,False,False,False,False,False,False,False,False,False,False,True,False,False,False
Air,2023,Apr 5,52460106.0,3507.0,Drama Sport,,https://www.boxofficemojo.com/release/rl2106295041/?ref_=bo_yld_table_47,14456279.0,3507.0,,R,111.0,Amazon MGM Studios,air,air,,,,,87.0,70.0,87.0,,,,2023.0,0,0,0,0,0,Amazon,4,0,0,0,0,0,1,0,0,0,0,0,0,0,Drama Sport,0,0.0,,0.0,16.48663948018671,17.775563572050178,False,True,False,False,False,False,False,False,False,False,False,False,False,False,False,False,False,False,False,False,False,False
Jesus Revolution,2023,2023-02-24,52102987.0,2575.0,Biography Drama History,,https://www.boxofficemojo.com/release/rl466125569/?ref_=bo_yld_table_48,15882067.0,2475.0,,PG,,Lionsgate,jesus revolution,jesus_revolution,,,,,54.0,56.0,99.0,2023-02-24,2.0,4.0,2023.0,0,0,0,0,0,Lionsgate,2,0,0,0,0,0,1,0,0,0,0,0,0,0,Biography Drama History,0,0.0,,0.0,16.580701232004756,17.768732856326675,False,False,False,True,False,False,False,False,False,False,False,True,False,False,False,False,False,False,False,False,False,False
No Hard Feelings,2023,2023-06-23,50452282.0,3208.0,Comedy Romance,,https://www.boxofficemojo.com/release/rl4174349057/?ref_=bo_yld_table_49,15002770.0,3208.0,,R,103.0,Sony Pictures Releasing,no hard feelings,sans_rancune_,,,,,100.0,2.0,100.0,2023-06-23,6.0,4.0,2023.0,0,1,0,0,0,Sony,4,0,0,0,1,0,0,0,0,0,0,1,0,0,Comedy Romance,0,0.0,,0.0,16.523745475338718,17.73653855646549,False,False,False,False,False,False,False,True,False,False,False,False,False,False,False,True,False,False,False,False,False,False
Talk to Me,2023,2023-07-28,48299436.0,2379.0,Horror Thriller,,https://www.boxofficemojo.com/release/rl3548742401/?ref_=bo_yld_table_50,10431720.0,2340.0,,R,95.0,A24,talk to me,talk_to_me,,,,,82.0,130.0,77.0,2023-07-28,7.0,4.0,2023.0,0,1,0,0,0,A24,4,0,0,0,0,0,0,0,0,1,0,0,0,1,Horror Thriller,0,0.0,,0.0,16.160361818159025,17.692930462240167,True,False,False,False,False,False,False,False,False,False,False,False,False,False,False,False,True,False,False,False,False,False
Godzilla Minus One,2023,2023-12-01,57144669.0,2622.0,Action Adventure Drama Horror Sci-Fi,,https://www.boxofficemojo.com/release/rl1285456641/?ref_=bo_yld_table_51,11419975.0,2308.0,,PG,124.0,Toho International,godzilla minus one,godzilla_minus_one,20231130220826.0,,,,99.0,212.0,98.0,2023-12-01,12.0,4.0,2023.0,0,0,1,0,0,Other,2,1,1,0,0,0,1,0,0,1,0,0,1,0,Action Adventure Drama Horror Sci-Fi,0,0.0,,0.0,16.250874660613746,17.861096680513715,False,False,False,False,False,True,False,False,False,False,False,False,False,False,False,False,False,False,False,False,False,True
Gran Turismo,2023,2023-08-25,44428554.0,3856.0,Action Adventure Drama Sport,,https://www.boxofficemojo.com/release/rl3788079873/?ref_=bo_yld_table_52,17410552.0,3856.0,,PG,134.0,Sony Pictures Releasing,gran turismo,gran_turismo_based_on_a_true_story,20230824202422.0,,,,65.0,230.0,98.0,2023-08-25,8.0,4.0,2023.0,0,1,0,0,0,Sony,2,1,1,0,0,0,1,0,0,0,0,0,0,0,Action Adventure Drama Sport,0,0.0,,0.0,16.672587074594322,17.609392951313207,False,False,False,False,False,False,False,True,False,False,False,False,False,False,False,False,False,True,False,False,False,False
The Color Purple,2023,2023-12-25,60619191.0,3218.0,Drama Musical,,https://www.boxofficemojo.com/release/rl577012481/?ref_=bo_yld_table_53,11737072.0,3203.0,,PG,141.0,Warner Bros.,the color purple,the_color_purple,20231228040631.0,,,,81.0,255.0,95.0,2023-12-25,12.0,0.0,2023.0,1,0,1,0,0,WB,2,0,0,0,0,0,1,0,0,0,1,0,0,0,Drama Musical,0,0.0,,0.0,16.27826302271019,17.920122100570754,False,False,False,False,False,False,False,False,False,True,False,False,False,False,False,False,False,False,False,False,False,True
The Boogeyman,2023,2023-06-02,43244282.0,3205.0,Horror Mystery Thriller,,https://www.boxofficemojo.com/release/rl3958932225/?ref_=bo_yld_table_54,12356486.0,3205.0,,PG,98.0,20th Century Studios,the boogeyman,the_boogeyman,,,,,60.0,197.0,65.0,2023-06-02,6.0,4.0,2023.0,0,1,0,0,0,Disney,2,0,0,0,0,0,0,0,0,1,0,0,0,1,Horror Mystery Thriller,0,0.0,,0.0,16.32969174629375,17.58237559763386,False,False,True,False,False,False,False,False,False,False,False,False,False,False,False,True,False,False,False,False,False,False
A Haunting in Venice,2023,2023-09-15,42471412.0,3305.0,Crime Drama Horror Mystery Thriller,,https://www.boxofficemojo.com/release/rl216040193/?ref_=bo_yld_table_55,14279529.0,3305.0,,PG,103.0,20th Century Studios,a haunting in venice,a_haunting_in_venice,,,,,75.0,297.0,76.0,2023-09-15,9.0,4.0,2023.0,0,0,0,0,0,Disney,2,0,0,0,0,1,1,0,0,1,0,0,0,1,Crime Drama Horror Mystery Thriller,0,0.0,,0.0,16.474337601168795,17.564341772279914,False,False,True,False,False,False,False,False,False,False,False,False,False,False,False,False,False,False,True,False,False,False
The Creator,2023,2023-09-29,40774679.0,3680.0,Action Adventure Drama Sci-Fi Thriller,,https://www.boxofficemojo.com/release/rl3888743169/?ref_=bo_yld_table_56,14079512.0,3680.0,,PG,133.0,20th Century Studios,the creator,the_creator_2023,20230928120345.0,76.0,118.0,,67.0,323.0,75.0,2023-09-29,9.0,4.0,2023.0,0,0,0,0,0,Disney,2,1,1,0,0,0,1,0,0,0,0,0,1,1,Action Adventure Drama Sci-Fi Thriller,0,0.0,-9.0,4.77912349311153,16.46023132002781,17.52357185849451,False,False,True,False,False,False,False,False,False,False,False,False,False,False,False,False,False,False,True,False,False,False
80 for Brady,2023,2023-02-03,39448525.0,3939.0,Comedy Drama Sport,,https://www.boxofficemojo.com/release/rl3470820097/?ref_=bo_yld_table_57,12701640.0,3912.0,,PG,98.0,Paramount Pictures,80 for brady,80_for_brady,,,,,59.0,135.0,89.0,2023-02-03,2.0,4.0,2023.0,0,0,0,0,0,Paramount,2,0,0,0,1,0,1,0,0,0,0,0,0,0,Comedy Drama Sport,0,0.0,,0.0,16.357241755680015,17.49050724080653,False,False,False,False,False,False,True,False,False,False,False,True,False,False,False,False,False,False,False,False,False,False
The Boy and the Heron,2023,Dec 8,46832867.0,2325.0,Adventure Animation Drama Fantasy,,https://www.boxofficemojo.com/release/rl4222321409/?ref_=bo_yld_table_58,13011722.0,2205.0,,PG,124.0,GKIDS,the boy and the heron,the_boy_and_the_heron,,,,,96.0,274.0,88.0,,,,2023.0,0,0,0,0,0,Other,2,0,1,1,0,0,1,0,1,0,0,0,0,0,Adventure Animation Drama Fantasy,0,0.0,,0.0,16.38136127830698,17.662095822077543,False,False,False,False,False,True,False,False,False,False,False,False,False,False,False,False,False,False,False,False,False,False
Knock at the Cabin,2023,2023-02-03,35397980.0,3657.0,Horror Mystery Thriller,,https://www.boxofficemojo.com/release/rl3793191681/?ref_=bo_yld_table_59,14127170.0,3643.0,,R,100.0,Universal Pictures,knock at the cabin,knock_at_the_cabin,20230202004449.0,,,,67.0,343.0,63.0,2023-02-03,2.0,4.0,2023.0,0,0,0,0,0,Universal,4,0,0,0,0,0,0,0,0,1,0,0,0,1,Horror Mystery Thriller,0,0.0,,0.0,16.463610522301323,17.382165342579203,False,False,False,False,False,False,False,False,True,False,False,True,False,False,False,False,False,False,False,False,False,False
Renaissance: A Film by Beyoncé,2023,2023-12-01,33889684.0,2542.0,Documentary Music,,https://www.boxofficemojo.com/release/rl347177729/?ref_=bo_yld_table_60,21801216.0,2539.0,,,169.0,AMC Theatres,renaissance a film by beyonc,,,,,,,,,2023-12-01,12.0,4.0,2023.0,0,0,1,0,1,Other,3,0,0,0,0,0,0,0,0,0,0,0,0,0,Documentary Music,0,0.0,,0.0,16.897476351889196,17.338621248762816,False,False,False,False,False,True,False,False,False,False,False,False,False,False,False,False,False,False,False,False,False,True
Missing,2023,2023-01-20,32502025.0,3025.0,Drama Mystery Thriller,,https://www.boxofficemojo.com/release/rl3403318017/?ref_=bo_yld_table_61,9154695.0,3025.0,,PG,111.0,Sony Pictures Releasing,missing,missing,,,,,60.0,1.0,60.0,2023-01-20,1.0,4.0,2023.0,1,0,0,0,0,Sony,2,0,0,0,0,0,1,0,0,0,0,0,0,1,Drama Mystery Thriller,0,0.0,,0.0,16.029777529641002,17.296812983818544,False,False,False,False,False,False,False,True,False,False,True,False,False,False,False,False,False,False,False,False,False,False
Plane,2023,2023-01-13,32111181.0,3060.0,Action Adventure Drama Thriller,,https://www.boxofficemojo.com/release/rl1992983297/?ref_=bo_yld_table_62,10265326.0,3023.0,,R,107.0,Lionsgate,plane,plane,20230111154256.0,,,,79.0,175.0,94.0,2023-01-13,1.0,4.0,2023.0,0,0,0,0,0,Lionsgate,4,1,1,0,0,0,1,0,0,0,0,0,0,1,Action Adventure Drama Thriller,0,0.0,,0.0,16.144282463748535,17.284714876350506,False,False,False,True,False,False,False,False,False,False,True,False,False,False,False,False,False,False,False,False,False,False
65,2023,2023-03-10,32062904.0,3405.0,Action Adventure Sci-Fi Thriller,,https://www.boxofficemojo.com/release/rl4235821825/?ref_=bo_yld_table_63,12328361.0,3405.0,,PG,93.0,Sony Pictures Releasing,65,65,,,,,35.0,130.0,64.0,2023-03-10,3.0,4.0,2023.0,0,0,0,1,0,Sony,2,1,1,0,0,0,0,0,0,0,0,0,1,1,Action Adventure Sci-Fi Thriller,0,0.0,,0.0,16.327413019600293,17.28321031239443,False,False,False,False,False,False,False,True,False,False,False,False,True,False,False,False,False,False,False,False,False,False
Thanksgiving,2023,2023-11-17,31908884.0,3204.0,Horror Mystery Thriller,,https://www.boxofficemojo.com/release/rl2760606465/?ref_=bo_yld_table_64,10306272.0,3204.0,,R,106.0,TriStar Pictures,thanksgiving,thanksgiving_2023,20231116221219.0,87.0,45.0,,83.0,149.0,77.0,2023-11-17,11.0,4.0,2023.0,0,0,1,0,0,Other,4,0,0,0,0,0,0,0,0,1,0,0,0,1,Horror Mystery Thriller,0,0.0,-4.0,3.828641396489095,16.148263296943103,17.278395055619495,False,False,False,False,False,True,False,False,False,False,False,False,False,False,False,False,False,False,False,False,True,False
My Big Fat Greek Wedding 3,2023,2023-09-08,28496030.0,3678.0,Comedy Drama Romance,,https://www.boxofficemojo.com/release/rl780174081/?ref_=bo_yld_table_65,10028675.0,3650.0,,PG,92.0,Focus Features,my big fat greek wedding 3,my_big_fat_greek_wedding_3,20230906041026.0,,,,31.0,97.0,71.0,2023-09-08,9.0,4.0,2023.0,0,0,0,0,1,Universal,2,0,0,0,1,0,1,0,0,0,0,1,0,0,Comedy Drama Romance,0,0.0,,0.0,16.12095914723679,17.165275372382972,False,False,False,False,False,False,False,False,True,False,False,False,False,False,False,False,False,False,True,False,False,False
Asteroid City,2023,Jun 16,28153025.0,1901.0,Comedy Drama Romance Sci-Fi,,https://www.boxofficemojo.com/release/rl1592820481/?ref_=bo_yld_table_66,853382.0,6.0,,PG,105.0,Focus Features,asteroid city,asteroid_city,,,,,76.0,362.0,62.0,,,,2023.0,0,0,0,0,0,Universal,2,0,0,0,1,0,1,0,0,0,0,1,1,0,Comedy Drama Romance Sci-Fi,0,0.0,,0.0,13.6569637292189,17.15316540233224,False,False,False,False,False,False,False,False,True,False,False,False,False,False,False,False,False,False,False,False,False,False
Magic Mike's Last Dance,2023,2023-02-10,26005156.0,3034.0,Comedy Drama,,https://www.boxofficemojo.com/release/rl503218945/?ref_=bo_yld_table_67,8305317.0,1496.0,,R,112.0,Warner Bros.,magic mikes last dance,magic_mikes_last_dance,20230208000731.0,,,,48.0,230.0,73.0,2023-02-10,2.0,4.0,2023.0,0,0,0,0,0,WB,4,0,0,0,1,0,1,0,0,0,0,0,0,0,Comedy Drama,0,0.0,,0.0,15.932406590483117,17.073805422471604,False,False,False,False,False,False,False,False,False,True,False,True,False,False,False,False,False,False,False,False,False,False
Anyone But You,2023,2023-12-22,88319668.0,3055.0,Comedy Romance,,https://www.boxofficemojo.com/release/rl3616572161/?ref_=bo_yld_table_68,6000344.0,3055.0,,R,103.0,Columbia Pictures,anyone but you,anyone_but_you,,,,,27.0,2.0,27.0,2023-12-22,12.0,4.0,2023.0,1,0,1,0,0,Sony,4,0,0,0,1,0,0,0,0,0,0,1,0,0,Comedy Romance,0,0.0,,0.0,15.607327525539267,18.296473392750528,False,False,False,False,False,False,False,True,False,False,False,False,False,False,False,False,False,False,False,False,False,True
Strays,2023,2023-08-18,23988885.0,3232.0,Adventure Comedy,,https://www.boxofficemojo.com/release/rl3174007553/?ref_=bo_yld_table_69,8247810.0,3223.0,,R,93.0,Universal Pictures,strays,strays-1997,,,,,40.0,5.0,44.0,2023-08-18,8.0,4.0,2023.0,0,1,0,0,0,Universal,4,0,1,0,1,0,0,0,0,0,0,0,0,0,Adventure Comedy,0,0.0,,0.0,15.925458389770414,16.993101197722687,False,False,False,False,False,False,False,False,True,False,False,False,False,False,False,False,False,True,False,False,False,False
The Boys in the Boat,2023,2023-12-25,52641306.0,2687.0,Biography Drama History Sport,,https://www.boxofficemojo.com/release/rl43614977/?ref_=bo_yld_table_70,8400548.0,2557.0,,PG,123.0,Amazon MGM Studios,the boys in the boat,the_boys_in_the_boat,20231228200716.0,,,,57.0,161.0,96.0,2023-12-25,12.0,0.0,2023.0,1,0,1,0,0,Amazon,2,0,0,0,0,0,1,0,0,0,0,0,0,0,Biography Drama History Sport,0,0.0,,0.0,15.943807618820713,17.779011673700456,False,True,False,False,False,False,False,False,False,False,False,False,False,False,False,False,False,False,False,False,False,True
Priscilla,2023,Oct 27,20960939.0,2361.0,Biography Drama Music Romance,,https://www.boxofficemojo.com/release/rl1218675457/?ref_=bo_yld_table_71,132139.0,4.0,,R,113.0,A24,priscilla,priscilla,,,,,84.0,303.0,64.0,,,,2023.0,0,0,0,0,0,A24,4,0,0,0,0,0,1,0,0,0,0,1,0,0,Biography Drama Music Romance,0,0.0,,0.0,11.791617245583877,16.85817126373975,True,False,False,False,False,False,False,False,False,False,False,False,False,False,False,False,False,False,False,False,False,False
"Are You There God? It's Me, Margaret.",2023,2023-04-28,20372406.0,3343.0,Comedy Drama Family,,https://www.boxofficemojo.com/release/rl4079649537/?ref_=bo_yld_table_72,6739037.0,3343.0,,PG,106.0,Lionsgate,are you there god its me margaret,are_you_there_god_its_me_margaret,20230427205128.0,,,,99.0,233.0,94.0,2023-04-28,4.0,4.0,2023.0,0,0,0,0,0,Lionsgate,2,0,0,0,1,0,1,1,0,0,0,0,0,0,Comedy Drama Family,0,0.0,,0.0,15.723427742731271,16.829691945188795,False,False,False,True,False,False,False,False,False,False,False,False,False,True,False,False,False,False,False,False,False,False
The Pope's Exorcist,2023,2023-04-14,20009380.0,3178.0,Horror Thriller,,https://www.boxofficemojo.com/release/rl1187939073/?ref_=bo_yld_table_73,9006368.0,3178.0,,R,103.0,Screen Gems,the popes exorcist,the_popes_exorcist,,,,,50.0,109.0,80.0,2023-04-14,4.0,4.0,2023.0,0,0,0,0,0,Other,4,0,0,0,0,0,0,0,0,1,0,0,0,1,Horror Thriller,0,0.0,,0.0,16.013442551689174,16.8117117715487,False,False,False,False,False,True,False,False,False,False,False,False,False,True,False,False,False,False,False,False,False,False
The Holdovers,2023,Oct 27,20355375.0,1601.0,Comedy Drama,,https://www.boxofficemojo.com/release/rl92504833/?ref_=bo_yld_table_74,211093.0,6.0,,R,133.0,Focus Features,the holdovers,the_holdovers,,,,,97.0,365.0,92.0,,,,2023.0,0,0,0,0,0,Universal,4,0,0,0,1,0,1,0,0,0,0,0,0,0,Comedy Drama,0,0.0,,0.0,12.260058810883928,16.82885561186848,False,False,False,False,False,False,False,False,True,False,False,False,False,False,False,False,False,False,False,False,False,False
The Blackening,2023,2023-06-16,17707207.0,1775.0,Comedy Horror Mystery Thriller,,https://www.boxofficemojo.com/release/rl2565833473/?ref_=bo_yld_table_75,6013131.0,1775.0,,R,97.0,Lionsgate,the blackening,the_blackening,,,,,87.0,147.0,85.0,2023-06-16,6.0,4.0,2023.0,0,1,0,0,0,Lionsgate,4,0,0,0,1,0,0,0,0,1,0,0,0,1,Comedy Horror Mystery Thriller,0,0.0,,0.0,15.609456302217142,16.689482346286177,False,False,False,True,False,False,False,False,False,False,False,False,False,False,False,True,False,False,False,False,False,False
Book Club: The Next Chapter,2023,2023-05-12,17581565.0,3513.0,Comedy Romance,,https://www.boxofficemojo.com/release/rl1943044865/?ref_=bo_yld_table_76,6677580.0,3508.0,,PG,107.0,Focus Features,book club the next chapter,book_club_the_next_chapter,20230510005900.0,,,,46.0,115.0,84.0,2023-05-12,5.0,4.0,2023.0,0,1,0,0,1,Universal,2,0,0,0,1,0,0,0,0,0,0,1,0,0,Comedy Romance,0,0.0,,0.0,15.714266354180964,16.682361524752345,False,False,False,False,False,False,False,False,True,False,False,False,False,False,True,False,False,False,False,False,False,False
Pathaan,2023,2023-01-25,17487476.0,697.0,Action Adventure Thriller,,https://www.boxofficemojo.com/release/rl1474921217/?ref_=bo_yld_table_77,6892182.0,695.0,,,146.0,Yash Raj Films USA Inc.,pathaan,pathaan,20230126234407.0,,,,85.0,33.0,78.0,2023-01-25,1.0,2.0,2023.0,0,0,0,0,0,Other,3,1,1,0,0,0,0,0,0,0,0,0,0,1,Action Adventure Thriller,0,0.0,,0.0,15.74589842880211,16.676995582729848,False,False,False,False,False,True,False,False,False,False,True,False,False,False,False,False,False,False,False,False,False,False
Black Panther: Wakanda Forever,2023,2022-11-11,453829060.0,4396.0,Action Adventure Animation Drama Sci-Fi,,https://www.boxofficemojo.com/release/rl3573908993/?ref_=bo_yld_table_78,181339761.0,4396.0,250000000.0,PG,161.0,Walt Disney Studios Motion Pictures,black panther wakanda forever,black_panther_wakanda_forever,20221109011427.0,,,,84.0,450.0,93.0,2022-11-11,11.0,4.0,2022.0,0,0,1,0,1,Disney,2,1,1,1,0,0,1,0,0,0,0,0,1,0,Action Adventure Animation Drama Sci-Fi,1,19.33697147982652,,0.0,19.015882967729574,19.93323116748392,False,False,True,False,False,False,False,False,False,False,False,False,False,False,False,False,False,False,False,False,True,False
Renfield,2023,2023-04-14,17297895.0,3378.0,Action Comedy Fantasy Horror,,https://www.boxofficemojo.com/release/rl590381825/?ref_=bo_yld_table_79,8026475.0,3375.0,,R,93.0,Universal Pictures,renfield,renfield,20230412015600.0,72.0,29.0,,58.0,305.0,78.0,2023-04-14,4.0,4.0,2023.0,0,0,0,0,0,Universal,4,1,0,0,1,0,0,0,1,1,0,0,0,0,Action Comedy Fantasy Horror,0,0.0,-14.0,3.4011973816621555,15.898256135301827,16.666095433574768,False,False,False,False,False,False,False,False,True,False,False,False,False,True,False,False,False,False,False,False,False,False
The Blind,2023,2023-09-28,17265487.0,1715.0,Drama,,https://www.boxofficemojo.com/release/rl2123662081/?ref_=bo_yld_table_80,4341725.0,1715.0,,PG,108.0,Fathom Events,the blind,the_blind,,,,,98.0,515.0,98.0,2023-09-28,9.0,3.0,2023.0,0,0,0,0,0,Other,2,0,0,0,0,0,1,0,0,0,0,0,0,0,Drama,0,0.0,,0.0,15.283782522869087,16.664220153683345,False,False,False,False,False,True,False,False,False,False,False,False,False,False,False,False,False,False,True,False,False,False
The Covenant,2023,2023-04-21,16938039.0,2631.0,Action Drama Thriller War,,https://www.boxofficemojo.com/release/rl1928692481/?ref_=bo_yld_table_81,6380188.0,2611.0,55000000.0,R,123.0,,the covenant,,,,,,,,,2023-04-21,4.0,4.0,2023.0,0,0,0,0,0,Other,4,1,0,0,0,0,1,0,0,0,0,0,0,1,Action Drama Thriller War,1,17.822843761378564,,0.0,15.668708278706648,16.645072538014794,False,False,False,False,False,True,False,False,False,False,False,False,False,True,False,False,False,False,False,False,False,False
The Expendables 4,2023,2023-09-22,16710153.0,3518.0,Action Adventure Thriller War,,https://www.boxofficemojo.com/release/rl2783019777/?ref_=bo_yld_table_82,8039021.0,3518.0,,R,103.0,Lionsgate,the expendables 4,expend4bles,20230921004021.0,,,,14.0,123.0,69.0,2023-09-22,9.0,4.0,2023.0,0,0,0,0,1,Lionsgate,4,1,1,0,0,0,0,0,0,0,0,0,0,1,Action Adventure Thriller War,0,0.0,,0.0,15.899817991965142,16.63152711656741,False,False,False,True,False,False,False,False,False,False,False,False,False,False,False,False,False,False,True,False,False,False
Champions,2023,2023-03-10,16397335.0,3039.0,Comedy Drama Sport,,https://www.boxofficemojo.com/release/rl2395767553/?ref_=bo_yld_table_83,5148740.0,3030.0,,PG,124.0,Focus Features,champions,champions,,,,,74.0,7.0,74.0,2023-03-10,3.0,4.0,2023.0,0,0,0,1,0,Universal,2,0,0,0,1,0,1,0,0,0,0,0,0,0,Comedy Drama Sport,0,0.0,,0.0,15.454262776733813,16.61262944057539,False,False,False,False,False,False,False,False,True,False,False,False,True,False,False,False,False,False,False,False,False,False
The Iron Claw,2023,2023-12-22,35070296.0,2794.0,Biography Drama Sport,,https://www.boxofficemojo.com/release/rl1537442561/?ref_=bo_yld_table_84,4868370.0,2774.0,,R,132.0,A24,the iron claw,the_iron_claw_1916,,,,,100.0,5.0,100.0,2023-12-22,12.0,4.0,2023.0,1,0,1,0,0,A24,4,0,0,0,0,0,1,0,0,0,0,0,0,0,Biography Drama Sport,0,0.0,,0.0,15.398269942182282,17.372865090857232,True,False,False,False,False,False,False,False,False,False,False,False,False,False,False,False,False,False,False,False,False,True
Ruby Gillman: Teenage Kraken,2023,2023-06-30,15753600.0,3408.0,Action Adventure Animation Comedy,,https://www.boxofficemojo.com/release/rl176587521/?ref_=bo_yld_table_85,5500990.0,3400.0,,PG,91.0,DreamWorks,ruby gillman teenage kraken,ruby_gillman_teenage_kraken,20230628204434.0,67.0,18.0,,65.0,105.0,81.0,2023-06-30,6.0,4.0,2023.0,0,1,0,0,1,Universal,2,1,1,1,1,0,0,0,0,0,0,0,0,0,Action Adventure Animation Comedy,0,0.0,-2.0,2.9444389791664403,15.520438815790087,16.57257953202357,False,False,False,False,False,False,False,False,True,False,False,False,False,False,False,True,False,False,False,False,False,False
Jawan,2023,2023-09-07,15198530.0,826.0,Action Crime Drama Thriller,,https://www.boxofficemojo.com/release/rl2106360577/?ref_=bo_yld_table_86,6124963.0,826.0,,,169.0,Yash Raj Films USA Inc.,jawan,jawan,,,,,89.0,37.0,82.0,2023-09-07,9.0,3.0,2023.0,1,0,0,0,0,Other,3,1,0,0,0,1,1,0,0,0,0,0,0,1,Action Crime Drama Thriller,0,0.0,,0.0,15.627883436826771,16.53670933640926,False,False,False,False,False,True,False,False,False,False,False,False,False,False,False,False,False,False,True,False,False,False
Titanic,2023,2023-02-10,15096069.0,2464.0,Drama Romance,,https://www.boxofficemojo.com/release/rl3167650561/?ref_=bo_yld_table_87,6714684.0,2464.0,200000000.0,PG,194.0,Paramount Pictures,titanic,titanic,,,,,88.0,256.0,69.0,2023-02-10,2.0,4.0,2023.0,0,0,0,0,0,Paramount,2,0,0,0,0,0,1,0,0,0,0,1,0,0,Drama Romance,1,19.11382792951231,,0.0,15.71980747693597,16.529945003009704,False,False,False,False,False,False,True,False,False,False,False,True,False,False,False,False,False,False,False,False,False,False
Animal,2023,2023-12-01,15004482.0,698.0,Action Crime Drama Thriller,,https://www.boxofficemojo.com/release/rl3300557569/?ref_=bo_yld_table_88,6524534.0,698.0,,,204.0,,animal,animal_2023,,,,,100.0,5.0,,2023-12-01,12.0,4.0,2023.0,0,0,1,0,0,Other,3,1,0,0,0,1,1,0,0,0,0,0,0,1,Action Crime Drama Thriller,0,0.0,,0.0,15.69108024426579,16.523859581081403,False,False,False,False,False,True,False,False,False,False,False,False,False,False,False,False,False,False,False,False,False,True
Dumb Money,2023,Sep 15,13925356.0,2837.0,Biography Comedy Drama,,https://www.boxofficemojo.com/release/rl3028583169/?ref_=bo_yld_table_89,220947.0,8.0,,R,105.0,Sony Pictures Releasing,dumb money,dumb_money,,,,,84.0,234.0,85.0,,,,2023.0,0,0,0,0,0,Sony,4,0,0,0,1,0,1,0,0,0,0,0,0,0,Biography Comedy Drama,0,0.0,,0.0,12.30568265869624,16.4492219807919,False,False,False,False,False,False,False,True,False,False,False,False,False,False,False,False,False,False,False,False,False,False
The Last Voyage of the Demeter,2023,2023-08-11,13637180.0,2715.0,Fantasy Horror Thriller,,https://www.boxofficemojo.com/release/rl2382856961/?ref_=bo_yld_table_90,6504950.0,2715.0,,R,118.0,Universal Pictures,the last voyage of the demeter,the_last_voyage_of_the_demeter,20230810163121.0,,,,50.0,201.0,73.0,2023-08-11,8.0,4.0,2023.0,0,1,0,0,0,Universal,4,0,0,0,0,0,0,0,1,1,0,0,0,1,Fantasy Horror Thriller,0,0.0,,0.0,15.688074137233192,16.428310517465828,False,False,False,False,False,False,False,False,True,False,False,False,False,False,False,False,False,True,False,False,False,False
Joy Ride,2023,2023-07-07,12897789.0,2820.0,Comedy,,https://www.boxofficemojo.com/release/rl2732688129/?ref_=bo_yld_table_91,5806277.0,2820.0,,R,95.0,Lionsgate,joy ride,joy_ride,,,,,74.0,116.0,66.0,2023-07-07,7.0,4.0,2023.0,1,1,0,0,0,Lionsgate,4,0,0,0,1,0,0,0,0,0,0,0,0,0,Comedy,0,0.0,,0.0,15.574450303922324,16.372566536825868,False,False,False,True,False,False,False,False,False,False,False,False,False,False,False,False,True,False,False,False,False,False
His Only Son,2023,2023-03-31,12392740.0,1930.0,Drama History,,https://www.boxofficemojo.com/release/rl528515841/?ref_=bo_yld_table_92,5501070.0,1920.0,,PG,106.0,Angel,his only son,his_only_son,,,,,91.0,11.0,96.0,2023-03-31,3.0,4.0,2023.0,0,0,0,1,0,Other,2,0,0,0,0,0,1,0,0,0,0,0,0,0,Drama History,0,0.0,,0.0,15.520453358518532,16.33262145593409,False,False,False,False,False,True,False,False,False,False,False,False,True,False,False,False,False,False,False,False,False,False
The Whale,2023,2022-12-09,17463630.0,1721.0,Drama,,https://www.boxofficemojo.com/release/rl4040786689/?ref_=bo_yld_table_93,332152.0,6.0,,R,117.0,A24,the whale,the_whale,,,,,86.0,22.0,83.0,2022-12-09,12.0,4.0,2022.0,0,0,1,0,0,A24,4,0,0,0,0,0,1,0,0,0,0,0,0,0,Drama,0,0.0,,0.0,12.713350985116424,16.675631047808665,True,False,False,False,False,False,False,False,False,False,False,False,False,False,False,False,False,False,False,False,False,True
About My Father,2023,2023-05-26,12089391.0,2464.0,Comedy,,https://www.boxofficemojo.com/release/rl2950791937/?ref_=bo_yld_table_94,4321148.0,2464.0,,PG,90.0,Lionsgate,about my father,about_my_father_2023,20230524231032.0,,,,36.0,86.0,81.0,2023-05-26,5.0,4.0,2023.0,1,1,0,0,0,Lionsgate,2,0,0,0,1,0,0,0,0,0,0,0,0,0,Comedy,0,0.0,,0.0,15.279031897078175,16.307838931830965,False,False,False,True,False,False,False,False,False,False,False,False,False,False,True,False,False,False,False,False,False,False
Bottoms,2023,2023-08-25,12036071.0,1265.0,Comedy,,https://www.boxofficemojo.com/release/rl93946625/?ref_=bo_yld_table_95,461052.0,10.0,,R,91.0,Orion Pictures,bottoms,bottoms,20230824233657.0,,,,91.0,226.0,89.0,2023-08-25,8.0,4.0,2023.0,0,1,0,0,0,Other,4,0,0,0,1,0,0,0,0,0,0,0,0,0,Comedy,0,0.0,,0.0,13.041268282832572,16.30341869876802,False,False,False,False,False,True,False,False,False,False,False,False,False,False,False,False,False,True,False,False,False,False
The Shift,2023,2023-12-01,12118219.0,2450.0,Action Romance Sci-Fi Thriller,,https://www.boxofficemojo.com/release/rl2219016193/?ref_=bo_yld_table_96,4300165.0,2450.0,,PG,115.0,Angel,the shift,the_shift,20231127180638.0,,,,62.0,2.0,62.0,2023-12-01,12.0,4.0,2023.0,0,0,1,0,0,Other,2,1,0,0,0,0,0,0,0,0,0,1,1,1,Action Romance Sci-Fi Thriller,0,0.0,,0.0,15.274164184569813,16.3102206631333,False,False,False,False,False,True,False,False,False,False,False,False,False,False,False,False,False,False,False,False,False,True
After Death,2023,2023-10-27,11478326.0,2730.0,Documentary,,https://www.boxofficemojo.com/release/rl1236108033/?ref_=bo_yld_table_97,5051950.0,2645.0,,PG,108.0,Angel,after death,after_death,,,,,47.0,17.0,87.0,2023-10-27,10.0,4.0,2023.0,0,0,0,0,0,Other,2,0,0,0,0,0,0,0,0,0,0,0,0,0,Documentary,0,0.0,,0.0,15.435285063276424,16.255971206528482,False,False,False,False,False,True,False,False,False,False,False,False,False,False,False,False,False,False,False,True,False,False
Saltburn,2023,Nov 17,11425829.0,1566.0,Drama Thriller,,https://www.boxofficemojo.com/release/rl104955905/?ref_=bo_yld_table_98,322651.0,7.0,,R,131.0,Amazon MGM Studios,saltburn,saltburn,,,,,72.0,301.0,79.0,,,,2023.0,0,0,0,0,0,Amazon,4,0,0,0,0,0,1,0,0,0,0,0,0,1,Drama Thriller,0,0.0,,0.0,12.684329622012061,16.251387139808234,False,True,False,False,False,False,False,False,False,False,False,False,False,False,False,False,False,False,False,False,False,False
Past Lives,2023,2023-06-02,11331983.0,906.0,Drama Romance,,https://www.boxofficemojo.com/release/rl3498410753/?ref_=bo_yld_table_99,232266.0,4.0,,PG,105.0,A24,past lives,past_lives,,,,,95.0,320.0,93.0,2023-06-02,6.0,4.0,2023.0,0,1,0,0,0,A24,2,0,0,0,0,0,1,0,0,0,0,1,0,0,Drama Romance,0,0.0,,0.0,12.355642850983322,16.24313972800073,True,False,False,False,False,False,False,False,False,False,False,False,False,False,False,True,False,False,False,False,False,False
Suzume,2023,2023-04-14,10932037.0,2170.0,Adventure Animation Drama Fantasy,,https://www.boxofficemojo.com/release/rl2163311361/?ref_=bo_yld_table_100,5001705.0,2170.0,,PG,122.0,Crunchyroll,suzume,suzume,,,,,96.0,137.0,98.0,2023-04-14,4.0,4.0,2023.0,0,0,0,0,0,Other,2,0,1,1,0,0,1,0,1,0,0,0,0,0,Adventure Animation Drama Fantasy,0,0.0,,0.0,15.425289612202892,16.207208302057715,False,False,False,False,False,True,False,False,False,False,False,False,False,True,False,False,False,False,False,False,False,False
Ferrari,2023,2023-12-25,18550028.0,2386.0,Biography Drama History Sport,,https://www.boxofficemojo.com/release/rl390496257/?ref_=bo_yld_table_101,3921773.0,2386.0,,R,130.0,Neon,ferrari,ferrari_2023,,,,,73.0,260.0,73.0,2023-12-25,12.0,0.0,2023.0,1,0,1,0,0,Other,4,0,0,0,0,0,1,0,0,0,0,0,0,0,Biography Drama History Sport,0,0.0,,0.0,15.182054660416725,16.735981910358813,False,False,False,False,False,True,False,False,False,False,False,False,False,False,False,False,False,False,False,False,False,True
The Machine,2023,2023-05-26,10458331.0,2409.0,Action Comedy,,https://www.boxofficemojo.com/release/rl3287778049/?ref_=bo_yld_table_102,5000545.0,2409.0,,R,112.0,Sony Pictures Releasing,the machine,the_machine_2023,,,,,31.0,26.0,86.0,2023-05-26,5.0,4.0,2023.0,1,1,0,0,0,Sony,4,1,0,0,1,0,0,0,0,0,0,0,0,0,Action Comedy,0,0.0,,0.0,15.425057664436489,16.162909539258063,False,False,False,False,False,False,False,True,False,False,False,False,False,False,True,False,False,False,False,False,False,False
Whitney Houston: I Wanna Dance with Somebody,2023,2022-12-23,23708080.0,3625.0,Biography Drama Music,,https://www.boxofficemojo.com/release/rl101810945/?ref_=bo_yld_table_103,4700450.0,3625.0,,R,144.0,TriStar Pictures,whitney houston i wanna dance with somebody,whitney_houston_i_wanna_dance_with_somebody,20221222213608.0,,,,43.0,135.0,92.0,2022-12-23,12.0,4.0,2022.0,1,0,1,0,1,Other,4,0,0,0,0,0,1,0,0,0,0,0,0,0,Biography Drama Music,0,0.0,,0.0,15.363169019523474,16.981326518452278,False,False,False,False,False,True,False,False,False,False,False,False,False,False,False,False,False,False,False,False,False,True
Poor Things,2023,2023-12-08,34553225.0,2300.0,Comedy Drama Romance Sci-Fi,,https://www.boxofficemojo.com/release/rl3566306049/?ref_=bo_yld_table_104,661230.0,9.0,,R,141.0,Searchlight Pictures,poor things,poor_things,20231204195329.0,,,,92.0,381.0,80.0,2023-12-08,12.0,4.0,2023.0,0,0,1,0,0,Disney,4,0,0,0,1,0,1,0,0,0,0,1,1,0,Comedy Drama Romance Sci-Fi,0,0.0,,0.0,13.401858528282474,17.35801147574381,False,False,True,False,False,False,False,False,False,False,False,False,False,False,False,False,False,False,False,False,False,True
The Nightmare Before Christmas,2023,2023-10-20,10251956.0,2185.0,Adventure Animation Family Fantasy Musical,,https://www.boxofficemojo.com/release/rl2880799489/?ref_=bo_yld_table_105,4292207.0,1650.0,,PG,76.0,Walt Disney Studios Motion Pictures,the nightmare before christmas,the_nightmare_before_christmas,,,,,95.0,107.0,91.0,2023-10-20,10.0,4.0,2023.0,0,0,0,0,0,Disney,2,0,1,1,0,0,0,1,1,0,1,0,0,0,Adventure Animation Family Fantasy Musical,0,0.0,,0.0,15.272311843813828,16.14297917215375,False,False,True,False,False,False,False,False,False,False,False,False,False,False,False,False,False,False,False,True,False,False
Demon Slayer: Kimetsu No Yaiba - To the Swordsmith Village,2023,2023-03-03,10117806.0,1774.0,Action Adventure Animation Fantasy Thriller,,https://www.boxofficemojo.com/release/rl3313664769/?ref_=bo_yld_table_106,10117806.0,1774.0,,R,110.0,Crunchyroll,demon slayer kimetsu no yaiba  to the swordsmith village,demon_slayer_kimetsu_no_yaiba_to_the_swordsmith_village,20230227022812.0,,,,75.0,8.0,69.0,2023-03-03,3.0,4.0,2023.0,0,0,0,1,1,Other,4,1,1,1,0,0,0,0,1,0,0,0,0,1,Action Adventure Animation Fantasy Thriller,0,0.0,,0.0,16.1298074987361,16.1298074987361,False,False,False,False,False,True,False,False,False,False,False,False,True,False,False,False,False,False,False,False,False,False
House Party,2023,Jan 13,9002247.0,1400.0,Comedy,,https://www.boxofficemojo.com/release/rl1456964353/?ref_=bo_yld_table_107,3985882.0,1400.0,,R,100.0,Warner Bros.,house party,house_party,,,,,94.0,35.0,81.0,,,,2023.0,0,0,0,0,0,WB,4,0,0,0,1,0,0,0,0,0,0,0,0,0,Comedy,0,0.0,,0.0,15.198269426589507,16.012984881888997,False,False,False,False,False,False,False,False,False,True,False,False,False,False,False,False,False,False,False,False,False,False
Radical,2023,2023-11-03,8702731.0,534.0,Drama,,https://www.boxofficemojo.com/release/rl1335788289/?ref_=bo_yld_table_108,2658047.0,419.0,,PG,125.0,Pantelion Films,radical,radical,,,,,96.0,74.0,99.0,2023-11-03,11.0,4.0,2023.0,0,0,1,0,0,Other,2,0,0,0,0,0,1,0,0,0,0,0,0,0,Drama,0,0.0,,0.0,14.793102576783017,15.979147557318418,False,False,False,False,False,True,False,False,False,False,False,False,False,False,False,False,False,False,False,False,True,False
Salaar,2023,2023-12-22,8929282.0,802.0,Action Crime Drama Thriller,,https://www.boxofficemojo.com/release/rl2487451649/?ref_=bo_yld_table_109,5618511.0,802.0,,,175.0,,salaar,,,,,,,,,2023-12-22,12.0,4.0,2023.0,1,0,1,0,0,Other,3,1,0,0,0,1,1,0,0,0,0,0,0,1,Action Crime Drama Thriller,0,0.0,,0.0,15.541577418129183,16.00484665847576,False,False,False,False,False,True,False,False,False,False,False,False,False,False,False,False,False,False,False,False,False,True
Silent Night,2023,2023-12-01,8012103.0,1873.0,Action Crime Drama Thriller,,https://www.boxofficemojo.com/release/rl1018987265/?ref_=bo_yld_table_110,3010207.0,1870.0,,R,104.0,Lionsgate,silent night,silent_night_2023,,,,,60.0,124.0,50.0,2023-12-01,12.0,4.0,2023.0,0,0,1,0,0,Lionsgate,4,1,0,0,0,1,1,0,0,0,0,0,0,1,Action Crime Drama Thriller,0,0.0,,0.0,14.91751973732759,15.896463956212806,False,False,False,True,False,False,False,False,False,False,False,False,False,False,False,False,False,False,False,False,False,True
Beau Is Afraid,2023,Apr 14,8176562.0,2125.0,Comedy Drama Horror Thriller,,https://www.boxofficemojo.com/release/rl1022984961/?ref_=bo_yld_table_111,320396.0,4.0,,R,179.0,A24,beau is afraid,beau_is_afraid,,,,,67.0,272.0,71.0,,,,2023.0,0,0,0,0,0,A24,4,0,0,0,1,0,1,0,0,1,0,0,0,1,Comedy Drama Horror Thriller,0,0.0,,0.0,12.677316130836624,15.916782449133155,True,False,False,False,False,False,False,False,False,False,False,False,False,False,False,False,False,False,False,False,False,False
The Hill,2023,2023-08-25,7665865.0,1703.0,Biography Drama Sport,,https://www.boxofficemojo.com/release/rl1476166401/?ref_=bo_yld_table_112,2301931.0,1570.0,,PG,126.0,Briarcliff Entertainment,the hill,the_hill,,,,,44.0,36.0,97.0,2023-08-25,8.0,4.0,2023.0,0,1,0,0,0,Other,2,0,0,0,0,0,1,0,0,0,0,0,0,0,Biography Drama Sport,0,0.0,,0.0,14.649259328296822,15.852288044989013,False,False,False,False,False,True,False,False,False,False,False,False,False,False,False,False,False,True,False,False,False,False
Sisu,2023,Apr 28,7265622.0,1006.0,Action Thriller War,,https://www.boxofficemojo.com/release/rl2306900737/?ref_=bo_yld_table_113,3330891.0,1006.0,,R,91.0,Lionsgate,sisu,sisu_2022,,,,,94.0,184.0,88.0,,,,2023.0,0,0,0,0,0,Lionsgate,4,1,0,0,0,0,0,0,0,0,0,0,0,1,Action Thriller War,0,0.0,,0.0,15.018750693954303,15.798664604923104,False,False,False,True,False,False,False,False,False,False,False,False,False,False,False,False,False,False,False,False,False,False
Star Wars: Episode VI - Return of the Jedi,2023,2023-04-28,7259924.0,475.0,Adventure Fantasy Sci-Fi,,https://www.boxofficemojo.com/release/rl1133413121/?ref_=bo_yld_table_114,5100654.0,475.0,32500000.0,PG,131.0,,star wars episode vi  return of the jedi,star_wars_episode_vi_return_of_the_jedi,,,,,83.0,169.0,94.0,2023-04-28,4.0,4.0,2023.0,0,0,0,0,1,Other,2,0,1,0,0,0,0,0,1,0,0,0,1,0,Adventure Fantasy Sci-Fi,1,17.296750678069195,,0.0,15.4448795208205,15.797880056169106,False,False,False,False,False,True,False,False,False,False,False,False,False,True,False,False,False,False,False,False,False,False
Everything Everywhere All at Once,2023,Mar 25,77191785.0,2220.0,Action Adventure Comedy Drama Fantasy Sci-Fi,,https://www.boxofficemojo.com/release/rl3861218049/?ref_=bo_yld_table_115,501305.0,10.0,,R,139.0,A24,everything everywhere all at once,everything_everywhere_all_at_once,,,,,93.0,406.0,79.0,,,,2023.0,0,0,0,0,0,A24,4,1,1,0,1,0,1,0,1,0,0,0,1,0,Action Adventure Comedy Drama Fantasy Sci-Fi,0,0.0,,0.0,13.124971972060878,18.1618036103705,True,False,False,False,False,False,False,False,False,False,False,False,False,False,False,False,False,False,False,False,False,False
Dunki,2023,2023-12-21,7460159.0,650.0,Action Adventure Comedy Drama Romance,,https://www.boxofficemojo.com/release/rl2847769345/?ref_=bo_yld_table_116,2714469.0,551.0,,,160.0,Yash Raj Films USA Inc.,dunki,dunki,,,,,48.0,23.0,74.0,2023-12-21,12.0,3.0,2023.0,1,0,1,0,0,Other,3,1,1,0,1,0,1,0,0,0,0,1,0,0,Action Adventure Comedy Drama Romance,0,0.0,,0.0,14.8141072805075,15.825087419671124,False,False,False,False,False,True,False,False,False,False,False,False,False,False,False,False,False,False,False,False,False,True
Retribution,2023,2023-08-25,6937696.0,1750.0,Action Mystery Thriller,,https://www.boxofficemojo.com/release/rl178029313/?ref_=bo_yld_table_118,3518830.0,1750.0,,R,91.0,Roadside Attractions,retribution,retribution_2023,,,,,30.0,92.0,67.0,2023-08-25,8.0,4.0,2023.0,0,1,0,0,0,Other,4,1,0,0,0,0,0,0,0,0,0,0,0,1,Action Mystery Thriller,0,0.0,,0.0,15.07363939014338,15.752480433030053,False,False,False,False,False,True,False,False,False,False,False,False,False,False,False,False,False,True,False,False,False,False
Journey to Bethlehem,2023,2023-11-10,6820796.0,2002.0,Adventure Family Musical Romance,,https://www.boxofficemojo.com/release/rl330924801/?ref_=bo_yld_table_119,2400446.0,2002.0,,PG,99.0,Affirm Films,journey to bethlehem,journey_to_bethlehem,,,,,74.0,23.0,93.0,2023-11-10,11.0,4.0,2023.0,0,0,1,0,0,Other,2,0,1,0,0,0,0,1,0,0,1,1,0,0,Adventure Family Musical Romance,0,0.0,,0.0,14.691165527975796,15.735486885161881,False,False,False,False,False,True,False,False,False,False,False,False,False,False,False,False,False,False,False,False,True,False
Next Goal Wins,2023,2023-11-17,6713826.0,2240.0,Comedy Drama Sport,,https://www.boxofficemojo.com/release/rl3805971201/?ref_=bo_yld_table_120,2500295.0,2240.0,,PG,104.0,Searchlight Pictures,next goal wins,next_goal_wins,,,,,100.0,32.0,89.0,2023-11-17,11.0,4.0,2023.0,0,0,1,0,0,Disney,2,0,0,0,1,0,1,0,0,0,0,0,0,0,Comedy Drama Sport,0,0.0,,0.0,14.731919682829702,15.719679689136225,False,False,True,False,False,False,False,False,False,False,False,False,False,False,False,False,False,False,False,False,True,False
Operation Fortune: Ruse de Guerre,2023,2023-03-03,6496125.0,2168.0,Action Adventure Comedy Thriller,,https://www.boxofficemojo.com/release/rl3305145089/?ref_=bo_yld_table_121,3140214.0,2168.0,,R,114.0,Lionsgate,operation fortune ruse de guerre,operation_fortune_ruse_de_guerre,20230302045212.0,,,,51.0,150.0,82.0,2023-03-03,3.0,4.0,2023.0,0,0,0,1,1,Lionsgate,4,1,1,0,1,0,0,0,0,0,0,0,0,1,Action Adventure Comedy Thriller,0,0.0,,0.0,14.95980182687796,15.686716557187264,False,False,False,True,False,False,False,False,False,False,False,False,True,False,False,False,False,False,False,False,False,False
BTS: Yet to Come in Cinemas,2023,2023-02-01,8481053.0,1210.0,Documentary Music,,https://www.boxofficemojo.com/release/rl1828487937/?ref_=bo_yld_table_122,8022774.0,1210.0,,,104.0,Trafalgar Releasing,bts yet to come in cinemas,bts_yet_to_come_in_cinemas,,,,,99.0,220.0,99.0,2023-02-01,2.0,2.0,2023.0,0,0,0,0,1,Other,3,0,0,0,0,0,0,0,0,0,0,0,0,0,Documentary Music,0,0.0,,0.0,15.897794929970113,15.953345292497248,False,False,False,False,False,True,False,False,False,False,False,True,False,False,False,False,False,False,False,False,False,False
Babylon,2023,2022-12-23,15658225.0,3351.0,Comedy Drama,,https://www.boxofficemojo.com/release/rl2308997633/?ref_=bo_yld_table_123,3603368.0,3343.0,,R,189.0,Paramount Pictures,babylon,babylon,20221221053445.0,,,,100.0,30.0,46.0,2022-12-23,12.0,4.0,2022.0,1,0,1,0,0,Paramount,4,0,0,0,1,0,1,0,0,0,0,0,0,0,Comedy Drama,0,0.0,,0.0,15.097379799140663,16.56650695986225,False,False,False,False,False,False,True,False,False,False,False,False,False,False,False,False,False,False,False,False,False,True
Love Again,2023,2023-05-05,6230837.0,2703.0,Comedy Drama Romance,,https://www.boxofficemojo.com/release/rl4031233/?ref_=bo_yld_table_124,2380962.0,2703.0,,PG,104.0,Screen Gems,love again,love_again,,,,,18.0,1.0,18.0,2023-05-05,5.0,4.0,2023.0,0,1,0,0,1,Other,2,0,0,0,1,0,1,0,0,0,0,1,0,0,Comedy Drama Romance,0,0.0,,0.0,14.683015585659051,15.645021392151305,False,False,False,False,False,True,False,False,False,False,False,False,False,False,True,False,False,False,False,False,False,False
Dream Scenario,2023,2023-11-10,5742193.0,1578.0,Comedy Drama Fantasy Horror,,https://www.boxofficemojo.com/release/rl2292482817/?ref_=bo_yld_table_125,220035.0,6.0,,R,102.0,A24,dream scenario,dream_scenario,,,,,91.0,241.0,69.0,2023-11-10,11.0,4.0,2023.0,0,0,1,0,0,A24,4,0,0,0,1,0,1,0,1,1,0,0,0,0,Comedy Drama Fantasy Horror,0,0.0,,0.0,12.301546448311166,15.563351925229641,True,False,False,False,False,False,False,False,False,False,False,False,False,False,False,False,False,False,False,False,True,False
The Fabelmans,2023,Nov 11,17348945.0,1962.0,Drama,,https://www.boxofficemojo.com/release/rl337871617/?ref_=bo_yld_table_126,161579.0,4.0,,PG,151.0,Universal Pictures,the fabelmans,the_fabelmans,,,,,92.0,398.0,83.0,,,,2023.0,0,0,0,0,0,Universal,2,0,0,0,0,0,1,0,0,0,0,0,0,0,Drama,0,0.0,,0.0,11.9927556550337,16.669042313232293,False,False,False,False,False,False,False,False,True,False,False,False,False,False,False,False,False,False,False,False,False,False
The Chosen Season 3 Finale,2023,2023-02-02,5525069.0,1979.0,Drama History,,https://www.boxofficemojo.com/release/rl1308394241/?ref_=bo_yld_table_127,3623742.0,1979.0,,,100.0,Fathom Events,the chosen season 3 finale,,,,,,,,,2023-02-02,2.0,3.0,2023.0,0,0,0,0,1,Other,3,0,0,0,0,0,1,0,0,0,0,0,0,0,Drama History,0,0.0,,0.0,15.10301802751555,15.524806474971088,False,False,False,False,False,True,False,False,False,False,False,True,False,False,False,False,False,False,False,False,False,False
Nefarious,2023,2023-04-14,5433685.0,933.0,Drama Horror Thriller,,https://www.boxofficemojo.com/release/rl1073644289/?ref_=bo_yld_table_128,1316266.0,933.0,,R,97.0,SDG Releasing,nefarious,nefarious_2023,,,,,32.0,19.0,96.0,2023-04-14,4.0,4.0,2023.0,0,0,0,0,0,Other,4,0,0,0,0,0,1,0,0,1,0,0,0,1,Drama Horror Thriller,0,0.0,,0.0,14.0903102578265,15.50812828297791,False,False,False,False,False,True,False,False,False,False,False,False,False,True,False,False,False,False,False,False,False,False
Big George Foreman,2023,2023-04-28,5426772.0,3054.0,Biography Drama Sport,,https://www.boxofficemojo.com/release/rl135365377/?ref_=bo_yld_table_129,2925364.0,3054.0,,PG,129.0,Sony Pictures Releasing,big george foreman,,,,,,,,,2023-04-28,4.0,4.0,2023.0,0,0,0,0,0,Sony,2,0,0,0,0,0,1,0,0,0,0,0,0,0,Biography Drama Sport,0,0.0,,0.0,14.888929817187714,15.506855224273181,False,False,False,False,False,False,False,True,False,False,False,False,False,True,False,False,False,False,False,False,False,False
Waitress: The Musical,2023,2023-12-07,5402148.0,1214.0,Comedy Drama Musical Romance,,https://www.boxofficemojo.com/release/rl306479105/?ref_=bo_yld_table_130,2847421.0,1214.0,,,144.0,Bleecker Street Media,waitress the musical,waitress_the_musical,,,,,100.0,20.0,98.0,2023-12-07,12.0,3.0,2023.0,0,0,1,0,1,Other,3,0,0,0,1,0,1,0,0,0,1,1,0,0,Comedy Drama Musical Romance,0,0.0,,0.0,14.861924581478776,15.502307395331208,False,False,False,False,False,True,False,False,False,False,False,False,False,False,False,False,False,False,False,False,False,True
Tiger 3,2023,2023-11-11,5365263.0,779.0,Action Adventure Thriller,,https://www.boxofficemojo.com/release/rl2410840833/?ref_=bo_yld_table_131,1913046.0,779.0,,,155.0,Yash Raj Films USA Inc.,tiger 3,tiger_3_2023,,,,,55.0,22.0,69.0,2023-11-11,11.0,5.0,2023.0,0,0,1,0,1,Other,3,1,1,0,0,0,0,0,0,0,0,0,0,1,Action Adventure Thriller,0,0.0,,0.0,14.464207816860782,15.495456140664789,False,False,False,False,False,True,False,False,False,False,False,False,False,False,False,False,False,False,False,False,True,False
Women Talking,2023,Dec 23,5456531.0,707.0,Drama,,https://www.boxofficemojo.com/release/rl784827137/?ref_=bo_yld_table_132,40530.0,8.0,,PG,104.0,United Artists Releasing,women talking,women_talking,,,,,90.0,298.0,80.0,,,,2023.0,0,0,0,0,0,Other,2,0,0,0,0,0,1,0,0,0,0,0,0,0,Drama,0,0.0,,0.0,10.609822392399646,15.512323981083282,False,False,False,False,False,True,False,False,False,False,False,False,False,False,False,False,False,False,False,False,False,False
Freelance,2023,2023-10-27,5314136.0,2057.0,Action Adventure Comedy Drama Thriller,,https://www.boxofficemojo.com/release/rl329679617/?ref_=bo_yld_table_133,2086000.0,2057.0,,R,108.0,Relativity Media,freelance,freelance_2023,,,,,10.0,39.0,78.0,2023-10-27,10.0,4.0,2023.0,0,0,0,0,0,Other,4,1,1,0,1,0,1,0,0,0,0,0,0,1,Action Adventure Comedy Drama Thriller,0,0.0,,0.0,14.550759393929125,15.485881185925539,False,False,False,False,False,True,False,False,False,False,False,False,False,False,False,False,False,False,False,True,False,False
Infinity Pool,2023,2023-01-27,5078400.0,1835.0,Crime Horror Mystery Sci-Fi Thriller,,https://www.boxofficemojo.com/release/rl4009329409/?ref_=bo_yld_table_134,2514364.0,1835.0,,R,117.0,Neon,infinity pool,infinity_pool_2023,,,,,87.0,236.0,52.0,2023-01-27,1.0,4.0,2023.0,0,0,0,0,0,Other,4,0,0,0,0,1,0,0,0,1,0,0,1,1,Crime Horror Mystery Sci-Fi Thriller,0,0.0,,0.0,14.737530844546788,15.440507006226621,False,False,False,False,False,True,False,False,False,False,True,False,False,False,False,False,False,False,False,False,False,False
Hocus Pocus,2023,2023-10-06,4929004.0,1430.0,Comedy Family Fantasy,,https://www.boxofficemojo.com/release/rl1018200833/?ref_=bo_yld_table_135,1609874.0,1430.0,,PG,96.0,Walt Disney Studios Motion Pictures,hocus pocus,hocus_pocus,20231002215624.0,,,,42.0,65.0,72.0,2023-10-06,10.0,4.0,2023.0,0,0,0,0,0,Disney,2,0,0,0,1,0,0,1,1,0,0,0,0,0,Comedy Family Fantasy,0,0.0,,0.0,14.291667094194972,15.410647700091545,False,False,True,False,False,False,False,False,False,False,False,False,False,False,False,False,False,False,False,True,False,False
You Hurt My Feelings,2023,2023-05-26,4830788.0,912.0,Comedy Drama Romance,,https://www.boxofficemojo.com/release/rl3699737345/?ref_=bo_yld_table_136,1396448.0,912.0,,R,93.0,A24,you hurt my feelings,you_hurt_my_feelings_2011,,,,,100.0,1.0,100.0,2023-05-26,5.0,4.0,2023.0,1,1,0,0,0,A24,4,0,0,0,1,0,1,0,0,0,0,1,0,0,Comedy Drama Romance,0,0.0,,0.0,14.149443143829396,15.390520366325205,True,False,False,False,False,False,False,False,False,False,False,False,False,False,True,False,False,False,False,False,False,False
Kandahar,2023,2023-05-26,4813132.0,2105.0,Action Adventure Drama Thriller War,,https://www.boxofficemojo.com/release/rl1375503105/?ref_=bo_yld_table_137,2325388.0,2105.0,,R,119.0,,kandahar,kandahar_le_soleil_derriere_la_lune,,,,,89.0,100.0,75.0,2023-05-26,5.0,4.0,2023.0,1,1,0,0,0,Other,4,1,1,0,0,0,1,0,0,0,0,0,0,1,Action Adventure Drama Thriller War,0,0.0,,0.0,14.659397894836488,15.386858781396073,False,False,False,False,False,True,False,False,False,False,False,False,False,False,True,False,False,False,False,False,False,False
Golda,2023,2023-08-25,4801781.0,883.0,Biography Drama History War,,https://www.boxofficemojo.com/release/rl3656090369/?ref_=bo_yld_table_138,1695959.0,883.0,,PG,100.0,Bleecker Street Media,golda,,,,,,,,,2023-08-25,8.0,4.0,2023.0,0,1,0,0,0,Other,2,0,0,0,0,0,1,0,0,0,0,0,0,0,Biography Drama History War,0,0.0,,0.0,14.343759510150196,15.384497656981889,False,False,False,False,False,True,False,False,False,False,False,False,False,False,False,False,False,True,False,False,False,False
It Lives Inside,2023,2023-09-22,4675092.0,2005.0,Drama Horror Thriller,,https://www.boxofficemojo.com/release/rl1487897345/?ref_=bo_yld_table_139,2607665.0,2005.0,,PG,99.0,Neon,it lives inside,it_lives_inside_2023,20230921205341.0,72.0,50.0,,64.0,118.0,46.0,2023-09-22,9.0,4.0,2023.0,0,0,0,0,0,Other,2,0,0,0,0,0,1,0,0,1,0,0,0,1,Drama Horror Thriller,0,0.0,-8.0,3.9318256327243257,14.773966126342678,15.357759613555189,False,False,False,False,False,True,False,False,False,False,False,False,False,False,False,False,False,False,True,False,False,False
Hypnotic,2023,2023-05-12,4500169.0,2118.0,Action Drama Mystery Sci-Fi Thriller,,https://www.boxofficemojo.com/release/rl982024961/?ref_=bo_yld_table_140,2401686.0,2118.0,,R,93.0,Ketchup Entertainment,hypnotic,hypnotic,,,,,25.0,20.0,25.0,2023-05-12,5.0,4.0,2023.0,0,1,0,0,0,Other,4,1,0,0,0,0,1,0,0,0,0,0,1,1,Action Drama Mystery Sci-Fi Thriller,0,0.0,,0.0,14.691681965054627,15.319625731804763,False,False,False,False,False,True,False,False,False,False,False,False,False,False,True,False,False,False,False,False,False,False
Stop Making Sense,2023,2023-09-22,5211310.0,786.0,Documentary Music,,https://www.boxofficemojo.com/release/rl933921537/?ref_=bo_yld_table_141,856797.0,264.0,,PG,88.0,CT & Co,stop making sense,stop_making_sense,,,,,100.0,71.0,97.0,2023-09-22,9.0,4.0,2023.0,0,0,0,0,0,Other,2,0,0,0,0,0,0,0,0,0,0,0,0,0,Documentary Music,0,0.0,,0.0,13.66095746384591,15.466342013553586,False,False,False,False,False,True,False,False,False,False,False,False,False,False,False,False,False,False,True,False,False,False
Marlowe,2023,2023-02-15,4350243.0,2281.0,Crime Drama Mystery Thriller,,https://www.boxofficemojo.com/release/rl1593606913/?ref_=bo_yld_table_142,1814094.0,2281.0,,R,109.0,,marlowe,marlowe,,,,,71.0,7.0,54.0,2023-02-15,2.0,2.0,2023.0,1,0,0,0,0,Other,4,0,0,0,0,1,1,0,0,0,0,0,0,1,Crime Drama Mystery Thriller,0,0.0,,0.0,14.411097278737975,15.285742493445795,False,False,False,False,False,True,False,False,False,False,False,True,False,False,False,False,False,False,False,False,False,False
The Amazing Maurice,2023,2023-02-03,4303645.0,1717.0,Adventure Animation Comedy Family Fantasy,,https://www.boxofficemojo.com/release/rl317883137/?ref_=bo_yld_table_143,1463195.0,1712.0,,PG,93.0,Viva Pictures,the amazing maurice,the_amazing_maurice,,,,,73.0,52.0,68.0,2023-02-03,2.0,4.0,2023.0,0,0,0,0,0,Other,2,0,1,1,1,0,0,1,1,0,0,0,0,0,Adventure Animation Comedy Family Fantasy,0,0.0,,0.0,14.196133642320776,15.274973128370485,False,False,False,False,False,True,False,False,False,False,False,True,False,False,False,False,False,False,False,False,False,False
Mummies,2023,2023-02-24,4275970.0,384.0,Adventure Animation Comedy Crime Family Fantasy Musical Romance,,https://www.boxofficemojo.com/release/rl2532410113/?ref_=bo_yld_table_144,422183.0,225.0,,PG,88.0,Warner Bros.,mummies,mummies,,,,,50.0,18.0,88.0,2023-02-24,2.0,4.0,2023.0,0,0,0,0,0,WB,2,0,1,1,1,1,0,1,1,0,1,1,0,0,Adventure Animation Comedy Crime Family Fantasy Musical Romance,0,0.0,,0.0,12.953196516946852,15.268521769064785,False,False,False,False,False,False,False,False,False,True,False,True,False,False,False,False,False,False,False,False,False,False
Theater Camp,2023,2023-07-14,4009945.0,555.0,Comedy,,https://www.boxofficemojo.com/release/rl1652851457/?ref_=bo_yld_table_145,301220.0,6.0,,PG,92.0,Searchlight Pictures,theater camp,theater_camp,,,,,86.0,182.0,90.0,2023-07-14,7.0,4.0,2023.0,0,1,0,0,0,Disney,2,0,0,0,1,0,0,0,0,0,0,0,0,0,Comedy,0,0.0,,0.0,12.61559949359301,15.204288332857915,False,False,True,False,False,False,False,False,False,False,False,False,False,False,False,False,True,False,False,False,False,False
Ponniyin Selvan: Part Two,2023,2023-04-28,3813000.0,,Action Adventure Drama,,https://www.boxofficemojo.com/release/rl848331521/?ref_=bo_yld_table_146,3813000.0,600.0,,,164.0,,ponniyin selvan part two,ponniyin_selvan_part_ii,,,,,88.0,8.0,88.0,2023-04-28,4.0,4.0,2023.0,0,0,0,0,1,Other,3,1,1,0,0,0,1,0,0,0,0,0,0,0,Action Adventure Drama,0,0.0,,0.0,15.153927101100354,15.153927101100354,False,False,False,False,False,True,False,False,False,False,False,False,False,True,False,False,False,False,False,False,False,False
Anatomy of a Fall,2023,2023-10-13,5076369.0,583.0,Crime Drama Mystery Thriller,,https://www.boxofficemojo.com/release/rl1739752193/?ref_=bo_yld_table_147,117848.0,5.0,,R,151.0,Neon,anatomy of a fall,anatomy_of_a_fall,,,,,96.0,287.0,91.0,2023-10-13,10.0,4.0,2023.0,0,0,0,0,0,Other,4,0,0,0,0,1,1,0,0,0,0,0,0,1,Crime Drama Mystery Thriller,0,0.0,,0.0,11.677159422965527,15.440106997200896,False,False,False,False,False,True,False,False,False,False,False,False,False,False,False,False,False,False,False,True,False,False
Left Behind: Rise of the Antichrist,2023,2023-01-26,3649422.0,1407.0,Action Drama Mystery Sci-Fi Thriller,,https://www.boxofficemojo.com/release/rl3337192193/?ref_=bo_yld_table_148,2553152.0,1407.0,,,115.0,Fathom Events,left behind rise of the antichrist,left_behind_rise_of_the_antichrist,,,,,97.0,387.0,97.0,2023-01-26,1.0,3.0,2023.0,0,0,0,0,1,Other,3,1,0,0,0,0,1,0,0,0,0,0,1,1,Action Drama Mystery Sci-Fi Thriller,0,0.0,,0.0,14.752839623922632,15.110079630870587,False,False,False,False,False,True,False,False,False,False,True,False,False,False,False,False,False,False,False,False,False,False
The Journey: A Music Special from Andrea Bocelli,2023,2023-04-02,3574915.0,1074.0,Documentary Music,,https://www.boxofficemojo.com/release/rl1049461505/?ref_=bo_yld_table_149,1201091.0,1074.0,,,105.0,Fathom Events,the journey a music special from andrea bocelli,the_journey_a_music_special_from_andrea_bocelli,,,,,96.0,411.0,96.0,2023-04-02,4.0,6.0,2023.0,0,0,0,0,1,Other,3,0,0,0,0,0,0,0,0,0,0,0,0,0,Documentary Music,0,0.0,,0.0,13.998741700959247,15.089452237330702,False,False,False,False,False,True,False,False,False,False,False,False,False,True,False,False,False,False,False,False,False,False
Chevalier,2023,2023-04-21,3541159.0,1281.0,Biography Drama History Music Romance,,https://www.boxofficemojo.com/release/rl165708545/?ref_=bo_yld_table_150,1521288.0,1275.0,,PG,108.0,Walt Disney Studios Motion Pictures,chevalier,chevalier,,,,,83.0,82.0,51.0,2023-04-21,4.0,4.0,2023.0,0,0,0,0,0,Disney,2,0,0,0,0,0,1,0,0,0,0,1,0,0,Biography Drama History Music Romance,0,0.0,,0.0,14.23506855976709,15.079964915049226,False,False,True,False,False,False,False,False,False,False,False,False,False,True,False,False,False,False,False,False,False,False
Mafia Mamma,2023,2023-04-14,3496761.0,2002.0,Action Comedy Crime,,https://www.boxofficemojo.com/release/rl646087425/?ref_=bo_yld_table_151,2032202.0,2002.0,,R,101.0,Bleecker Street Media,mafia mamma,mafia_mamma,,,,,21.0,108.0,67.0,2023-04-14,4.0,4.0,2023.0,0,0,0,0,0,Other,4,1,0,0,1,1,0,0,0,0,0,0,0,0,Action Comedy Crime,0,0.0,,0.0,14.524630984265483,15.067347955393723,False,False,False,False,False,True,False,False,False,False,False,False,False,True,False,False,False,False,False,False,False,False
A Thousand and One,2023,2023-03-31,3400020.0,926.0,Crime Drama,,https://www.boxofficemojo.com/release/rl3773006593/?ref_=bo_yld_table_153,1795695.0,926.0,,R,117.0,Focus Features,a thousand and one,a_thousand_and_one,20230330033513.0,,,,97.0,128.0,85.0,2023-03-31,3.0,4.0,2023.0,0,0,0,1,0,Universal,4,0,0,0,0,1,1,0,0,0,0,0,0,0,Crime Drama,0,0.0,,0.0,14.400903248483932,15.039292166037903,False,False,False,False,False,False,False,False,True,False,False,False,True,False,False,False,False,False,False,False,False,False
Violent Night,2023,2022-12-02,50057405.0,3723.0,Action Comedy Thriller,,https://www.boxofficemojo.com/release/rl4179395329/?ref_=bo_yld_table_154,13450240.0,3682.0,,R,112.0,Universal Pictures,violent night,violent_night,20221201214247.0,,,,74.0,215.0,88.0,2022-12-02,12.0,4.0,2022.0,0,0,1,0,0,Universal,4,1,0,0,1,0,0,0,0,0,0,0,0,1,Action Comedy Thriller,0,0.0,,0.0,16.414507582067206,17.728681024806694,False,False,False,False,False,False,False,False,True,False,False,False,False,False,False,False,False,False,False,False,False,True
What Happens Later,2023,2023-11-03,3273895.0,1492.0,Comedy Romance,,https://www.boxofficemojo.com/release/rl2931196673/?ref_=bo_yld_table_155,1522750.0,1492.0,,R,103.0,Bleecker Street Media,what happens later,what_happens_later,20231101215523.0,,,,51.0,74.0,28.0,2023-11-03,11.0,4.0,2023.0,0,0,1,0,0,Other,4,0,0,0,1,0,0,0,0,0,0,1,0,0,Comedy Romance,0,0.0,,0.0,14.236029125405132,15.001491270984129,False,False,False,False,False,True,False,False,False,False,False,False,False,False,False,False,False,False,False,False,True,False
2023 Oscar Nominated Short Films: Live Action,2023,2023-02-17,3025631.0,357.0,Drama,,https://www.boxofficemojo.com/release/rl2357232385/?ref_=bo_yld_table_156,734124.0,357.0,,,110.0,ShortsTV,2023 oscar nominated short films live action,,,,,,,,,2023-02-17,2.0,4.0,2023.0,1,0,0,0,1,Other,3,0,0,0,0,0,1,0,0,0,0,0,0,0,Drama,0,0.0,,0.0,13.50643459282482,14.922630553244996,False,False,False,False,False,True,False,False,False,False,False,True,False,False,False,False,False,False,False,False,False,False
Living,2023,2022-12-23,3038113.0,644.0,Drama,,https://www.boxofficemojo.com/release/rl3218244353/?ref_=bo_yld_table_157,22784.0,3.0,,PG,102.0,Sony Pictures Classics,living,,,,,,,,,2022-12-23,12.0,4.0,2022.0,1,0,1,0,0,Sony,2,0,0,0,0,0,1,0,0,0,0,0,0,0,Drama,0,0.0,,0.0,10.033857703697983,14.926747486121116,False,False,False,False,False,False,False,True,False,False,False,False,False,False,False,False,False,False,False,False,False,True
Jurassic Park,2023,2023-08-25,2970355.0,1224.0,Adventure Sci-Fi,,https://www.boxofficemojo.com/release/rl94995201/?ref_=bo_yld_table_158,1702955.0,1224.0,63000000.0,PG,127.0,Universal Pictures,jurassic park,jurassic_park,20230824204311.0,,,,91.0,203.0,91.0,2023-08-25,8.0,4.0,2023.0,0,1,0,0,0,Universal,2,0,1,0,0,0,0,0,0,0,0,0,1,0,Adventure Sci-Fi,1,17.958645300228824,,0.0,14.347876122552389,14.904192368915474,False,False,False,False,False,False,False,False,True,False,False,False,False,False,False,False,False,True,False,False,False,False
The Menu,2023,2022-11-18,38501125.0,3228.0,Comedy Horror Thriller,,https://www.boxofficemojo.com/release/rl2839380737/?ref_=bo_yld_table_159,9004957.0,3211.0,,R,107.0,Searchlight Pictures,the menu,the_menu,20221116204808.0,,,,88.0,337.0,76.0,2022-11-18,11.0,4.0,2022.0,0,0,1,0,0,Disney,4,0,0,0,1,0,0,0,0,1,0,0,0,1,Comedy Horror Thriller,0,0.0,,0.0,16.013285872505804,17.46619804558358,False,False,True,False,False,False,False,False,False,False,False,False,False,False,False,False,False,False,False,False,True,False
Tu Jhoothi Main Makkaar,2023,2023-03-08,2503604.0,400.0,Comedy Romance,,https://www.boxofficemojo.com/release/rl3657270017/?ref_=bo_yld_table_160,959688.0,400.0,,,150.0,Yash Raj Films USA Inc.,tu jhoothi main makkaar,tu_jhoothi_main_makkaar,,,,,29.0,14.0,62.0,2023-03-08,3.0,2.0,2023.0,0,0,0,1,0,Other,3,0,0,0,1,0,0,0,0,0,0,1,0,0,Comedy Romance,0,0.0,,0.0,13.77436455262485,14.73324225115483,False,False,False,False,False,True,False,False,False,False,False,False,True,False,False,False,False,False,False,False,False,False
The Miracle Club,2023,2023-07-14,2402780.0,677.0,Comedy Drama,,https://www.boxofficemojo.com/release/rl983663361/?ref_=bo_yld_table_162,664607.0,677.0,,PG,90.0,Sony Pictures Releasing,the miracle club,the_miracle_club,,,,,68.0,116.0,83.0,2023-07-14,7.0,4.0,2023.0,0,1,0,0,0,Sony,2,0,0,0,1,0,1,0,0,0,0,0,0,0,Comedy Drama,0,0.0,,0.0,13.406952672145861,14.692137374485561,False,False,False,False,False,False,False,True,False,False,False,False,False,False,False,False,True,False,False,False,False,False
A Good Person,2023,Mar 24,2210465.0,687.0,Drama,,https://www.boxofficemojo.com/release/rl566723329/?ref_=bo_yld_table_163,832007.0,530.0,,R,128.0,United Artists Releasing,a good person,a_good_person,,,,,57.0,120.0,96.0,,,,2023.0,0,0,0,0,0,Other,4,0,0,0,0,0,1,0,0,0,0,0,0,0,Drama,0,0.0,,0.0,13.631597335141734,14.608713910994654,False,False,False,False,False,True,False,False,False,False,False,False,False,False,False,False,False,False,False,False,False,False
Spirited Away: Live on Stage,2023,2023-04-23,1455081.0,1046.0,Adventure Family Fantasy,,https://www.boxofficemojo.com/release/rl3001450497/?ref_=bo_yld_table_164,702744.0,1046.0,,,170.0,,spirited away live on stage,,,,,,,,,2023-04-23,4.0,6.0,2023.0,0,0,0,0,1,Other,3,0,1,0,0,0,0,1,1,0,0,0,0,0,Adventure Family Fantasy,0,0.0,,0.0,13.46274937383774,14.190572814388029,False,False,False,False,False,True,False,False,False,False,False,False,False,True,False,False,False,False,False,False,False,False
Moving On,2023,2023-03-17,2136832.0,794.0,Comedy,,https://www.boxofficemojo.com/release/rl1374716673/?ref_=bo_yld_table_165,821961.0,794.0,,R,85.0,Roadside Attractions,moving on,moving_on,,,,,100.0,5.0,,2023-03-17,3.0,4.0,2023.0,1,0,0,1,0,Other,4,0,0,0,1,0,0,0,0,0,0,0,0,0,Comedy,0,0.0,,0.0,13.619449444259274,14.5748353843127,False,False,False,False,False,True,False,False,False,False,False,False,True,False,False,False,False,False,False,False,False,False
Skinamarink,2023,2023-01-13,2052272.0,809.0,Horror Mystery,,https://www.boxofficemojo.com/release/rl2767291137/?ref_=bo_yld_table_166,818943.0,692.0,,,100.0,IFC Films,skinamarink,skinamarink,,,,,73.0,137.0,44.0,2023-01-13,1.0,4.0,2023.0,0,0,0,0,0,Other,3,0,0,0,0,0,0,0,0,1,0,0,0,0,Horror Mystery,0,0.0,,0.0,13.61577098442908,14.53445851735931,False,False,False,False,False,True,False,False,False,False,True,False,False,False,False,False,False,False,False,False,False,False
Die Hard,2023,2023-12-08,2048453.0,1355.0,Action Thriller,,https://www.boxofficemojo.com/release/rl3108274177/?ref_=bo_yld_table_167,934421.0,1355.0,28000000.0,,132.0,20th Century Studios,die hard,die_hard,,,,,94.0,89.0,94.0,2023-12-08,12.0,4.0,2023.0,0,0,1,0,0,Disney,3,1,0,0,0,0,0,0,0,0,0,0,0,1,Action Thriller,1,17.147715103853763,,0.0,13.74768343529948,14.532595920261723,False,False,True,False,False,False,False,False,False,False,False,False,False,False,False,False,False,False,False,False,False,True
Jules,2023,2023-08-11,1924922.0,780.0,Comedy Drama Sci-Fi,,https://www.boxofficemojo.com/release/rl2325447425/?ref_=bo_yld_table_168,839622.0,780.0,,PG,87.0,Bleecker Street Media,jules,jules,,,,,86.0,111.0,90.0,2023-08-11,8.0,4.0,2023.0,0,1,0,0,0,Other,2,0,0,0,1,0,1,0,0,0,0,0,1,0,Comedy Drama Sci-Fi,0,0.0,,0.0,13.640708260550548,14.470396524904,False,False,False,False,False,True,False,False,False,False,False,False,False,False,False,False,False,True,False,False,False,False
Somewhere in Queens,2023,2023-04-21,1802442.0,602.0,Comedy Drama Sport,,https://www.boxofficemojo.com/release/rl1978434305/?ref_=bo_yld_table_169,671280.0,602.0,,R,106.0,Roadside Attractions,somewhere in queens,somewhere_in_queens,,,,,92.0,60.0,92.0,2023-04-21,4.0,4.0,2023.0,0,0,0,0,0,Other,4,0,0,0,1,0,1,0,0,0,0,0,0,0,Comedy Drama Sport,0,0.0,,0.0,13.416943106234177,14.404653524895046,False,False,False,False,False,True,False,False,False,False,False,False,False,True,False,False,False,False,False,False,False,False
The Marsh King's Daughter,2023,2023-11-03,1792905.0,1055.0,Crime Drama Mystery Thriller,,https://www.boxofficemojo.com/release/rl280265473/?ref_=bo_yld_table_170,849006.0,1055.0,,R,109.0,Lionsgate,the marsh kings daughter,the_marsh_kings_daughter,,,,,39.0,44.0,74.0,2023-11-03,11.0,4.0,2023.0,0,0,1,0,0,Lionsgate,4,0,0,0,0,1,1,0,0,0,0,0,0,1,Crime Drama Mystery Thriller,0,0.0,,0.0,13.651822710253604,14.399348325111468,False,False,False,True,False,False,False,False,False,False,False,False,False,False,False,False,False,False,False,False,True,False
Oldboy,2023,2023-08-16,1750719.0,250.0,Action Drama Mystery Thriller,,https://www.boxofficemojo.com/release/rl2460451585/?ref_=bo_yld_table_171,493386.0,250.0,,R,,Neon,oldboy,oldboy,,,,,82.0,160.0,94.0,2023-08-16,8.0,2.0,2023.0,0,1,0,0,0,Other,4,1,0,0,0,0,1,0,0,0,0,0,0,1,Action Drama Mystery Thriller,0,0.0,,0.0,13.109049134939445,14.375537689857598,False,False,False,False,False,True,False,False,False,False,False,False,False,False,False,False,False,True,False,False,False,False
Winnie-the-Pooh: Blood and Honey,2023,2023-02-15,2082898.0,1652.0,Horror,,https://www.boxofficemojo.com/release/rl3925050113/?ref_=bo_yld_table_172,652482.0,445.0,,,84.0,Fathom Events,winniethepooh blood and honey,winnie_the_pooh_blood_and_honey,20230215020250.0,,,,3.0,64.0,49.0,2023-02-15,2.0,2.0,2023.0,1,0,0,0,1,Other,3,0,0,0,0,0,0,0,0,1,0,0,0,0,Horror,0,0.0,,0.0,13.388540364199736,14.549271231309499,False,False,False,False,False,True,False,False,False,False,False,True,False,False,False,False,False,False,False,False,False,False
Fear,2023,2023-01-27,2090261.0,974.0,Horror,,https://www.boxofficemojo.com/release/rl772702977/?ref_=bo_yld_table_173,1227545.0,974.0,,R,98.0,,fear,la_paura_1954,,,,,43.0,3.0,43.0,2023-01-27,1.0,4.0,2023.0,0,0,0,0,0,Other,4,0,0,0,0,0,0,0,0,1,0,0,0,0,Horror,0,0.0,,0.0,14.020527612490412,14.552799974935905,False,False,False,False,False,True,False,False,False,False,True,False,False,False,False,False,False,False,False,False,False,False
Lost in the Stars,2023,2023-07-07,1721446.0,,Crime Drama Mystery,,https://www.boxofficemojo.com/release/rl883393281/?ref_=bo_yld_table_174,806815.0,,,,121.0,CMC Pictures,lost in the stars,,,,,,,,,2023-07-07,7.0,4.0,2023.0,1,1,0,0,0,Other,3,0,0,0,0,1,1,0,0,0,0,0,0,0,Crime Drama Mystery,0,0.0,,0.0,13.600850916298375,14.358675774182514,False,False,False,False,False,True,False,False,False,False,False,False,False,False,False,False,True,False,False,False,False,False
Creation of the Gods I: Kingdom of Storms,2023,2023-09-22,1706355.0,115.0,Action Adventure Drama Fantasy,,https://www.boxofficemojo.com/release/rl1487569665/?ref_=bo_yld_table_175,931140.0,115.0,,,148.0,Well Go USA Entertainment,creation of the gods i kingdom of storms,creation_of_the_gods_i_kingdom_of_storms,,,,,60.0,10.0,97.0,2023-09-22,9.0,4.0,2023.0,0,0,0,0,1,Other,3,1,1,0,0,0,1,0,1,0,0,0,0,0,Action Adventure Drama Fantasy,0,0.0,,0.0,13.744165994845508,14.349870660527882,False,False,False,False,False,True,False,False,False,False,False,False,False,False,False,False,False,False,True,False,False,False
American Fiction,2023,Dec 15,21098470.0,1902.0,Comedy Drama,,https://www.boxofficemojo.com/release/rl2073330433/?ref_=bo_yld_table_176,224469.0,7.0,,R,117.0,,american fiction,american_fiction,,,,,93.0,294.0,95.0,,,,2023.0,0,0,0,0,0,Other,4,0,0,0,1,0,1,0,0,0,0,0,0,0,Comedy Drama,0,0.0,,0.0,12.321497346945591,16.86471113136564,False,False,False,False,False,True,False,False,False,False,False,False,False,False,False,False,False,False,False,False,False,False
The Retirement Plan,2023,2023-09-15,1607344.0,1175.0,Action Adventure Comedy Crime Thriller,,https://www.boxofficemojo.com/release/rl4267671553/?ref_=bo_yld_table_177,757293.0,1175.0,,R,103.0,Falling Forward Films,the retirement plan,the_retirement_plan,,,,,63.0,19.0,62.0,2023-09-15,9.0,4.0,2023.0,0,0,0,0,0,Other,4,1,1,0,1,1,0,0,0,0,0,0,0,1,Action Adventure Comedy Crime Thriller,0,0.0,,0.0,13.537506832186597,14.290094307427806,False,False,False,False,False,True,False,False,False,False,False,False,False,False,False,False,False,False,True,False,False,False
Polite Society,2023,2023-04-28,1595585.0,927.0,Action Comedy,,https://www.boxofficemojo.com/release/rl1407615745/?ref_=bo_yld_table_178,817740.0,927.0,,PG,104.0,Focus Features,polite society,polite_society,,,,,91.0,176.0,84.0,2023-04-28,4.0,4.0,2023.0,0,0,0,0,0,Universal,2,1,0,0,1,0,0,0,0,0,0,0,0,0,Action Comedy,0,0.0,,0.0,13.614300939531445,14.28275162484604,False,False,False,False,False,False,False,False,True,False,False,False,False,True,False,False,False,False,False,False,False,False
That Time I Got Reincarnated as a Slime the Movie: Scarlet Bond,2023,2023-01-20,2500000.0,1473.0,Action Adventure Animation Fantasy,,https://www.boxofficemojo.com/release/rl3522724609/?ref_=bo_yld_table_179,1588491.0,1473.0,,PG,114.0,Crunchyroll,that time i got reincarnated as a slime the movie scarlet bond,that_time_i_got_reincarnated_as_a_slime_the_movie_scarlet_bond,,,,,53.0,15.0,93.0,2023-01-20,1.0,4.0,2023.0,1,0,0,0,1,Other,2,1,1,1,0,0,0,0,1,0,0,0,0,0,Action Adventure Animation Fantasy,0,0.0,,0.0,14.278295696481356,14.731801689838349,False,False,False,False,False,True,False,False,False,False,True,False,False,False,False,False,False,False,False,False,False,False
The Banshees of Inisherin,2023,2022-10-21,10582266.0,1205.0,Comedy Drama,,https://www.boxofficemojo.com/release/rl925926145/?ref_=bo_yld_table_180,184454.0,4.0,,R,114.0,Searchlight Pictures,the banshees of inisherin,the_banshees_of_inisherin,,,,,96.0,376.0,75.0,2022-10-21,10.0,4.0,2022.0,0,0,0,0,0,Disney,4,0,0,0,1,0,1,0,0,0,0,0,0,0,Comedy Drama,0,0.0,,0.0,12.125160810274657,16.174690233653138,False,False,True,False,False,False,False,False,False,False,False,False,False,False,False,False,False,False,False,True,False,False
The Quiet Girl,2023,2023-02-24,1500014.0,244.0,Drama,,https://www.boxofficemojo.com/release/rl3213067009/?ref_=bo_yld_table_181,59149.0,6.0,,PG,95.0,Neon,the quiet girl,the_quiet_girl,,,,,97.0,148.0,94.0,2023-02-24,2.0,4.0,2023.0,0,0,0,0,0,Other,2,0,0,0,0,0,1,0,0,0,0,0,0,0,Drama,0,0.0,,0.0,10.987831869406532,14.22098566602244,False,False,False,False,False,True,False,False,False,False,False,True,False,False,False,False,False,False,False,False,False,False
BlackBerry,2023,2023-05-12,1476597.0,449.0,Biography Comedy Drama History,,https://www.boxofficemojo.com/release/rl3388965633/?ref_=bo_yld_table_182,492145.0,449.0,,R,,IFC Films,blackberry,blackberry,20230511065738.0,,,,97.0,212.0,94.0,2023-05-12,5.0,4.0,2023.0,0,1,0,0,0,Other,4,0,0,0,1,0,1,0,0,0,0,0,0,0,Biography Comedy Drama History,0,0.0,,0.0,13.106530699420956,14.20525135114333,False,False,False,False,False,True,False,False,False,False,False,False,False,False,True,False,False,False,False,False,False,False
Dicks: The Musical,2023,2023-10-06,1453012.0,635.0,Comedy Musical,,https://www.boxofficemojo.com/release/rl1084523265/?ref_=bo_yld_table_183,201951.0,7.0,,R,86.0,A24,dicks the musical,dicks_the_musical,,,,,68.0,110.0,67.0,2023-10-06,10.0,4.0,2023.0,0,0,0,0,1,A24,4,0,0,0,1,0,0,0,0,0,1,0,0,0,Comedy Musical,0,0.0,,0.0,12.215785324383965,14.189149889518589,True,False,False,False,False,False,False,False,False,False,False,False,False,False,False,False,False,False,False,True,False,False
Eileen,2023,2023-12-01,1435007.0,558.0,Drama Mystery Romance Thriller,,https://www.boxofficemojo.com/release/rl893747201/?ref_=bo_yld_table_184,93290.0,6.0,,R,97.0,Neon,eileen,eileen,20231128184040.0,,,,81.0,208.0,53.0,2023-12-01,12.0,4.0,2023.0,0,0,1,0,0,Other,4,0,0,0,0,0,1,0,0,0,0,1,0,1,Drama Mystery Romance Thriller,0,0.0,,0.0,11.443478919160071,14.176680982073211,False,False,False,False,False,True,False,False,False,False,False,False,False,False,False,False,False,False,False,False,False,True
Maybe I Do,2023,2023-01-27,1293722.0,465.0,Comedy Romance,,https://www.boxofficemojo.com/release/rl1240236801/?ref_=bo_yld_table_185,546060.0,465.0,,PG,95.0,Vertical Entertainment,maybe i do,maybe_i_do,,,,,30.0,47.0,61.0,2023-01-27,1.0,4.0,2023.0,0,0,0,0,0,Other,2,0,0,0,1,0,0,0,0,0,0,1,0,0,Comedy Romance,0,0.0,,0.0,13.21048597009837,14.073034666212827,False,False,False,False,False,True,False,False,False,False,True,False,False,False,False,False,False,False,False,False,False,False
The First Slam Dunk,2023,2023-07-28,1291869.0,581.0,Animation Comedy Drama Sport,,https://www.boxofficemojo.com/release/rl1587315457/?ref_=bo_yld_table_186,662211.0,581.0,,PG,124.0,GKIDS,the first slam dunk,the_first_slam_dunk,20230725024943.0,,,,100.0,47.0,99.0,2023-07-28,7.0,4.0,2023.0,0,1,0,0,0,Other,2,0,0,1,1,0,1,0,0,0,0,0,0,0,Animation Comedy Drama Sport,0,0.0,,0.0,13.403341025344563,14.071601339067186,False,False,False,False,False,True,False,False,False,False,False,False,False,False,False,False,True,False,False,False,False,False
Billie Eilish: Live at the O2 (Extended Cut),2023,2023-01-27,1290000.0,600.0,Documentary Music,,https://www.boxofficemojo.com/release/rl2331673345/?ref_=bo_yld_table_187,1290000.0,600.0,,,105.0,Trafalgar Releasing,billie eilish live at the o2 extended cut,billie_eilish_live_at_the_o2_extended_cut,,,,,95.0,17.0,95.0,2023-01-27,1.0,4.0,2023.0,0,0,0,0,1,Other,3,0,0,0,0,0,0,0,0,0,0,0,0,0,Documentary Music,0,0.0,,0.0,14.070153551531353,14.070153551531353,False,False,False,False,False,True,False,False,False,False,True,False,False,False,False,False,False,False,False,False,False,False
The Big Lebowski,2023,1998-03-06,18718818.0,1235.0,Comedy Crime,,https://www.boxofficemojo.com/release/rl239568385/?ref_=bo_yld_table_188,5533844.0,1207.0,,R,117.0,,the big lebowski,the_big_lebowski,,,,,79.0,190.0,93.0,1998-03-06,3.0,4.0,1998.0,0,0,0,1,0,Other,4,0,0,0,1,1,0,0,0,0,0,0,0,0,Comedy Crime,0,0.0,,0.0,15.526393430263104,16.745039939416777,False,False,False,False,False,True,False,False,False,False,False,False,True,False,False,False,False,False,False,False,False,False
Back to the Future,2023,1985-07-03,212326307.0,1550.0,Adventure Comedy Sci-Fi,,https://www.boxofficemojo.com/release/rl2974385665/?ref_=bo_yld_table_189,11152500.0,1420.0,19000000.0,,116.0,Universal Pictures,back to the future,back_to_the_future,,,,,93.0,118.0,95.0,1985-07-03,7.0,2.0,1985.0,1,1,0,0,0,Universal,3,0,1,0,1,0,0,0,0,0,0,0,1,0,Adventure Comedy Sci-Fi,1,16.759949589762293,,0.0,16.227174335650545,19.173634837978735,False,False,False,False,False,False,False,False,True,False,False,False,False,False,False,False,True,False,False,False,False,False
Tár,2023,Oct 7,6773650.0,1090.0,Drama Music,,https://www.boxofficemojo.com/release/rl605979393/?ref_=bo_yld_table_190,158620.0,4.0,,R,158.0,Focus Features,tr,,,,,,,,,,,,2023.0,0,0,0,0,0,Universal,4,0,0,0,0,0,1,0,0,0,0,0,0,0,Drama Music,0,0.0,,0.0,11.974272987992675,15.728550790512992,False,False,False,False,False,False,False,False,True,False,False,False,False,False,False,False,False,False,False,False,False,False
The Lost King,2023,2023-03-24,1188032.0,753.0,Biography Drama,,https://www.boxofficemojo.com/release/rl2749203201/?ref_=bo_yld_table_191,516462.0,753.0,,PG,108.0,IFC Films,the lost king,the_lost_king,,,,,77.0,126.0,92.0,2023-03-24,3.0,4.0,2023.0,0,0,0,1,0,Other,2,0,0,0,0,0,1,0,0,0,0,0,0,0,Biography Drama,0,0.0,,0.0,13.154758928964233,13.98780955629671,False,False,False,False,False,True,False,False,False,False,False,False,True,False,False,False,False,False,False,False,False,False
Camp Hideout,2023,2023-09-15,1125010.0,848.0,Comedy Family,,https://www.boxofficemojo.com/release/rl530678529/?ref_=bo_yld_table_193,489439.0,848.0,,PG,100.0,Roadside Attractions,camp hideout,camp_hideout,,,,,40.0,5.0,68.0,2023-09-15,9.0,4.0,2023.0,0,0,0,0,0,Other,2,0,0,0,1,0,0,1,0,0,0,0,0,0,Comedy Family,0,0.0,,0.0,13.10101715938473,13.933303371350632,False,False,False,False,False,True,False,False,False,False,False,False,False,False,False,False,False,False,True,False,False,False
Strange World,2023,2022-11-23,37968963.0,4174.0,Action Adventure Animation Comedy Family Fantasy Sci-Fi,,https://www.boxofficemojo.com/release/rl3422914049/?ref_=bo_yld_table_194,12151384.0,4174.0,,PG,102.0,Walt Disney Studios Motion Pictures,strange world,strange_world,,,,,72.0,168.0,66.0,2022-11-23,11.0,2.0,2022.0,1,0,1,0,0,Disney,2,1,1,1,1,0,0,1,1,0,0,0,1,0,Action Adventure Animation Comedy Family Fantasy Sci-Fi,0,0.0,,0.0,16.31295371302381,17.452279647137306,False,False,True,False,False,False,False,False,False,False,False,False,False,False,False,False,False,False,False,False,True,False
Close,2023,2023-01-27,1100113.0,233.0,Drama,,https://www.boxofficemojo.com/release/rl2079163137/?ref_=bo_yld_table_195,61376.0,4.0,,PG,104.0,A24,close,,,,,,,,,2023-01-27,1.0,4.0,2023.0,0,0,0,0,0,A24,2,0,0,0,0,0,1,0,0,0,0,0,0,0,Drama,0,0.0,,0.0,11.024790451123936,13.910924368762359,True,False,False,False,False,False,False,False,False,False,True,False,False,False,False,False,False,False,False,False,False,False
Emily,2023,2023-02-17,1097067.0,579.0,Biography Drama History Romance,,https://www.boxofficemojo.com/release/rl2666693377/?ref_=bo_yld_table_196,40287.0,5.0,,R,130.0,Bleecker Street Media,emily,,,,,,,,,2023-02-17,2.0,4.0,2023.0,1,0,0,0,0,Other,4,0,0,0,0,0,1,0,0,0,0,1,0,0,Biography Drama History Romance,0,0.0,,0.0,10.603808936844073,13.908151724574159,False,False,False,False,False,True,False,False,False,False,False,True,False,False,False,False,False,False,False,False,False,False
Knights of the Zodiac,2023,2023-05-12,1090155.0,588.0,Action Adventure Drama Fantasy Sci-Fi,,https://www.boxofficemojo.com/release/rl4203184897/?ref_=bo_yld_table_197,557533.0,588.0,,PG,112.0,,knights of the zodiac,knights_of_the_zodiac,,,,,20.0,25.0,60.0,2023-05-12,5.0,4.0,2023.0,0,1,0,0,0,Other,2,1,1,0,0,0,1,0,1,0,0,0,1,0,Action Adventure Drama Fantasy Sci-Fi,0,0.0,,0.0,13.231278767003893,13.901831363230796,False,False,False,False,False,True,False,False,False,False,False,False,False,False,True,False,False,False,False,False,False,False
Broker,2023,2022-12-23,1046899.0,271.0,Comedy Crime Drama,,https://www.boxofficemojo.com/release/rl586646273/?ref_=bo_yld_table_198,3265.0,3.0,,R,129.0,Neon,broker,broker,,,,,94.0,157.0,87.0,2022-12-23,12.0,4.0,2022.0,1,0,1,0,0,Other,4,0,0,0,1,1,1,0,0,0,0,0,0,0,Comedy Crime Drama,0,0.0,,0.0,8.09132127353041,13.861343974307447,False,False,False,False,False,True,False,False,False,False,False,False,False,False,False,False,False,False,False,False,False,True
Showing Up,2023,2023-04-07,754483.0,115.0,Comedy Drama,,https://www.boxofficemojo.com/release/rl956203777/?ref_=bo_yld_table_199,63418.0,4.0,,R,107.0,A24,showing up,showing_up,,,,,80.0,0.0,80.0,2023-04-07,4.0,4.0,2023.0,0,0,0,0,0,A24,4,0,0,0,1,0,1,0,0,0,0,0,0,0,Comedy Drama,0,0.0,,0.0,11.057518780071462,13.533789350868435,True,False,False,False,False,False,False,False,False,False,False,False,False,True,False,False,False,False,False,False,False,False
Inside,2023,2023-03-17,918415.0,357.0,Drama Thriller,,https://www.boxofficemojo.com/release/rl132023041/?ref_=bo_yld_table_200,510110.0,357.0,,R,105.0,Focus Features,inside,inside,,,,,37.0,46.0,37.0,2023-03-17,3.0,4.0,2023.0,1,0,0,1,0,Universal,4,0,0,0,0,0,1,0,0,0,0,0,0,1,Drama Thriller,0,0.0,,0.0,13.142383628077647,13.730405725998471,False,False,False,False,False,False,False,False,True,False,False,False,True,False,False,False,False,False,False,False,False,False
Inside Out 2,2024,2024-06-14,652980194.0,4440.0,Adventure Animation Comedy Drama Family Fantasy Sport,,https://www.boxofficemojo.com/release/rl3638199041/?ref_=bo_yld_table_1,154201673.0,4440.0,200000000.0,PG,96.0,Walt Disney Studios Motion Pictures,inside out 2,inside_out_2,20240613001841.0,,,,91.0,328.0,94.0,2024-06-14,6.0,4.0,2024.0,0,1,0,0,1,Disney,2,0,1,1,1,0,1,1,1,0,0,0,0,0,Adventure Animation Comedy Drama Family Fantasy Sport,1,19.11382792951231,,0.0,18.853771875065707,20.29705735753115,False,False,True,False,False,False,False,False,False,False,False,False,False,False,False,True,False,False,False,False,False,False
Deadpool & Wolverine,2024,2024-07-26,636745858.0,4330.0,Action Adventure Comedy Sci-Fi,,https://www.boxofficemojo.com/release/rl4108092161/?ref_=bo_yld_table_2,211435291.0,4210.0,537000000.0,R,128.0,Walt Disney Studios Motion Pictures,deadpool  wolverine,deadpool_and_wolverine,,,,,77.0,420.0,94.0,2024-07-26,7.0,4.0,2024.0,0,1,0,0,0,Disney,4,1,1,0,1,0,0,0,0,0,0,0,1,0,Action Adventure Comedy Sci-Fi,1,20.101508654335337,,0.0,19.16942956164843,20.271881168465434,False,False,True,False,False,False,False,False,False,False,False,False,False,False,False,False,True,False,False,False,False,False
Wicked,2024,2024-11-22,474983975.0,3888.0,Fantasy Musical Romance,,https://www.boxofficemojo.com/release/rl1199474177/?ref_=bo_yld_table_3,112508890.0,3888.0,150000000.0,PG,160.0,Universal Pictures,wicked,wicked_2024,,,,,88.0,406.0,95.0,2024-11-22,11.0,4.0,2024.0,1,0,1,0,0,Universal,2,0,0,0,0,0,0,0,1,0,1,1,0,0,Fantasy Musical Romance,1,18.826145858727198,,0.0,18.538542807597068,19.978791626693045,False,False,False,False,False,False,False,False,True,False,False,False,False,False,False,False,False,False,False,False,True,False
Moana 2,2024,2024-11-27,460405297.0,4200.0,Adventure Animation Comedy Family Fantasy Musical,,https://www.boxofficemojo.com/release/rl862748673/?ref_=bo_yld_table_4,139787385.0,4200.0,150000000.0,PG,100.0,Walt Disney Studios Motion Pictures,moana 2,moana_2,,,,,61.0,245.0,85.0,2024-11-27,11.0,2.0,2024.0,1,0,1,0,1,Disney,2,0,1,1,1,0,0,1,1,0,1,0,0,0,Adventure Animation Comedy Family Fantasy Musical,1,18.826145858727198,,0.0,18.755633154794687,19.947617742130674,False,False,True,False,False,False,False,False,False,False,False,False,False,False,False,False,False,False,False,False,True,False
Despicable Me 4,2024,2024-07-03,361004205.0,4449.0,Adventure Animation Comedy Crime Family Sci-Fi,,https://www.boxofficemojo.com/release/rl2603516673/?ref_=bo_yld_table_5,75009210.0,4428.0,100000000.0,PG,94.0,Universal Pictures,despicable me 4,despicable_me_4,,,,,56.0,166.0,86.0,2024-07-03,7.0,2.0,2024.0,1,1,0,0,1,Universal,2,0,1,1,1,1,0,1,0,0,0,0,1,0,Adventure Animation Comedy Crime Family Sci-Fi,1,18.420680753952364,,0.0,18.133121477292978,19.704400167198813,False,False,False,False,False,False,False,False,True,False,False,False,False,False,False,False,True,False,False,False,False,False
Beetlejuice Beetlejuice,2024,2024-09-06,294100435.0,4575.0,Comedy Fantasy Horror,,https://www.boxofficemojo.com/release/rl3365110529/?ref_=bo_yld_table_6,111003345.0,4575.0,,PG,105.0,Warner Bros.,beetlejuice beetlejuice,beetlejuice_beetlejuice,,,,,76.0,377.0,78.0,2024-09-06,9.0,4.0,2024.0,1,0,0,0,0,WB,2,0,0,0,1,0,0,0,1,1,0,0,0,0,Comedy Fantasy Horror,0,0.0,,0.0,18.525070902966426,19.499431886012076,False,False,False,False,False,False,False,False,False,True,False,False,False,False,False,False,False,False,True,False,False,False
Dune: Part Two,2024,2024-03-01,282144358.0,4074.0,Action Adventure Drama Sci-Fi,,https://www.boxofficemojo.com/release/rl68715265/?ref_=bo_yld_table_7,82505391.0,4071.0,190000000.0,PG,166.0,Warner Bros.,dune part two,dune_part_two,,,,,92.0,465.0,95.0,2024-03-01,3.0,4.0,2024.0,0,0,0,1,1,WB,2,1,1,0,0,0,1,0,0,0,0,0,1,0,Action Adventure Drama Sci-Fi,1,19.06253463538792,,0.0,18.228374206744952,19.45792940926799,False,False,False,False,False,False,False,False,False,True,False,False,True,False,False,False,False,False,False,False,False,False
Twisters,2024,2024-07-19,267762265.0,4170.0,Action Adventure Thriller,,https://www.boxofficemojo.com/release/rl1324712705/?ref_=bo_yld_table_8,81251415.0,4151.0,,PG,122.0,Universal Pictures,twisters,twisters,,,,,75.0,397.0,90.0,2024-07-19,7.0,4.0,2024.0,0,1,0,0,0,Universal,2,1,1,0,0,0,0,0,0,0,0,0,0,1,Action Adventure Thriller,0,0.0,,0.0,18.213058806714567,19.405610077634044,False,False,False,False,False,False,False,False,True,False,False,False,False,False,False,False,True,False,False,False,False,False
Godzilla X Kong: The New Empire,2024,2024-03-29,196350016.0,3948.0,Action Adventure Fantasy Sci-Fi Thriller,,https://www.boxofficemojo.com/release/rl3351937793/?ref_=bo_yld_table_9,80006561.0,3861.0,,PG,115.0,Warner Bros.,godzilla x kong the new empire,godzilla_x_kong_the_new_empire,20240328073438.0,,,,54.0,251.0,89.0,2024-03-29,3.0,4.0,2024.0,0,0,0,1,1,WB,2,1,1,0,0,0,0,0,1,0,0,0,1,1,Action Adventure Fantasy Sci-Fi Thriller,0,0.0,,0.0,18.19761921427429,19.095409425568377,False,False,False,False,False,False,False,False,False,True,False,False,True,False,False,False,False,False,False,False,False,False
Kung Fu Panda 4,2024,2024-03-08,193590620.0,4067.0,Action Adventure Animation Comedy Family Fantasy,,https://www.boxofficemojo.com/release/rl601195265/?ref_=bo_yld_table_10,57989905.0,4035.0,,PG,94.0,Universal Pictures,kung fu panda 4,kung_fu_panda_4,,,,,71.0,164.0,84.0,2024-03-08,3.0,4.0,2024.0,0,0,0,1,1,Universal,2,1,1,1,1,0,0,1,1,0,0,0,0,0,Action Adventure Animation Comedy Family Fantasy,0,0.0,,0.0,17.875779518882176,19.081256286385308,False,False,False,False,False,False,False,False,True,False,False,False,True,False,False,False,False,False,False,False,False,False
Bad Boys: Ride or Die,2024,2024-06-07,193573217.0,3885.0,Action Adventure Comedy Crime Thriller,,https://www.boxofficemojo.com/release/rl1386447617/?ref_=bo_yld_table_11,56527324.0,3885.0,,R,115.0,Sony Pictures Releasing,bad boys ride or die,bad_boys_ride_or_die,,,,,65.0,251.0,96.0,2024-06-07,6.0,4.0,2024.0,0,1,0,0,1,Sony,4,1,1,0,1,1,0,0,0,0,0,0,0,1,Action Adventure Comedy Crime Thriller,0,0.0,,0.0,17.85023470752477,19.081166386460477,False,False,False,False,False,False,False,True,False,False,False,False,False,False,False,True,False,False,False,False,False,False
Kingdom of the Planet of the Apes,2024,2024-05-10,171130165.0,4075.0,Action Adventure Animation Drama Sci-Fi Thriller,,https://www.boxofficemojo.com/release/rl1678869249/?ref_=bo_yld_table_12,58400788.0,4075.0,,PG,145.0,20th Century Studios,kingdom of the planet of the apes,kingdom_of_the_planet_of_the_apes,20240509221526.0,,,,80.0,329.0,77.0,2024-05-10,5.0,4.0,2024.0,0,1,0,0,0,Disney,2,1,1,1,0,0,1,0,0,0,0,0,1,1,Action Adventure Animation Drama Sci-Fi Thriller,0,0.0,,0.0,17.882839957981165,18.957935029575953,False,False,True,False,False,False,False,False,False,False,False,False,False,False,True,False,False,False,False,False,False,False
Gladiator II,2024,2024-11-22,172438016.0,3580.0,Adventure Drama,,https://www.boxofficemojo.com/release/rl1778156289/?ref_=bo_yld_table_13,55034715.0,3573.0,,R,148.0,Paramount Pictures,gladiator ii,gladiator_ii,,,,,70.0,406.0,80.0,2024-11-22,11.0,4.0,2024.0,1,0,1,0,1,Paramount,4,0,1,0,0,0,1,0,0,0,0,0,0,0,Adventure Drama,0,0.0,,0.0,17.823474744073813,18.965548408125034,False,False,False,False,False,False,True,False,False,False,False,False,False,False,False,False,False,False,False,False,True,False
Sonic the Hedgehog 3,2024,2024-12-20,236115100.0,3769.0,Action Adventure Comedy Family Fantasy Sci-Fi,,https://www.boxofficemojo.com/release/rl886211329/?ref_=bo_yld_table_14,60102146.0,3761.0,,PG,110.0,Paramount Pictures,sonic the hedgehog 3,sonic_the_hedgehog_3,,,,,85.0,151.0,95.0,2024-12-20,12.0,4.0,2024.0,1,0,1,0,1,Paramount,2,1,1,0,1,0,0,1,1,0,0,0,1,0,Action Adventure Comedy Family Fantasy Sci-Fi,0,0.0,,0.0,17.911556122661032,19.279829960196736,False,False,False,False,False,False,True,False,False,False,False,False,False,False,False,False,False,False,False,False,False,True
It Ends with Us,2024,2024-08-09,148518266.0,3839.0,Drama Romance,,https://www.boxofficemojo.com/release/rl3818881793/?ref_=bo_yld_table_15,50016652.0,3611.0,,PG,130.0,Sony Pictures Releasing,it ends with us,it_ends_with_us,,,,,55.0,197.0,87.0,2024-08-09,8.0,4.0,2024.0,0,1,0,0,0,Sony,2,0,0,0,0,0,1,0,0,0,0,1,0,0,Drama Romance,0,0.0,,0.0,17.72786656794025,18.816218518742918,False,False,False,False,False,False,False,True,False,False,False,False,False,False,False,False,False,True,False,False,False,False
The Wild Robot,2024,2024-09-27,143901945.0,3997.0,Adventure Animation Family Sci-Fi,,https://www.boxofficemojo.com/release/rl3443949569/?ref_=bo_yld_table_16,35790150.0,3962.0,,PG,102.0,Universal Pictures,the wild robot,the_wild_robot,,,,,97.0,260.0,98.0,2024-09-27,9.0,4.0,2024.0,0,0,0,0,0,Universal,2,0,1,1,0,0,0,1,0,0,0,0,1,0,Adventure Animation Family Sci-Fi,0,0.0,,0.0,17.39318330178891,18.784642695046212,False,False,False,False,False,False,False,False,True,False,False,False,False,False,False,False,False,False,True,False,False,False
Venom: The Last Dance,2024,2024-10-25,139755882.0,4131.0,Action Fantasy Horror Sci-Fi Thriller,,https://www.boxofficemojo.com/release/rl3290006273/?ref_=bo_yld_table_17,51012404.0,4131.0,,PG,110.0,Sony Pictures Releasing,venom the last dance,venom_the_last_dance,20241024092830.0,38.0,69.0,92.0,40.0,224.0,79.0,2024-10-25,10.0,4.0,2024.0,0,0,0,0,1,Sony,2,1,0,0,0,0,0,0,1,1,0,0,1,1,Action Fantasy Horror Sci-Fi Thriller,0,0.0,2.0,4.248495242049359,17.747579396405808,18.75540776571452,False,False,False,False,False,False,False,True,False,False,False,False,False,False,False,False,False,False,False,True,False,False
A Quiet Place: Day One,2024,2024-06-28,139051884.0,3708.0,Drama Horror Sci-Fi Thriller,,https://www.boxofficemojo.com/release/rl545096449/?ref_=bo_yld_table_18,52202495.0,3707.0,,PG,99.0,Paramount Pictures,a quiet place day one,a_quiet_place_day_one,20240627202254.0,,,,86.0,287.0,72.0,2024-06-28,6.0,4.0,2024.0,0,1,0,0,1,Paramount,2,0,0,0,0,0,1,0,0,1,0,0,1,1,Drama Horror Sci-Fi Thriller,0,0.0,,0.0,17.770640867801667,18.750357694827084,False,False,False,False,False,False,True,False,False,False,False,False,False,False,False,True,False,False,False,False,False,False
Mufasa: The Lion King,2024,2024-12-20,254567693.0,4100.0,Adventure Animation Drama Family Musical,,https://www.boxofficemojo.com/release/rl1511097089/?ref_=bo_yld_table_19,35409365.0,4100.0,200000000.0,PG,118.0,Walt Disney Studios Motion Pictures,mufasa the lion king,mufasa_the_lion_king,20241219203319.0,,,,56.0,221.0,88.0,2024-12-20,12.0,4.0,2024.0,1,0,1,0,1,Disney,2,0,1,1,0,0,1,1,0,0,1,0,0,0,Adventure Animation Drama Family Musical,1,19.11382792951231,,0.0,17.38248691938106,19.35507734679844,False,False,True,False,False,False,False,False,False,False,False,False,False,False,False,False,False,False,False,False,False,True
Ghostbusters: Frozen Empire,2024,2024-03-22,113376590.0,4345.0,Adventure Comedy Fantasy Sci-Fi,,https://www.boxofficemojo.com/release/rl1436779265/?ref_=bo_yld_table_20,45004673.0,4345.0,,PG,115.0,Sony Pictures Releasing,ghostbusters frozen empire,ghostbusters_frozen_empire,,,,,41.0,304.0,81.0,2024-03-22,3.0,4.0,2024.0,0,0,0,1,1,Sony,2,0,1,0,1,0,0,0,1,0,0,0,1,0,Adventure Comedy Fantasy Sci-Fi,0,0.0,,0.0,17.622276909007493,18.546225499377186,False,False,False,False,False,False,False,True,False,False,False,False,True,False,False,False,False,False,False,False,False,False
IF,2024,2024-05-17,111375918.0,4068.0,Animation Comedy Drama Family Fantasy,,https://www.boxofficemojo.com/release/rl3731915521/?ref_=bo_yld_table_21,33715801.0,4041.0,110000000.0,PG,104.0,Paramount Pictures,if,if1968,,,,,90.0,50.0,87.0,2024-05-17,5.0,4.0,2024.0,0,1,0,0,0,Paramount,2,0,0,1,1,0,1,1,1,0,0,0,0,0,Animation Comedy Drama Family Fantasy,1,18.5159909328476,,0.0,17.333477187499515,18.528421695124123,False,False,False,False,False,False,True,False,False,False,False,False,False,False,True,False,False,False,False,False,False,False
Alien: Romulus,2024,2024-08-16,105313091.0,3915.0,Horror Sci-Fi Thriller,,https://www.boxofficemojo.com/release/rl654017281/?ref_=bo_yld_table_22,42003361.0,3885.0,,R,119.0,20th Century Studios,alien romulus,alien_romulus,,,,,80.0,410.0,85.0,2024-08-16,8.0,4.0,2024.0,0,1,0,0,1,Disney,4,0,0,0,0,0,0,0,0,1,0,0,1,1,Horror Sci-Fi Thriller,0,0.0,,0.0,17.55326022066305,18.47244829986014,False,False,True,False,False,False,False,False,False,False,False,False,False,False,False,False,False,True,False,False,False,False
Bob Marley: One Love,2024,2024-02-14,96981216.0,3597.0,Biography Drama Music,,https://www.boxofficemojo.com/release/rl1496810241/?ref_=bo_yld_table_23,28659004.0,3539.0,,PG,107.0,Paramount Pictures,bob marley one love,bob_marley_one_love,,,,,43.0,198.0,90.0,2024-02-14,2.0,2.0,2024.0,1,0,0,0,1,Paramount,2,0,0,0,0,0,1,0,0,0,0,0,0,0,Biography Drama Music,0,0.0,,0.0,17.170978262385503,18.390027878541915,False,False,False,False,False,False,True,False,False,False,False,True,False,False,False,False,False,False,False,False,False,False
Red One,2024,2024-11-15,97000759.0,4032.0,Action Adventure Animation Comedy Fantasy Mystery,,https://www.boxofficemojo.com/release/rl2841083905/?ref_=bo_yld_table_24,32106112.0,4032.0,250000000.0,PG,123.0,Amazon MGM Studios,red one,red_one,,,,,29.0,185.0,89.0,2024-11-15,11.0,4.0,2024.0,0,0,1,0,0,Amazon,2,1,1,1,1,0,0,0,1,0,0,0,0,0,Action Adventure Animation Comedy Fantasy Mystery,1,19.33697147982652,,0.0,17.284557006106656,18.39022937148851,False,True,False,False,False,False,False,False,False,False,False,False,False,False,False,False,False,False,False,False,True,False
The Fall Guy,2024,2024-05-03,92900355.0,4008.0,Action Comedy Drama Romance,,https://www.boxofficemojo.com/release/rl752190209/?ref_=bo_yld_table_25,27747035.0,4002.0,,PG,126.0,Universal Pictures,the fall guy,the_fall_guy_2024,20240502011839.0,,,,82.0,376.0,84.0,2024-05-03,5.0,4.0,2024.0,0,1,0,0,0,Universal,2,1,0,0,1,0,1,0,0,0,0,1,0,0,Action Comedy Drama Romance,0,0.0,,0.0,17.138639581641225,18.347038035854226,False,False,False,False,False,False,False,False,True,False,False,False,False,False,True,False,False,False,False,False,False,False
The Garfield Movie,2024,2024-05-24,91956547.0,4108.0,Adventure Animation Comedy Family Fantasy,,https://www.boxofficemojo.com/release/rl382960385/?ref_=bo_yld_table_26,24006629.0,4035.0,,PG,101.0,Sony Pictures Releasing,the garfield movie,the_garfield_movie,,,,,36.0,136.0,78.0,2024-05-24,5.0,4.0,2024.0,1,1,0,0,0,Sony,2,0,1,1,1,0,0,1,1,0,0,0,0,0,Adventure Animation Comedy Family Fantasy,0,0.0,,0.0,16.993840600162216,18.33682671909466,False,False,False,False,False,False,False,True,False,False,False,False,False,False,True,False,False,False,False,False,False,False
Wonka,2024,2023-12-15,218402312.0,4213.0,Adventure Comedy Family Fantasy Musical,,https://www.boxofficemojo.com/release/rl2942927617/?ref_=bo_yld_table_27,39005800.0,4203.0,125000000.0,PG,116.0,Warner Bros.,wonka,wonka,20231214004808.0,,,,82.0,332.0,90.0,2023-12-15,12.0,4.0,2023.0,0,0,1,0,0,WB,2,0,1,0,1,0,0,1,1,0,1,0,0,0,Adventure Comedy Family Fantasy Musical,1,18.643824303266577,,0.0,17.479220936622433,19.201849392438284,False,False,False,False,False,False,False,False,False,True,False,False,False,False,False,False,False,False,False,False,False,True
Longlegs,2024,2024-07-12,74346140.0,2850.0,Crime Horror Mystery Thriller,,https://www.boxofficemojo.com/release/rl1733394433/?ref_=bo_yld_table_28,22400119.0,2510.0,,R,101.0,Neon,longlegs,longlegs,20240711211020.0,,,,85.0,322.0,61.0,2024-07-12,7.0,4.0,2024.0,0,1,0,0,0,Other,4,0,0,0,0,1,0,0,0,1,0,0,0,1,Crime Horror Mystery Thriller,0,0.0,,0.0,16.924576873953775,18.124242326362697,False,False,False,False,False,True,False,False,False,False,False,False,False,False,False,False,True,False,False,False,False,False
Migration,2024,2023-12-22,127630880.0,3839.0,Adventure Animation Comedy Family,,https://www.boxofficemojo.com/release/rl83920385/?ref_=bo_yld_table_29,12453275.0,3761.0,72000000.0,PG,83.0,Universal Pictures,migration,,,,,,,,,2023-12-22,12.0,4.0,2023.0,1,0,1,0,0,Universal,2,0,1,1,1,0,0,1,0,0,0,0,0,0,Adventure Animation Comedy Family,1,18.09217669086922,,0.0,16.33749427879182,18.664652913700856,False,False,False,False,False,False,False,False,True,False,False,False,False,False,False,False,False,False,False,False,False,True
Mean Girls,2024,2024-01-12,72581770.0,3826.0,Comedy Musical,,https://www.boxofficemojo.com/release/rl615482113/?ref_=bo_yld_table_30,28635307.0,3791.0,,PG,112.0,Paramount Pictures,mean girls,mean_girls,,,,,84.0,220.0,66.0,2024-01-12,1.0,4.0,2024.0,0,0,0,0,0,Paramount,2,0,0,0,1,0,0,0,0,0,1,0,0,0,Comedy Musical,0,0.0,,0.0,17.170151059819997,18.100224360112847,False,False,False,False,False,False,True,False,False,False,True,False,False,False,False,False,False,False,False,False,False,False
Smile 2,2024,2024-10-18,69012586.0,3624.0,Horror Mystery Thriller,,https://www.boxofficemojo.com/release/rl665813761/?ref_=bo_yld_table_31,23021692.0,3619.0,,R,127.0,Paramount Pictures,smile 2,smile_2,,,,,86.0,212.0,81.0,2024-10-18,10.0,4.0,2024.0,0,0,0,0,1,Paramount,4,0,0,0,0,0,0,0,0,1,0,0,0,1,Horror Mystery Thriller,0,0.0,,0.0,16.95194750329743,18.049799466214832,False,False,False,False,False,False,True,False,False,False,False,False,False,False,False,False,False,False,False,True,False,False
Civil War,2024,2024-04-12,68756072.0,3929.0,Action Thriller War,,https://www.boxofficemojo.com/release/rl172392449/?ref_=bo_yld_table_32,25537368.0,3838.0,,R,109.0,A24,civil war,civil_war,,,,,100.0,6.0,,2024-04-12,4.0,4.0,2024.0,0,0,0,0,0,A24,4,1,0,0,0,0,0,0,0,0,0,0,0,1,Action Thriller War,0,0.0,,0.0,17.05565338838365,18.046075625155144,True,False,False,False,False,False,False,False,False,False,False,False,False,True,False,False,False,False,False,False,False,False
Furiosa: A Mad Max Saga,2024,2024-05-24,67475791.0,3864.0,Action Adventure Sci-Fi,,https://www.boxofficemojo.com/release/rl627344129/?ref_=bo_yld_table_33,26326462.0,3804.0,168000000.0,R,148.0,Warner Bros.,furiosa a mad max saga,furiosa_a_mad_max_saga,20240523003702.0,,,,90.0,426.0,88.0,2024-05-24,5.0,4.0,2024.0,1,1,0,0,1,WB,4,1,1,0,0,0,0,0,0,0,0,0,1,0,Action Adventure Sci-Fi,1,18.939474543319914,,0.0,17.086085188989014,18.02727945448008,False,False,False,False,False,False,False,False,False,True,False,False,False,False,True,False,False,False,False,False,False,False
The Beekeeper,2024,2024-01-12,66220535.0,3337.0,Action Crime Thriller,,https://www.boxofficemojo.com/release/rl2912715521/?ref_=bo_yld_table_34,16576007.0,3303.0,,R,105.0,,the beekeeper,the_beekeeper_2024,20240111065940.0,72.0,50.0,,71.0,181.0,92.0,2024-01-12,1.0,4.0,2024.0,0,0,0,0,0,Other,4,1,0,0,0,1,0,0,0,0,0,0,0,1,Action Crime Thriller,0,0.0,-1.0,3.9318256327243257,16.623466906666714,18.008501184281965,False,False,False,False,False,True,False,False,False,False,True,False,False,False,False,False,False,False,False,False,False,False
Anyone But You,2024,2023-12-22,88319668.0,3055.0,Comedy Romance,,https://www.boxofficemojo.com/release/rl3616572161/?ref_=bo_yld_table_35,6000344.0,3055.0,,R,103.0,Columbia Pictures,anyone but you,anyone_but_you,,,,,27.0,2.0,27.0,2023-12-22,12.0,4.0,2023.0,1,0,1,0,0,Sony,4,0,0,0,1,0,0,0,0,0,0,1,0,0,Comedy Romance,0,0.0,,0.0,15.607327525539267,18.296473392750528,False,False,False,False,False,False,False,True,False,False,False,False,False,False,False,False,False,False,False,False,False,True
Transformers One,2024,2024-09-20,59098421.0,3978.0,Action Adventure Animation Family Fantasy Sci-Fi,,https://www.boxofficemojo.com/release/rl3760947969/?ref_=bo_yld_table_36,24613970.0,3978.0,,PG,104.0,Paramount Pictures,transformers one,transformers_one,,,,,89.0,170.0,97.0,2024-09-20,9.0,4.0,2024.0,0,0,0,0,0,Paramount,2,1,1,1,0,0,0,1,1,0,0,0,1,0,Action Adventure Animation Family Fantasy Sci-Fi,0,0.0,,0.0,17.018824766522453,17.89471478151225,False,False,False,False,False,False,True,False,False,False,False,False,False,False,False,False,False,False,True,False,False,False
Joker: Folie à Deux,2024,2024-10-04,58300287.0,4102.0,Drama Musical Thriller,,https://www.boxofficemojo.com/release/rl2339995649/?ref_=bo_yld_table_37,37678467.0,4102.0,,R,138.0,Warner Bros.,joker folie  deux,,,,,,,,,2024-10-04,10.0,4.0,2024.0,0,0,0,0,1,WB,4,0,0,0,0,0,1,0,0,0,1,0,0,1,Drama Musical Thriller,0,0.0,,0.0,17.444599348671773,17.881117591274215,False,False,False,False,False,False,False,False,False,True,False,False,False,False,False,False,False,False,False,True,False,False
Terrifier 3,2024,2024-10-11,53981071.0,2762.0,Horror,,https://www.boxofficemojo.com/release/rl2221441025/?ref_=bo_yld_table_38,18928113.0,2514.0,,,125.0,Cineverse,terrifier 3,terrifier_3,,,,,78.0,130.0,85.0,2024-10-11,10.0,4.0,2024.0,0,0,0,0,1,Other,3,0,0,0,0,0,0,0,0,1,0,0,0,0,Horror,0,0.0,,0.0,16.756158888005498,17.804144024564057,False,False,False,False,False,True,False,False,False,False,False,False,False,False,False,False,False,False,False,True,False,False
Challengers,2024,2024-04-26,50119408.0,3477.0,Comedy Drama Romance Sport,,https://www.boxofficemojo.com/release/rl2915664641/?ref_=bo_yld_table_39,15011061.0,3477.0,,R,131.0,Amazon MGM Studios,challengers,challengers,,,,,44.0,3.0,44.0,2024-04-26,4.0,4.0,2024.0,0,0,0,0,0,Amazon,4,0,0,0,1,0,1,0,0,0,0,1,0,0,Comedy Drama Romance Sport,0,0.0,,0.0,16.524297953938227,17.7299188962227,False,True,False,False,False,False,False,False,False,False,False,False,False,True,False,False,False,False,False,False,False,False
Nosferatu,2024,2024-12-25,95608235.0,3132.0,Fantasy Horror Mystery,,https://www.boxofficemojo.com/release/rl2537783297/?ref_=bo_yld_table_40,21652560.0,2992.0,,R,132.0,Focus Features,nosferatu,nosferatu,,,,,97.0,74.0,87.0,2024-12-25,12.0,2.0,2024.0,1,0,1,0,0,Universal,4,0,0,0,0,0,0,0,1,1,0,0,0,0,Fantasy Horror Mystery,0,0.0,,0.0,16.890634296410017,18.37576952493849,False,False,False,False,False,False,False,False,True,False,False,False,False,False,False,False,False,False,False,False,False,True
Aquaman and the Lost Kingdom,2024,2023-12-22,124481226.0,3787.0,Action Adventure Animation Fantasy Sci-Fi,,https://www.boxofficemojo.com/release/rl3003745793/?ref_=bo_yld_table_41,27686211.0,3706.0,,PG,124.0,Warner Bros.,aquaman and the lost kingdom,aquaman_and_the_lost_kingdom,20231221015119.0,,,,33.0,212.0,79.0,2023-12-22,12.0,4.0,2023.0,1,0,1,0,0,WB,2,1,1,1,0,0,0,0,1,0,0,0,1,0,Action Adventure Animation Fantasy Sci-Fi,0,0.0,,0.0,17.13644508550022,18.639665475350917,False,False,False,False,False,False,False,False,False,True,False,False,False,False,False,False,False,False,False,False,False,True
Argylle,2024,2024-02-02,45207275.0,3647.0,Action Comedy Thriller,,https://www.boxofficemojo.com/release/rl4071392001/?ref_=bo_yld_table_42,17473540.0,3605.0,,PG,139.0,Universal Pictures,argylle,argylle,20240201005233.0,,,,32.0,305.0,70.0,2024-02-02,2.0,4.0,2024.0,0,0,0,0,0,Universal,2,1,0,0,1,0,0,0,0,0,0,0,0,1,Action Comedy Thriller,0,0.0,,0.0,16.676198351897604,17.626768605298953,False,False,False,False,False,False,False,False,True,False,False,True,False,False,False,False,False,False,False,False,False,False
Madame Web,2024,2024-02-14,43817106.0,4013.0,Action Thriller,,https://www.boxofficemojo.com/release/rl1379697409/?ref_=bo_yld_table_43,15335860.0,4013.0,,PG,116.0,Columbia Pictures,madame web,madame_web,20240214002206.0,,,,10.0,268.0,53.0,2024-02-14,2.0,2.0,2024.0,1,0,0,0,0,Sony,2,1,0,0,0,0,0,0,0,0,0,0,0,1,Action Thriller,0,0.0,,0.0,16.545704500025437,17.59553486987002,False,False,False,False,False,False,False,True,False,False,False,True,False,False,False,False,False,False,False,False,False,False
Trap,2024,2024-08-02,42777281.0,3181.0,Crime Horror Mystery Thriller,,https://www.boxofficemojo.com/release/rl562070273/?ref_=bo_yld_table_44,15454146.0,3181.0,,PG,105.0,Warner Bros.,trap,trap_2024,20240801191225.0,,,,57.0,249.0,64.0,2024-08-02,8.0,4.0,2024.0,0,1,0,0,0,WB,2,0,0,0,0,1,0,0,0,1,0,0,0,1,Crime Horror Mystery Thriller,0,0.0,,0.0,16.553387939530854,17.57151772523829,False,False,False,False,False,False,False,False,False,True,False,False,False,False,False,False,False,True,False,False,False,False
The Best Christmas Pageant Ever,2024,2024-11-08,40048808.0,3020.0,Adventure Comedy Drama Fantasy Mystery Romance,,https://www.boxofficemojo.com/release/rl457277441/?ref_=bo_yld_table_45,10773559.0,3020.0,,PG,99.0,Lionsgate,the best christmas pageant ever,the_best_christmas_pageant_ever_2024,20241106013557.0,91.0,11.0,100.0,92.0,64.0,97.0,2024-11-08,11.0,4.0,2024.0,0,0,1,0,0,Lionsgate,2,0,1,0,1,0,1,0,1,0,0,1,0,0,Adventure Comedy Drama Fantasy Mystery Romance,0,0.0,1.0,2.4849066497880004,16.19260554233169,17.50560949320875,False,False,False,True,False,False,False,False,False,False,False,False,False,False,False,False,False,False,False,False,True,False
Speak No Evil,2024,2024-09-13,36931420.0,3375.0,Drama Horror Thriller,,https://www.boxofficemojo.com/release/rl999260929/?ref_=bo_yld_table_46,11397595.0,3375.0,,R,110.0,Universal Pictures,speak no evil,speak_no_evil,,,,,10.0,5.0,10.0,2024-09-13,9.0,4.0,2024.0,0,0,0,0,0,Universal,4,0,0,0,0,0,1,0,0,1,0,0,0,1,Drama Horror Thriller,0,0.0,,0.0,16.24891301393402,17.424573264290483,False,False,False,False,False,False,False,False,True,False,False,False,False,False,False,False,False,False,True,False,False,False
The Strangers: Chapter 1,2024,2024-05-17,35202562.0,2856.0,Horror,,https://www.boxofficemojo.com/release/rl793346049/?ref_=bo_yld_table_47,11825058.0,2856.0,,R,91.0,Lionsgate,the strangers chapter 1,the_strangers_chapter_1,20240515000457.0,,,,21.0,109.0,45.0,2024-05-17,5.0,4.0,2024.0,0,1,0,0,1,Lionsgate,4,0,0,0,0,0,0,0,0,1,0,0,0,0,Horror,0,0.0,,0.0,16.285731481758997,17.376629450417624,False,False,False,True,False,False,False,False,False,False,False,False,False,False,True,False,False,False,False,False,False,False
Coraline,2024,2024-08-15,33626425.0,1564.0,Animation Drama Family Fantasy,,https://www.boxofficemojo.com/release/rl2607513601/?ref_=bo_yld_table_48,9832281.0,1535.0,60000000.0,PG,100.0,Fathom Events,coraline,coraline,,,,,91.0,275.0,74.0,2024-08-15,8.0,3.0,2024.0,0,1,0,0,0,Other,2,0,0,1,0,0,1,1,1,0,0,0,0,0,Animation Drama Family Fantasy,1,17.909855136853043,,0.0,16.10118161167186,17.330822803908976,False,False,False,False,False,True,False,False,False,False,False,False,False,False,False,False,False,True,False,False,False,False
Night Swim,2024,2024-01-05,32494740.0,3257.0,Horror Mystery Thriller,,https://www.boxofficemojo.com/release/rl2046198529/?ref_=bo_yld_table_49,11797155.0,3250.0,,PG,98.0,Universal Pictures,night swim,night_swim,20240104212921.0,,,,19.0,181.0,42.0,2024-01-05,1.0,4.0,2024.0,0,0,0,0,0,Universal,2,0,0,0,0,0,0,0,0,1,0,0,0,1,Horror Mystery Thriller,0,0.0,,0.0,16.28336904343749,17.296588818821828,False,False,False,False,False,False,False,False,True,False,True,False,False,False,False,False,False,False,False,False,False,False
Conclave,2024,2024-10-25,32580655.0,2377.0,Drama Thriller,,https://www.boxofficemojo.com/release/rl3898179585/?ref_=bo_yld_table_50,6601995.0,1753.0,,PG,,Focus Features,conclave,conclave,,,,,93.0,336.0,86.0,2024-10-25,10.0,4.0,2024.0,0,0,0,0,0,Universal,2,0,0,0,0,0,1,0,0,0,0,0,0,1,Drama Thriller,0,0.0,,0.0,15.702882585518084,17.299229295987644,False,False,False,False,False,False,False,False,True,False,False,False,False,False,False,False,False,False,False,True,False,False
The Boys in the Boat,2024,2023-12-25,52641306.0,2687.0,Biography Drama History Sport,,https://www.boxofficemojo.com/release/rl43614977/?ref_=bo_yld_table_51,8400548.0,2557.0,,PG,123.0,Amazon MGM Studios,the boys in the boat,the_boys_in_the_boat,,,,,57.0,161.0,96.0,2023-12-25,12.0,0.0,2023.0,1,0,1,0,0,Amazon,2,0,0,0,0,0,1,0,0,0,0,0,0,0,Biography Drama History Sport,0,0.0,,0.0,15.943807618820713,17.779011673700456,False,True,False,False,False,False,False,False,False,False,False,False,False,False,False,False,False,False,False,False,False,True
Reagan,2024,2024-08-30,30047417.0,2770.0,Biography Drama History,,https://www.boxofficemojo.com/release/rl4133781505/?ref_=bo_yld_table_52,7650720.0,2754.0,,PG,141.0,Showbiz Direct,reagan,reagan,,,,,88.0,46.0,88.0,2024-08-30,8.0,4.0,2024.0,0,1,0,0,0,Other,2,0,0,0,0,0,1,0,0,0,0,0,0,0,Biography Drama History,0,0.0,,0.0,15.850310449727633,17.21828729179296,False,False,False,False,False,True,False,False,False,False,False,False,False,False,False,False,False,True,False,False,False,False
The Forge,2024,2024-08-23,29123632.0,1921.0,Drama Family,,https://www.boxofficemojo.com/release/rl1795064577/?ref_=bo_yld_table_53,6659508.0,1818.0,,PG,124.0,Affirm Films,the forge,the_forge,,,,,63.0,16.0,99.0,2024-08-23,8.0,4.0,2024.0,0,1,0,0,0,Other,2,0,0,0,0,0,1,1,0,0,0,0,0,0,Drama Family,0,0.0,,0.0,15.711556316075121,17.18706053312631,False,False,False,False,False,True,False,False,False,False,False,False,False,False,False,False,False,True,False,False,False,False
Horizon: An American Saga - Chapter 1,2024,2024-06-28,29035702.0,3334.0,Drama Western,,https://www.boxofficemojo.com/release/rl3484517121/?ref_=bo_yld_table_54,11052561.0,3334.0,,R,181.0,Warner Bros.,horizon an american saga  chapter 1,horizon_an_american_saga_chapter_1,,,,,51.0,160.0,70.0,2024-06-28,6.0,4.0,2024.0,0,1,0,0,1,WB,4,0,0,0,0,0,1,0,0,0,0,0,0,0,Drama Western,0,0.0,,0.0,16.218172814257393,17.18403676865292,False,False,False,False,False,False,False,False,False,True,False,False,False,False,False,True,False,False,False,False,False,False
A Complete Unknown,2024,2024-12-25,75001720.0,2835.0,Biography Drama Music,,https://www.boxofficemojo.com/release/rl2843508737/?ref_=bo_yld_table_55,11655553.0,2835.0,,R,141.0,Searchlight Pictures,a complete unknown,a_complete_unknown,,,,,82.0,342.0,95.0,2024-12-25,12.0,2.0,2024.0,1,0,1,0,0,Disney,4,0,0,0,0,0,1,0,0,0,0,0,0,0,Biography Drama Music,0,0.0,,0.0,16.27129336256986,18.13302161790398,False,False,True,False,False,False,False,False,False,False,False,False,False,False,False,False,False,False,False,False,False,True
Imaginary,2024,2024-03-08,28009161.0,3118.0,Horror Mystery Thriller,,https://www.boxofficemojo.com/release/rl3180495617/?ref_=bo_yld_table_56,9912713.0,3118.0,,PG,104.0,Lionsgate,imaginary,imaginary,,,,,25.0,105.0,52.0,2024-03-08,3.0,4.0,2024.0,0,0,0,1,0,Lionsgate,2,0,0,0,0,0,0,0,0,1,0,0,0,1,Horror Mystery Thriller,0,0.0,,0.0,16.109328733595103,17.148042228902273,False,False,False,True,False,False,False,False,False,False,False,False,True,False,False,False,False,False,False,False,False,False
Heretic,2024,2024-11-08,27986380.0,3230.0,Horror Thriller,,https://www.boxofficemojo.com/release/rl2876014593/?ref_=bo_yld_table_57,10829810.0,3221.0,,R,111.0,A24,heretic,heretic_2012,,,,,17.0,4.0,17.0,2024-11-08,11.0,4.0,2024.0,0,0,1,0,0,A24,4,0,0,0,0,0,0,0,0,1,0,0,0,1,Horror Thriller,0,0.0,,0.0,16.197813167301348,17.14722855695496,True,False,False,False,False,False,False,False,False,False,False,False,False,False,False,False,False,False,False,False,True,False
Abigail,2024,2024-04-19,25867515.0,3393.0,Action Comedy Crime Drama Horror Thriller,,https://www.boxofficemojo.com/release/rl1488880385/?ref_=bo_yld_table_58,10297110.0,3384.0,,R,109.0,Universal Pictures,abigail,abigail,,,,,35.0,26.0,35.0,2024-04-19,4.0,4.0,2024.0,0,0,0,0,0,Universal,4,1,0,0,1,1,1,0,0,1,0,0,0,1,Action Comedy Crime Drama Horror Thriller,0,0.0,,0.0,16.147373928419572,17.068498530997825,False,False,False,False,False,False,False,False,True,False,False,False,False,True,False,False,False,False,False,False,False,False
Monkey Man,2024,2024-04-05,25116955.0,3037.0,Action Crime Thriller,,https://www.boxofficemojo.com/release/rl290357249/?ref_=bo_yld_table_59,10119435.0,3029.0,,R,121.0,Universal Pictures,monkey man,monkey_man,,,,,89.0,306.0,81.0,2024-04-05,4.0,4.0,2024.0,0,0,0,0,0,Universal,4,1,0,0,0,1,0,0,0,0,0,0,0,1,Action Crime Thriller,0,0.0,,0.0,16.129968489045254,17.039053713877635,False,False,False,False,False,False,False,False,True,False,False,False,False,True,False,False,False,False,False,False,False,False
Arthur the King,2024,2024-03-15,25049006.0,3003.0,Adventure Drama Sport,,https://www.boxofficemojo.com/release/rl1589609217/?ref_=bo_yld_table_60,7633898.0,3003.0,,PG,107.0,Lionsgate,arthur the king,arthur_the_king,20240313213210.0,,,,71.0,85.0,97.0,2024-03-15,3.0,4.0,2024.0,1,0,0,1,0,Lionsgate,2,0,1,0,0,0,1,0,0,0,0,0,0,0,Adventure Drama Sport,0,0.0,,0.0,15.848109281914226,17.03634474399087,False,False,False,True,False,False,False,False,False,False,False,False,True,False,False,False,False,False,False,False,False,False
We Live in Time,2024,2024-10-11,24692924.0,2964.0,Drama Romance,,https://www.boxofficemojo.com/release/rl2825682945/?ref_=bo_yld_table_61,232615.0,5.0,,R,108.0,A24,we live in time,we_live_in_time,,,,,79.0,228.0,83.0,2024-10-11,10.0,4.0,2024.0,0,0,0,0,0,A24,4,0,0,0,0,0,1,0,0,0,0,1,0,0,Drama Romance,0,0.0,,0.0,12.35714430431917,17.02202732332026,True,False,False,False,False,False,False,False,False,False,False,False,False,False,False,False,False,False,False,True,False,False
Poor Things,2024,2023-12-08,34553225.0,2300.0,Comedy Drama Romance Sci-Fi,,https://www.boxofficemojo.com/release/rl3566306049/?ref_=bo_yld_table_62,661230.0,9.0,,R,141.0,Searchlight Pictures,poor things,poor_things,,,,,92.0,381.0,80.0,2023-12-08,12.0,4.0,2023.0,0,0,1,0,0,Disney,4,0,0,0,1,0,1,0,0,0,0,1,1,0,Comedy Drama Romance Sci-Fi,0,0.0,,0.0,13.401858528282474,17.35801147574381,False,False,True,False,False,False,False,False,False,False,False,False,False,False,False,False,False,False,False,False,False,True
Blink Twice,2024,2024-08-23,23093906.0,3067.0,Mystery Thriller,,https://www.boxofficemojo.com/release/rl4082008065/?ref_=bo_yld_table_63,7301894.0,3067.0,,R,102.0,Amazon MGM Studios,blink twice,blink_twice,20240822002202.0,,,,74.0,232.0,71.0,2024-08-23,8.0,4.0,2024.0,0,1,0,0,0,Amazon,4,0,0,0,0,0,0,0,0,0,0,0,0,1,Mystery Thriller,0,0.0,,0.0,15.80364446147231,16.955079374465825,False,True,False,False,False,False,False,False,False,False,False,False,False,False,False,False,False,True,False,False,False,False
Kraven the Hunter,2024,2024-12-13,25026310.0,3211.0,Action Adventure Thriller,,https://www.boxofficemojo.com/release/rl259556097/?ref_=bo_yld_table_64,11001109.0,3211.0,,R,127.0,Sony Pictures Releasing,kraven the hunter,kraven_the_hunter,,,,,15.0,160.0,72.0,2024-12-13,12.0,4.0,2024.0,0,0,1,0,0,Sony,4,1,1,0,0,0,0,0,0,0,0,0,0,1,Action Adventure Thriller,0,0.0,,0.0,16.213506734762575,17.035438269405763,False,False,False,False,False,False,False,True,False,False,False,False,False,False,False,False,False,False,False,False,False,True
The Bikeriders,2024,2024-06-21,21746895.0,2692.0,Crime Drama,,https://www.boxofficemojo.com/release/rl620462849/?ref_=bo_yld_table_65,9698275.0,2642.0,,R,116.0,Focus Features,the bikeriders,the_bikeriders,,,,,79.0,283.0,74.0,2024-06-21,6.0,4.0,2024.0,0,1,0,0,0,Universal,4,0,0,0,0,1,1,0,0,0,0,0,0,0,Crime Drama,0,0.0,,0.0,16.087458695718652,16.89498159267087,False,False,False,False,False,False,False,False,True,False,False,False,False,False,False,True,False,False,False,False,False,False
The Ministry of Ungentlemanly Warfare,2024,2024-04-19,20535053.0,2845.0,Action Comedy War,,https://www.boxofficemojo.com/release/rl3964305409/?ref_=bo_yld_table_66,8913698.0,2845.0,,R,122.0,Lionsgate,the ministry of ungentlemanly warfare,the_ministry_of_ungentlemanly_warfare,20240418063344.0,,,,68.0,168.0,91.0,2024-04-19,4.0,4.0,2024.0,0,0,0,0,0,Lionsgate,4,1,0,0,1,0,0,0,0,0,0,0,0,0,Action Comedy War,0,0.0,,0.0,16.003099864810597,16.837643935026023,False,False,False,True,False,False,False,False,False,False,False,False,False,True,False,False,False,False,False,False,False,False
Fly Me to the Moon,2024,2024-07-12,20532222.0,3356.0,Comedy Romance,,https://www.boxofficemojo.com/release/rl810057729/?ref_=bo_yld_table_67,9402176.0,3356.0,,PG,132.0,Columbia Pictures,fly me to the moon,fly_me_to_the_moon,,,,,20.0,82.0,25.0,2024-07-12,7.0,4.0,2024.0,0,1,0,0,0,Sony,2,0,0,0,1,0,0,0,0,0,0,1,0,0,Comedy Romance,0,0.0,,0.0,16.05645181617076,16.837506063698225,False,False,False,False,False,False,False,True,False,False,False,False,False,False,False,False,True,False,False,False,False,False
Unsung Hero,2024,2024-04-26,20335239.0,2832.0,Biography Drama Family,,https://www.boxofficemojo.com/release/rl832733953/?ref_=bo_yld_table_68,7731539.0,2832.0,,PG,113.0,Lionsgate,unsung hero,unsung_hero,20240425212743.0,,,,61.0,36.0,99.0,2024-04-26,4.0,4.0,2024.0,0,0,0,0,0,Lionsgate,2,0,0,0,0,0,1,1,0,0,0,0,0,0,Biography Drama Family,0,0.0,,0.0,15.860818624524542,16.8278658995651,False,False,False,True,False,False,False,False,False,False,False,False,False,True,False,False,False,False,False,False,False,False
The First Omen,2024,2024-04-05,20092802.0,3375.0,Horror,,https://www.boxofficemojo.com/release/rl591495169/?ref_=bo_yld_table_69,8353710.0,3375.0,,R,119.0,20th Century Studios,the first omen,the_first_omen,20240404213303.0,86.0,50.0,,84.0,195.0,69.0,2024-04-05,4.0,4.0,2024.0,0,0,0,0,0,Disney,4,0,0,0,0,0,0,0,0,1,0,0,0,0,Horror,0,0.0,-2.0,3.9318256327243257,15.938216429234496,16.815872249209132,False,False,True,False,False,False,False,False,False,False,False,False,False,True,False,False,False,False,False,False,False,False
Cabrini,2024,2024-03-08,19512134.0,2850.0,Biography Drama History,,https://www.boxofficemojo.com/release/rl776962049/?ref_=bo_yld_table_70,7168520.0,2840.0,,PG,142.0,Angel,cabrini,cabrini,,,,,91.0,89.0,98.0,2024-03-08,3.0,4.0,2024.0,0,0,0,1,0,Other,2,0,0,0,0,0,1,0,0,0,0,0,0,0,Biography Drama History,0,0.0,,0.0,15.785209915147325,16.786547137673146,False,False,False,False,False,True,False,False,False,False,False,False,True,False,False,False,False,False,False,False,False,False
American Fiction,2024,Dec 15,21098470.0,1902.0,Comedy Drama,,https://www.boxofficemojo.com/release/rl2073330433/?ref_=bo_yld_table_71,224469.0,7.0,,R,117.0,,american fiction,american_fiction,,,,,93.0,294.0,95.0,,,,2024.0,0,0,0,0,0,Other,4,0,0,0,1,0,1,0,0,0,0,0,0,0,Comedy Drama,0,0.0,,0.0,12.321497346945591,16.86471113136564,False,False,False,False,False,True,False,False,False,False,False,False,False,False,False,False,False,False,False,False,False,False
Ordinary Angels,2024,2024-02-23,19174421.0,3020.0,Biography Drama,,https://www.boxofficemojo.com/release/rl226919169/?ref_=bo_yld_table_72,6163600.0,3020.0,,PG,118.0,Lionsgate,ordinary angels,ordinary_angels,,,,,84.0,102.0,99.0,2024-02-23,2.0,4.0,2024.0,0,0,0,0,0,Lionsgate,2,0,0,0,0,0,1,0,0,0,0,0,0,0,Biography Drama,0,0.0,,0.0,15.634171742632667,16.769087761347365,False,False,False,True,False,False,False,False,False,False,False,True,False,False,False,False,False,False,False,False,False,False
The Iron Claw,2024,2023-12-22,35070296.0,2794.0,Biography Drama Sport,,https://www.boxofficemojo.com/release/rl1537442561/?ref_=bo_yld_table_73,4868370.0,2774.0,,R,132.0,A24,the iron claw,the_iron_claw_1916,,,,,100.0,5.0,100.0,2023-12-22,12.0,4.0,2023.0,1,0,1,0,0,A24,4,0,0,0,0,0,1,0,0,0,0,0,0,0,Biography Drama Sport,0,0.0,,0.0,15.398269942182282,17.372865090857232,True,False,False,False,False,False,False,False,False,False,False,False,False,False,False,False,False,False,False,False,False,True
The Watchers,2024,2024-06-07,19071404.0,3351.0,Fantasy Horror Mystery Thriller,,https://www.boxofficemojo.com/release/rl2180940545/?ref_=bo_yld_table_74,7003537.0,3351.0,,PG,102.0,Warner Bros.,the watchers,the_watchers_2024,,,,,32.0,184.0,50.0,2024-06-07,6.0,4.0,2024.0,0,1,0,0,0,WB,2,0,0,0,0,0,0,0,1,1,0,0,0,1,Fantasy Horror Mystery Thriller,0,0.0,,0.0,15.761926007905018,16.763700650793446,False,False,False,False,False,False,False,False,False,True,False,False,False,False,False,True,False,False,False,False,False,False
Tarot,2024,2024-05-03,18771004.0,3104.0,Horror,,https://www.boxofficemojo.com/release/rl3080028929/?ref_=bo_yld_table_75,6503012.0,3104.0,,PG,92.0,Screen Gems,tarot,tarot_2024,,,,,17.0,63.0,55.0,2024-05-03,5.0,4.0,2024.0,0,1,0,0,0,Other,2,0,0,0,0,0,0,0,0,1,0,0,0,0,Horror,0,0.0,,0.0,15.687776165926639,16.747823950016908,False,False,False,False,False,True,False,False,False,False,False,False,False,False,True,False,False,False,False,False,False,False
Demon Slayer: Kimetsu No Yaiba - To the Hashira Training,2024,2024-02-23,17657658.0,1949.0,Action Adventure Animation Fantasy Thriller,,https://www.boxofficemojo.com/release/rl709394433/?ref_=bo_yld_table_76,11505414.0,1949.0,,R,104.0,Sony Pictures Releasing,demon slayer kimetsu no yaiba  to the hashira training,demon_slayer_kimetsu_no_yaiba_to_the_hashira_training,,,,,88.0,16.0,79.0,2024-02-23,2.0,4.0,2024.0,0,0,0,0,1,Sony,4,1,1,1,0,0,0,0,1,0,0,0,0,1,Action Adventure Animation Fantasy Thriller,0,0.0,,0.0,16.25832835207441,16.686680184896908,False,False,False,False,False,False,False,True,False,False,False,True,False,False,False,False,False,False,False,False,False,False
Harold and the Purple Crayon,2024,2024-08-02,17640924.0,3325.0,Adventure Animation Comedy Family Fantasy,,https://www.boxofficemojo.com/release/rl2031190785/?ref_=bo_yld_table_77,6003197.0,3325.0,40000000.0,PG,90.0,Columbia Pictures,harold and the purple crayon,harold_and_the_purple_crayon,20240801095926.0,,,,28.0,75.0,89.0,2024-08-02,8.0,4.0,2024.0,0,1,0,0,0,Sony,2,0,1,1,1,0,0,1,1,0,0,0,0,0,Adventure Animation Comedy Family Fantasy,1,17.50439003707821,,0.0,15.607802885198282,16.68573204480984,False,False,False,False,False,False,False,True,False,False,False,False,False,False,False,False,False,True,False,False,False,False
The Color Purple,2024,2023-12-25,60619191.0,3218.0,Drama Musical,,https://www.boxofficemojo.com/release/rl577012481/?ref_=bo_yld_table_78,11737072.0,3203.0,,PG,141.0,Warner Bros.,the color purple,the_color_purple,20231228232410.0,,,,81.0,255.0,95.0,2023-12-25,12.0,0.0,2023.0,1,0,1,0,0,WB,2,0,0,0,0,0,1,0,0,0,1,0,0,0,Drama Musical,0,0.0,,0.0,16.27826302271019,17.920122100570754,False,False,False,False,False,False,False,False,False,True,False,False,False,False,False,False,False,False,False,False,False,True
The Substance,2024,2024-09-20,17584795.0,1949.0,Drama Horror Sci-Fi,,https://www.boxofficemojo.com/release/rl2684977153/?ref_=bo_yld_table_79,3205212.0,1949.0,18000000.0,R,141.0,MUBI,the substance,the_substance,,,,,89.0,376.0,76.0,2024-09-20,9.0,4.0,2024.0,0,0,0,0,0,Other,4,0,0,0,0,0,1,0,0,1,0,0,1,0,Drama Horror Sci-Fi,1,16.705882371415992,,0.0,14.980289104786975,16.682545223026796,False,False,False,False,False,True,False,False,False,False,False,False,False,False,False,False,False,False,True,False,False,False
Immaculate,2024,2024-03-22,15671307.0,2362.0,Horror Thriller,,https://www.boxofficemojo.com/release/rl2219802625/?ref_=bo_yld_table_80,5338921.0,2354.0,,R,89.0,Neon,immaculate,immaculate_conception_of_little_dizzle,,,,,89.0,9.0,71.0,2024-03-22,3.0,4.0,2024.0,0,0,0,1,0,Other,4,0,0,0,0,0,0,0,0,1,0,0,0,1,Horror Thriller,0,0.0,,0.0,15.490534317898174,16.56734208245043,False,False,False,False,False,True,False,False,False,False,False,False,True,False,False,False,False,False,False,False,False,False
Borderlands,2024,2024-08-09,15482668.0,3125.0,Action Adventure Comedy Sci-Fi Thriller,,https://www.boxofficemojo.com/release/rl3466691329/?ref_=bo_yld_table_81,8601572.0,3125.0,,PG,101.0,Lionsgate,borderlands,borderlands,,,,,10.0,166.0,48.0,2024-08-09,8.0,4.0,2024.0,0,1,0,0,0,Lionsgate,2,1,1,0,1,0,0,0,0,0,0,0,1,1,Action Adventure Comedy Sci-Fi Thriller,0,0.0,,0.0,15.967455651475039,16.555231827284594,False,False,False,True,False,False,False,False,False,False,False,False,False,False,False,False,False,True,False,False,False,False
Interstellar,2024,2024-12-06,15207563.0,321.0,Adventure Drama Sci-Fi,,https://www.boxofficemojo.com/release/rl1231060993/?ref_=bo_yld_table_82,4602149.0,165.0,165000000.0,PG,169.0,Paramount Pictures,interstellar,interstellar_2014,,,,,73.0,373.0,87.0,2024-12-06,12.0,4.0,2024.0,0,0,1,0,0,Paramount,2,0,1,0,0,0,1,0,0,0,0,0,1,0,Adventure Drama Sci-Fi,1,18.92145603792546,,0.0,15.342034143570379,16.53730349361792,False,False,False,False,False,False,True,False,False,False,False,False,False,False,False,False,False,False,False,False,False,True
MaXXXine,2024,2024-07-05,15097632.0,2450.0,Crime Horror,,https://www.boxofficemojo.com/release/rl4208624385/?ref_=bo_yld_table_83,6705038.0,2450.0,,R,103.0,A24,maxxxine,maxxxine,,,,,73.0,293.0,73.0,2024-07-05,7.0,4.0,2024.0,1,1,0,0,0,A24,4,0,0,0,0,1,0,0,0,1,0,0,0,0,Crime Horror,0,0.0,,0.0,15.71836989123581,16.53004853453092,True,False,False,False,False,False,False,False,False,False,False,False,False,False,False,False,True,False,False,False,False,False
The Chosen: S4 Episodes 1-3,2024,2024-02-01,14409169.0,2280.0,-,,https://www.boxofficemojo.com/release/rl2209514241/?ref_=bo_yld_table_84,5949435.0,2280.0,,,194.0,Fathom Events,the chosen s4 episodes 13,,,,,,,,,2024-02-01,2.0,3.0,2024.0,0,0,0,0,1,Other,3,0,0,0,0,0,0,0,0,0,0,0,0,0,-,0,0.0,,0.0,15.598806983112999,16.483375367427165,False,False,False,False,False,True,False,False,False,False,False,True,False,False,False,False,False,False,False,False,False,False
Anora,2024,2024-10-18,20474295.0,1938.0,Comedy Drama Romance,,https://www.boxofficemojo.com/release/rl779911169/?ref_=bo_yld_table_85,550503.0,6.0,,R,139.0,Neon,anora,anora,,,,,93.0,354.0,84.0,2024-10-18,10.0,4.0,2024.0,0,0,0,0,0,Other,4,0,0,0,1,0,1,0,0,0,0,1,0,0,Comedy Drama Romance,0,0.0,,0.0,13.218589501240182,16.8346808037179,False,False,False,False,False,True,False,False,False,False,False,False,False,False,False,False,False,False,False,True,False,False
Homestead,2024,2024-12-20,20811864.0,1886.0,Action Drama Thriller,,https://www.boxofficemojo.com/release/rl2557247489/?ref_=bo_yld_table_86,6000241.0,1886.0,,PG,112.0,Angel,homestead,homestead_2024,20241217201053.0,,,,43.0,21.0,71.0,2024-12-20,12.0,4.0,2024.0,1,0,1,0,0,Other,2,1,0,0,0,0,1,0,0,0,0,0,0,1,Action Drama Thriller,0,0.0,,0.0,15.607310359712296,16.85103381472897,False,False,False,False,False,True,False,False,False,False,False,False,False,False,False,False,False,False,False,False,False,True
Star Wars: Episode I - The Phantom Menace,2024,2024-05-03,13029994.0,2700.0,Action Adventure Fantasy Sci-Fi,,https://www.boxofficemojo.com/release/rl1901887489/?ref_=bo_yld_table_87,8723194.0,2700.0,115000000.0,PG,136.0,Walt Disney Studios Motion Pictures,star wars episode i  the phantom menace,star_wars_episode_i_the_phantom_menace,,,,,54.0,290.0,59.0,2024-05-03,5.0,4.0,2024.0,0,1,0,0,1,Disney,2,1,1,0,0,0,0,0,1,0,0,0,1,0,Action Adventure Fantasy Sci-Fi,1,18.560442695023177,,0.0,15.981496127859979,16.3827645653711,False,False,True,False,False,False,False,False,False,False,False,False,False,False,True,False,False,False,False,False,False,False
Kalki 2898 AD,2024,2024-06-27,18289575.0,1049.0,Action Adventure Sci-Fi,,https://www.boxofficemojo.com/release/rl2876276737/?ref_=bo_yld_table_88,5668275.0,1049.0,,,,Prathyangira Cinemas,kalki 2898 ad,kalki_2898_ad,20240627191955.0,95.0,26.0,95.0,76.0,38.0,86.0,2024-06-27,6.0,3.0,2024.0,0,1,0,0,0,Other,3,1,1,0,0,0,0,0,0,0,0,0,1,0,Action Adventure Sci-Fi,0,0.0,-19.0,3.295836866004329,15.550395573032015,16.721841838031636,False,False,False,False,False,True,False,False,False,False,False,False,False,False,False,True,False,False,False,False,False,False
Am I Racist?,2024,2024-09-13,12311598.0,1600.0,Comedy Documentary,,https://www.boxofficemojo.com/release/rl3329982465/?ref_=bo_yld_table_89,4544063.0,1517.0,,PG,100.0,SDG Releasing,am i racist,am_i_racist,,,,,56.0,16.0,96.0,2024-09-13,9.0,4.0,2024.0,0,0,0,0,0,Other,2,0,0,0,1,0,0,0,0,0,0,0,0,0,Comedy Documentary,0,0.0,,0.0,15.32933232379098,16.32605238411989,False,False,False,False,False,True,False,False,False,False,False,False,False,False,False,False,False,False,True,False,False,False
Here,2024,Nov 1,12237270.0,2732.0,Drama,,https://www.boxofficemojo.com/release/rl2858385409/?ref_=bo_yld_table_90,4875195.0,2647.0,,PG,104.0,Sony Pictures Releasing,here,here,,,,,43.0,3.0,43.0,,,,2024.0,0,0,0,0,0,Sony,2,0,0,0,0,0,1,0,0,0,0,0,0,0,Drama,0,0.0,,0.0,15.399670866734086,16.31999685267339,False,False,False,False,False,False,False,True,False,False,False,False,False,False,False,False,False,False,False,False,False,False
Bonhoeffer,2024,2024-11-22,12222383.0,1900.0,Biography Drama History Thriller,,https://www.boxofficemojo.com/release/rl2775351297/?ref_=bo_yld_table_91,5047975.0,1900.0,,PG,133.0,Angel,bonhoeffer,bonhoeffer,,,,,70.0,30.0,78.0,2024-11-22,11.0,4.0,2024.0,1,0,1,0,0,Other,2,0,0,0,0,0,1,0,0,0,0,0,0,1,Biography Drama History Thriller,0,0.0,,0.0,15.434497928833723,16.318779582696507,False,False,False,False,False,True,False,False,False,False,False,False,False,False,False,False,False,False,False,False,True,False
Sound of Hope: The Story of Possum Trot,2024,2024-07-04,11647099.0,2200.0,Drama,,https://www.boxofficemojo.com/release/rl812417025/?ref_=bo_yld_table_92,3078758.0,2200.0,,PG,130.0,Angel,sound of hope the story of possum trot,sound_of_hope_the_story_of_possum_trot,20240703205246.0,,,,82.0,39.0,98.0,2024-07-04,7.0,3.0,2024.0,1,1,0,0,1,Other,2,0,0,0,0,0,1,0,0,0,0,0,0,0,Drama,0,0.0,,0.0,14.940037151676924,16.27056777994988,False,False,False,False,False,True,False,False,False,False,False,False,False,False,False,False,True,False,False,False,False,False
Godzilla Minus One,2024,2023-12-01,57144669.0,2622.0,Action Adventure Drama Horror Sci-Fi,,https://www.boxofficemojo.com/release/rl1285456641/?ref_=bo_yld_table_93,11419975.0,2308.0,,PG,124.0,Toho International,godzilla minus one,godzilla_minus_one,,,,,99.0,212.0,98.0,2023-12-01,12.0,4.0,2023.0,0,0,1,0,0,Other,2,1,1,0,0,0,1,0,0,1,0,0,1,0,Action Adventure Drama Horror Sci-Fi,0,0.0,,0.0,16.250874660613746,17.861096680513715,False,False,False,False,False,True,False,False,False,False,False,False,False,False,False,False,False,False,False,False,False,True
The Boy and the Heron,2024,Dec 8,46832867.0,2325.0,Adventure Animation Drama Fantasy,,https://www.boxofficemojo.com/release/rl4222321409/?ref_=bo_yld_table_94,13011722.0,2205.0,,PG,124.0,GKIDS,the boy and the heron,the_boy_and_the_heron,,,,,96.0,274.0,88.0,,,,2024.0,0,0,0,0,0,Other,2,0,1,1,0,0,1,0,1,0,0,0,0,0,Adventure Animation Drama Fantasy,0,0.0,,0.0,16.38136127830698,17.662095822077543,False,False,False,False,False,True,False,False,False,False,False,False,False,False,False,False,False,False,False,False,False,False
The Chosen: S4 Episodes 4-6,2024,2024-02-15,9482744.0,2272.0,-,,https://www.boxofficemojo.com/release/rl2259845889/?ref_=bo_yld_table_95,3622287.0,2272.0,,,196.0,Fathom Events,the chosen s4 episodes 46,,,,,,,,,2024-02-15,2.0,3.0,2024.0,1,0,0,0,1,Other,3,0,0,0,0,0,0,0,0,0,0,0,0,0,-,0,0.0,,0.0,15.102616428345037,16.064984389279704,False,False,False,False,False,True,False,False,False,False,False,True,False,False,False,False,False,False,False,False,False,False
Never Let Go,2024,2024-09-20,10306106.0,2667.0,Horror Mystery Thriller,,https://www.boxofficemojo.com/release/rl3160506369/?ref_=bo_yld_table_96,4449065.0,2667.0,,R,101.0,Lionsgate,never let go,never_let_go_2024,,,,,56.0,105.0,54.0,2024-09-20,9.0,4.0,2024.0,0,0,0,0,0,Lionsgate,4,0,0,0,0,0,0,0,0,1,0,0,0,1,Horror Mystery Thriller,0,0.0,,0.0,15.30820474447248,16.14824719011798,False,False,False,True,False,False,False,False,False,False,False,False,False,False,False,False,False,False,True,False,False,False
Late Night with the Devil,2024,2024-03-22,10001000.0,1442.0,Horror,,https://www.boxofficemojo.com/release/rl2353299457/?ref_=bo_yld_table_97,2834867.0,1034.0,,R,93.0,IFC Films,late night with the devil,late_night_with_the_devil,,,,,97.0,238.0,82.0,2024-03-22,3.0,4.0,2024.0,0,0,0,1,0,Other,4,0,0,0,0,0,0,0,0,1,0,0,0,0,Horror,0,0.0,,0.0,14.857505933213439,16.11819574594865,False,False,False,False,False,True,False,False,False,False,False,False,True,False,False,False,False,False,False,False,False,False
Lisa Frankenstein,2024,2024-02-09,9774285.0,3144.0,Comedy Horror Romance,,https://www.boxofficemojo.com/release/rl1722974977/?ref_=bo_yld_table_98,3695785.0,3144.0,,PG,101.0,Focus Features,lisa frankenstein,lisa_frankenstein,20240207181039.0,,,,52.0,208.0,82.0,2024-02-09,2.0,4.0,2024.0,0,0,0,0,0,Universal,2,0,0,0,1,0,0,0,0,1,0,1,0,0,Comedy Horror Romance,0,0.0,,0.0,15.122703809634517,16.095265617689638,False,False,False,False,False,False,False,False,True,False,False,True,False,False,False,False,False,False,False,False,False,False
Piece by Piece,2024,2024-10-11,9756635.0,1873.0,Animation Biography Comedy Family Musical,,https://www.boxofficemojo.com/release/rl508461057/?ref_=bo_yld_table_99,3851355.0,1865.0,,PG,93.0,Focus Features,piece by piece,piece_by_piece,,,,,100.0,3.0,100.0,2024-10-11,10.0,4.0,2024.0,0,0,0,0,0,Universal,2,0,0,1,1,0,0,1,0,0,1,0,0,0,Animation Biography Comedy Family Musical,0,0.0,,0.0,15.16393585204557,16.093458226845037,False,False,False,False,False,False,False,False,True,False,False,False,False,False,False,False,False,False,False,True,False,False
Saturday Night,2024,Sep 27,9511315.0,2336.0,Biography Comedy Drama History,,https://www.boxofficemojo.com/release/rl1736278017/?ref_=bo_yld_table_100,270487.0,5.0,,R,109.0,Sony Pictures Releasing,saturday night,saturday_night,,,,,83.0,11.0,83.0,,,,2024.0,0,0,0,0,0,Sony,4,0,0,0,1,0,1,0,0,0,0,0,0,0,Biography Comedy Drama History,0,0.0,,0.0,12.507983013992586,16.0679928055998,False,False,False,False,False,False,False,True,False,False,False,False,False,False,False,False,False,False,False,False,False,False
The Crow,2024,2024-08-23,9275659.0,2752.0,Action Crime Fantasy Horror Romance Thriller,,https://www.boxofficemojo.com/release/rl3110174721/?ref_=bo_yld_table_101,4644666.0,2752.0,,R,111.0,Lionsgate,the crow,the_crow,20240822202434.0,,,,88.0,74.0,90.0,2024-08-23,8.0,4.0,2024.0,0,1,0,0,0,Lionsgate,4,1,0,0,0,1,0,0,1,1,0,1,0,1,Action Crime Fantasy Horror Romance Thriller,0,0.0,,0.0,15.35123023767099,16.04290432295574,False,False,False,True,False,False,False,False,False,False,False,False,False,False,False,False,False,True,False,False,False,False
Babygirl,2024,2024-12-25,28196732.0,2164.0,Drama Romance Thriller,,https://www.boxofficemojo.com/release/rl2926346241/?ref_=bo_yld_table_102,4490145.0,2115.0,,R,114.0,A24,babygirl,babygirl,,,,,33.0,4.0,33.0,2024-12-25,12.0,2.0,2024.0,1,0,1,0,0,A24,4,0,0,0,0,0,1,0,0,0,0,1,0,1,Drama Romance Thriller,0,0.0,,0.0,15.317395775893567,17.15471667813326,True,False,False,False,False,False,False,False,False,False,False,False,False,False,False,False,False,False,False,False,False,True
Thelma,2024,2024-06-21,9002073.0,1290.0,Action Comedy,,https://www.boxofficemojo.com/release/rl4050812929/?ref_=bo_yld_table_103,2303222.0,1290.0,,PG,98.0,Magnolia Pictures,thelma,thelma_2024,20240619012420.0,,,,98.0,208.0,83.0,2024-06-21,6.0,4.0,2024.0,0,1,0,0,0,Other,2,1,0,0,1,0,0,0,0,0,0,0,0,0,Action Comedy,0,0.0,,0.0,14.64982000433653,16.012965553196697,False,False,False,False,False,True,False,False,False,False,False,False,False,False,False,True,False,False,False,False,False,False
The Lord of the Rings: The War of the Rohirrim,2024,2024-12-13,9158572.0,2602.0,Action Adventure Animation Drama Fantasy,,https://www.boxofficemojo.com/release/rl3123675905/?ref_=bo_yld_table_104,4552109.0,2602.0,,PG,134.0,Warner Bros.,the lord of the rings the war of the rohirrim,the_lord_of_the_rings_the_war_of_the_rohirrim,20241212200102.0,,,,50.0,151.0,81.0,2024-12-13,12.0,4.0,2024.0,0,0,1,0,1,WB,2,1,1,1,0,0,1,0,1,0,0,0,0,0,Action Adventure Animation Drama Fantasy,0,0.0,,0.0,15.33110141969844,16.03020093848821,False,False,False,False,False,False,False,False,False,True,False,False,False,False,False,False,False,False,False,False,False,True
Love Lies Bleeding,2024,Mar 8,8335797.0,1828.0,Crime Drama Mystery Romance Thriller,,https://www.boxofficemojo.com/release/rl3578626049/?ref_=bo_yld_table_105,150765.0,5.0,,R,104.0,A24,love lies bleeding,love_lies_bleeding,,,,,32.0,156.0,32.0,,,,2024.0,0,0,0,0,0,A24,4,0,0,0,0,1,1,0,0,0,0,1,0,1,Crime Drama Mystery Romance Thriller,0,0.0,,0.0,11.92348424494414,15.936069810435999,True,False,False,False,False,False,False,False,False,False,False,False,False,False,False,False,False,False,False,False,False,False
Spy x Family Code: White,2024,2024-04-19,8110042.0,2009.0,Action Animation Comedy Thriller,,https://www.boxofficemojo.com/release/rl3075571713/?ref_=bo_yld_table_107,4824993.0,2009.0,,PG,110.0,Crunchyroll,spy x family code white,spy_x_family_code_white,,,,,94.0,36.0,97.0,2024-04-19,4.0,4.0,2024.0,0,0,0,0,1,Other,2,1,0,1,1,0,0,0,0,0,0,0,0,1,Action Animation Comedy Thriller,0,0.0,,0.0,15.389320049231134,15.908613728173718,False,False,False,False,False,True,False,False,False,False,False,False,False,True,False,False,False,False,False,False,False,False
Ferrari,2024,2023-12-25,18550028.0,2386.0,Biography Drama History Sport,,https://www.boxofficemojo.com/release/rl390496257/?ref_=bo_yld_table_108,3921773.0,2386.0,,R,130.0,Neon,ferrari,,,,,,,,,2023-12-25,12.0,0.0,2023.0,1,0,1,0,0,Other,4,0,0,0,0,0,1,0,0,0,0,0,0,0,Biography Drama History Sport,0,0.0,,0.0,15.182054660416725,16.735981910358813,False,False,False,False,False,True,False,False,False,False,False,False,False,False,False,False,False,False,False,False,False,True
The Chosen: S4 Episodes 7-8,2024,2024-02-29,7729152.0,2215.0,-,,https://www.boxofficemojo.com/release/rl4189225729/?ref_=bo_yld_table_109,3286746.0,2215.0,,,157.0,Fathom Events,the chosen s4 episodes 78,,,,,,,,,2024-02-29,2.0,3.0,2024.0,0,0,0,0,1,Other,3,0,0,0,0,0,0,0,0,0,0,0,0,0,-,0,0.0,,0.0,15.005408879802673,15.860509841468184,False,False,False,False,False,True,False,False,False,False,False,True,False,False,False,False,False,False,False,False,False,False
A Real Pain,2024,2024-11-01,8344978.0,1185.0,Comedy Drama,,https://www.boxofficemojo.com/release/rl3277815809/?ref_=bo_yld_table_110,228856.0,4.0,,R,90.0,Searchlight Pictures,a real pain,a_real_pain,,,,,96.0,277.0,82.0,2024-11-01,11.0,4.0,2024.0,0,0,1,0,0,Disney,4,0,0,0,1,0,1,0,0,0,0,0,0,0,Comedy Drama,0,0.0,,0.0,12.340852633335208,15.937170598597973,False,False,True,False,False,False,False,False,False,False,False,False,False,False,False,False,False,False,False,False,True,False
Megalopolis,2024,2024-09-27,7629085.0,1854.0,Drama Fantasy Sci-Fi,,https://www.boxofficemojo.com/release/rl2238742529/?ref_=bo_yld_table_111,4007797.0,1854.0,,R,138.0,Lionsgate,megalopolis,megalopolis,20240926200920.0,,,,46.0,303.0,34.0,2024-09-27,9.0,4.0,2024.0,0,0,0,0,0,Lionsgate,4,0,0,0,0,0,1,0,1,0,0,0,1,0,Drama Fantasy Sci-Fi,0,0.0,,0.0,15.203752521275158,15.847478605783767,False,False,False,True,False,False,False,False,False,False,False,False,False,False,False,False,False,False,True,False,False,False
Sight,2024,2024-05-24,7206741.0,2118.0,Biography Drama History,,https://www.boxofficemojo.com/release/rl3532423937/?ref_=bo_yld_table_112,2795447.0,2100.0,,PG,103.0,Angel,sight,sight,,,,,74.0,42.0,97.0,2024-05-24,5.0,4.0,2024.0,1,1,0,0,0,Other,2,0,0,0,0,0,1,0,0,0,0,0,0,0,Biography Drama History,0,0.0,,0.0,14.843502937952275,15.790527534736588,False,False,False,False,False,True,False,False,False,False,False,False,False,False,True,False,False,False,False,False,False,False
Haikyu!! The Dumpster Battle,2024,2024-05-31,7071622.0,1119.0,Animation Comedy Drama Sport,,https://www.boxofficemojo.com/release/rl1130463233/?ref_=bo_yld_table_113,3645301.0,1119.0,,PG,85.0,Crunchyroll,haikyu the dumpster battle,haikyu_the_dumpster_battle,,,,,76.0,21.0,99.0,2024-05-31,5.0,4.0,2024.0,1,1,0,0,0,Other,2,0,0,1,1,0,1,0,0,0,0,0,0,0,Animation Comedy Drama Sport,0,0.0,,0.0,15.10894977321635,15.771600573055121,False,False,False,False,False,True,False,False,False,False,False,False,False,False,True,False,False,False,False,False,False,False
Afraid,2024,2024-08-30,6725687.0,3003.0,Horror Mystery Sci-Fi Thriller,,https://www.boxofficemojo.com/release/rl183862017/?ref_=bo_yld_table_114,3665664.0,3003.0,,PG,84.0,Sony Pictures Releasing,afraid,afraid_2024,,,,,25.0,57.0,50.0,2024-08-30,8.0,4.0,2024.0,0,1,0,0,0,Sony,2,0,0,0,0,0,0,0,0,1,0,0,1,1,Horror Mystery Sci-Fi Thriller,0,0.0,,0.0,15.114520322955403,15.721444783052108,False,False,False,False,False,False,False,True,False,False,False,False,False,False,False,False,False,True,False,False,False,False
The Hunger Games: The Ballad of Songbirds & Snakes,2024,2023-11-17,166350594.0,3776.0,Action Adventure Drama Sci-Fi Thriller War,,https://www.boxofficemojo.com/release/rl1262387969/?ref_=bo_yld_table_115,44607143.0,3776.0,,PG,157.0,Lionsgate,the hunger games the ballad of songbirds  snakes,the_hunger_games_the_ballad_of_songbirds_and_snakes,,,,,64.0,242.0,89.0,2023-11-17,11.0,4.0,2023.0,0,0,1,0,1,Lionsgate,2,1,1,0,0,0,1,0,0,0,0,0,1,1,Action Adventure Drama Sci-Fi Thriller War,0,0.0,,0.0,17.613404583535143,18.929608137218274,False,False,False,True,False,False,False,False,False,False,False,False,False,False,False,False,False,False,False,False,True,False
I.S.S.,2024,2024-01-19,6573799.0,2518.0,Sci-Fi Thriller,,https://www.boxofficemojo.com/release/rl2101706753/?ref_=bo_yld_table_116,3064583.0,2518.0,,R,95.0,Bleecker Street Media,iss,iss,,,,,61.0,169.0,43.0,2024-01-19,1.0,4.0,2024.0,1,0,0,0,0,Other,4,0,0,0,0,0,0,0,0,0,0,0,1,1,Sci-Fi Thriller,0,0.0,,0.0,14.93542239220284,15.698602609865512,False,False,False,False,False,True,False,False,False,False,True,False,False,False,False,False,False,False,False,False,False,False
Pushpa: The Rule - Part 2,2024,2024-12-05,13000000.0,1245.0,Action Crime Drama Thriller,,https://www.boxofficemojo.com/release/rl471760897/?ref_=bo_yld_table_117,9300000.0,1245.0,,,201.0,AA Films,pushpa the rule  part 2,pushpa_the_rule_part_2,,,,,76.0,104.0,76.0,2024-12-05,12.0,3.0,2024.0,0,0,1,0,1,Other,3,1,0,0,0,1,1,0,0,0,0,0,0,1,Action Crime Drama Thriller,0,0.0,,0.0,16.04552506565036,16.380459992348886,False,False,False,False,False,True,False,False,False,False,False,False,False,False,False,False,False,False,False,False,False,True
Cuckoo,2024,2024-08-09,6217733.0,1503.0,Horror Mystery Thriller,,https://www.boxofficemojo.com/release/rl693927937/?ref_=bo_yld_table_118,3030437.0,1503.0,,R,102.0,Neon,cuckoo,the_cuckoo_2003,,,,,87.0,61.0,89.0,2024-08-09,8.0,4.0,2024.0,0,1,0,0,0,Other,4,0,0,0,0,0,0,0,0,1,0,0,0,1,Horror Mystery Thriller,0,0.0,,0.0,14.924217721494008,15.642916089657161,False,False,False,False,False,True,False,False,False,False,False,False,False,False,False,False,False,True,False,False,False,False
Back to Black,2024,2024-05-17,6178165.0,2013.0,Biography Drama Music,,https://www.boxofficemojo.com/release/rl4114907137/?ref_=bo_yld_table_119,2835720.0,2010.0,,R,122.0,Focus Features,back to black,back_to_black,,,,,35.0,183.0,84.0,2024-05-17,5.0,4.0,2024.0,0,1,0,0,0,Universal,4,0,0,0,0,0,1,0,0,0,0,0,0,0,Biography Drama Music,0,0.0,,0.0,14.857806783797544,15.636532021636752,False,False,False,False,False,False,False,False,True,False,False,False,False,False,True,False,False,False,False,False,False,False
The Book of Clarence,2024,2024-01-12,6132813.0,2010.0,Adventure Comedy Drama History,,https://www.boxofficemojo.com/release/rl3598877441/?ref_=bo_yld_table_120,2557027.0,2010.0,,PG,129.0,Sony Pictures Releasing,the book of clarence,the_book_of_clarence_2024,,,,,65.0,118.0,80.0,2024-01-12,1.0,4.0,2024.0,0,0,0,0,0,Sony,2,0,1,0,1,0,1,0,0,0,0,0,0,0,Adventure Comedy Drama History,0,0.0,,0.0,14.75435620454579,15.629164256413024,False,False,False,False,False,False,False,True,False,False,True,False,False,False,False,False,False,False,False,False,False,False
The Nightmare Before Christmas,2024,2024-10-11,6124705.0,1860.0,Adventure Animation Family Fantasy Musical,,https://www.boxofficemojo.com/release/rl2634973185/?ref_=bo_yld_table_121,2419235.0,1700.0,,PG,76.0,Walt Disney Studios Motion Pictures,the nightmare before christmas,the_nightmare_before_christmas,,,,,95.0,107.0,91.0,2024-10-11,10.0,4.0,2024.0,0,0,0,0,0,Disney,2,0,1,1,0,0,0,1,1,0,1,0,0,0,Adventure Animation Family Fantasy Musical,0,0.0,,0.0,14.698962345809012,15.627841313243028,False,False,True,False,False,False,False,False,False,False,False,False,False,False,False,False,False,False,False,True,False,False
Columbia 100th Anniversary Series,2024,2024-04-15,6013515.0,466.0,-,,https://www.boxofficemojo.com/release/rl4217536513/?ref_=bo_yld_table_122,18856.0,466.0,,,1075.0,Sony Pictures Releasing,columbia 100th anniversary series,,,,,,,,,2024-04-15,4.0,0.0,2024.0,0,0,0,0,0,Sony,3,0,0,0,0,0,0,0,0,0,0,0,0,0,-,0,0.0,,0.0,9.844639476726922,15.609520160409405,False,False,False,False,False,False,False,True,False,False,False,False,False,True,False,False,False,False,False,False,False,False
Someone Like You,2024,2024-04-05,5937306.0,1802.0,Romance,,https://www.boxofficemojo.com/release/rl1029799937/?ref_=bo_yld_table_123,2979692.0,1802.0,,PG,118.0,Fathom Events,someone like you,someone_like_you_2024,,,,,46.0,13.0,96.0,2024-04-05,4.0,4.0,2024.0,0,0,0,0,0,Other,2,0,0,0,0,0,0,0,0,0,0,1,0,0,Romance,0,0.0,,0.0,14.90733083304042,15.596766221533569,False,False,False,False,False,True,False,False,False,False,False,False,False,True,False,False,False,False,False,False,False,False
Trolls Band Together,2024,2023-11-17,103270155.0,3893.0,Adventure Animation Comedy Family Fantasy Musical,,https://www.boxofficemojo.com/release/rl577798913/?ref_=bo_yld_table_124,30002525.0,3870.0,,PG,91.0,Universal Pictures,trolls band together,trolls_band_together,20231115190958.0,,,,64.0,88.0,92.0,2023-11-17,11.0,4.0,2023.0,0,0,1,0,0,Universal,2,0,1,1,1,0,0,1,1,0,1,0,0,0,Adventure Animation Comedy Family Fantasy Musical,0,0.0,,0.0,17.216792136081807,18.45285898624972,False,False,False,False,False,False,False,False,True,False,False,False,False,False,False,False,False,False,False,False,True,False
One Life,2024,2024-03-15,5716885.0,1009.0,Biography Drama History War,,https://www.boxofficemojo.com/release/rl1045987329/?ref_=bo_yld_table_125,1713505.0,983.0,,PG,109.0,Bleecker Street Media,one life,one_life,,,,,91.0,149.0,98.0,2024-03-15,3.0,4.0,2024.0,1,0,0,1,0,Other,2,0,0,0,0,0,1,0,0,0,0,0,0,0,Biography Drama History War,0,0.0,,0.0,14.354052121895572,15.558934809519045,False,False,False,False,False,True,False,False,False,False,False,False,True,False,False,False,False,False,False,False,False,False
Devara Part 1,2024,2024-09-26,5600000.0,1040.0,Action Adventure Drama Thriller,,https://www.boxofficemojo.com/release/rl537755649/?ref_=bo_yld_table_126,5600000.0,1040.0,,,176.0,Prathyangira Cinemas,devara part 1,devara_part_1,,,,,35.0,17.0,76.0,2024-09-26,9.0,3.0,2024.0,0,0,0,0,0,Other,3,1,1,0,0,0,1,0,0,0,0,0,0,1,Action Adventure Drama Thriller,0,0.0,,0.0,15.53827733427679,15.53827733427679,False,False,False,False,False,True,False,False,False,False,False,False,False,False,False,False,False,False,True,False,False,False
The Killer's Game,2024,2024-09-13,5404378.0,2623.0,Action Comedy Thriller,,https://www.boxofficemojo.com/release/rl1584037889/?ref_=bo_yld_table_127,2697850.0,2623.0,,R,104.0,Lionsgate,the killers game,the_killers_game,,,,,46.0,50.0,79.0,2024-09-13,9.0,4.0,2024.0,0,0,0,0,0,Lionsgate,4,1,0,0,1,0,0,0,0,0,0,0,0,1,Action Comedy Thriller,0,0.0,,0.0,14.807966088131419,15.502720108837647,False,False,False,True,False,False,False,False,False,False,False,False,False,False,False,False,False,False,True,False,False,False
My Old Ass,2024,2024-09-13,5372282.0,1390.0,Comedy Drama Fantasy Romance,,https://www.boxofficemojo.com/release/rl1534951425/?ref_=bo_yld_table_128,167853.0,7.0,,R,89.0,Amazon MGM Studios,my old ass,my_old_ass,,,,,90.0,202.0,89.0,2024-09-13,9.0,4.0,2024.0,0,0,0,0,0,Amazon,4,0,0,0,1,0,1,0,1,0,0,1,0,0,Comedy Drama Fantasy Romance,0,0.0,,0.0,12.030849832925542,15.49676351580359,False,True,False,False,False,False,False,False,False,False,False,False,False,False,False,False,False,False,True,False,False,False
White Bird,2024,2024-10-04,5069171.0,1038.0,Biography Drama Family War,,https://www.boxofficemojo.com/release/rl3681714945/?ref_=bo_yld_table_129,1557893.0,1018.0,,PG,121.0,Lionsgate,white bird,white_bird,,,,,75.0,48.0,99.0,2024-10-04,10.0,4.0,2024.0,0,0,0,0,0,Lionsgate,2,0,0,0,0,0,1,1,0,0,0,0,0,0,Biography Drama Family War,0,0.0,,0.0,14.258845467154764,15.43868804862078,False,False,False,True,False,False,False,False,False,False,False,False,False,False,False,False,False,False,False,True,False,False
My Hero Academia: You're Next,2024,2024-10-11,5041781.0,1845.0,Action Adventure Animation Sci-Fi,,https://www.boxofficemojo.com/release/rl1735819265/?ref_=bo_yld_table_130,3007027.0,1845.0,,PG,110.0,Toho International,my hero academia youre next,my_hero_academia_youre_next,,,,,95.0,19.0,91.0,2024-10-11,10.0,4.0,2024.0,0,0,0,0,1,Other,2,1,1,1,0,0,0,0,0,0,0,0,1,0,Action Adventure Animation Sci-Fi,0,0.0,,0.0,14.916462773533565,15.433270148984475,False,False,False,False,False,True,False,False,False,False,False,False,False,False,False,False,False,False,False,True,False,False
Kinds of Kindness,2024,2024-06-21,5038931.0,920.0,Comedy Drama Horror,,https://www.boxofficemojo.com/release/rl1784381441/?ref_=bo_yld_table_131,377289.0,5.0,,R,164.0,Searchlight Pictures,kinds of kindness,kinds_of_kindness,,,,,71.0,288.0,50.0,2024-06-21,6.0,4.0,2024.0,0,1,0,0,0,Disney,4,0,0,0,1,0,1,0,0,1,0,0,0,0,Comedy Drama Horror,0,0.0,,0.0,12.840769401493025,15.43270471283066,False,False,True,False,False,False,False,False,False,False,False,False,False,False,False,True,False,False,False,False,False,False
Drive-Away Dolls,2024,2024-02-23,5028215.0,2280.0,Action Comedy Thriller,,https://www.boxofficemojo.com/release/rl948929281/?ref_=bo_yld_table_132,2404330.0,2280.0,,R,84.0,Focus Features,driveaway dolls,drive_away_dolls,20240222182227.0,,,,64.0,253.0,37.0,2024-02-23,2.0,4.0,2024.0,0,0,0,0,0,Universal,4,1,0,0,1,0,0,0,0,0,0,0,0,1,Action Comedy Thriller,0,0.0,,0.0,14.692782252347245,15.430575807196753,False,False,False,False,False,False,False,False,True,False,False,True,False,False,False,False,False,False,False,False,False,False
The Fire Inside,2024,2024-12-25,8093190.0,2032.0,Biography Drama Sport,,https://www.boxofficemojo.com/release/rl2778432257/?ref_=bo_yld_table_133,1958551.0,2006.0,,PG,109.0,Amazon MGM Studios,the fire inside,the_fire_inside,,,,,93.0,123.0,93.0,2024-12-25,12.0,2.0,2024.0,1,0,1,0,0,Amazon,2,0,0,0,0,0,1,0,0,0,0,0,0,0,Biography Drama Sport,0,0.0,,0.0,14.487715982667389,15.90653364884188,False,True,False,False,False,False,False,False,False,False,False,False,False,False,False,False,False,False,False,False,False,True
I Saw the TV Glow,2024,2024-05-03,5017817.0,469.0,Drama Horror Mystery,,https://www.boxofficemojo.com/release/rl660111361/?ref_=bo_yld_table_134,119015.0,4.0,,PG,100.0,A24,i saw the tv glow,i_saw_the_tv_glow,,,,,85.0,235.0,71.0,2024-05-03,5.0,4.0,2024.0,0,1,0,0,0,A24,2,0,0,0,0,0,1,0,0,1,0,0,0,0,Drama Horror Mystery,0,0.0,,0.0,11.68701321683708,15.428505735820702,True,False,False,False,False,False,False,False,False,False,False,False,False,False,True,False,False,False,False,False,False,False
Wicked Little Letters,2024,2024-03-29,5008179.0,1009.0,Biography Comedy Crime Drama History Mystery,,https://www.boxofficemojo.com/release/rl2539618305/?ref_=bo_yld_table_135,76654.0,5.0,,R,100.0,Sony Pictures Releasing,wicked little letters,wicked_little_letters,,,,,80.0,178.0,92.0,2024-03-29,3.0,4.0,2024.0,0,0,0,1,0,Sony,4,0,0,0,1,1,1,0,0,0,0,0,0,0,Biography Comedy Crime Drama History Mystery,0,0.0,,0.0,11.247070113744554,15.426583133608169,False,False,False,False,False,False,False,True,False,False,False,False,True,False,False,False,False,False,False,False,False,False
Dìdi,2024,2024-07-26,4839360.0,435.0,Comedy Drama,,https://www.boxofficemojo.com/release/rl4266885121/?ref_=bo_yld_table_136,207307.0,5.0,,R,93.0,Focus Features,ddi,,,,,,,,,2024-07-26,7.0,4.0,2024.0,0,1,0,0,0,Universal,4,0,0,0,1,0,1,0,0,0,0,0,0,0,Comedy Drama,0,0.0,,0.0,12.241960889092653,15.392293245183385,False,False,False,False,False,False,False,False,True,False,False,False,False,False,False,False,True,False,False,False,False,False
Origin,2024,2023-12-08,4689830.0,664.0,Drama History,,https://www.boxofficemojo.com/release/rl2705620993/?ref_=bo_yld_table_137,117063.0,2.0,,PG,141.0,Neon,origin,,,,,,,,,2023-12-08,12.0,4.0,2023.0,0,0,1,0,0,Other,2,0,0,0,0,0,1,0,0,0,0,0,0,0,Drama History,0,0.0,,0.0,11.670476072772262,15.360907105658079,False,False,False,False,False,True,False,False,False,False,False,False,False,False,False,False,False,False,False,False,False,True
Land of Bad,2024,2024-02-16,4620045.0,1317.0,Action Thriller,,https://www.boxofficemojo.com/release/rl3091824641/?ref_=bo_yld_table_138,1840510.0,1130.0,,R,113.0,The Avenue Entertainment,land of bad,land_of_bad,,,,,66.0,64.0,93.0,2024-02-16,2.0,4.0,2024.0,1,0,0,0,0,Other,4,1,0,0,0,0,0,0,0,0,0,0,0,1,Action Thriller,0,0.0,,0.0,14.425553808420137,15.34591521971831,False,False,False,False,False,True,False,False,False,False,False,True,False,False,False,False,False,False,False,False,False,False
The Exorcism,2024,2024-06-21,4530418.0,2240.0,Horror Thriller,,https://www.boxofficemojo.com/release/rl3916201985/?ref_=bo_yld_table_139,2457041.0,2240.0,,R,95.0,Vertical Entertainment,the exorcism,exorcist,,,,,78.0,178.0,87.0,2024-06-21,6.0,4.0,2024.0,0,1,0,0,0,Other,4,0,0,0,0,0,0,0,0,1,0,0,0,1,Horror Thriller,0,0.0,,0.0,14.71446874537431,15.326324987663103,False,False,False,False,False,True,False,False,False,False,False,False,False,False,False,True,False,False,False,False,False,False
Y2K,2024,2024-12-06,4446596.0,2108.0,Comedy Horror Sci-Fi,,https://www.boxofficemojo.com/release/rl4218716161/?ref_=bo_yld_table_140,2113923.0,2108.0,,R,91.0,A24,y2k,y2k_2024,20241204053025.0,,,,43.0,115.0,53.0,2024-12-06,12.0,4.0,2024.0,0,0,1,0,0,A24,4,0,0,0,1,0,0,0,0,1,0,0,1,0,Comedy Horror Sci-Fi,0,0.0,,0.0,14.564056493961912,15.307649642494495,True,False,False,False,False,False,False,False,False,False,False,False,False,False,False,False,False,False,False,False,False,True
In a Violent Nature,2024,2024-05-31,4229999.0,1426.0,Drama Horror Thriller,,https://www.boxofficemojo.com/release/rl2237497345/?ref_=bo_yld_table_141,2155346.0,1426.0,,,94.0,IFC Films,in a violent nature,in_a_violent_nature,,,,,79.0,187.0,44.0,2024-05-31,5.0,4.0,2024.0,1,1,0,0,0,Other,3,0,0,0,0,0,1,0,0,1,0,0,0,1,Drama Horror Thriller,0,0.0,,0.0,14.583462289439185,15.257712551022461,False,False,False,False,False,True,False,False,False,False,False,False,False,False,True,False,False,False,False,False,False,False
For King + Country: A Drummer Boy Christmas - Live,2024,2024-12-05,4227406.0,1540.0,Music,,https://www.boxofficemojo.com/release/rl2098823169/?ref_=bo_yld_table_142,2263645.0,1540.0,,,90.0,Fathom Events,for king  country a drummer boy christmas  live,,,,,,,,,2024-12-05,12.0,3.0,2024.0,0,0,1,0,1,Other,3,0,0,0,0,0,0,0,0,0,0,0,0,0,Music,0,0.0,,0.0,14.632487345655617,15.257099360695626,False,False,False,False,False,True,False,False,False,False,False,False,False,False,False,False,False,False,False,False,False,True
The Apprentice,2024,2024-10-11,4001904.0,1740.0,Biography Drama History,,https://www.boxofficemojo.com/release/rl3423567873/?ref_=bo_yld_table_143,1613233.0,1740.0,,R,122.0,Briarcliff Entertainment,the apprentice,the_apprentice,,,,,82.0,251.0,84.0,2024-10-11,10.0,4.0,2024.0,0,0,0,0,0,Other,4,0,0,0,0,0,1,0,0,0,0,0,0,0,Biography Drama History,0,0.0,,0.0,14.293751417881245,15.202281055713128,False,False,False,False,False,True,False,False,False,False,False,False,False,False,False,False,False,False,False,True,False,False
Babes,2024,2024-05-17,3800038.0,1118.0,Comedy,,https://www.boxofficemojo.com/release/rl3328147457/?ref_=bo_yld_table_144,163130.0,12.0,,R,104.0,Neon,babes,babes,,,,,87.0,125.0,77.0,2024-05-17,5.0,4.0,2024.0,0,1,0,0,0,Other,4,0,0,0,1,0,0,0,0,0,0,0,0,0,Comedy,0,0.0,,0.0,12.002308837991864,15.150521887801844,False,False,False,False,False,True,False,False,False,False,False,False,False,False,True,False,False,False,False,False,False,False
Perfect Days,2024,2024-02-07,3766668.0,271.0,Drama,,https://www.boxofficemojo.com/release/rl1380614145/?ref_=bo_yld_table_145,100924.0,6.0,,PG,124.0,Neon,perfect days,,,,,,,,,2024-02-07,2.0,2.0,2024.0,0,0,0,0,0,Other,2,0,0,0,0,0,1,0,0,0,0,0,0,0,Drama,0,0.0,,0.0,11.522132945721141,15.141701614483294,False,False,False,False,False,True,False,False,False,False,False,True,False,False,False,False,False,False,False,False,False,False
Oppenheimer,2024,2023-07-21,330078895.0,3761.0,Biography Drama History,,https://www.boxofficemojo.com/release/rl3725886209/?ref_=bo_yld_table_146,82455420.0,3610.0,,R,,Universal Pictures,oppenheimer,,,,,,,,,2023-07-21,7.0,4.0,2023.0,0,1,0,0,0,Universal,4,0,0,0,0,0,1,0,0,0,0,0,0,0,Biography Drama History,0,0.0,,0.0,18.227768353747265,19.6148422626379,False,False,False,False,False,False,False,False,True,False,False,False,False,False,False,False,True,False,False,False,False,False
All of Us Strangers,2024,2023-12-22,4050103.0,295.0,Drama Romance,,https://www.boxofficemojo.com/release/rl4171596545/?ref_=bo_yld_table_147,117965.0,4.0,,R,105.0,Searchlight Pictures,all of us strangers,all_of_us_strangers,,,,,96.0,272.0,91.0,2023-12-22,12.0,4.0,2023.0,1,0,1,0,0,Disney,4,0,0,0,0,0,1,0,0,0,0,1,0,0,Drama Romance,0,0.0,,0.0,11.678151726335546,15.214253117765367,False,False,True,False,False,False,False,False,False,False,False,False,False,False,False,False,False,False,False,False,False,True
Shrek 2,2024,2024-04-12,3427910.0,1512.0,Adventure Animation Comedy Family Fantasy Romance,,https://www.boxofficemojo.com/release/rl3143663617/?ref_=bo_yld_table_148,1455260.0,1512.0,150000000.0,PG,93.0,DreamWorks,shrek 2,shrek_2,,,,,89.0,238.0,69.0,2024-04-12,4.0,4.0,2024.0,0,0,0,0,1,Universal,2,0,1,1,1,0,0,1,1,0,0,1,0,0,Adventure Animation Comedy Family Fantasy Romance,1,18.826145858727198,,0.0,14.190695823944102,15.047461595702329,False,False,False,False,False,False,False,False,True,False,False,False,False,True,False,False,False,False,False,False,False,False
Wish,2024,2023-11-22,63973821.0,3900.0,Adventure Animation Comedy Family Fantasy Musical,,https://www.boxofficemojo.com/release/rl3097657857/?ref_=bo_yld_table_149,19698228.0,3900.0,,PG,95.0,Walt Disney Studios Motion Pictures,wish,,,,,,,,,2023-11-22,11.0,2.0,2023.0,1,0,1,0,0,Disney,2,0,1,1,1,0,0,1,1,0,1,0,0,0,Adventure Animation Comedy Family Fantasy Musical,0,0.0,,0.0,16.79603929118995,17.973984526397846,False,False,True,False,False,False,False,False,False,False,False,False,False,False,False,False,False,False,False,False,True,False
Solo Leveling: ReAwakening,2024,2024-12-06,3350693.0,846.0,Action Adventure Animation Fantasy,,https://www.boxofficemojo.com/release/rl1091076097/?ref_=bo_yld_table_150,2452895.0,846.0,,R,121.0,Sony Pictures Releasing,solo leveling reawakening,solo_leveling_reawakening,,,,,95.0,204.0,95.0,2024-12-06,12.0,4.0,2024.0,0,0,1,0,1,Sony,4,1,1,1,0,0,0,0,1,0,0,0,0,0,Action Adventure Animation Fantasy,0,0.0,,0.0,14.712779925277026,15.024678046524818,False,False,False,False,False,False,False,True,False,False,False,False,False,False,False,False,False,False,False,False,False,True
Queer,2024,2024-11-27,3736813.0,460.0,Biography Drama History Romance,,https://www.boxofficemojo.com/release/rl806191105/?ref_=bo_yld_table_151,200951.0,7.0,,R,137.0,A24,queer,queer,,,,,77.0,245.0,65.0,2024-11-27,11.0,2.0,2024.0,1,0,1,0,0,A24,4,0,0,0,0,0,1,0,0,0,0,1,0,0,Biography Drama History Romance,0,0.0,,0.0,12.210821352552378,15.133743934684105,True,False,False,False,False,False,False,False,False,False,False,False,False,False,False,False,False,False,False,False,True,False
God's Not Dead: In God We Trust,2024,2024-09-12,3269322.0,1392.0,Drama,,https://www.boxofficemojo.com/release/rl359956481/?ref_=bo_yld_table_152,1503593.0,1392.0,,,96.0,Fathom Events,gods not dead in god we trust,gods_not_dead_in_god_we_trust,,,,,98.0,545.0,98.0,2024-09-12,9.0,3.0,2024.0,0,0,0,0,1,Other,3,0,0,0,0,0,1,0,0,0,0,0,0,0,Drama,0,0.0,,0.0,14.223368800241213,15.00009348779987,False,False,False,False,False,True,False,False,False,False,False,False,False,False,False,False,False,False,True,False,False,False
The Lord of the Rings: The Fellowship of the Ring,2024,2024-06-07,3256658.0,1529.0,Adventure Drama Fantasy,,https://www.boxofficemojo.com/release/rl1515814913/?ref_=bo_yld_table_153,2456745.0,1529.0,93000000.0,PG,178.0,Fathom Events,the lord of the rings the fellowship of the ring,the_lord_of_the_rings_the_fellowship_of_the_ring,,,,,91.0,271.0,95.0,2024-06-07,6.0,4.0,2024.0,0,1,0,0,1,Other,2,0,1,0,0,0,1,0,1,0,0,0,0,0,Adventure Drama Fantasy,1,18.34811006187022,,0.0,14.714348268056053,14.996212381202742,False,False,False,False,False,True,False,False,False,False,False,False,False,False,False,True,False,False,False,False,False,False
2024 Oscar Nominated Short Films: Documentary,2024,2024-02-16,3162293.0,367.0,-,,https://www.boxofficemojo.com/release/rl3427958785/?ref_=bo_yld_table_154,845202.0,367.0,,,133.0,ShortsTV,2024 oscar nominated short films documentary,,,,,,,,,2024-02-16,2.0,4.0,2024.0,1,0,0,0,1,Other,3,0,0,0,0,0,0,0,0,0,0,0,0,0,-,0,0.0,,0.0,13.647332114173489,14.966808271556397,False,False,False,False,False,True,False,False,False,False,False,True,False,False,False,False,False,False,False,False,False,False
The Front Room,2024,2024-09-06,3092269.0,2095.0,Horror Thriller,,https://www.boxofficemojo.com/release/rl2993455105/?ref_=bo_yld_table_155,1585440.0,2095.0,,R,94.0,A24,the front room,the_front_room,,,,,40.0,70.0,42.0,2024-09-06,9.0,4.0,2024.0,1,0,0,0,0,A24,4,0,0,0,0,0,0,0,0,1,0,0,0,1,Horror Thriller,0,0.0,,0.0,14.276373160032259,14.944416006998699,True,False,False,False,False,False,False,False,False,False,False,False,False,False,False,False,False,False,True,False,False,False
Strange Darling,2024,2024-08-23,3083595.0,1135.0,Horror Thriller,,https://www.boxofficemojo.com/release/rl3875766273/?ref_=bo_yld_table_156,1142928.0,1135.0,,R,97.0,,strange darling,strange_darling,,,,,96.0,164.0,85.0,2024-08-23,8.0,4.0,2024.0,0,1,0,0,0,Other,4,0,0,0,0,0,0,0,0,1,0,0,0,1,Horror Thriller,0,0.0,,0.0,13.949104823612247,14.941607006381295,False,False,False,False,False,True,False,False,False,False,False,False,False,False,False,False,False,True,False,False,False,False
The Long Game,2024,2024-04-12,3060040.0,1030.0,Drama History Sport,,https://www.boxofficemojo.com/release/rl1080066049/?ref_=bo_yld_table_157,1300398.0,1030.0,,PG,112.0,,the long game,the_long_game,,,,,82.0,33.0,97.0,2024-04-12,4.0,4.0,2024.0,0,0,0,0,0,Other,2,0,0,0,0,0,1,0,0,0,0,0,0,0,Drama History Sport,0,0.0,,0.0,14.078181698417437,14.933938872531613,False,False,False,False,False,True,False,False,False,False,False,False,False,True,False,False,False,False,False,False,False,False
1992,2024,2024-08-30,2906073.0,875.0,Action Drama Thriller,,https://www.boxofficemojo.com/release/rl1916895233/?ref_=bo_yld_table_159,1418905.0,875.0,,R,97.0,Lionsgate,1992,1992_2024,20240829150408.0,,,,64.0,42.0,88.0,2024-08-30,8.0,4.0,2024.0,0,1,0,0,0,Lionsgate,4,1,0,0,0,0,1,0,0,0,0,0,0,1,Action Drama Thriller,0,0.0,,0.0,14.165396710114274,14.882313587344239,False,False,False,True,False,False,False,False,False,False,False,False,False,False,False,False,False,True,False,False,False,False
The Fabulous Four,2024,2024-07-26,2854291.0,1045.0,Comedy,,https://www.boxofficemojo.com/release/rl2239397889/?ref_=bo_yld_table_160,1042021.0,1045.0,,R,98.0,Bleecker Street Media,the fabulous four,the_fabulous_four_2024,,,,,26.0,53.0,70.0,2024-07-26,7.0,4.0,2024.0,0,1,0,0,0,Other,4,0,0,0,1,0,0,0,0,0,0,0,0,0,Comedy,0,0.0,,0.0,13.85667361431633,14.864334384329146,False,False,False,False,False,True,False,False,False,False,False,False,False,False,False,False,True,False,False,False,False,False
My Penguin Friend,2024,2024-08-16,2769460.0,1083.0,Adventure Drama Family,,https://www.boxofficemojo.com/release/rl526942209/?ref_=bo_yld_table_161,1033435.0,1083.0,,PG,97.0,Roadside Attractions,my penguin friend,my_penguin_friend,,,,,85.0,55.0,96.0,2024-08-16,8.0,4.0,2024.0,0,1,0,0,0,Other,2,0,1,0,0,0,1,1,0,0,0,0,0,0,Adventure Drama Family,0,0.0,,0.0,13.848399730690609,14.83416327439189,False,False,False,False,False,True,False,False,False,False,False,False,False,False,False,False,False,True,False,False,False,False
Absolution,2024,2024-11-01,2716343.0,1500.0,Action Crime Drama Mystery Thriller,,https://www.boxofficemojo.com/release/rl4128407553/?ref_=bo_yld_table_162,1381692.0,1500.0,,R,112.0,The Samuel Goldwyn Company,absolution,absolution_2024,,,,,56.0,62.0,32.0,2024-11-01,11.0,4.0,2024.0,0,0,1,0,0,Other,4,1,0,0,0,1,1,0,0,0,0,0,0,1,Action Crime Drama Mystery Thriller,0,0.0,,0.0,14.138820116809159,14.814797416488728,False,False,False,False,False,True,False,False,False,False,False,False,False,False,False,False,False,False,False,False,True,False
The Taste of Things,2024,2024-02-09,2654510.0,505.0,Drama History Romance,,https://www.boxofficemojo.com/release/rl3267265281/?ref_=bo_yld_table_163,130050.0,3.0,,PG,135.0,IFC Films,the taste of things,the_taste_of_things,,,,,97.0,197.0,93.0,2024-02-09,2.0,4.0,2024.0,0,0,0,0,0,Other,2,0,0,0,0,0,1,0,0,0,0,1,0,0,Drama History Romance,0,0.0,,0.0,11.775681960197485,14.791771014903851,False,False,False,False,False,True,False,False,False,False,False,True,False,False,False,False,False,False,False,False,False,False
GHOST: Rite Here Rite Now,2024,2024-06-20,2647702.0,755.0,Documentary Music,,https://www.boxofficemojo.com/release/rl4268916737/?ref_=bo_yld_table_164,1521550.0,751.0,,,145.0,Trafalgar Releasing,ghost rite here rite now,,,,,,,,,2024-06-20,6.0,3.0,2024.0,0,1,0,0,1,Other,3,0,0,0,0,0,0,0,0,0,0,0,0,0,Documentary Music,0,0.0,,0.0,14.235240767310469,14.789203029627773,False,False,False,False,False,True,False,False,False,False,False,False,False,False,False,True,False,False,False,False,False,False
Ezra,2024,2024-05-31,2631460.0,1320.0,Comedy Drama,,https://www.boxofficemojo.com/release/rl3211558913/?ref_=bo_yld_table_165,1242678.0,1320.0,,R,101.0,Bleecker Street Media,ezra,ezra_2024,,,,,69.0,98.0,92.0,2024-05-31,5.0,4.0,2024.0,1,1,0,0,0,Other,4,0,0,0,1,0,1,0,0,0,0,0,0,0,Comedy Drama,0,0.0,,0.0,14.032780090962962,14.783049763221534,False,False,False,False,False,True,False,False,False,False,False,False,False,False,True,False,False,False,False,False,False,False
Sight & Sound Presents: Daniel LIVE,2024,2024-08-30,2629933.0,851.0,Musical,,https://www.boxofficemojo.com/release/rl3607461889/?ref_=bo_yld_table_166,1979305.0,851.0,,,,Fathom Events,sight  sound presents daniel live,sight_and_sound_presents_daniel_live,,,,,98.0,276.0,98.0,2024-08-30,8.0,4.0,2024.0,0,1,0,0,1,Other,3,0,0,0,0,0,0,0,0,0,1,0,0,0,Musical,0,0.0,,0.0,14.49825683617896,14.782469308782026,False,False,False,False,False,True,False,False,False,False,False,False,False,False,False,False,False,True,False,False,False,False
Boy Kills World,2024,2024-04-26,2626127.0,1993.0,Action Adventure Comedy Crime Thriller War,,https://www.boxofficemojo.com/release/rl3579478017/?ref_=bo_yld_table_167,1682525.0,1993.0,,R,111.0,Roadside Attractions,boy kills world,boy_kills_world,,,,,59.0,169.0,72.0,2024-04-26,4.0,4.0,2024.0,0,0,0,0,0,Other,4,1,1,0,1,1,0,0,0,0,0,0,0,1,Action Adventure Comedy Crime Thriller War,0,0.0,,0.0,14.335806793576271,14.781021075992832,False,False,False,False,False,True,False,False,False,False,False,False,False,True,False,False,False,False,False,False,False,False
"Hello, Love, Again",2024,2024-11-14,2625000.0,248.0,Drama Romance,,https://www.boxofficemojo.com/release/rl119046145/?ref_=bo_yld_table_168,2326000.0,248.0,,,122.0,,hello love again,hello_love_again,,,,,96.0,67.0,96.0,2024-11-14,11.0,3.0,2024.0,0,0,1,0,1,Other,3,0,0,0,0,0,1,0,0,0,0,1,0,0,Drama Romance,0,0.0,,0.0,14.659661041983268,14.78059183496017,False,False,False,False,False,True,False,False,False,False,False,False,False,False,False,False,False,False,False,False,True,False
Escape from Germany,2024,2024-04-12,2616475.0,131.0,Drama History War,,https://www.boxofficemojo.com/release/rl190087169/?ref_=bo_yld_table_169,168019.0,40.0,,PG,97.0,Susan Tuckett Media,escape from germany,escape_from_germany,,,,,98.0,57.0,98.0,2024-04-12,4.0,4.0,2024.0,0,0,0,0,0,Other,2,0,0,0,0,0,1,0,0,0,0,0,0,0,Drama History War,0,0.0,,0.0,12.031838298918839,14.777338932193569,False,False,False,False,False,True,False,False,False,False,False,False,False,True,False,False,False,False,False,False,False,False
Jung Kook: I Am Still,2024,2024-09-18,2574318.0,769.0,Documentary Music,,https://www.boxofficemojo.com/release/rl1929478145/?ref_=bo_yld_table_170,1425748.0,769.0,,,90.0,Trafalgar Releasing,jung kook i am still,jung_kook_i_am_still,,,,,100.0,666.0,100.0,2024-09-18,9.0,2.0,2024.0,0,0,0,0,1,Other,3,0,0,0,0,0,0,0,0,0,0,0,0,0,Documentary Music,0,0.0,,0.0,14.170207847633304,14.76109559108325,False,False,False,False,False,True,False,False,False,False,False,False,False,False,False,False,False,False,True,False,False,False
The Lord of the Rings: The Two Towers,2024,2024-06-07,2566412.0,1549.0,Adventure Drama Fantasy,,https://www.boxofficemojo.com/release/rl1566146561/?ref_=bo_yld_table_171,1907130.0,1549.0,94000000.0,PG,179.0,Fathom Events,the lord of the rings the two towers,the_lord_of_the_rings_the_two_towers,,,,,95.0,289.0,95.0,2024-06-07,6.0,4.0,2024.0,0,1,0,0,1,Other,2,0,1,0,0,0,1,0,1,0,0,0,0,0,Adventure Drama Fantasy,1,18.358805350872576,,0.0,14.461110576507428,14.75801976210285,False,False,False,False,False,True,False,False,False,False,False,False,False,False,False,True,False,False,False,False,False,False
The Blue Angels,2024,2024-05-17,2560945.0,450.0,Documentary,,https://www.boxofficemojo.com/release/rl2657845249/?ref_=bo_yld_table_172,1404820.0,227.0,,G,93.0,Amazon MGM Studios,the blue angels,the_blue_angels,,,,,83.0,30.0,98.0,2024-05-17,5.0,4.0,2024.0,0,1,0,0,0,Amazon,1,0,0,0,0,0,0,0,0,0,0,0,0,0,Documentary,0,0.0,,0.0,14.155420450498411,14.755887279445888,False,True,False,False,False,False,False,False,False,False,False,False,False,False,True,False,False,False,False,False,False,False
Problemista,2024,2024-03-01,2503154.0,379.0,Comedy,,https://www.boxofficemojo.com/release/rl647529217/?ref_=bo_yld_table_173,131521.0,5.0,,R,104.0,A24,problemista,problemista,,,,,85.0,137.0,85.0,2024-03-01,3.0,4.0,2024.0,0,0,0,1,0,A24,4,0,0,0,1,0,0,0,0,0,0,0,0,0,Comedy,0,0.0,,0.0,11.786929416987036,14.733062494185768,True,False,False,False,False,False,False,False,False,False,False,False,True,False,False,False,False,False,False,False,False,False
The American Society of Magical Negroes,2024,2024-03-15,2480645.0,1153.0,Comedy Fantasy,,https://www.boxofficemojo.com/release/rl2143191809/?ref_=bo_yld_table_174,1304270.0,1147.0,,PG,104.0,Focus Features,the american society of magical negroes,the_american_society_of_magical_negroes,,,,,25.0,83.0,59.0,2024-03-15,3.0,4.0,2024.0,1,0,0,1,0,Universal,2,0,0,0,1,0,0,0,1,0,0,0,0,0,Comedy Fantasy,0,0.0,,0.0,14.081154821962606,14.7240295680921,False,False,False,False,False,False,False,False,True,False,False,False,True,False,False,False,False,False,False,False,False,False
Summer Camp,2024,2024-05-31,2403638.0,1787.0,Comedy,,https://www.boxofficemojo.com/release/rl308838401/?ref_=bo_yld_table_176,1086602.0,1787.0,,PG,95.0,Roadside Attractions,summer camp,summer_camp,,,,,55.0,5.0,55.0,2024-05-31,5.0,4.0,2024.0,1,1,0,0,0,Other,2,0,0,0,1,0,0,0,0,0,0,0,0,0,Comedy,0,0.0,,0.0,13.898566874001325,14.692494396971783,False,False,False,False,False,True,False,False,False,False,False,False,False,False,True,False,False,False,False,False,False,False
Sing Sing,2024,2024-07-12,2403211.0,191.0,Drama,,https://www.boxofficemojo.com/release/rl794591233/?ref_=bo_yld_table_177,137119.0,4.0,,G,107.0,A24,sing sing,sing_sing,20240710185050.0,,,,97.0,214.0,98.0,2024-07-12,7.0,4.0,2024.0,0,1,0,0,0,A24,1,0,0,0,0,0,1,0,0,0,0,0,0,0,Drama,0,0.0,,0.0,11.828611733831607,14.692316733881697,True,False,False,False,False,False,False,False,False,False,False,False,False,False,False,False,True,False,False,False,False,False
Howl's Moving Castle,2024,2024-09-26,2384690.0,1592.0,Adventure Animation Family Fantasy,,https://www.boxofficemojo.com/release/rl2539094017/?ref_=bo_yld_table_178,2109935.0,1592.0,,PG,119.0,Fathom Events,howls moving castle,howls_moving_castle,,,,,88.0,185.0,93.0,2024-09-26,9.0,3.0,2024.0,0,0,0,0,0,Other,2,0,1,1,0,0,0,1,1,0,0,0,0,0,Adventure Animation Family Fantasy,0,0.0,,0.0,14.562168173238678,14.684580114162562,False,False,False,False,False,True,False,False,False,False,False,False,False,False,False,False,False,False,True,False,False,False
Interstella 5555: The 5tory of the 5ecret 5tar 5ystem,2024,2024-12-12,2328339.0,641.0,Adventure Animation Music Sci-Fi,,https://www.boxofficemojo.com/release/rl1897168897/?ref_=bo_yld_table_179,2328339.0,641.0,,,68.0,Trafalgar Releasing,interstella 5555 the 5tory of the 5ecret 5tar 5ystem,daft_punk_and_leiji_matsumotos_interstella_5555_the_5tory_of_the_5ecret_5tar_5ystem,,,,,80.0,10.0,95.0,2024-12-12,12.0,3.0,2024.0,0,0,1,0,1,Other,3,0,1,1,0,0,0,0,0,0,0,0,1,0,Adventure Animation Music Sci-Fi,0,0.0,,0.0,14.660666125279445,14.660666125279445,False,False,False,False,False,True,False,False,False,False,False,False,False,False,False,False,False,False,False,False,False,True
Hitpig!,2024,2024-11-01,2324019.0,2107.0,Action Adventure Animation Comedy Crime Family,,https://www.boxofficemojo.com/release/rl2189066241/?ref_=bo_yld_table_180,1154144.0,2107.0,,PG,86.0,Viva Pictures,hitpig,hitpig,,,,,52.0,23.0,62.0,2024-11-01,11.0,4.0,2024.0,0,0,1,0,0,Other,2,1,1,1,1,1,0,1,0,0,0,0,0,0,Action Adventure Animation Comedy Crime Family,0,0.0,,0.0,13.958870368070238,14.658809002768889,False,False,False,False,False,True,False,False,False,False,False,False,False,False,False,False,False,False,False,False,True,False
Elevation,2024,2024-11-08,2321801.0,1416.0,Action Horror Mystery Sci-Fi Thriller,,https://www.boxofficemojo.com/release/rl2826403841/?ref_=bo_yld_table_181,1216578.0,1416.0,,R,91.0,Vertical Entertainment,elevation,elevation,,,,,54.0,57.0,80.0,2024-11-08,11.0,4.0,2024.0,0,0,1,0,0,Other,4,1,0,0,0,0,0,0,0,1,0,0,1,1,Action Horror Mystery Sci-Fi Thriller,0,0.0,,0.0,14.011553379499972,14.65785416628634,False,False,False,False,False,True,False,False,False,False,False,False,False,False,False,False,False,False,False,False,True,False
Alien,2024,2024-04-26,2305647.0,1750.0,Horror Sci-Fi,,https://www.boxofficemojo.com/release/rl3362095105/?ref_=bo_yld_table_182,1550424.0,1750.0,11000000.0,R,117.0,Walt Disney Studios Motion Pictures,alien,alien,,,,,93.0,209.0,94.0,2024-04-26,4.0,4.0,2024.0,0,0,0,0,0,Disney,4,0,0,0,0,0,0,0,0,1,0,0,1,0,Horror Sci-Fi,1,16.213405921671733,,0.0,14.254039644859635,14.650872322886466,False,False,True,False,False,False,False,False,False,False,False,False,False,True,False,False,False,False,False,False,False,False
Exhuma,2024,2024-03-15,2310900.0,70.0,Horror Mystery,,https://www.boxofficemojo.com/release/rl123305985/?ref_=bo_yld_table_183,60512.0,3.0,,,134.0,Well Go USA Entertainment,exhuma,exhuma,,,,,93.0,45.0,97.0,2024-03-15,3.0,4.0,2024.0,1,0,0,1,0,Other,3,0,0,0,0,0,0,0,0,1,0,0,0,0,Horror Mystery,0,0.0,,0.0,11.010613496969443,14.65314804974091,False,False,False,False,False,True,False,False,False,False,False,False,True,False,False,False,False,False,False,False,False,False
Flow,2024,2024-11-22,4844117.0,377.0,Adventure Animation Family Fantasy,,https://www.boxofficemojo.com/release/rl922845185/?ref_=bo_yld_table_184,50811.0,2.0,,PG,85.0,Janus Films,flow,flow,,,,,67.0,2.0,67.0,2024-11-22,11.0,4.0,2024.0,1,0,1,0,0,Other,2,0,1,1,0,0,0,1,1,0,0,0,0,0,Adventure Animation Family Fantasy,0,0.0,,0.0,10.83588782614335,15.393275743391449,False,False,False,False,False,True,False,False,False,False,False,False,False,False,False,False,False,False,False,False,True,False
In the Land of Saints and Sinners,2024,2024-03-29,2258795.0,896.0,Action Crime Drama Thriller,,https://www.boxofficemojo.com/release/rl1012891649/?ref_=bo_yld_table_185,1034132.0,896.0,,R,106.0,The Samuel Goldwyn Company,in the land of saints and sinners,in_the_land_of_saints_and_sinners,,,,,83.0,80.0,74.0,2024-03-29,3.0,4.0,2024.0,0,0,0,1,0,Other,4,1,0,0,0,1,1,0,0,0,0,0,0,1,Action Crime Drama Thriller,0,0.0,,0.0,13.849073952471263,14.630342485927471,False,False,False,False,False,True,False,False,False,False,False,False,True,False,False,False,False,False,False,False,False,False
Bhool Bhulaiyaa 3,2024,2024-11-01,2230000.0,754.0,Comedy Fantasy Horror,,https://www.boxofficemojo.com/release/rl4111826945/?ref_=bo_yld_table_186,2230000.0,754.0,,,158.0,,bhool bhulaiyaa 3,bhool_bhulaiyaa_3,,,,,40.0,15.0,58.0,2024-11-01,11.0,4.0,2024.0,0,0,1,0,1,Other,3,0,0,0,1,0,0,0,1,1,0,0,0,0,Comedy Fantasy Horror,0,0.0,,0.0,14.617512591866694,14.617512591866694,False,False,False,False,False,True,False,False,False,False,False,False,False,False,False,False,False,False,False,False,True,False
The Lion King,2024,2024-07-12,2195943.0,1330.0,Adventure Animation Drama Family Musical,,https://www.boxofficemojo.com/release/rl628719617/?ref_=bo_yld_table_187,1055070.0,1330.0,45000000.0,G,88.0,Walt Disney Studios Motion Pictures,the lion king,the_lion_king,,,,,92.0,173.0,93.0,2024-07-12,7.0,4.0,2024.0,0,1,0,0,0,Disney,1,0,1,1,0,0,1,1,0,0,1,0,0,0,Adventure Animation Drama Family Musical,1,17.622173069956816,,0.0,13.869118621206056,14.602122580375658,False,False,True,False,False,False,False,False,False,False,False,False,False,False,False,False,True,False,False,False,False,False
Singham Again,2024,2024-11-01,2190000.0,749.0,Action Crime Drama Thriller,,https://www.boxofficemojo.com/release/rl3893723137/?ref_=bo_yld_table_188,2190000.0,749.0,,,144.0,Moviegoer,singham again,singham_again,,,,,29.0,17.0,73.0,2024-11-01,11.0,4.0,2024.0,0,0,1,0,1,Other,3,1,0,0,0,1,1,0,0,0,0,0,0,1,Action Crime Drama Thriller,0,0.0,,0.0,14.599412558413583,14.599412558413583,False,False,False,False,False,True,False,False,False,False,False,False,False,False,False,False,False,False,False,False,True,False
Stree 2,2024,2024-08-16,2570000.0,666.0,Comedy Horror,,https://www.boxofficemojo.com/release/rl2332131329/?ref_=bo_yld_table_189,2570000.0,666.0,,,147.0,Parthenos,stree 2,stree_2,,,,,57.0,14.0,86.0,2024-08-16,8.0,4.0,2024.0,0,1,0,0,1,Other,3,0,0,0,1,0,0,0,0,1,0,0,0,0,Comedy Horror,0,0.0,,0.0,14.759416845976386,14.759416845976386,False,False,False,False,False,True,False,False,False,False,False,False,False,False,False,False,False,True,False,False,False,False
The Holdovers,2024,Oct 27,20355375.0,1601.0,Comedy Drama,,https://www.boxofficemojo.com/release/rl92504833/?ref_=bo_yld_table_190,211093.0,6.0,,R,133.0,Focus Features,the holdovers,the_holdovers,,,,,97.0,365.0,92.0,,,,2024.0,0,0,0,0,0,Universal,4,0,0,0,1,0,1,0,0,0,0,0,0,0,Comedy Drama,0,0.0,,0.0,12.260058810883928,16.82885561186848,False,False,False,False,False,False,False,False,True,False,False,False,False,False,False,False,False,False,False,False,False,False
Average Joe,2024,2024-10-11,2106965.0,1713.0,Family,,https://www.boxofficemojo.com/release/rl2407038977/?ref_=bo_yld_table_191,1142467.0,1713.0,,PG,100.0,Fathom Events,average joe,average_joe_2024,,,,,98.0,292.0,98.0,2024-10-11,10.0,4.0,2024.0,0,0,0,0,0,Other,2,0,0,0,0,0,0,1,0,0,0,0,0,0,Family,0,0.0,,0.0,13.948701392605509,14.560759555968895,False,False,False,False,False,True,False,False,False,False,False,False,False,False,False,False,False,False,False,True,False,False
The Ark and the Darkness,2024,2024-03-20,2097560.0,1030.0,Documentary,,https://www.boxofficemojo.com/release/rl71991297/?ref_=bo_yld_table_192,32021.0,76.0,,,125.0,Fathom Events,the ark and the darkness,the_ark_and_the_darkness,,,,,94.0,457.0,94.0,2024-03-20,3.0,2.0,2024.0,1,0,0,1,0,Other,3,0,0,0,0,0,0,0,0,0,0,0,0,0,Documentary,0,0.0,,0.0,10.374178445562,14.556285799141381,False,False,False,False,False,True,False,False,False,False,False,False,True,False,False,False,False,False,False,False,False,False
Between the Temples,2024,2024-08-23,2084122.0,576.0,Comedy Drama,,https://www.boxofficemojo.com/release/rl1778614273/?ref_=bo_yld_table_193,647757.0,576.0,,R,111.0,Sony Pictures Classics,between the temples,between_the_temples,,,,,84.0,119.0,42.0,2024-08-23,8.0,4.0,2024.0,0,1,0,0,0,Sony,4,0,0,0,1,0,1,0,0,0,0,0,0,0,Comedy Drama,0,0.0,,0.0,13.381272448791934,14.549858701226961,False,False,False,False,False,False,False,True,False,False,False,False,False,False,False,False,False,True,False,False,False,False
Lee,2024,2024-09-27,2005488.0,854.0,Biography Drama History War,,https://www.boxofficemojo.com/release/rl157843457/?ref_=bo_yld_table_194,713255.0,854.0,,R,117.0,Roadside Attractions,lee,lee,20240925003217.0,,,,68.0,154.0,94.0,2024-09-27,9.0,4.0,2024.0,0,0,0,0,0,Other,4,0,0,0,0,0,1,0,0,0,0,0,0,0,Biography Drama History War,0,0.0,,0.0,13.47759568123805,14.511398479260723,False,False,False,False,False,True,False,False,False,False,False,False,False,False,False,False,False,False,True,False,False,False
Look Back,2024,2024-10-04,2002270.0,531.0,Animation Drama,,https://www.boxofficemojo.com/release/rl2063826945/?ref_=bo_yld_table_195,690171.0,531.0,,,58.0,GKIDS,look back,look_back_2024,20241003201236.0,,,,100.0,25.0,98.0,2024-10-04,10.0,4.0,2024.0,0,0,0,0,0,Other,3,0,0,1,0,0,1,0,0,0,0,0,0,0,Animation Drama,0,0.0,,0.0,13.44469612087182,14.509792594331701,False,False,False,False,False,True,False,False,False,False,False,False,False,False,False,False,False,False,False,True,False,False
Yolo,2024,2024-03-08,2001584.0,200.0,Action Comedy Drama Sport,,https://www.boxofficemojo.com/release/rl4250501121/?ref_=bo_yld_table_196,827632.0,200.0,,PG,129.0,Sony Pictures Releasing,yolo,yolo,,,,,82.0,11.0,95.0,2024-03-08,3.0,4.0,2024.0,0,0,0,1,0,Sony,2,1,0,0,1,0,1,0,0,0,0,0,0,0,Action Comedy Drama Sport,0,0.0,,0.0,13.626325098393993,14.509449924661908,False,False,False,False,False,False,False,True,False,False,False,False,True,False,False,False,False,False,False,False,False,False
Queen Rock Montreal,2024,2024-01-18,2000000.0,387.0,Documentary Music,,https://www.boxofficemojo.com/release/rl2169470977/?ref_=bo_yld_table_197,2000000.0,387.0,,,95.0,,queen rock montreal,,,,,,,,,2024-01-18,1.0,3.0,2024.0,1,0,0,0,0,Other,3,0,0,0,0,0,0,0,0,0,0,0,0,0,Documentary Music,0,0.0,,0.0,14.508658238524095,14.508658238524095,False,False,False,False,False,True,False,False,False,False,True,False,False,False,False,False,False,False,False,False,False,False
The Order,2024,2024-12-06,2010901.0,603.0,Crime Drama Thriller,,https://www.boxofficemojo.com/release/rl612139009/?ref_=bo_yld_table_198,877855.0,603.0,,R,116.0,Vertical Entertainment,the order,1112237-order,,,,,13.0,8.0,28.0,2024-12-06,12.0,4.0,2024.0,0,0,1,0,0,Other,4,0,0,0,0,1,1,0,0,0,0,0,0,1,Crime Drama Thriller,0,0.0,,0.0,13.685237850054671,14.514093935593205,False,False,False,False,False,True,False,False,False,False,False,False,False,False,False,False,False,False,False,False,False,True
SUGA: Agust D Tour 'D-DAY' the Movie,2024,2024-04-10,1951896.0,787.0,Documentary Music,,https://www.boxofficemojo.com/release/rl459309057/?ref_=bo_yld_table_199,990881.0,787.0,,,84.0,Trafalgar Releasing,suga agust d tour dday the movie,suga_agust_d_tour_d_day_the_movie,,,,,100.0,306.0,100.0,2024-04-10,4.0,2.0,2024.0,0,0,0,0,1,Other,3,0,0,0,0,0,0,0,0,0,0,0,0,0,Documentary Music,0,0.0,,0.0,13.80635073457773,14.484312278169536,False,False,False,False,False,True,False,False,False,False,False,False,False,True,False,False,False,False,False,False,False,False
Out of Darkness,2024,2024-02-09,1951547.0,897.0,Horror Mystery Thriller,,https://www.boxofficemojo.com/release/rl911245313/?ref_=bo_yld_table_200,979822.0,897.0,,R,88.0,Bleecker Street Media,out of darkness,,,,,,,,,2024-02-09,2.0,4.0,2024.0,0,0,0,0,0,Other,4,0,0,0,0,0,0,0,0,1,0,0,0,1,Horror Mystery Thriller,0,0.0,,0.0,13.795127222089501,14.484133461764577,False,False,False,False,False,True,False,False,False,False,False,True,False,False,False,False,False,False,False,False,False,False
A Minecraft Movie,2025,2025-04-04,424087780.0,4289.0,Action Adventure Comedy Family Fantasy,,https://www.boxofficemojo.com/release/rl746096129/?ref_=bo_yld_table_1,162753003.0,4263.0,150000000.0,PG,101.0,Warner Bros.,a minecraft movie,a_minecraft_movie,20250403021557.0,,,,47.0,195.0,84.0,2025-04-04,4.0,4.0,2025.0,0,0,0,0,0,WB,2,1,1,0,1,0,0,1,1,0,0,0,0,0,Action Adventure Comedy Family Fantasy,1,18.826145858727198,,0.0,18.90774429663991,19.86545102242872,False,False,False,False,False,False,False,False,False,True,False,False,False,True,False,False,False,False,False,False,False,False
Lilo & Stitch,2025,2025-05-23,423778855.0,4410.0,Action Adventure Comedy Drama Family Fantasy Sci-Fi,,https://www.boxofficemojo.com/release/rl3104735233/?ref_=bo_yld_table_2,146016175.0,4410.0,100000000.0,PG,108.0,Walt Disney Studios Motion Pictures,lilo  stitch,lilo_and_stitch,,,,,86.0,154.0,78.0,2025-05-23,5.0,4.0,2025.0,1,1,0,0,0,Disney,2,1,1,0,1,0,1,1,1,0,0,0,1,0,Action Adventure Comedy Drama Family Fantasy Sci-Fi,1,18.420680753952364,,0.0,18.7992279680559,19.86472231109562,False,False,True,False,False,False,False,False,False,False,False,False,False,False,True,False,False,False,False,False,False,False
Superman,2025,2025-07-11,354223803.0,4275.0,Action Adventure Sci-Fi,,https://www.boxofficemojo.com/release/rl1543340801/?ref_=bo_yld_table_3,125021735.0,4135.0,225000000.0,PG,129.0,Warner Bros.,superman,superman_2025,,,,,83.0,502.0,90.0,2025-07-11,7.0,4.0,2025.0,0,1,0,0,0,WB,2,1,1,0,0,0,0,0,0,0,0,0,1,0,Action Adventure Sci-Fi,1,19.23161096461314,,0.0,18.64399816814981,19.6854394860238,False,False,False,False,False,False,False,False,False,True,False,False,False,False,False,False,True,False,False,False,False,False
Jurassic World: Rebirth,2025,2025-07-02,339640400.0,4324.0,Action Adventure Sci-Fi Thriller,,https://www.boxofficemojo.com/release/rl3058794497/?ref_=bo_yld_table_4,92016065.0,4308.0,,PG,133.0,Universal Pictures,jurassic world rebirth,jurassic_world_rebirth,,,,,50.0,403.0,70.0,2025-07-02,7.0,2.0,2025.0,1,1,0,0,1,Universal,2,1,1,0,0,0,0,0,0,0,0,0,1,1,Action Adventure Sci-Fi Thriller,0,0.0,,0.0,18.337473750201976,19.643397971756617,False,False,False,False,False,False,False,False,True,False,False,False,False,False,False,False,True,False,False,False,False,False
Zootopia 2,2025,2025-11-26,428130160.0,4000.0,Adventure Animation Comedy Crime Family Mystery,,https://www.boxofficemojo.com/release/rl2303754241/?ref_=bo_yld_table_5,100262540.0,4000.0,150000000.0,PG,108.0,Walt Disney Studios Motion Pictures,zootopia 2,zootopia_2,20251127145312.0,,,,92.0,226.0,95.0,2025-11-26,11.0,2.0,2025.0,1,0,1,0,1,Disney,2,0,1,1,1,1,0,1,0,0,0,0,0,0,Adventure Animation Comedy Crime Family Mystery,1,18.826145858727198,,0.0,18.4233027135838,19.874937821798614,False,False,True,False,False,False,False,False,False,False,False,False,False,False,False,False,False,False,False,False,True,False
Wicked: For Good,2025,Nov 17,342915090.0,4115.0,Drama Family Fantasy Musical Romance,,https://www.boxofficemojo.com/release/rl2185003777/?ref_=bo_yld_table_6,147004640.0,4115.0,150000000.0,PG,137.0,Universal Pictures,wicked for good,wicked_for_good,,,,,66.0,353.0,92.0,,,,2025.0,0,0,0,0,1,Universal,2,0,0,0,0,0,1,1,1,0,1,1,0,0,Drama Family Fantasy Musical Romance,1,18.826145858727198,,0.0,18.805974715673216,19.652993426380167,False,False,False,False,False,False,False,False,True,False,False,False,False,False,False,False,False,False,False,False,False,False
Sinners,2025,2025-04-18,279989632.0,3518.0,Horror,,https://www.boxofficemojo.com/release/rl2153611265/?ref_=bo_yld_table_7,48007468.0,3308.0,,R,137.0,Warner Bros.,sinners,sinners_2025,,,,,97.0,438.0,96.0,2025-04-18,4.0,4.0,2025.0,0,0,0,0,0,WB,4,0,0,0,0,0,0,0,0,1,0,0,0,0,Horror,0,0.0,,0.0,17.686867160933758,19.450263135448083,False,False,False,False,False,False,False,False,False,True,False,False,False,True,False,False,False,False,False,False,False,False
The Fantastic Four: First Steps,2025,2025-07-25,274286610.0,4125.0,Action Adventure Sci-Fi,,https://www.boxofficemojo.com/release/rl2429649665/?ref_=bo_yld_table_8,117644828.0,4125.0,,PG,115.0,Walt Disney Studios Motion Pictures,the fantastic four first steps,the_fantastic_four_first_steps,,,,,86.0,407.0,90.0,2025-07-25,7.0,4.0,2025.0,0,1,0,0,1,Disney,2,1,1,0,0,0,0,0,0,0,0,0,1,0,Action Adventure Sci-Fi,0,0.0,,0.0,18.58318071977052,19.429684143196276,False,False,True,False,False,False,False,False,False,False,False,False,False,False,False,False,True,False,False,False,False,False
How to Train Your Dragon,2025,2025-06-13,262958100.0,4373.0,Action Adventure Comedy Drama Family Fantasy,,https://www.boxofficemojo.com/release/rl1921090305/?ref_=bo_yld_table_9,84633315.0,4356.0,,PG,125.0,Universal Pictures,how to train your dragon,how_to_train_your_dragon,,,,,99.0,210.0,91.0,2025-06-13,6.0,4.0,2025.0,0,1,0,0,0,Universal,2,1,1,0,1,0,1,1,1,0,0,0,0,0,Action Adventure Comedy Drama Family Fantasy,0,0.0,,0.0,18.253838553201735,19.387505265663496,False,False,False,False,False,False,False,False,True,False,False,False,False,False,False,True,False,False,False,False,False,False
Avatar: Fire and Ash,2025,2025-12-19,404340010.0,3835.0,Action Adventure Fantasy Sci-Fi,,https://www.boxofficemojo.com/release/rl3389031937/?ref_=bo_yld_table_10,89160860.0,3800.0,400000000.0,PG,197.0,20th Century Studios,avatar fire and ash,avatar_fire_and_ash,,,,,66.0,354.0,90.0,2025-12-19,12.0,4.0,2025.0,0,0,1,0,1,Disney,2,1,1,0,0,0,0,0,1,0,0,0,1,0,Action Adventure Fantasy Sci-Fi,1,19.806975107572256,,0.0,18.305952723232085,19.81776669335528,False,False,True,False,False,False,False,False,False,False,False,False,False,False,False,False,False,False,False,False,False,True
Captain America: Brave New World,2025,2025-02-14,200500001.0,4105.0,Action Adventure Sci-Fi,,https://www.boxofficemojo.com/release/rl2597421825/?ref_=bo_yld_table_11,88842603.0,4105.0,,PG,118.0,Walt Disney Studios Motion Pictures,captain america brave new world,captain_america_brave_new_world,,,,,46.0,366.0,75.0,2025-02-14,2.0,4.0,2025.0,1,0,0,0,1,Disney,2,1,1,0,0,0,0,0,0,0,0,0,1,0,Action Adventure Sci-Fi,0,0.0,,0.0,18.302376867682057,19.11632481468596,False,False,True,False,False,False,False,False,False,False,False,True,False,False,False,False,False,False,False,False,False,False
Mission: Impossible - The Final Reckoning,2025,2025-05-23,197413515.0,3861.0,Action Adventure Thriller,,https://www.boxofficemojo.com/release/rl1913226753/?ref_=bo_yld_table_12,64036428.0,3857.0,350000000.0,PG,169.0,Paramount Pictures,mission impossible  the final reckoning,mission_impossible_the_final_reckoning,,,,,80.0,426.0,88.0,2025-05-23,5.0,4.0,2025.0,1,1,0,0,1,Paramount,2,1,1,0,0,0,0,0,0,0,0,0,0,1,Action Adventure Thriller,1,19.673443715304877,,0.0,17.974962682514292,19.100811152731133,False,False,False,False,False,False,True,False,False,False,False,False,False,False,True,False,False,False,False,False,False,False
Thunderbolts*,2025,2025-05-02,190274328.0,4330.0,Action Adventure Crime Drama Fantasy Sci-Fi,,https://www.boxofficemojo.com/release/rl2647753473/?ref_=bo_yld_table_13,74300608.0,4330.0,,PG,127.0,Walt Disney Studios Motion Pictures,thunderbolts,thunderbolts,,,,,88.0,381.0,93.0,2025-05-02,5.0,4.0,2025.0,0,1,0,0,0,Disney,2,1,1,0,0,1,1,0,1,0,0,0,1,0,Action Adventure Crime Drama Fantasy Sci-Fi,0,0.0,,0.0,18.123629706155068,19.063977425636672,False,False,True,False,False,False,False,False,False,False,False,False,False,False,True,False,False,False,False,False,False,False
F1: The Movie,2025,2025-06-27,189642436.0,3732.0,Drama Sport,,https://www.boxofficemojo.com/release/rl2507374593/?ref_=bo_yld_table_14,57001667.0,3661.0,,PG,155.0,Warner Bros.,f1 the movie,f1_the_movie,,,,,82.0,367.0,97.0,2025-06-27,6.0,4.0,2025.0,0,1,0,0,1,WB,2,0,0,0,0,0,1,0,0,0,0,0,0,0,Drama Sport,0,0.0,,0.0,17.858591088528563,19.06065094658004,False,False,False,False,False,False,False,False,False,True,False,False,False,False,False,True,False,False,False,False,False,False
The Conjuring: Last Rites,2025,2025-09-05,177756445.0,3802.0,Horror Mystery Thriller,,https://www.boxofficemojo.com/release/rl987791361/?ref_=bo_yld_table_15,84006121.0,3802.0,,R,135.0,Warner Bros.,the conjuring last rites,the_conjuring_last_rites,20250904162324.0,,,,57.0,190.0,76.0,2025-09-05,9.0,4.0,2025.0,1,0,0,0,1,WB,4,0,0,0,0,0,0,0,0,1,0,0,0,1,Horror Mystery Thriller,0,0.0,,0.0,18.246400235104282,18.9959248904064,False,False,False,False,False,False,False,False,False,True,False,False,False,False,False,False,False,False,True,False,False,False
Weapons,2025,2025-08-08,151572492.0,3631.0,Horror Mystery,,https://www.boxofficemojo.com/release/rl3882385409/?ref_=bo_yld_table_16,43501217.0,3202.0,,R,128.0,Warner Bros.,weapons,weapons,,,,,93.0,397.0,85.0,2025-08-08,8.0,4.0,2025.0,0,1,0,0,0,WB,4,0,0,0,0,0,0,0,0,1,0,0,0,0,Horror Mystery,0,0.0,,0.0,17.58829949566692,18.836574570118454,False,False,False,False,False,False,False,False,False,True,False,False,False,False,False,False,False,True,False,False,False,False
Final Destination: Bloodlines,2025,2025-05-16,138254739.0,3523.0,Horror Thriller,,https://www.boxofficemojo.com/release/rl1478393857/?ref_=bo_yld_table_17,51600106.0,3523.0,,R,110.0,Warner Bros.,final destination bloodlines,final_destination_bloodlines,,,,,92.0,233.0,86.0,2025-05-16,5.0,4.0,2025.0,0,1,0,0,1,WB,4,0,0,0,0,0,0,0,0,1,0,0,0,1,Horror Thriller,0,0.0,,0.0,17.759034304093053,18.744608483493263,False,False,False,False,False,False,False,False,False,True,False,False,False,False,True,False,False,False,False,False,False,False
Demon Slayer: Kimetsu No Yaiba Infinity Castle,2025,2025-09-12,136950340.0,3342.0,Action Adventure Animation Fantasy Thriller,,https://www.boxofficemojo.com/release/rl53837825/?ref_=bo_yld_table_18,70611098.0,3315.0,20000000.0,R,155.0,Sony Pictures Releasing,demon slayer kimetsu no yaiba infinity castle,demon_slayer_kimetsu_no_yaiba_infinity_castle,,,,,98.0,62.0,98.0,2025-09-12,9.0,4.0,2025.0,0,0,0,0,1,Sony,4,1,1,1,0,0,0,0,1,0,0,0,0,1,Action Adventure Animation Fantasy Thriller,1,16.811242881518265,,0.0,18.072697899739058,18.7351289436301,False,False,False,False,False,False,False,True,False,False,False,False,False,False,False,False,False,False,True,False,False,False
Mufasa: The Lion King,2025,2024-12-20,254567693.0,4100.0,Adventure Animation Drama Family Musical,,https://www.boxofficemojo.com/release/rl1511097089/?ref_=bo_yld_table_19,35409365.0,4100.0,200000000.0,PG,118.0,Walt Disney Studios Motion Pictures,mufasa the lion king,mufasa_the_lion_king,20241219203319.0,,,,56.0,221.0,88.0,2024-12-20,12.0,4.0,2024.0,1,0,1,0,1,Disney,2,0,1,1,0,0,1,1,0,0,1,0,0,0,Adventure Animation Drama Family Musical,1,19.11382792951231,,0.0,17.38248691938106,19.35507734679844,False,False,True,False,False,False,False,False,False,False,False,False,False,False,False,False,False,False,False,False,False,True
Five Nights at Freddy's 2,2025,2025-12-05,127730290.0,3579.0,Horror Mystery Thriller,,https://www.boxofficemojo.com/release/rl2490073089/?ref_=bo_yld_table_20,64007430.0,3412.0,,PG,104.0,Universal Pictures,five nights at freddys 2,five_nights_at_freddys_2,20251204230155.0,,,,17.0,131.0,82.0,2025-12-05,12.0,4.0,2025.0,0,0,1,0,1,Universal,2,0,0,0,0,0,0,0,0,1,0,0,0,1,Horror Mystery Thriller,0,0.0,,0.0,17.974509743958773,18.665431497259533,False,False,False,False,False,False,False,False,True,False,False,False,False,False,False,False,False,False,False,False,False,True
Dog Man,2025,2025-01-31,97970355.0,3887.0,Action Adventure Animation Comedy Crime Family Fantasy Sci-Fi,,https://www.boxofficemojo.com/release/rl3942942209/?ref_=bo_yld_table_21,36001940.0,3885.0,,PG,89.0,Universal Pictures,dog man,dog_man,,,,,82.0,105.0,81.0,2025-01-31,1.0,4.0,2025.0,0,0,0,0,0,Universal,2,1,1,1,1,1,0,1,1,0,0,0,1,0,Action Adventure Animation Comedy Crime Family Fantasy Sci-Fi,0,0.0,,0.0,17.3990834116336,18.400175501079662,False,False,False,False,False,False,False,False,True,False,True,False,False,False,False,False,False,False,False,False,False,False
Freakier Friday,2025,2025-08-08,94186236.0,3975.0,Comedy Family Fantasy,,https://www.boxofficemojo.com/release/rl443908097/?ref_=bo_yld_table_22,28583167.0,3975.0,,PG,110.0,Walt Disney Studios Motion Pictures,freakier friday,freakier_friday,,,,,73.0,227.0,91.0,2025-08-08,8.0,4.0,2025.0,0,1,0,0,0,Disney,2,0,0,0,1,0,0,1,1,0,0,0,0,0,Comedy Family Fantasy,0,0.0,,0.0,17.168328571068926,18.360784624838388,False,False,True,False,False,False,False,False,False,False,False,False,False,False,False,False,False,True,False,False,False,False
Predator: Badlands,2025,2025-11-07,91083631.0,3725.0,Action Adventure Sci-Fi Thriller,,https://www.boxofficemojo.com/release/rl2417000449/?ref_=bo_yld_table_23,40016853.0,3725.0,,PG,107.0,20th Century Studios,predator badlands,predator_badlands,,,,,86.0,277.0,95.0,2025-11-07,11.0,4.0,2025.0,0,0,1,0,1,Disney,2,1,1,0,0,0,0,0,0,0,0,0,1,1,Action Adventure Sci-Fi Thriller,0,0.0,,0.0,17.504811273335225,18.327288675395927,False,False,True,False,False,False,False,False,False,False,False,False,False,False,False,False,False,False,False,False,True,False
Snow White,2025,2025-03-21,87203963.0,4200.0,Adventure Family Fantasy Musical Romance,,https://www.boxofficemojo.com/release/rl3856302849/?ref_=bo_yld_table_24,42206415.0,4200.0,,PG,109.0,Walt Disney Studios Motion Pictures,snow white,snow_white_2025,,,,,,,,2025-03-21,3.0,4.0,2025.0,1,0,0,1,0,Disney,2,0,1,0,0,0,0,1,1,0,1,1,0,0,Adventure Family Fantasy Musical Romance,0,0.0,,0.0,17.55808280536434,18.28376034656159,False,False,True,False,False,False,False,False,False,False,False,False,True,False,False,False,False,False,False,False,False,False
Sonic the Hedgehog 3,2025,2024-12-20,236115100.0,3769.0,Action Adventure Comedy Family Fantasy Sci-Fi,,https://www.boxofficemojo.com/release/rl886211329/?ref_=bo_yld_table_25,60102146.0,3761.0,,PG,110.0,Paramount Pictures,sonic the hedgehog 3,sonic_the_hedgehog_3,20241218203328.0,,,,85.0,151.0,95.0,2024-12-20,12.0,4.0,2024.0,1,0,1,0,1,Paramount,2,1,1,0,1,0,0,1,1,0,0,0,1,0,Action Adventure Comedy Family Fantasy Sci-Fi,0,0.0,,0.0,17.911556122661032,19.279829960196736,False,False,False,False,False,False,True,False,False,False,False,False,False,False,False,False,False,False,False,False,False,True
The Bad Guys 2,2025,2025-08-01,82593605.0,3860.0,Action Adventure Animation Comedy Crime Family Mystery,,https://www.boxofficemojo.com/release/rl1472103169/?ref_=bo_yld_table_26,21995715.0,3852.0,,PG,104.0,Universal Pictures,the bad guys 2,the_bad_guys_2,20250731005127.0,,,,88.0,114.0,94.0,2025-08-01,8.0,4.0,2025.0,0,1,0,0,1,Universal,2,1,1,1,1,1,0,1,0,0,0,0,0,0,Action Adventure Animation Comedy Crime Family Mystery,0,0.0,,0.0,16.906358265088045,18.22944282629399,False,False,False,False,False,False,False,False,True,False,False,False,False,False,False,False,False,True,False,False,False,False
Black Phone 2,2025,2025-10-17,77378880.0,3460.0,Horror,,https://www.boxofficemojo.com/release/rl2813821697/?ref_=bo_yld_table_27,27332040.0,3411.0,,R,114.0,Universal Pictures,black phone 2,black_phone_2,,,,,72.0,196.0,82.0,2025-10-17,10.0,4.0,2025.0,0,0,0,0,1,Universal,4,0,0,0,0,0,0,0,0,1,0,0,0,0,Horror,0,0.0,,0.0,17.123570234954855,18.164224446031017,False,False,False,False,False,False,False,False,True,False,False,False,False,False,False,False,False,False,False,True,False,False
Tron: Ares,2025,2025-10-10,73161014.0,4000.0,Action Adventure Sci-Fi,,https://www.boxofficemojo.com/release/rl979468289/?ref_=bo_yld_table_28,33241433.0,4000.0,220000000.0,PG,119.0,Walt Disney Studios Motion Pictures,tron ares,tron_ares,,,,,52.0,271.0,83.0,2025-10-10,10.0,4.0,2025.0,0,0,0,0,1,Disney,2,1,1,0,0,0,0,0,0,0,0,0,1,0,Action Adventure Sci-Fi,1,19.20913810886209,,0.0,17.31930766781521,18.108173255092176,False,False,True,False,False,False,False,False,False,False,False,False,False,False,False,False,False,False,False,True,False,False
Elio,2025,2025-06-20,72987454.0,3750.0,Adventure Animation Comedy Drama Family Fantasy Sci-Fi,,https://www.boxofficemojo.com/release/rl1561428737/?ref_=bo_yld_table_29,20840667.0,3750.0,,PG,98.0,Walt Disney Studios Motion Pictures,elio,elio,,,,,83.0,229.0,89.0,2025-06-20,6.0,4.0,2025.0,0,1,0,0,0,Disney,2,0,1,1,1,0,1,1,1,0,0,0,1,0,Adventure Animation Comedy Drama Family Fantasy Sci-Fi,0,0.0,,0.0,16.852416828078532,18.10579813502981,False,False,True,False,False,False,False,False,False,False,False,False,False,False,False,True,False,False,False,False,False,False
One Battle After Another,2025,2025-09-26,72918884.0,3634.0,Crime Drama Thriller,,https://www.boxofficemojo.com/release/rl1784184833/?ref_=bo_yld_table_30,22000387.0,3634.0,,R,161.0,Warner Bros.,one battle after another,one_battle_after_another,,,,,94.0,437.0,85.0,2025-09-26,9.0,4.0,2025.0,0,0,0,0,0,WB,4,0,0,0,0,1,1,0,0,0,0,0,0,1,Crime Drama Thriller,0,0.0,,0.0,16.906570647530707,18.104858216928264,False,False,False,False,False,False,False,False,False,True,False,False,False,False,False,False,False,False,True,False,False,False
28 Years Later,2025,2025-06-20,70446897.0,3444.0,Horror Sci-Fi Thriller,,https://www.boxofficemojo.com/release/rl375947265/?ref_=bo_yld_table_31,30002966.0,3444.0,,R,115.0,Sony Pictures Releasing,28 years later,28_years_later,,,,,88.0,398.0,63.0,2025-06-20,6.0,4.0,2025.0,0,1,0,0,0,Sony,4,0,0,0,0,0,0,0,0,1,0,0,1,1,Horror Sci-Fi Thriller,0,0.0,,0.0,17.216806834736147,18.07036976411174,False,False,False,False,False,False,False,True,False,False,False,False,False,False,False,True,False,False,False,False,False,False
The Accountant 2,2025,2025-04-25,65523366.0,3610.0,Action Crime Drama Mystery Thriller,,https://www.boxofficemojo.com/release/rl1178501121/?ref_=bo_yld_table_32,24533959.0,3610.0,,R,132.0,Amazon MGM Studios,the accountant 2,the_accountant_2,,,,,75.0,217.0,92.0,2025-04-25,4.0,4.0,2025.0,0,0,0,0,1,Amazon,4,1,0,0,0,1,1,0,0,0,0,0,0,1,Action Crime Drama Mystery Thriller,0,0.0,,0.0,17.015568838183025,17.997917385077614,False,True,False,False,False,False,False,False,False,False,False,False,False,True,False,False,False,False,False,False,False,False
Now You See Me: Now You Don't,2025,2025-11-14,61882396.0,3403.0,Crime Thriller,,https://www.boxofficemojo.com/release/rl3768321/?ref_=bo_yld_table_33,21013793.0,3403.0,,PG,113.0,Lionsgate,now you see me now you dont,now_you_see_me_now_you_dont_2025,20251113103703.0,,,,60.0,146.0,79.0,2025-11-14,11.0,4.0,2025.0,0,0,1,0,1,Lionsgate,2,0,0,0,0,1,0,0,0,0,0,0,0,1,Crime Thriller,0,0.0,,0.0,16.860689637194323,17.940746319182647,False,False,False,True,False,False,False,False,False,False,False,False,False,False,False,False,False,False,False,False,True,False
The King of Kings,2025,2025-04-11,60270106.0,3535.0,Animation Biography Family Fantasy,,https://www.boxofficemojo.com/release/rl4231757825/?ref_=bo_yld_table_34,19371296.0,3200.0,,PG,103.0,Angel,the king of kings,the_king_of_kings,20250410201951.0,,,,60.0,58.0,97.0,2025-04-11,4.0,4.0,2025.0,0,0,0,0,0,Other,2,0,0,1,0,0,0,1,1,0,0,0,0,0,Animation Biography Family Fantasy,0,0.0,,0.0,16.77930299235679,17.914346800801933,False,False,False,False,False,True,False,False,False,False,False,False,False,True,False,False,False,False,False,False,False,False
David,2025,2025-12-19,80382774.0,3118.0,Adventure Animation Drama Family Musical,,https://www.boxofficemojo.com/release/rl1710063617/?ref_=bo_yld_table_35,22000555.0,3118.0,,PG,109.0,Angel,david,david_2025,,,,,79.0,53.0,98.0,2025-12-19,12.0,4.0,2025.0,0,0,1,0,0,Other,2,0,1,1,0,0,1,1,0,0,1,0,0,0,Adventure Animation Drama Family Musical,0,0.0,,0.0,16.906578283730514,18.202310469902717,False,False,False,False,False,True,False,False,False,False,False,False,False,False,False,False,False,False,False,False,False,True
Ballerina,2025,2025-06-06,58051327.0,3409.0,Action Adventure Crime Drama Thriller,,https://www.boxofficemojo.com/release/rl965378817/?ref_=bo_yld_table_36,24501663.0,3409.0,90000000.0,R,124.0,Lionsgate,ballerina,ballerina_2025,,,,,75.0,305.0,92.0,2025-06-06,6.0,4.0,2025.0,0,1,0,0,0,Lionsgate,4,1,1,0,0,1,1,0,0,0,0,0,0,1,Action Adventure Crime Drama Thriller,1,18.31532023940565,,0.0,17.014251591575956,17.876838142676824,False,False,False,True,False,False,False,False,False,False,False,False,False,False,False,True,False,False,False,False,False,False
Moana 2,2025,2024-11-27,460405297.0,4200.0,Adventure Animation Comedy Family Fantasy Musical,,https://www.boxofficemojo.com/release/rl862748673/?ref_=bo_yld_table_37,139787385.0,4200.0,150000000.0,PG,100.0,Walt Disney Studios Motion Pictures,moana 2,moana_2,20241128145516.0,,,,61.0,245.0,85.0,2024-11-27,11.0,2.0,2024.0,1,0,1,0,1,Disney,2,0,1,1,1,0,0,1,1,0,1,0,0,0,Adventure Animation Comedy Family Fantasy Musical,1,18.826145858727198,,0.0,18.755633154794687,19.947617742130674,False,False,True,False,False,False,False,False,False,False,False,False,False,False,False,False,False,False,False,False,True,False
The Housemaid,2025,2025-12-19,126432462.0,3123.0,Drama Mystery Thriller,,https://www.boxofficemojo.com/release/rl1512275969/?ref_=bo_yld_table_38,19010430.0,3015.0,,R,131.0,Lionsgate,the housemaid,the_housemaid,,,,,69.0,72.0,54.0,2025-12-19,12.0,4.0,2025.0,0,0,1,0,0,Lionsgate,4,0,0,0,0,0,1,0,0,0,0,0,0,1,Drama Mystery Thriller,0,0.0,,0.0,16.76049838648535,18.65521883423413,False,False,False,True,False,False,False,False,False,False,False,False,False,False,False,False,False,False,False,False,False,True
The Naked Gun,2025,2025-08-01,52647396.0,3363.0,Action Comedy Crime,,https://www.boxofficemojo.com/release/rl3528753153/?ref_=bo_yld_table_39,16805560.0,3344.0,,PG,85.0,Paramount Pictures,the naked gun,the_naked_gun_2025,20250731214934.0,91.0,139.0,93.0,87.0,335.0,72.0,2025-08-01,8.0,4.0,2025.0,0,1,0,0,0,Paramount,2,1,0,0,1,1,0,0,0,0,0,0,0,0,Action Comedy Crime,0,0.0,-4.0,4.941642422609304,16.637220401505896,17.77912735562597,False,False,False,False,False,False,True,False,False,False,False,False,False,False,False,False,False,True,False,False,False,False
Karate Kid: Legends,2025,2025-05-30,52547391.0,3859.0,Action Drama Family Sport,,https://www.boxofficemojo.com/release/rl3470426881/?ref_=bo_yld_table_40,20302016.0,3809.0,,PG,94.0,Sony Pictures Releasing,karate kid legends,karate_kid_legends,20250529223437.0,,,,57.0,198.0,90.0,2025-05-30,5.0,4.0,2025.0,1,1,0,0,1,Sony,2,1,0,0,0,0,1,1,0,0,0,0,0,0,Action Drama Family Sport,0,0.0,,0.0,16.82623079868209,17.777226025130844,False,False,False,False,False,False,False,True,False,False,False,False,False,False,True,False,False,False,False,False,False,False
One of Them Days,2025,2025-01-17,50054690.0,2675.0,Comedy,,https://www.boxofficemojo.com/release/rl4110974977/?ref_=bo_yld_table_41,11807731.0,2675.0,,R,97.0,Sony Pictures Releasing,one of them days,one_of_them_days,,,,,94.0,125.0,89.0,2025-01-17,1.0,4.0,2025.0,1,0,0,0,0,Sony,4,0,0,0,1,0,0,0,0,0,0,0,0,0,Comedy,0,0.0,,0.0,16.284265129087856,17.728626785607197,False,False,False,False,False,False,False,True,False,False,True,False,False,False,False,False,False,False,False,False,False,False
Regretting You,2025,2025-10-24,48852948.0,3425.0,Drama Romance,,https://www.boxofficemojo.com/release/rl4079190017/?ref_=bo_yld_table_42,13687530.0,3393.0,,PG,116.0,Paramount Pictures,regretting you,colleen_hoovers_regretting_you,,,,,28.0,89.0,84.0,2025-10-24,10.0,4.0,2025.0,0,0,0,0,0,Paramount,2,0,0,0,0,0,1,0,0,0,0,1,0,0,Drama Romance,0,0.0,,0.0,16.43199583037861,17.704325303105886,False,False,False,False,False,False,True,False,False,False,False,False,False,False,False,False,False,False,False,True,False,False
Nosferatu,2025,2024-12-25,95608235.0,3132.0,Fantasy Horror Mystery,,https://www.boxofficemojo.com/release/rl2537783297/?ref_=bo_yld_table_43,21652560.0,2992.0,,R,132.0,Focus Features,nosferatu,nosferatu,,,,,97.0,74.0,87.0,2024-12-25,12.0,2.0,2024.0,1,0,1,0,0,Universal,4,0,0,0,0,0,0,0,1,1,0,0,0,0,Fantasy Horror Mystery,0,0.0,,0.0,16.890634296410017,18.37576952493849,False,False,False,False,False,False,False,False,True,False,False,False,False,False,False,False,False,False,False,False,False,True
A Complete Unknown,2025,2024-12-25,75001720.0,2835.0,Biography Drama Music,,https://www.boxofficemojo.com/release/rl2843508737/?ref_=bo_yld_table_44,11655553.0,2835.0,,R,141.0,Searchlight Pictures,a complete unknown,a_complete_unknown,20241225022643.0,78.0,156.0,98.0,82.0,342.0,95.0,2024-12-25,12.0,2.0,2024.0,1,0,1,0,0,Disney,4,0,0,0,0,0,1,0,0,0,0,0,0,0,Biography Drama Music,0,0.0,4.0,5.056245805348308,16.27129336256986,18.13302161790398,False,False,True,False,False,False,False,False,False,False,False,False,False,False,False,False,False,False,False,False,False,True
The SpongeBob Movie: Search for SquarePants,2025,2025-12-19,71068170.0,3570.0,Adventure Animation Comedy Family Fantasy,,https://www.boxofficemojo.com/release/rl1743487745/?ref_=bo_yld_table_45,15611344.0,3557.0,,PG,88.0,Paramount Pictures,the spongebob movie search for squarepants,the_spongebob_movie_search_for_squarepants,20251217171338.0,,,,78.0,72.0,67.0,2025-12-19,12.0,4.0,2025.0,0,0,1,0,1,Paramount,2,0,1,1,1,0,0,1,1,0,0,0,0,0,Adventure Animation Comedy Family Fantasy,0,0.0,,0.0,16.56350845149603,18.079150129281267,False,False,False,False,False,False,True,False,False,False,False,False,False,False,False,False,False,False,False,False,False,True
Mickey 17,2025,2025-03-07,46142263.0,3807.0,Adventure Comedy Fantasy Sci-Fi,,https://www.boxofficemojo.com/release/rl2465301249/?ref_=bo_yld_table_46,19002852.0,3807.0,,R,137.0,Warner Bros.,mickey 17,mickey_17,20250305101717.0,,,,78.0,361.0,73.0,2025-03-07,3.0,4.0,2025.0,0,0,0,1,0,WB,4,0,1,0,1,0,0,0,1,0,0,0,1,0,Adventure Comedy Fantasy Sci-Fi,0,0.0,,0.0,16.760099683752884,17.647239877559834,False,False,False,False,False,False,False,False,False,True,False,False,True,False,False,False,False,False,False,False,False,False
Paddington in Peru,2025,2025-02-14,45800000.0,3890.0,Adventure Comedy Family Mystery,,https://www.boxofficemojo.com/release/rl431260417/?ref_=bo_yld_table_47,12761398.0,3890.0,,PG,106.0,Sony Pictures Releasing,paddington in peru,paddington_in_peru,,,,,93.0,193.0,90.0,2025-02-14,2.0,4.0,2025.0,1,0,0,0,0,Sony,2,0,1,0,1,0,0,1,0,0,0,0,0,0,Adventure Comedy Family Mystery,0,0.0,,0.0,16.36193546936938,17.639794670918473,False,False,False,False,False,False,False,True,False,False,False,True,False,False,False,False,False,False,False,False,False,False
Downton Abbey: The Grand Finale,2025,2025-09-12,44996590.0,3711.0,Drama,,https://www.boxofficemojo.com/release/rl1014267905/?ref_=bo_yld_table_48,18107405.0,3694.0,,PG,123.0,Focus Features,downton abbey the grand finale,downton_abbey_the_grand_finale,20250910211454.0,,,,92.0,142.0,95.0,2025-09-12,9.0,4.0,2025.0,0,0,0,0,1,Universal,2,0,0,0,0,0,1,0,0,0,0,0,0,0,Drama,0,0.0,,0.0,16.711831583819034,17.62209728930944,False,False,False,False,False,False,False,False,True,False,False,False,False,False,False,False,False,False,True,False,False,False
Chainsaw Man - The Movie: Reze Arc,2025,2025-10-24,43438461.0,3003.0,Action Adventure Animation Comedy Fantasy Romance Thriller,,https://www.boxofficemojo.com/release/rl3728441345/?ref_=bo_yld_table_49,18030883.0,3003.0,,R,100.0,Sony Pictures Releasing,chainsaw man  the movie reze arc,chainsaw_man_the_movie_reze_arc,,,,,96.0,48.0,98.0,2025-10-24,10.0,4.0,2025.0,0,0,0,0,1,Sony,4,1,1,1,1,0,0,0,1,0,0,1,0,1,Action Adventure Animation Comedy Fantasy Romance Thriller,0,0.0,,0.0,16.70759662337305,17.586855827806637,False,False,False,False,False,False,False,True,False,False,False,False,False,False,False,False,False,False,False,True,False,False
Wicked,2025,2024-11-22,474983975.0,3888.0,Fantasy Musical Romance,,https://www.boxofficemojo.com/release/rl1199474177/?ref_=bo_yld_table_50,112508890.0,3888.0,150000000.0,PG,160.0,Universal Pictures,wicked,,,,,,,,,2024-11-22,11.0,4.0,2024.0,1,0,1,0,0,Universal,2,0,0,0,0,0,0,0,1,0,1,1,0,0,Fantasy Musical Romance,1,18.826145858727198,,0.0,18.538542807597068,19.978791626693045,False,False,False,False,False,False,False,False,True,False,False,False,False,False,False,False,False,False,False,False,True,False
Marty Supreme,2025,Dec 19,96040064.0,2887.0,Comedy Drama Sport,,https://www.boxofficemojo.com/release/rl1411612673/?ref_=bo_yld_table_51,863097.0,6.0,,R,149.0,A24,marty supreme,marty_supreme,,,,,93.0,353.0,82.0,,,,2025.0,0,0,0,0,0,A24,4,0,0,0,1,0,1,0,0,0,0,0,0,0,Comedy Drama Sport,0,0.0,,0.0,13.66828352097647,18.38027600611843,True,False,False,False,False,False,False,False,False,False,False,False,False,False,False,False,False,False,False,False,False,False
The Amateur,2025,2025-04-11,40759635.0,3400.0,Action Thriller,,https://www.boxofficemojo.com/release/rl2241364737/?ref_=bo_yld_table_52,14802849.0,3400.0,,PG,122.0,20th Century Studios,the amateur,the_amateur_2025,20250410131244.0,,,,61.0,196.0,87.0,2025-04-11,4.0,4.0,2025.0,0,0,0,0,0,Disney,2,1,0,0,0,0,0,0,0,0,0,0,0,1,Action Thriller,0,0.0,,0.0,16.510330287763157,17.523202835955075,False,False,True,False,False,False,False,False,False,False,False,False,False,True,False,False,False,False,False,False,False,False
The Monkey,2025,2025-02-21,39724909.0,3227.0,Horror,,https://www.boxofficemojo.com/release/rl2385608705/?ref_=bo_yld_table_53,14014649.0,3200.0,,R,98.0,Neon,the monkey,the_monkey,,,,,77.0,300.0,55.0,2025-02-21,2.0,4.0,2025.0,1,0,0,0,0,Other,4,0,0,0,0,0,0,0,0,1,0,0,0,0,Horror,0,0.0,,0.0,16.455613769026236,17.497489004808653,False,False,False,False,False,True,False,False,False,False,False,True,False,False,False,False,False,False,False,False,False,False
The Running Man,2025,2025-11-14,37815641.0,3534.0,Action Adventure Sci-Fi Thriller,,https://www.boxofficemojo.com/release/rl2165080065/?ref_=bo_yld_table_54,16495564.0,3534.0,,R,133.0,Paramount Pictures,the running man,running_man,,,,,59.0,126.0,61.0,2025-11-14,11.0,4.0,2025.0,0,0,1,0,0,Paramount,4,1,1,0,0,0,0,0,0,0,0,0,1,1,Action Adventure Sci-Fi Thriller,0,0.0,,0.0,16.618602114862085,17.448233384518076,False,False,False,False,False,False,True,False,False,False,False,False,False,False,False,False,False,False,False,False,True,False
A Working Man,2025,2025-03-28,37000711.0,3262.0,Action Thriller,,https://www.boxofficemojo.com/release/rl3457581057/?ref_=bo_yld_table_55,15510312.0,3262.0,,R,116.0,Amazon MGM Studios,a working man,a_working_man,20250327052408.0,,,,46.0,162.0,87.0,2025-03-28,3.0,4.0,2025.0,0,0,0,1,0,Amazon,4,1,0,0,0,0,0,0,0,0,0,0,0,1,Action Thriller,0,0.0,,0.0,16.55701571547779,17.426447713666594,False,True,False,False,False,False,False,False,False,False,False,False,True,False,False,False,False,False,False,False,False,False
Materialists,2025,2025-06-13,36521973.0,2844.0,Comedy Drama Romance,,https://www.boxofficemojo.com/release/rl3442638849/?ref_=bo_yld_table_56,11338642.0,2844.0,,R,116.0,A24,materialists,materialists,20250612062458.0,87.0,62.0,,77.0,302.0,65.0,2025-06-13,6.0,4.0,2025.0,0,1,0,0,0,A24,4,0,0,0,1,0,1,0,0,0,0,1,0,0,Comedy Drama Romance,0,0.0,-10.0,4.143134726391533,16.243727184200466,17.413424664804186,True,False,False,False,False,False,False,False,False,False,False,False,False,False,False,True,False,False,False,False,False,False
Den of Thieves: Pantera,2025,2025-01-10,36015016.0,3008.0,Action Crime Drama Thriller,,https://www.boxofficemojo.com/release/rl1416265729/?ref_=bo_yld_table_57,15022909.0,3008.0,,R,144.0,Lionsgate,den of thieves pantera,den_of_thieves_pantera,,,,,63.0,99.0,79.0,2025-01-10,1.0,4.0,2025.0,0,0,0,0,1,Lionsgate,4,1,0,0,0,1,1,0,0,0,0,0,0,1,Action Crime Drama Thriller,0,0.0,,0.0,16.52508692721253,17.399446548331035,False,False,False,True,False,False,False,False,False,False,True,False,False,False,False,False,False,False,False,False,False,False
The Long Walk,2025,2025-09-12,35163573.0,2845.0,Horror Thriller,,https://www.boxofficemojo.com/release/rl624590849/?ref_=bo_yld_table_58,11703621.0,2845.0,,R,108.0,Lionsgate,the long walk,the_long_walk,,,,,96.0,48.0,69.0,2025-09-12,9.0,4.0,2025.0,0,0,0,0,0,Lionsgate,4,0,0,0,0,0,0,0,0,1,0,0,0,1,Horror Thriller,0,0.0,,0.0,16.275408924509833,17.3755212752171,False,False,False,True,False,False,False,False,False,False,False,False,False,False,False,False,False,False,True,False,False,False
Star Wars: Episode III - Revenge of the Sith,2025,2025-04-25,34107714.0,2800.0,Action Adventure Fantasy Sci-Fi,,https://www.boxofficemojo.com/release/rl2905833473/?ref_=bo_yld_table_59,25495049.0,2800.0,113000000.0,PG,140.0,Walt Disney Studios Motion Pictures,star wars episode iii  revenge of the sith,star_wars_episode_iii_revenge_of_the_sith,,,,,79.0,335.0,66.0,2025-04-25,4.0,4.0,2025.0,0,0,0,0,1,Disney,2,1,1,0,0,0,0,0,1,0,0,0,1,0,Action Adventure Fantasy Sci-Fi,1,18.542898385526172,,0.0,17.053994873638327,17.345034162998214,False,False,True,False,False,False,False,False,False,False,False,False,False,True,False,False,False,False,False,False,False,False
Taylor Swift: The Official Release Party of a Showgirl,2025,2025-10-03,34062774.0,3702.0,Music,,https://www.boxofficemojo.com/release/rl451575809/?ref_=bo_yld_table_60,34062774.0,3702.0,,,89.0,AMC Theatres,taylor swift the official release party of a showgirl,taylor_swift_the_official_release_party_of_a_showgirl,20251002055328.0,,,,64.0,11.0,94.0,2025-10-03,10.0,4.0,2025.0,0,0,0,0,1,Other,3,0,0,0,0,0,0,0,0,0,0,0,0,0,Music,0,0.0,,0.0,17.34371570374964,17.34371570374964,False,False,False,False,False,True,False,False,False,False,False,False,False,False,False,False,False,False,False,True,False,False
I Know What You Did Last Summer,2025,2025-07-18,32165634.0,3206.0,Horror Mystery,,https://www.boxofficemojo.com/release/rl2372632577/?ref_=bo_yld_table_61,12755359.0,3206.0,,R,111.0,Sony Pictures Releasing,i know what you did last summer,i_know_what_you_did_last_summer,20250717033323.0,,,,47.0,116.0,41.0,2025-07-18,7.0,4.0,2025.0,0,1,0,0,0,Sony,4,0,0,0,0,0,0,0,0,1,0,0,0,0,Horror Mystery,0,0.0,,0.0,16.361462133385547,17.28640920458791,False,False,False,False,False,False,False,True,False,False,False,False,False,False,False,False,True,False,False,False,False,False
Gabby's Dollhouse: The Movie,2025,2025-09-26,32011820.0,3507.0,Adventure Animation Comedy Family Fantasy Musical,,https://www.boxofficemojo.com/release/rl845447169/?ref_=bo_yld_table_62,13697595.0,3500.0,,G,98.0,Universal Pictures,gabbys dollhouse the movie,gabbys_dollhouse_the_movie,,,,,85.0,26.0,93.0,2025-09-26,9.0,4.0,2025.0,0,0,0,0,1,Universal,1,0,1,1,1,0,0,1,1,0,1,0,0,0,Adventure Animation Comedy Family Fantasy Musical,0,0.0,,0.0,16.432730900948357,17.28161579880031,False,False,False,False,False,False,False,False,True,False,False,False,False,False,False,False,False,False,True,False,False,False
Anaconda,2025,2025-12-25,65098148.0,3509.0,Action Adventure Comedy,,https://www.boxofficemojo.com/release/rl2499444737/?ref_=bo_yld_table_63,14502218.0,3509.0,,PG,99.0,Sony Pictures Releasing,anaconda,anaconda,,,,,41.0,58.0,24.0,2025-12-25,12.0,3.0,2025.0,1,0,1,0,0,Sony,2,1,1,0,1,0,0,0,0,0,0,0,0,0,Action Adventure Comedy,0,0.0,,0.0,16.48981223016498,17.991406673594845,False,False,False,False,False,False,False,True,False,False,False,False,False,False,False,False,False,False,False,False,False,True
Smurfs,2025,2025-07-18,31075170.0,3504.0,Adventure Animation Comedy Family Fantasy Musical,,https://www.boxofficemojo.com/release/rl3459023617/?ref_=bo_yld_table_64,11075090.0,3504.0,,PG,89.0,Paramount Pictures,smurfs,smurfs,20250716190554.0,25.0,32.0,97.0,21.0,100.0,64.0,2025-07-18,7.0,4.0,2025.0,0,1,0,0,0,Paramount,2,0,1,1,1,0,0,1,1,0,1,0,0,0,Adventure Animation Comedy Family Fantasy Musical,0,0.0,-4.0,3.4965075614664802,16.220209090566005,17.251919698161675,False,False,False,False,False,False,True,False,False,False,False,False,False,False,False,False,True,False,False,False,False,False
Heart Eyes,2025,2025-02-07,30415738.0,3102.0,Comedy Horror Mystery Romance,,https://www.boxofficemojo.com/release/rl2533982209/?ref_=bo_yld_table_65,8305156.0,3102.0,,R,97.0,Sony Pictures Releasing,heart eyes,heart_eyes,20250206184545.0,,,,78.0,180.0,76.0,2025-02-07,2.0,4.0,2025.0,0,0,0,0,0,Sony,4,0,0,0,1,0,0,0,0,1,0,1,0,0,Comedy Horror Mystery Romance,0,0.0,,0.0,15.932387205125382,17.230470762663536,False,False,False,False,False,False,False,True,False,False,False,True,False,False,False,False,False,False,False,False,False,False
Flight Risk,2025,2025-01-24,29783527.0,3161.0,Action Crime Drama Thriller,,https://www.boxofficemojo.com/release/rl1365934081/?ref_=bo_yld_table_66,11583488.0,3161.0,,R,91.0,Lionsgate,flight risk,flight_risk,,,,,86.0,7.0,59.0,2025-01-24,1.0,4.0,2025.0,0,0,0,0,0,Lionsgate,4,1,0,0,0,1,1,0,0,0,0,0,0,1,Action Crime Drama Thriller,0,0.0,,0.0,16.265091280065587,17.209466046974253,False,False,False,True,False,False,False,False,False,False,True,False,False,False,False,False,False,False,False,False,False,False
Warfare,2025,2025-04-11,26000309.0,2670.0,Action Drama War,,https://www.boxofficemojo.com/release/rl1613266945/?ref_=bo_yld_table_67,8317989.0,2670.0,,R,95.0,A24,warfare,warfare,20250408205635.0,,,,92.0,238.0,92.0,2025-04-11,4.0,4.0,2025.0,0,0,0,0,0,A24,4,1,0,0,0,0,1,0,0,0,0,0,0,0,Action Drama War,0,0.0,,0.0,15.933931197072202,17.0736190189916,True,False,False,False,False,False,False,False,False,False,False,False,False,True,False,False,False,False,False,False,False,False
Him,2025,2025-09-19,25009605.0,3168.0,Horror Sport Thriller,,https://www.boxofficemojo.com/release/rl3446243329/?ref_=bo_yld_table_68,13251560.0,3168.0,,R,96.0,Universal Pictures,him,him_2025,,,,,,,,2025-09-19,9.0,4.0,2025.0,0,0,0,0,0,Universal,4,0,0,0,0,0,0,0,0,1,0,0,0,1,Horror Sport Thriller,0,0.0,,0.0,16.399625914778053,17.03477054903119,False,False,False,False,False,False,False,False,True,False,False,False,False,False,False,False,False,False,True,False,False,False
M3GAN 2.0,2025,2025-06-27,24101280.0,3133.0,Action Sci-Fi Thriller,,https://www.boxofficemojo.com/release/rl1392018177/?ref_=bo_yld_table_69,10201625.0,3112.0,,PG,,Universal Pictures,m3gan 20,m3gan_20,20250625162858.0,,,,57.0,244.0,81.0,2025-06-27,6.0,4.0,2025.0,0,1,0,0,1,Universal,2,1,0,0,0,0,0,0,0,0,0,0,1,1,Action Sci-Fi Thriller,0,0.0,,0.0,16.1380576773145,16.997775550575255,False,False,False,False,False,False,False,False,True,False,False,False,False,False,False,True,False,False,False,False,False,False
Ne Zha 2,2025,Feb 14,23308176.0,2228.0,Action Adventure Animation Comedy Drama Fantasy,,https://www.boxofficemojo.com/release/rl1613856769/?ref_=bo_yld_table_70,7687776.0,945.0,,PG,144.0,CMC Pictures,ne zha 2,ne_zha_ii,,,,,91.0,88.0,98.0,,,,2025.0,0,0,0,0,1,Other,2,1,1,1,1,0,1,0,1,0,0,0,0,0,Action Adventure Animation Comedy Drama Fantasy,0,0.0,,0.0,15.85514222296808,16.964314801175423,False,False,False,False,False,True,False,False,False,False,False,False,False,False,False,False,False,False,False,False,False,False
KPop Demon Hunters,2025,2025-08-23,24300000.0,2890.0,Action Adventure Animation Comedy Family Fantasy Music Musical,,https://www.boxofficemojo.com/release/rl2363392001/?ref_=bo_yld_table_71,18000000.0,1700.0,100000000.0,PG,95.0,Netflix,kpop demon hunters,kpop_demon_hunters,,,,,91.0,104.0,99.0,2025-08-23,8.0,5.0,2025.0,0,1,0,0,0,Netflix,2,1,1,1,1,0,0,1,1,0,1,0,0,0,Action Adventure Animation Comedy Family Fantasy Music Musical,1,18.420680753952364,,0.0,16.705882371415992,17.00598694946304,False,False,False,False,True,False,False,False,False,False,False,False,False,False,False,False,False,True,False,False,False,False
Roofman,2025,2025-10-10,22739882.0,3370.0,Biography Crime Drama History Romance,,https://www.boxofficemojo.com/release/rl1561493505/?ref_=bo_yld_table_72,8108861.0,3362.0,,R,126.0,Paramount Pictures,roofman,roofman,,,,,87.0,216.0,85.0,2025-10-10,10.0,4.0,2025.0,0,0,0,0,0,Paramount,4,0,0,0,0,1,1,0,0,0,0,1,0,0,Biography Crime Drama History Romance,0,0.0,,0.0,15.908468095653879,16.939630901154693,False,False,False,False,False,False,True,False,False,False,False,False,False,False,False,False,False,False,False,True,False,False
Springsteen: Deliver Me from Nowhere,2025,2025-10-24,22638297.0,3460.0,Biography Drama Music,,https://www.boxofficemojo.com/release/rl717651969/?ref_=bo_yld_table_73,8887255.0,3460.0,,PG,119.0,20th Century Studios,springsteen deliver me from nowhere,springsteen_deliver_me_from_nowhere,,,,,61.0,249.0,82.0,2025-10-24,10.0,4.0,2025.0,0,0,0,0,1,Disney,2,0,0,0,0,0,1,0,0,0,0,0,0,0,Biography Drama Music,0,0.0,,0.0,16.000128898427025,16.935153631794904,False,False,True,False,False,False,False,False,False,False,False,False,False,False,False,False,False,False,False,True,False,False
The Woman in the Yard,2025,2025-03-28,22405985.0,2845.0,Drama Horror Thriller,,https://www.boxofficemojo.com/release/rl4048781313/?ref_=bo_yld_table_74,9395255.0,2842.0,,PG,88.0,Universal Pictures,the woman in the yard,the_woman_in_the_yard,,,,,41.0,85.0,46.0,2025-03-28,3.0,4.0,2025.0,0,0,0,1,0,Universal,2,0,0,0,0,0,1,0,0,1,0,0,0,1,Drama Horror Thriller,0,0.0,,0.0,16.055715438994923,16.924838713267977,False,False,False,False,False,False,False,False,True,False,False,False,True,False,False,False,False,False,False,False,False,False
Nobody 2,2025,2025-08-15,21604985.0,3282.0,Action Comedy Crime Thriller,,https://www.boxofficemojo.com/release/rl511016961/?ref_=bo_yld_table_75,9251190.0,3260.0,,R,89.0,Universal Pictures,nobody 2,nobody_2,,,,,76.0,204.0,88.0,2025-08-15,8.0,4.0,2025.0,0,1,0,0,1,Universal,4,1,0,0,1,1,0,0,0,0,0,0,0,1,Action Comedy Crime Thriller,0,0.0,,0.0,16.040262857956925,16.88843467934981,False,False,False,False,False,False,False,False,True,False,False,False,False,False,False,False,False,True,False,False,False,False
Black Bag,2025,2025-03-14,21474035.0,2713.0,Drama Mystery Romance Thriller,,https://www.boxofficemojo.com/release/rl1400602625/?ref_=bo_yld_table_76,7607250.0,2705.0,,R,93.0,Focus Features,black bag,black_bag,,,,,96.0,290.0,70.0,2025-03-14,3.0,4.0,2025.0,1,0,0,1,0,Universal,4,0,0,0,0,0,1,0,0,0,0,1,0,1,Drama Mystery Romance Thriller,0,0.0,,0.0,15.844612429359891,16.88235513542075,False,False,False,False,False,False,False,False,True,False,False,False,True,False,False,False,False,False,False,False,False,False
Death of a Unicorn,2025,2025-03-28,12899252.0,3050.0,Comedy Fantasy Horror Thriller,,https://www.boxofficemojo.com/release/rl1646755841/?ref_=bo_yld_table_77,5787425.0,3050.0,,R,107.0,A24,death of a unicorn,death_of_a_unicorn,,,,,52.0,222.0,76.0,2025-03-28,3.0,4.0,2025.0,0,0,0,1,0,A24,4,0,0,0,1,0,0,0,1,1,0,0,0,1,Comedy Fantasy Horror Thriller,0,0.0,,0.0,15.571198191117777,16.372679960678482,True,False,False,False,False,False,False,False,False,False,False,False,True,False,False,False,False,False,False,False,False,False
Together,2025,2025-07-30,21273159.0,2302.0,Horror Romance,,https://www.boxofficemojo.com/release/rl1641644033/?ref_=bo_yld_table_78,6763357.0,2302.0,,R,102.0,Neon,together,together,,,,,73.0,77.0,89.0,2025-07-30,7.0,2.0,2025.0,0,1,0,0,0,Other,4,0,0,0,0,0,0,0,0,1,0,1,0,0,Horror Romance,0,0.0,,0.0,15.727030070244043,16.872956742197054,False,False,False,False,False,True,False,False,False,False,False,False,False,False,False,False,True,False,False,False,False,False
Last Breath,2025,2025-02-28,21051180.0,3090.0,Drama Thriller,,https://www.boxofficemojo.com/release/rl4101275649/?ref_=bo_yld_table_79,7851190.0,3018.0,,PG,93.0,Focus Features,last breath,last-breath,,,,,0.0,2.0,0.0,2025-02-28,2.0,4.0,2025.0,0,0,0,0,0,Universal,2,0,0,0,0,0,1,0,0,0,0,0,0,1,Drama Thriller,0,0.0,,0.0,15.876175797995538,16.86246722103193,False,False,False,False,False,False,False,False,True,False,False,True,False,False,False,False,False,False,False,False,False,False
Companion,2025,2025-01-31,20869122.0,3285.0,Sci-Fi Thriller,,https://www.boxofficemojo.com/release/rl3781722113/?ref_=bo_yld_table_80,9300113.0,3285.0,,R,97.0,Warner Bros.,companion,the_companion_1994,,,,,20.0,0.0,20.0,2025-01-31,1.0,4.0,2025.0,0,0,0,0,0,WB,4,0,0,0,0,0,0,0,0,0,0,0,1,1,Sci-Fi Thriller,0,0.0,,0.0,16.04553721611287,16.853781256129224,False,False,False,False,False,False,False,False,False,True,True,False,False,False,False,False,False,False,False,False,False,False
Wolf Man,2025,2025-01-17,20707280.0,3354.0,Horror Sci-Fi,,https://www.boxofficemojo.com/release/rl3494150145/?ref_=bo_yld_table_81,10897495.0,3354.0,,R,103.0,Universal Pictures,wolf man,wolf_man,,,,,91.0,45.0,80.0,2025-01-17,1.0,4.0,2025.0,1,0,0,0,0,Universal,4,0,0,0,0,0,0,0,0,1,0,0,1,0,Horror Sci-Fi,0,0.0,,0.0,16.204043596037952,16.845995935520325,False,False,False,False,False,False,False,False,True,False,True,False,False,False,False,False,False,False,False,False,False,False
The Chosen: Last Supper,2025,2025-03-28,20257290.0,2272.0,-,,https://www.boxofficemojo.com/release/rl2486599681/?ref_=bo_yld_table_82,11817082.0,2235.0,,,114.0,Fathom Entertainment,the chosen last supper,,,,,,,,,2025-03-28,3.0,4.0,2025.0,0,0,0,1,1,Other,3,0,0,0,0,0,0,0,0,0,0,0,0,0,-,0,0.0,,0.0,16.285056754375788,16.824025336097314,False,False,False,False,False,True,False,False,False,False,False,False,True,False,False,False,False,False,False,False,False,False
Until Dawn,2025,2025-04-25,20172192.0,3055.0,Drama Horror Mystery,,https://www.boxofficemojo.com/release/rl923893761/?ref_=bo_yld_table_83,8003402.0,3055.0,,R,103.0,Screen Gems,until dawn,until_dawn_2025,,,,,52.0,118.0,66.0,2025-04-25,4.0,4.0,2025.0,0,0,0,0,0,Other,4,0,0,0,0,0,1,0,0,1,0,0,0,0,Drama Horror Mystery,0,0.0,,0.0,15.895377384197813,16.819815629850613,False,False,False,False,False,True,False,False,False,False,False,False,False,True,False,False,False,False,False,False,False,False
Novocaine,2025,2025-03-14,19861854.0,3369.0,Action Comedy Crime Thriller,,https://www.boxofficemojo.com/release/rl3662970881/?ref_=bo_yld_table_84,8809436.0,3365.0,,R,110.0,Paramount Pictures,novocaine,novocaine,,,,,38.0,106.0,38.0,2025-03-14,3.0,4.0,2025.0,1,0,0,1,0,Paramount,4,1,0,0,1,1,0,0,0,0,0,0,0,1,Action Comedy Crime Thriller,0,0.0,,0.0,15.99133409121657,16.804311616046224,False,False,False,False,False,False,True,False,False,False,False,False,True,False,False,False,False,False,False,False,False,False
The Phoenician Scheme,2025,May 30,19555015.0,1731.0,Action Comedy Crime Drama Thriller,,https://www.boxofficemojo.com/release/rl2620358657/?ref_=bo_yld_table_85,560499.0,6.0,,PG,101.0,Focus Features,the phoenician scheme,the_phoenician_scheme,,,,,77.0,303.0,70.0,,,,2025.0,0,0,0,0,0,Universal,2,1,0,0,1,1,1,0,0,0,0,0,0,1,Action Comedy Crime Drama Thriller,0,0.0,,0.0,13.236584521494352,16.78874238437648,False,False,False,False,False,False,False,False,True,False,False,False,False,False,False,False,False,False,False,False,False,False
Bring Her Back,2025,2025-05-30,19333305.0,2449.0,Horror Mystery,,https://www.boxofficemojo.com/release/rl3492904961/?ref_=bo_yld_table_86,7194666.0,2449.0,,R,104.0,A24,bring her back,bring_her_back,,,,,89.0,270.0,79.0,2025-05-30,5.0,4.0,2025.0,1,1,0,0,0,A24,4,0,0,0,0,0,0,0,0,1,0,0,0,0,Horror Mystery,0,0.0,,0.0,15.788850615092178,16.777339866048482,True,False,False,False,False,False,False,False,False,False,False,False,False,False,True,False,False,False,False,False,False,False
Babygirl,2025,2024-12-25,28196732.0,2164.0,Drama Romance Thriller,,https://www.boxofficemojo.com/release/rl2926346241/?ref_=bo_yld_table_87,4490145.0,2115.0,,R,114.0,A24,babygirl,babygirl,,,,,33.0,4.0,33.0,2024-12-25,12.0,2.0,2024.0,1,0,1,0,0,A24,4,0,0,0,0,0,1,0,0,0,0,1,0,1,Drama Romance Thriller,0,0.0,,0.0,15.317395775893567,17.15471667813326,True,False,False,False,False,False,False,False,False,False,False,False,False,False,False,False,False,False,False,False,False,True
Caught Stealing,2025,2025-08-29,19005242.0,3578.0,Comedy Crime Thriller,,https://www.boxofficemojo.com/release/rl1210810369/?ref_=bo_yld_table_88,7803925.0,3578.0,,R,107.0,Sony Pictures Releasing,caught stealing,caught_stealing,,,,,85.0,255.0,83.0,2025-08-29,8.0,4.0,2025.0,0,1,0,0,0,Sony,4,0,0,0,1,1,0,0,0,0,0,0,0,1,Comedy Crime Thriller,0,0.0,,0.0,15.870137498363421,16.760225446432663,False,False,False,False,False,False,False,True,False,False,False,False,False,False,False,False,False,True,False,False,False,False
Bugonia,2025,Oct 24,17692390.0,2043.0,Comedy Crime Sci-Fi Thriller,,https://www.boxofficemojo.com/release/rl2053799937/?ref_=bo_yld_table_89,709848.0,17.0,,R,118.0,Focus Features,bugonia,bugonia,,,,,87.0,335.0,84.0,,,,2025.0,0,0,0,0,0,Universal,4,0,0,0,1,1,0,0,0,0,0,0,1,1,Comedy Crime Sci-Fi Thriller,0,0.0,,0.0,13.4728075503424,16.688645218110498,False,False,False,False,False,False,False,False,True,False,False,False,False,False,False,False,False,False,False,False,False,False
Hamilton,2025,2025-09-05,16946377.0,1850.0,Biography Drama History Musical,,https://www.boxofficemojo.com/release/rl1457225729/?ref_=bo_yld_table_90,10113542.0,1825.0,,PG,160.0,Walt Disney Studios Motion Pictures,hamilton,,,,,,,,,2025-09-05,9.0,4.0,2025.0,1,0,0,0,0,Disney,2,0,0,0,0,0,1,0,0,0,1,0,0,0,Biography Drama History Musical,0,0.0,,0.0,16.12938597470897,16.64556468164071,False,False,True,False,False,False,False,False,False,False,False,False,False,False,False,False,False,False,True,False,False,False
Song Sung Blue,2025,2025-12-25,39185290.0,2705.0,Biography Drama History Music Musical,,https://www.boxofficemojo.com/release/rl1119977473/?ref_=bo_yld_table_91,7073630.0,2587.0,,PG,132.0,Focus Features,song sung blue,song_sung_blue,,,,,88.0,32.0,88.0,2025-12-25,12.0,3.0,2025.0,1,0,1,0,0,Universal,2,0,0,0,0,0,1,0,0,0,1,0,0,0,Biography Drama History Music Musical,0,0.0,,0.0,15.77188448453716,17.483812004752615,False,False,False,False,False,False,False,False,True,False,False,False,False,False,False,False,False,False,False,False,False,True
Drop,2025,2025-04-11,16600805.0,3089.0,Drama Mystery Thriller,,https://www.boxofficemojo.com/release/rl2439741441/?ref_=bo_yld_table_92,7397015.0,3085.0,,PG,95.0,Universal Pictures,drop,drop_2025,,,,,83.0,235.0,79.0,2025-04-11,4.0,4.0,2025.0,0,0,0,0,0,Universal,2,0,0,0,0,0,1,0,0,0,0,0,0,1,Drama Mystery Thriller,0,0.0,,0.0,15.816587233606736,16.624961806364922,False,False,False,False,False,False,False,False,True,False,False,False,False,True,False,False,False,False,False,False,False,False
Good Fortune,2025,2025-10-17,16585758.0,2990.0,Comedy Fantasy Romance,,https://www.boxofficemojo.com/release/rl3524624385/?ref_=bo_yld_table_93,6163433.0,2990.0,,R,97.0,Lionsgate,good fortune,good_fortune,,,,,79.0,149.0,80.0,2025-10-17,10.0,4.0,2025.0,0,0,0,0,0,Lionsgate,4,0,0,0,1,0,0,0,1,0,0,1,0,0,Comedy Fantasy Romance,0,0.0,,0.0,15.63414464771487,16.62405499356094,False,False,False,True,False,False,False,False,False,False,False,False,False,False,False,False,False,False,False,True,False,False
Jujutsu Kaisen: Execution,2025,2025-12-05,16583133.0,1935.0,Action Animation Fantasy,,https://www.boxofficemojo.com/release/rl4276322305/?ref_=bo_yld_table_94,10084023.0,1833.0,,R,87.0,GKIDS,jujutsu kaisen execution,jujutsu_kaisen_execution,,,,,67.0,15.0,80.0,2025-12-05,12.0,4.0,2025.0,0,0,1,0,1,Other,4,1,0,1,0,0,0,0,1,0,0,0,0,0,Action Animation Fantasy,0,0.0,,0.0,16.12646294729505,16.623896712728023,False,False,False,False,False,True,False,False,False,False,False,False,False,False,False,False,False,False,False,False,False,True
Friendship,2025,May 9,16252948.0,1293.0,Comedy,,https://www.boxofficemojo.com/release/rl3543236609/?ref_=bo_yld_table_95,444759.0,6.0,,R,100.0,A24,friendship,friendship,,,,,64.0,24.0,64.0,,,,2025.0,0,0,0,0,0,A24,4,0,0,0,1,0,0,0,0,0,0,0,0,0,Comedy,0,0.0,,0.0,13.005290089817185,16.603784927198152,True,False,False,False,False,False,False,False,False,False,False,False,False,False,False,False,False,False,False,False,False,False
Eternity,2025,2025-11-26,16210244.0,2386.0,Comedy Drama Fantasy Romance,,https://www.boxofficemojo.com/release/rl316178433/?ref_=bo_yld_table_96,3175809.0,1348.0,,PG,114.0,A24,eternity,eternity,,,,,62.0,4.0,62.0,2025-11-26,11.0,2.0,2025.0,1,0,1,0,0,A24,2,0,0,0,1,0,1,0,1,0,0,1,0,0,Comedy Drama Fantasy Romance,0,0.0,,0.0,14.971073275882073,16.601154007724723,True,False,False,False,False,False,False,False,False,False,False,False,False,False,False,False,False,False,False,False,True,False
Love Hurts,2025,2025-02-07,15683090.0,3055.0,Action Comedy Romance,,https://www.boxofficemojo.com/release/rl1868267521/?ref_=bo_yld_table_97,5800440.0,3055.0,,R,83.0,Universal Pictures,love hurts,love_hurts,,,,,17.0,4.0,17.0,2025-02-07,2.0,4.0,2025.0,0,0,0,0,0,Universal,4,1,0,0,1,0,0,0,0,0,0,1,0,0,Action Comedy Romance,0,0.0,,0.0,15.573444507108931,16.568093683560992,False,False,False,False,False,False,False,False,True,False,False,True,False,False,False,False,False,False,False,False,False,False
The Brutalist,2025,Dec 20,16279129.0,1612.0,Drama,,https://www.boxofficemojo.com/release/rl856522753/?ref_=bo_yld_table_98,266791.0,6.0,,R,216.0,A24,the brutalist,the_brutalist,,,,,93.0,337.0,79.0,,,,2025.0,0,0,0,0,0,A24,4,0,0,0,0,0,1,0,0,0,0,0,0,0,Drama,0,0.0,,0.0,12.49422460756655,16.60539447730727,True,False,False,False,False,False,False,False,False,False,False,False,False,False,False,False,False,False,False,False,False,False
The Roses,2025,2025-08-29,15298844.0,2700.0,Comedy,,https://www.boxofficemojo.com/release/rl2537062401/?ref_=bo_yld_table_99,6265264.0,2700.0,,R,105.0,Searchlight Pictures,the roses,the_roses,,,,,64.0,195.0,79.0,2025-08-29,8.0,4.0,2025.0,0,1,0,0,0,Disney,4,0,0,0,1,0,0,0,0,0,0,0,0,0,Comedy,0,0.0,,0.0,15.65053144390139,16.543287893317057,False,False,True,False,False,False,False,False,False,False,False,False,False,False,False,False,False,True,False,False,False,False
The Last Rodeo,2025,2025-05-23,15201659.0,2205.0,Drama,,https://www.boxofficemojo.com/release/rl1523089409/?ref_=bo_yld_table_100,5426885.0,2205.0,,PG,116.0,Angel,the last rodeo,the_last_rodeo,,,,,68.0,38.0,94.0,2025-05-23,5.0,4.0,2025.0,1,1,0,0,0,Other,2,0,0,0,0,0,1,0,0,0,0,0,0,0,Drama,0,0.0,,0.0,15.506876046744203,16.536915190379784,False,False,False,False,False,True,False,False,False,False,False,False,False,False,True,False,False,False,False,False,False,False
The Strangers: Chapter 2,2025,2025-09-26,15153346.0,2690.0,Horror Mystery,,https://www.boxofficemojo.com/release/rl825786369/?ref_=bo_yld_table_101,5806192.0,2690.0,,R,98.0,Lionsgate,the strangers chapter 2,the_strangers_chapter_2,20250924231753.0,,,,15.0,74.0,54.0,2025-09-26,9.0,4.0,2025.0,0,0,0,0,1,Lionsgate,4,0,0,0,0,0,0,0,0,1,0,0,0,0,Horror Mystery,0,0.0,,0.0,15.574435664488563,16.533731989611926,False,False,False,True,False,False,False,False,False,False,False,False,False,False,False,False,False,False,True,False,False,False
Nuremberg,2025,2025-11-07,14524692.0,1830.0,Biography Drama History Thriller War,,https://www.boxofficemojo.com/release/rl1139048449/?ref_=bo_yld_table_102,3883295.0,1802.0,,PG,148.0,Sony Pictures Classics,nuremberg,nuremberg_2025,20251105054640.0,,,,72.0,202.0,95.0,2025-11-07,11.0,4.0,2025.0,0,0,1,0,0,Sony,2,0,0,0,0,0,1,0,0,0,0,0,0,1,Biography Drama History Thriller War,0,0.0,,0.0,15.172194835527756,16.49136072450642,False,False,False,False,False,False,False,True,False,False,False,False,False,False,False,False,False,False,False,False,True,False
Jaws,2025,2025-08-29,12819675.0,3200.0,Adventure Drama Horror Thriller,,https://www.boxofficemojo.com/release/rl1825800193/?ref_=bo_yld_table_103,8237195.0,3200.0,7000000.0,,124.0,,jaws,jaws,,,,,97.0,178.0,98.0,2025-08-29,8.0,4.0,2025.0,0,1,0,0,0,Other,3,0,1,0,0,0,1,0,0,1,0,0,0,1,Adventure Drama Horror Thriller,1,15.76142084987672,,0.0,15.924170552711308,16.36649173612651,False,False,False,False,False,True,False,False,False,False,False,False,False,False,False,False,False,True,False,False,False,False
The Chosen: Last Supper Part 2,2025,2025-04-04,12372228.0,2313.0,-,,https://www.boxofficemojo.com/release/rl3124461569/?ref_=bo_yld_table_104,6965185.0,2313.0,,,161.0,Fathom Entertainment,the chosen last supper part 2,the_chosen_last_supper_part_2,,,,,100.0,4.0,100.0,2025-04-04,4.0,4.0,2025.0,0,0,0,0,1,Other,3,0,0,0,0,0,0,0,0,0,0,0,0,0,-,0,0.0,,0.0,15.75643486979281,16.330964922153463,False,False,False,False,False,True,False,False,False,False,False,False,False,True,False,False,False,False,False,False,False,False
The Chosen: Last Supper Part 3,2025,2025-04-11,11742410.0,2297.0,-,,https://www.boxofficemojo.com/release/rl3174793217/?ref_=bo_yld_table_105,6049257.0,2296.0,,,188.0,Fathom Entertainment,the chosen last supper part 3,the_chosen_last_supper_part_3,,,,,98.0,11.0,98.0,2025-04-11,4.0,4.0,2025.0,0,0,0,0,1,Other,3,0,0,0,0,0,0,0,0,0,0,0,0,0,-,0,0.0,,0.0,15.615446177857457,16.278717717548624,False,False,False,False,False,True,False,False,False,False,False,False,False,True,False,False,False,False,False,False,False,False
Sarah's Oil,2025,2025-11-07,11675627.0,2410.0,Biography Drama History,,https://www.boxofficemojo.com/release/rl1239121921/?ref_=bo_yld_table_106,4261446.0,2410.0,,PG,103.0,Amazon MGM Studios,sarahs oil,sarahs_oil,,,,,86.0,14.0,98.0,2025-11-07,11.0,4.0,2025.0,0,0,1,0,0,Amazon,2,0,0,0,0,0,1,0,0,0,0,0,0,0,Biography Drama History,0,0.0,,0.0,15.265119331931798,16.27301415022249,False,True,False,False,False,False,False,False,False,False,False,False,False,False,False,False,False,False,False,False,True,False
The Smashing Machine,2025,2025-10-03,11411388.0,3345.0,Action Biography Drama History Sport,,https://www.boxofficemojo.com/release/rl2453307393/?ref_=bo_yld_table_107,5841662.0,3345.0,,R,123.0,A24,the smashing machine,smashing_machine_the_life_and_times_of_mark_kerr,20251001033859.0,,,,92.0,82.0,92.0,2025-10-03,10.0,4.0,2025.0,0,0,0,0,0,A24,4,1,0,0,0,0,1,0,0,0,0,0,0,0,Action Biography Drama History Sport,0,0.0,,0.0,15.58052607454187,16.25012244974901,True,False,False,False,False,False,False,False,False,False,False,False,False,False,False,False,False,False,False,True,False,False
Hamnet,2025,Nov 26,24208900.0,1996.0,Biography Drama History Romance,,https://www.boxofficemojo.com/release/rl1421901825/?ref_=bo_yld_table_108,932278.0,119.0,,PG,125.0,Focus Features,hamnet,hamnet,,,,,87.0,345.0,93.0,,,,2025.0,0,0,0,0,0,Universal,2,0,0,0,0,0,1,0,0,0,0,1,0,0,Biography Drama History Romance,0,0.0,,0.0,13.745387405092771,17.002230933418783,False,False,False,False,False,False,False,False,True,False,False,False,False,False,False,False,False,False,False,False,False,False
Becoming Led Zeppelin,2025,Feb 7,10403353.0,1039.0,Documentary Music,,https://www.boxofficemojo.com/release/rl1362067457/?ref_=bo_yld_table_109,2578510.0,369.0,,PG,122.0,Sony Pictures Classics,becoming led zeppelin,becoming_led_zeppelin,,,,,85.0,46.0,95.0,,,,2025.0,0,0,0,0,0,Sony,2,0,0,0,0,0,0,0,0,0,0,0,0,0,Documentary Music,0,0.0,,0.0,14.762722658510201,16.157638812119654,False,False,False,False,False,False,False,True,False,False,False,False,False,False,False,False,False,False,False,False,False,False
Eddington,2025,2025-07-18,10223277.0,2111.0,Comedy Drama Western,,https://www.boxofficemojo.com/release/rl1111392257/?ref_=bo_yld_table_110,4404742.0,2111.0,,R,148.0,A24,eddington,eddington,20250716222945.0,,,,69.0,284.0,66.0,2025-07-18,7.0,4.0,2025.0,0,1,0,0,0,A24,4,0,0,0,1,0,1,0,0,0,0,0,0,0,Comedy Drama Western,0,0.0,,0.0,15.298192472858128,16.14017783495251,True,False,False,False,False,False,False,False,False,False,False,False,False,False,False,False,True,False,False,False,False,False
Rental Family,2025,2025-11-21,10047429.0,1925.0,Comedy Drama,,https://www.boxofficemojo.com/release/rl3587538945/?ref_=bo_yld_table_111,3336147.0,1925.0,,PG,109.0,Searchlight Pictures,rental family,rental_family,,,,,88.0,200.0,96.0,2025-11-21,11.0,4.0,2025.0,0,0,1,0,0,Disney,2,0,0,0,1,0,1,0,0,0,0,0,0,0,Comedy Drama,0,0.0,,0.0,15.020327405985093,16.122827438374035,False,False,True,False,False,False,False,False,False,False,False,False,False,False,False,False,False,False,False,False,True,False
The Day the Earth Blew Up: A Looney Tunes Movie,2025,2025-03-14,8875344.0,2827.0,Adventure Animation Comedy Family Sci-Fi,,https://www.boxofficemojo.com/release/rl305627137/?ref_=bo_yld_table_112,3158830.0,2827.0,,PG,91.0,Ketchup Entertainment,the day the earth blew up a looney tunes movie,the_day_the_earth_blew_up_a_looney_tunes_movie,,,,,86.0,121.0,88.0,2025-03-14,3.0,4.0,2025.0,1,0,0,1,1,Other,2,0,1,1,1,0,0,1,0,0,0,0,1,0,Adventure Animation Comedy Family Sci-Fi,0,0.0,,0.0,14.96571258041077,15.998787765809645,False,False,False,False,False,True,False,False,False,False,False,False,True,False,False,False,False,False,False,False,False,False
Sketch,2025,2025-08-06,8129808.0,2157.0,Adventure Comedy Family Fantasy,,https://www.boxofficemojo.com/release/rl3788275713/?ref_=bo_yld_table_113,2438336.0,2157.0,,PG,93.0,Angel,sketch,,,,,,,,,2025-08-06,8.0,2.0,2025.0,0,1,0,0,0,Other,2,0,1,0,1,0,0,1,1,0,0,0,0,0,Adventure Comedy Family Fantasy,0,0.0,,0.0,14.70682680752652,15.91104798801309,False,False,False,False,False,True,False,False,False,False,False,False,False,False,False,False,False,True,False,False,False,False
Back to the Future,2025,2025-10-31,7923545.0,2290.0,Adventure Comedy Sci-Fi,,https://www.boxofficemojo.com/release/rl468746241/?ref_=bo_yld_table_114,4900380.0,2290.0,19000000.0,,116.0,Universal Pictures,back to the future,back_to_the_future,,,,,93.0,118.0,95.0,2025-10-31,10.0,4.0,2025.0,0,0,0,0,0,Universal,3,0,1,0,1,0,0,0,0,0,0,0,1,0,Adventure Comedy Sci-Fi,1,16.759949589762293,,0.0,15.404823515160125,15.885349390863388,False,False,False,False,False,False,False,False,True,False,False,False,False,False,False,False,False,False,False,True,False,False
Gladiator II,2025,2024-11-22,172438016.0,3580.0,Adventure Drama,,https://www.boxofficemojo.com/release/rl1778156289/?ref_=bo_yld_table_115,55034715.0,3573.0,,R,148.0,Paramount Pictures,gladiator ii,gladiator_ii,20241120045915.0,,,,70.0,406.0,80.0,2024-11-22,11.0,4.0,2024.0,1,0,1,0,1,Paramount,4,0,1,0,0,0,1,0,0,0,0,0,0,0,Adventure Drama,0,0.0,,0.0,17.823474744073813,18.965548408125034,False,False,False,False,False,False,True,False,False,False,False,False,False,False,False,False,False,False,False,False,True,False
Soul on Fire,2025,2025-10-10,7448606.0,1720.0,Biography Drama,,https://www.boxofficemojo.com/release/rl1094680577/?ref_=bo_yld_table_116,2826192.0,1720.0,,PG,112.0,Affirm Films,soul on fire,soul_on_fire,,,,,67.0,12.0,98.0,2025-10-10,10.0,4.0,2025.0,0,0,0,0,0,Other,2,0,0,0,0,0,1,0,0,0,0,0,0,0,Biography Drama,0,0.0,,0.0,14.85444113430371,15.823537593007057,False,False,False,False,False,True,False,False,False,False,False,False,False,False,False,False,False,False,False,True,False,False
Clown in a Cornfield,2025,2025-05-09,7251799.0,2277.0,Horror Mystery Thriller,,https://www.boxofficemojo.com/release/rl605847553/?ref_=bo_yld_table_117,3648991.0,2277.0,,R,96.0,RLJ Entertainment,clown in a cornfield,clown_in_a_cornfield,,,,,74.0,156.0,57.0,2025-05-09,5.0,4.0,2025.0,0,1,0,0,0,Other,4,0,0,0,0,0,0,0,0,1,0,0,0,1,Horror Mystery Thriller,0,0.0,,0.0,15.109961523034707,15.796760271877575,False,False,False,False,False,True,False,False,False,False,False,False,False,False,True,False,False,False,False,False,False,False
Presence,2025,2025-01-24,6900044.0,1750.0,Drama Horror Thriller,,https://www.boxofficemojo.com/release/rl4127621121/?ref_=bo_yld_table_118,3328004.0,1750.0,,R,84.0,Neon,presence,,,,,,,,,2025-01-24,1.0,4.0,2025.0,0,0,0,0,0,Other,4,0,0,0,0,0,1,0,0,1,0,0,0,1,Drama Horror Thriller,0,0.0,,0.0,15.017883583325954,15.747038491285352,False,False,False,False,False,True,False,False,False,False,True,False,False,False,False,False,False,False,False,False,False,False
Princess Mononoke,2025,Mar 28,6851056.0,630.0,Adventure Animation Fantasy,,https://www.boxofficemojo.com/release/rl339312641/?ref_=bo_yld_table_119,3881024.0,330.0,,PG,133.0,GKIDS,princess mononoke,princess_mononoke,,,,,93.0,123.0,94.0,,,,2025.0,0,0,0,0,0,Other,2,0,1,1,0,0,0,0,1,0,0,0,0,0,Adventure Animation Fantasy,0,0.0,,0.0,15.171609851969048,15.739913504903717,False,False,False,False,False,True,False,False,False,False,False,False,False,False,False,False,False,False,False,False,False,False
Homestead,2025,2024-12-20,20811864.0,1886.0,Action Drama Thriller,,https://www.boxofficemojo.com/release/rl2557247489/?ref_=bo_yld_table_120,6000241.0,1886.0,,PG,112.0,Angel,homestead,,,,,,,,,2024-12-20,12.0,4.0,2024.0,1,0,1,0,0,Other,2,1,0,0,0,0,1,0,0,0,0,0,0,1,Action Drama Thriller,0,0.0,,0.0,15.607310359712296,16.85103381472897,False,False,False,False,False,True,False,False,False,False,False,False,False,False,False,False,False,False,False,False,False,True
Toy Story,2025,2025-09-12,6721383.0,2375.0,Adventure Animation Comedy Family Fantasy,,https://www.boxofficemojo.com/release/rl3856695297/?ref_=bo_yld_table_121,3447613.0,2375.0,,,81.0,Walt Disney Studios Motion Pictures,toy story,toy_story,20250909100319.0,,,,100.0,161.0,92.0,2025-09-12,9.0,4.0,2025.0,0,0,0,0,0,Disney,3,0,1,1,1,0,0,1,1,0,0,0,0,0,Adventure Animation Comedy Family Fantasy,0,0.0,,0.0,15.053192955543052,15.720804643675004,False,False,True,False,False,False,False,False,False,False,False,False,False,False,False,False,False,False,True,False,False,False
The Life of Chuck,2025,Jun 6,6712600.0,1072.0,Drama Fantasy Sci-Fi,,https://www.boxofficemojo.com/release/rl4207640577/?ref_=bo_yld_table_122,224585.0,16.0,,R,111.0,Neon,the life of chuck,the_life_of_chuck,,,,,80.0,296.0,88.0,,,,2025.0,0,0,0,0,0,Other,4,0,0,0,0,0,1,0,1,0,0,0,1,0,Drama Fantasy Sci-Fi,0,0.0,,0.0,12.322013986307185,15.719497064240993,False,False,False,False,False,True,False,False,False,False,False,False,False,False,False,False,False,False,False,False,False,False
A Big Bold Beautiful Journey,2025,2025-09-19,6671082.0,3330.0,Drama Fantasy Romance,,https://www.boxofficemojo.com/release/rl2281799681/?ref_=bo_yld_table_123,3252578.0,3330.0,,R,109.0,Sony Pictures Releasing,a big bold beautiful journey,a_big_bold_beautiful_journey,,,,,37.0,198.0,58.0,2025-09-19,9.0,4.0,2025.0,0,0,0,0,0,Sony,4,0,0,0,0,0,1,0,1,0,0,1,0,0,Drama Fantasy Romance,0,0.0,,0.0,14.99495877808228,15.713292773527009,False,False,False,False,False,False,False,True,False,False,False,False,False,False,False,False,False,False,True,False,False,False
Good Boy,2025,2025-10-03,6624062.0,1650.0,Horror Thriller,,https://www.boxofficemojo.com/release/rl4158357505/?ref_=bo_yld_table_124,2343694.0,1650.0,,PG,72.0,IFC Films,good boy,good_boy_2025,,,,,90.0,187.0,81.0,2025-10-03,10.0,4.0,2025.0,0,0,0,0,0,Other,2,0,0,0,0,0,0,0,0,1,0,0,0,1,Horror Thriller,0,0.0,,0.0,14.667239301758844,15.70621948587157,False,False,False,False,False,True,False,False,False,False,False,False,False,False,False,False,False,False,False,True,False,False
The Last Supper,2025,2025-03-14,6564857.0,1575.0,Drama History,,https://www.boxofficemojo.com/release/rl2523137/?ref_=bo_yld_table_125,2777234.0,1575.0,,PG,114.0,Pinnacle Peak Pictures,the last supper,the_last_supper_2025,20250312095155.0,,,,80.0,249.0,80.0,2025-03-14,3.0,4.0,2025.0,1,0,0,1,0,Other,2,0,0,0,0,0,1,0,0,0,0,0,0,0,Drama History,0,0.0,,0.0,14.836966386403189,15.697241435629811,False,False,False,False,False,True,False,False,False,False,False,False,True,False,False,False,False,False,False,False,False,False
The Unbreakable Boy,2025,2025-02-21,6443813.0,1717.0,Drama,,https://www.boxofficemojo.com/release/rl520323841/?ref_=bo_yld_table_126,2386041.0,1687.0,,PG,109.0,Lionsgate,the unbreakable boy,the_unbreakable_boy,,,,,43.0,47.0,97.0,2025-02-21,2.0,4.0,2025.0,1,0,0,0,0,Lionsgate,2,0,0,0,0,0,1,0,0,0,0,0,0,0,Drama,0,0.0,,0.0,14.685146484167387,15.678631158802837,False,False,False,True,False,False,False,False,False,False,False,True,False,False,False,False,False,False,False,False,False,False
Anora,2025,2024-10-18,20474295.0,1938.0,Comedy Drama Romance,,https://www.boxofficemojo.com/release/rl779911169/?ref_=bo_yld_table_127,550503.0,6.0,,R,139.0,Neon,anora,anora,,,,,93.0,354.0,84.0,2024-10-18,10.0,4.0,2024.0,0,0,0,0,0,Other,4,0,0,0,1,0,1,0,0,0,0,1,0,0,Comedy Drama Romance,0,0.0,,0.0,13.218589501240182,16.8346808037179,False,False,False,False,False,True,False,False,False,False,False,False,False,False,False,False,False,False,False,True,False,False
I'm Still Here,2025,Jan 17,6233517.0,762.0,Biography Drama History,,https://www.boxofficemojo.com/release/rl505839617/?ref_=bo_yld_table_128,113706.0,5.0,,PG,137.0,Sony Pictures Classics,im still here,,,,,,,,,,,,2025.0,0,0,0,0,0,Sony,2,0,0,0,0,0,1,0,0,0,0,0,0,0,Biography Drama History,0,0.0,,0.0,11.641380243366855,15.645451418386322,False,False,False,False,False,False,False,True,False,False,False,False,False,False,False,False,False,False,False,False,False,False
Pride & Prejudice,2025,2025-04-20,6193658.0,1393.0,Drama Romance,,https://www.boxofficemojo.com/release/rl2050457601/?ref_=bo_yld_table_129,2801275.0,1393.0,,PG,129.0,Focus Features,pride  prejudice,,,,,,,,,2025-04-20,4.0,6.0,2025.0,0,0,0,0,0,Universal,2,0,0,0,0,0,1,0,0,0,0,1,0,0,Drama Romance,0,0.0,,0.0,14.845585585624928,15.639036584722433,False,False,False,False,False,False,False,False,True,False,False,False,False,True,False,False,False,False,False,False,False,False
The Alto Knights,2025,2025-03-21,6125566.0,2651.0,Biography Crime Drama History,,https://www.boxofficemojo.com/release/rl713917185/?ref_=bo_yld_table_130,3165349.0,2651.0,,R,123.0,Warner Bros.,the alto knights,the_alto_knights,,,,,39.0,142.0,71.0,2025-03-21,3.0,4.0,2025.0,1,0,0,1,0,WB,4,0,0,0,0,1,1,0,0,0,0,0,0,0,Biography Crime Drama History,0,0.0,,0.0,14.967774191964564,15.627981881539165,False,False,False,False,False,False,False,False,False,True,False,False,True,False,False,False,False,False,False,False,False,False
Truth & Treason,2025,2025-10-17,6044364.0,2106.0,Drama History Thriller,,https://www.boxofficemojo.com/release/rl1205829633/?ref_=bo_yld_table_131,2627740.0,2106.0,,PG,121.0,Angel,truth  treason,truth_and_treason,,,,,85.0,27.0,96.0,2025-10-17,10.0,4.0,2025.0,0,0,0,0,0,Other,2,0,0,0,0,0,1,0,0,0,0,0,0,1,Drama History Thriller,0,0.0,,0.0,14.781635099696384,15.614636991021223,False,False,False,False,False,True,False,False,False,False,False,False,False,False,False,False,False,False,False,True,False,False
Kill Bill: The Whole Bloody Affair,2025,2025-12-05,6002538.0,1204.0,Action Crime Thriller,,https://www.boxofficemojo.com/release/rl3018555393/?ref_=bo_yld_table_132,3429889.0,1198.0,,,253.0,Lionsgate,kill bill the whole bloody affair,kill_bill_the_whole_bloody_affair,,,,,100.0,35.0,99.0,2025-12-05,12.0,4.0,2025.0,0,0,1,0,1,Lionsgate,3,1,0,0,0,1,0,0,0,0,0,0,0,1,Action Crime Thriller,0,0.0,,0.0,15.048038748657024,15.607693104349233,False,False,False,True,False,False,False,False,False,False,False,False,False,False,False,False,False,False,False,False,False,True
Honey Don't!,2025,2025-08-22,5810510.0,1338.0,Comedy Crime Mystery Thriller,,https://www.boxofficemojo.com/release/rl1589673985/?ref_=bo_yld_table_133,3025525.0,1317.0,,R,89.0,Focus Features,honey dont,honey_dont,20250821024339.0,,,,45.0,178.0,39.0,2025-08-22,8.0,4.0,2025.0,0,1,0,0,0,Universal,4,0,0,0,1,1,0,0,0,0,0,0,0,1,Comedy Crime Mystery Thriller,0,0.0,,0.0,14.922595518628478,15.575179076767789,False,False,False,False,False,False,False,False,True,False,False,False,False,False,False,False,False,True,False,False,False,False
Dan Da Dan: Evil Eye,2025,2025-06-06,5637078.0,1085.0,Action Animation Sci-Fi,,https://www.boxofficemojo.com/release/rl2168094721/?ref_=bo_yld_table_134,3198481.0,1085.0,,R,93.0,GKIDS,dan da dan evil eye,dan_da_dan_evil_eye,,,,,96.0,207.0,96.0,2025-06-06,6.0,4.0,2025.0,0,1,0,0,1,Other,4,1,0,1,0,0,0,0,0,0,0,0,1,0,Action Animation Sci-Fi,0,0.0,,0.0,14.978186880218539,15.544876581512254,False,False,False,False,False,True,False,False,False,False,False,False,False,False,False,True,False,False,False,False,False,False
Die My Love,2025,2025-11-07,5515263.0,1983.0,Drama Thriller,,https://www.boxofficemojo.com/release/rl955351041/?ref_=bo_yld_table_135,2614660.0,1983.0,,R,119.0,MUBI,die my love,die_my_love_2025,,,,,75.0,267.0,46.0,2025-11-07,11.0,4.0,2025.0,0,0,1,0,0,Other,4,0,0,0,0,0,1,0,0,0,0,0,0,1,Drama Thriller,0,0.0,,0.0,14.776645010366314,15.523030078970997,False,False,False,False,False,True,False,False,False,False,False,False,False,False,False,False,False,False,False,False,True,False
The Senior,2025,2025-09-19,5295949.0,2405.0,Biography Drama Sport,,https://www.boxofficemojo.com/release/rl1691713537/?ref_=bo_yld_table_136,2628666.0,2405.0,,PG,99.0,Angel,the senior,the_senior,,,,,79.0,29.0,93.0,2025-09-19,9.0,4.0,2025.0,0,0,0,0,0,Other,2,0,0,0,0,0,1,0,0,0,0,0,0,0,Biography Drama Sport,0,0.0,,0.0,14.781987431558592,15.482452935466801,False,False,False,False,False,True,False,False,False,False,False,False,False,False,False,False,False,False,True,False,False,False
Hurry Up Tomorrow,2025,2025-05-16,5215357.0,2020.0,Thriller,,https://www.boxofficemojo.com/release/rl1327726593/?ref_=bo_yld_table_137,3312692.0,2020.0,,R,105.0,Lionsgate,hurry up tomorrow,hurry_up_tomorrow,,,,,14.0,90.0,60.0,2025-05-16,5.0,4.0,2025.0,0,1,0,0,0,Lionsgate,4,0,0,0,0,0,0,0,0,0,0,0,0,1,Thriller,0,0.0,,0.0,15.013272011730269,15.467118292191229,False,False,False,True,False,False,False,False,False,False,False,False,False,False,True,False,False,False,False,False,False,False
Light of the World,2025,2025-09-05,5213377.0,2075.0,Animation Drama Family,,https://www.boxofficemojo.com/release/rl3206709249/?ref_=bo_yld_table_138,2401374.0,2075.0,,PG,91.0,Salvation Poem Project,light of the world,light_of_the_world,,,,,80.0,15.0,97.0,2025-09-05,9.0,4.0,2025.0,1,0,0,0,0,Other,2,0,0,1,0,0,1,1,0,0,0,0,0,0,Animation Drama Family,0,0.0,,0.0,14.691552047930744,15.466738572151563,False,False,False,False,False,True,False,False,False,False,False,False,False,False,False,False,False,False,True,False,False,False
The Last Showgirl,2025,Dec 13,4799804.0,946.0,Drama,,https://www.boxofficemojo.com/release/rl3491856385/?ref_=bo_yld_table_139,77589.0,1.0,,R,88.0,Roadside Attractions,the last showgirl,the_last_showgirl,,,,,83.0,237.0,72.0,,,,2025.0,0,0,0,0,0,Other,4,0,0,0,0,0,1,0,0,0,0,0,0,0,Drama,0,0.0,,0.0,11.259193831887995,15.384085850052902,False,False,False,False,False,True,False,False,False,False,False,False,False,False,False,False,False,False,False,False,False,False
Stitch Head,2025,2025-10-29,4562943.0,2162.0,Animation Comedy Family Fantasy Horror,,https://www.boxofficemojo.com/release/rl1859813377/?ref_=bo_yld_table_140,2017601.0,2162.0,,PG,92.0,Briarcliff Entertainment,stitch head,stitch_head,20251030213625.0,,,,69.0,35.0,66.0,2025-10-29,10.0,2.0,2025.0,0,0,0,0,0,Other,2,0,0,1,1,0,0,1,1,1,0,0,0,0,Animation Comedy Family Fantasy Horror,0,0.0,,0.0,14.517420235469066,15.333478587206573,False,False,False,False,False,True,False,False,False,False,False,False,False,False,False,False,False,False,False,True,False,False
Sisu: Road to Revenge,2025,2025-11-21,4544481.0,2222.0,Action Thriller War,,https://www.boxofficemojo.com/release/rl2277539841/?ref_=bo_yld_table_141,2408490.0,2222.0,,R,89.0,Sony Pictures Releasing,sisu road to revenge,sisu_road_to_revenge,,,,,93.0,100.0,87.0,2025-11-21,11.0,4.0,2025.0,0,0,1,0,1,Sony,4,1,0,0,0,0,0,0,0,0,0,0,0,1,Action Thriller War,0,0.0,,0.0,14.69451096827981,15.329424307701343,False,False,False,False,False,False,False,True,False,False,False,False,False,False,False,False,False,False,False,False,True,False
Brave the Dark,2025,2025-01-24,4525443.0,2230.0,Drama,,https://www.boxofficemojo.com/release/rl1730707457/?ref_=bo_yld_table_142,2288135.0,2230.0,,PG,112.0,Angel,brave the dark,brave_the_dark,,,,,73.0,41.0,94.0,2025-01-24,1.0,4.0,2025.0,0,0,0,0,0,Other,2,0,0,0,0,0,1,0,0,0,0,0,0,0,Drama,0,0.0,,0.0,14.643248070274746,15.325226251849521,False,False,False,False,False,True,False,False,False,False,True,False,False,False,False,False,False,False,False,False,False,False
Shelby Oaks,2025,2025-10-24,4500051.0,1823.0,Horror Mystery Thriller,,https://www.boxofficemojo.com/release/rl2482077697/?ref_=bo_yld_table_143,2346918.0,1823.0,,R,91.0,Neon,shelby oaks,shelby_oaks,,,,,55.0,129.0,53.0,2025-10-24,10.0,4.0,2025.0,0,0,0,0,0,Other,4,0,0,0,0,0,0,0,0,1,0,0,0,1,Horror Mystery Thriller,0,0.0,,0.0,14.668613962094442,15.319599510229338,False,False,False,False,False,True,False,False,False,False,False,False,False,False,False,False,False,False,False,True,False,False
Avatar: The Way of Water,2025,2025-10-03,4383734.0,2140.0,Action Adventure Animation Fantasy Sci-Fi,,https://www.boxofficemojo.com/release/rl315129857/?ref_=bo_yld_table_144,3222425.0,2140.0,460000000.0,PG,192.0,Walt Disney Studios Motion Pictures,avatar the way of water,avatar_the_way_of_water,,,,,76.0,454.0,92.0,2025-10-03,10.0,4.0,2025.0,0,0,0,0,1,Disney,2,1,1,1,0,0,0,0,1,0,0,0,1,0,Action Adventure Animation Fantasy Sci-Fi,1,19.946737049621326,,0.0,14.985645049994188,15.293411658702698,False,False,True,False,False,False,False,False,False,False,False,False,False,False,False,False,False,False,False,True,False,False
Keeper,2025,2025-11-14,4200165.0,1950.0,Horror Mystery,,https://www.boxofficemojo.com/release/rl3438903297/?ref_=bo_yld_table_145,2527627.0,1950.0,,R,99.0,Neon,keeper,keeper_2025,,,,,50.0,111.0,40.0,2025-11-14,11.0,4.0,2025.0,0,0,1,0,0,Other,4,0,0,0,0,0,0,0,0,1,0,0,0,0,Horror Mystery,0,0.0,,0.0,14.742791871522249,15.250634606282075,False,False,False,False,False,True,False,False,False,False,False,False,False,False,False,False,False,False,False,False,True,False
Shin Godzilla,2025,2025-08-14,4042146.0,1290.0,Action Drama Horror Sci-Fi,,https://www.boxofficemojo.com/release/rl2345369601/?ref_=bo_yld_table_146,1633722.0,1290.0,,PG,,GKIDS,shin godzilla,godzilla_resurgence,,,,,87.0,87.0,79.0,2025-08-14,8.0,3.0,2025.0,0,1,0,0,0,Other,2,1,0,0,0,0,1,0,0,1,0,0,1,0,Action Drama Horror Sci-Fi,0,0.0,,0.0,14.306372017387678,15.212286544418985,False,False,False,False,False,True,False,False,False,False,False,False,False,False,False,False,False,True,False,False,False,False
Ella McCay,2025,2025-12-12,4033242.0,2500.0,Comedy Drama,,https://www.boxofficemojo.com/release/rl4029579265/?ref_=bo_yld_table_147,2020541.0,2500.0,,PG,115.0,20th Century Studios,ella mccay,ella_mccay,20251211233056.0,,,,23.0,137.0,57.0,2025-12-12,12.0,4.0,2025.0,0,0,1,0,0,Disney,2,0,0,0,1,0,1,0,0,0,0,0,0,0,Comedy Drama,0,0.0,,0.0,14.518876350218548,15.210081324953835,False,False,True,False,False,False,False,False,False,False,False,False,False,False,False,False,False,False,False,False,False,True
The Friend,2025,Mar 28,3941217.0,1237.0,Comedy Drama,,https://www.boxofficemojo.com/release/rl1731756033/?ref_=bo_yld_table_148,67629.0,2.0,,R,119.0,Bleecker Street Media,the friend,,,,,,,,,,,,2025.0,0,0,0,0,0,Other,4,0,0,0,1,0,1,0,0,0,0,0,0,0,Comedy Drama,0,0.0,,0.0,11.121806950568986,15.18700037055694,False,False,False,False,False,True,False,False,False,False,False,False,False,False,False,False,False,False,False,False,False,False
Shadow Force,2025,2025-05-09,3933483.0,2170.0,Action Drama Thriller,,https://www.boxofficemojo.com/release/rl1160806401/?ref_=bo_yld_table_149,2151852.0,2170.0,,R,104.0,Lionsgate,shadow force,shadow_force_2025,,,,,31.0,49.0,82.0,2025-05-09,5.0,4.0,2025.0,0,1,0,0,0,Lionsgate,4,1,0,0,0,0,1,0,0,0,0,0,0,1,Action Drama Thriller,0,0.0,,0.0,14.581839889380491,15.185036105118908,False,False,False,True,False,False,False,False,False,False,False,False,False,False,True,False,False,False,False,False,False,False
Sentimental Value,2025,2025-11-07,5338580.0,334.0,Drama Family,,https://www.boxofficemojo.com/release/rl3858071553/?ref_=bo_yld_table_150,200031.0,4.0,,R,133.0,Neon,sentimental value,sentimental_value,,,,,95.0,249.0,94.0,2025-11-07,11.0,4.0,2025.0,0,0,1,0,0,Other,4,0,0,0,0,0,1,1,0,0,0,0,0,0,Drama Family,0,0.0,,0.0,12.206232632731538,15.490470445286737,False,False,False,False,False,True,False,False,False,False,False,False,False,False,False,False,False,False,False,False,True,False
Colorful Stage! The Movie: A Miku Who Can't Sing,2025,2025-04-18,3661284.0,800.0,Animation Drama Fantasy Music Musical Sci-Fi,,https://www.boxofficemojo.com/release/rl2200862721/?ref_=bo_yld_table_151,2826012.0,800.0,,PG,110.0,GKIDS,colorful stage the movie a miku who cant sing,colorful_stage_the_movie_a_miku_who_cant_sing,,,,,96.0,188.0,96.0,2025-04-18,4.0,4.0,2025.0,0,0,0,0,1,Other,2,0,0,1,0,0,1,0,1,0,1,0,1,0,Animation Drama Fantasy Music Musical Sci-Fi,0,0.0,,0.0,14.854377442357572,15.113324736655034,False,False,False,False,False,True,False,False,False,False,False,False,False,True,False,False,False,False,False,False,False,False
Chhaava,2025,2025-02-14,4800000.0,497.0,Action Drama History,,https://www.boxofficemojo.com/release/rl1664188417/?ref_=bo_yld_table_152,1790000.0,497.0,,,161.0,Yash Raj Films,chhaava,chhaava,,,,,29.0,14.0,78.0,2025-02-14,2.0,4.0,2025.0,1,0,0,0,0,Other,3,1,0,0,0,0,1,0,0,0,0,0,0,0,Action Drama History,0,0.0,,0.0,14.397726736475999,15.38412668421143,False,False,False,False,False,True,False,False,False,False,False,True,False,False,False,False,False,False,False,False,False,False
Dhurandhar,2025,2025-12-05,19702994.0,400.0,Action Adventure Crime Drama Thriller,,https://www.boxofficemojo.com/release/rl2558623745/?ref_=bo_yld_table_153,1980000.0,391.0,,,214.0,Moviegoers Entertainment,dhurandhar,dhurandhar,,,,,35.0,20.0,96.0,2025-12-05,12.0,4.0,2025.0,0,0,1,0,0,Other,3,1,1,0,0,1,1,0,0,0,0,0,0,1,Action Adventure Crime Drama Thriller,0,0.0,,0.0,14.498607907721096,16.79628121260961,False,False,False,False,False,True,False,False,False,False,False,False,False,False,False,False,False,False,False,False,False,True
Fight or Flight,2025,2025-05-09,3522025.0,2153.0,Action Comedy,,https://www.boxofficemojo.com/release/rl1680572417/?ref_=bo_yld_table_154,2002081.0,2153.0,,R,102.0,Vertical Entertainment,fight or flight,fight_or_flight_2025,,,,,76.0,128.0,74.0,2025-05-09,5.0,4.0,2025.0,0,1,0,0,0,Other,4,1,0,0,1,0,0,0,0,0,0,0,0,0,Action Comedy,0,0.0,,0.0,14.509698197059464,15.074546950180263,False,False,False,False,False,True,False,False,False,False,False,False,False,False,True,False,False,False,False,False,False,False
The Penguin Lessons,2025,2025-03-28,3294990.0,1017.0,Drama,,https://www.boxofficemojo.com/release/rl3191570433/?ref_=bo_yld_table_155,1188543.0,1017.0,,PG,111.0,Sony Pictures Classics,the penguin lessons,the_penguin_lessons,,,,,77.0,137.0,95.0,2025-03-28,3.0,4.0,2025.0,0,0,0,1,0,Sony,2,0,0,0,0,0,1,0,0,0,0,0,0,0,Drama,0,0.0,,0.0,13.988239586552725,15.007913994503784,False,False,False,False,False,False,False,True,False,False,False,False,True,False,False,False,False,False,False,False,False,False
2025 Oscar Nominated Short Films: Live Action,2025,2025-02-14,3275477.0,500.0,-,,https://www.boxofficemojo.com/release/rl2988605441/?ref_=bo_yld_table_156,852364.0,320.0,,,104.0,ShortsTV,2025 oscar nominated short films live action,,,,,,,,,2025-02-14,2.0,4.0,2025.0,1,0,0,0,1,Other,3,0,0,0,0,0,0,0,0,0,0,0,0,0,-,0,0.0,,0.0,13.655770117828633,15.001974370599685,False,False,False,False,False,True,False,False,False,False,False,True,False,False,False,False,False,False,False,False,False,False
After the Hunt,2025,Oct 10,3258830.0,1238.0,Crime Drama Thriller,,https://www.boxofficemojo.com/release/rl4247683073/?ref_=bo_yld_table_157,158679.0,6.0,,R,138.0,Amazon MGM Studios,after the hunt,after_the_hunt,,,,,36.0,229.0,39.0,,,,2025.0,0,0,0,0,0,Amazon,4,0,0,0,0,1,1,0,0,0,0,0,0,1,Crime Drama Thriller,0,0.0,,0.0,11.974644874628266,14.996879100077441,False,True,False,False,False,False,False,False,False,False,False,False,False,False,False,False,False,False,False,False,False,False
Jujutsu Kaisen: Hidden Inventory / Premature Death - The Movie,2025,2025-07-16,3257365.0,1187.0,Action Animation Fantasy,,https://www.boxofficemojo.com/release/rl3301408769/?ref_=bo_yld_table_158,442799.0,475.0,,,110.0,GKIDS,jujutsu kaisen hidden inventory  premature death  the movie,jujutsu_kaisen_hidden_inventory_premature_death_the_movie,,,,,96.0,83.0,96.0,2025-07-16,7.0,2.0,2025.0,0,1,0,0,1,Other,3,1,0,1,0,0,0,0,1,0,0,0,0,0,Action Animation Fantasy,0,0.0,,0.0,13.000873479816619,14.996429451294667,False,False,False,False,False,True,False,False,False,False,False,False,False,False,False,False,True,False,False,False,False,False
Hell of a Summer,2025,2025-04-04,3182678.0,1255.0,Comedy Horror Mystery,,https://www.boxofficemojo.com/release/rl1111130113/?ref_=bo_yld_table_159,1765814.0,1255.0,,R,88.0,Neon,hell of a summer,hell_of_a_summer,,,,,49.0,68.0,52.0,2025-04-04,4.0,4.0,2025.0,0,0,0,0,0,Other,4,0,0,0,1,0,0,0,0,1,0,0,0,0,Comedy Horror Mystery,0,0.0,,0.0,14.384122898146805,14.973233852922341,False,False,False,False,False,True,False,False,False,False,False,False,False,True,False,False,False,False,False,False,False,False
Relay,2025,2025-08-22,3164481.0,1483.0,Action Drama Thriller,,https://www.boxofficemojo.com/release/rl1356824577/?ref_=bo_yld_table_160,1916687.0,1483.0,,R,112.0,Bleecker Street Media,relay,relay,,,,,82.0,146.0,89.0,2025-08-22,8.0,4.0,2025.0,0,1,0,0,0,Other,4,1,0,0,0,0,1,0,0,0,0,0,0,1,Action Drama Thriller,0,0.0,,0.0,14.466109254478264,14.967499935078934,False,False,False,False,False,True,False,False,False,False,False,False,False,False,False,False,False,True,False,False,False,False
Kraven the Hunter,2025,2024-12-13,25026310.0,3211.0,Action Adventure Thriller,,https://www.boxofficemojo.com/release/rl259556097/?ref_=bo_yld_table_161,11001109.0,3211.0,,R,127.0,Sony Pictures Releasing,kraven the hunter,kraven_the_hunter,,,,,15.0,160.0,72.0,2024-12-13,12.0,4.0,2024.0,0,0,1,0,0,Sony,4,1,1,0,0,0,0,0,0,0,0,0,0,1,Action Adventure Thriller,0,0.0,,0.0,16.213506734762575,17.035438269405763,False,False,False,False,False,False,False,True,False,False,False,False,False,False,False,False,False,False,False,False,False,True
War 2,2025,2025-08-14,3087065.0,875.0,Action Adventure Thriller,,https://www.boxofficemojo.com/release/rl2496036865/?ref_=bo_yld_table_162,1677835.0,718.0,,,170.0,Yash Raj Films USA Inc.,war 2,war_2,,,,,30.0,23.0,65.0,2025-08-14,8.0,3.0,2025.0,0,1,0,0,1,Other,3,1,1,0,0,0,0,0,0,0,0,0,0,1,Action Adventure Thriller,0,0.0,,0.0,14.333015425833588,14.942731683236312,False,False,False,False,False,True,False,False,False,False,False,False,False,False,False,False,False,True,False,False,False,False
The Fire Inside,2025,2024-12-25,8093190.0,2032.0,Biography Drama Sport,,https://www.boxofficemojo.com/release/rl2778432257/?ref_=bo_yld_table_163,1958551.0,2006.0,,PG,109.0,Amazon MGM Studios,the fire inside,the_fire_inside,20241226140012.0,,,,93.0,123.0,93.0,2024-12-25,12.0,2.0,2024.0,1,0,1,0,0,Amazon,2,0,0,0,0,0,1,0,0,0,0,0,0,0,Biography Drama Sport,0,0.0,,0.0,14.487715982667389,15.90653364884188,False,True,False,False,False,False,False,False,False,False,False,False,False,False,False,False,False,False,False,False,False,True
How the Grinch Stole Christmas,2025,2025-12-12,3063665.0,2250.0,Comedy Family Fantasy,,https://www.boxofficemojo.com/release/rl1283686401/?ref_=bo_yld_table_164,1909860.0,2250.0,123000000.0,PG,104.0,Universal Pictures,how the grinch stole christmas,how_the_grinch_stole_christmas,,,,,50.0,146.0,60.0,2025-12-12,12.0,4.0,2025.0,0,0,1,0,0,Universal,2,0,0,0,1,0,0,1,1,0,0,0,0,0,Comedy Family Fantasy,1,18.627694921466773,,0.0,14.462541022505484,14.935122796067935,False,False,False,False,False,False,False,False,True,False,False,False,False,False,False,False,False,False,False,False,False,True
Rule Breakers,2025,2025-03-07,2969825.0,2044.0,Drama,,https://www.boxofficemojo.com/release/rl104169473/?ref_=bo_yld_table_165,1503826.0,2044.0,,PG,,Angel,rule breakers,rule_breakers,20250305083911.0,,,,80.0,35.0,96.0,2025-03-07,3.0,4.0,2025.0,0,0,0,1,0,Other,2,0,0,0,0,0,1,0,0,0,0,0,0,0,Drama,0,0.0,,0.0,14.223523750280112,14.904013923204078,False,False,False,False,False,True,False,False,False,False,False,False,True,False,False,False,False,False,False,False,False,False
Attack on Titan: The Last Attack,2025,2025-02-10,3638404.0,525.0,Action Adventure Animation Drama Horror,,https://www.boxofficemojo.com/release/rl4130111489/?ref_=bo_yld_table_166,170239.0,108.0,,,145.0,Sony Pictures Releasing,attack on titan the last attack,attack_on_titan_the_last_attack,,,,,99.0,238.0,99.0,2025-02-10,2.0,0.0,2025.0,0,0,0,0,1,Sony,3,1,1,1,0,0,1,0,0,1,0,0,0,0,Action Adventure Animation Drama Horror,0,0.0,,0.0,12.044964485135417,15.10705595676784,False,False,False,False,False,False,False,True,False,False,False,True,False,False,False,False,False,False,False,False,False,False
The Toxic Avenger,2025,2025-08-29,2866783.0,1995.0,Action Comedy Horror Sci-Fi,,https://www.boxofficemojo.com/release/rl3695017985/?ref_=bo_yld_table_167,1734359.0,1995.0,,R,102.0,Iconic Events Releasing,the toxic avenger,toxic_avenger,,,,,73.0,22.0,63.0,2025-08-29,8.0,4.0,2025.0,0,1,0,0,0,Other,4,1,0,0,1,0,0,0,0,1,0,0,1,0,Action Comedy Horror Sci-Fi,0,0.0,,0.0,14.366149027230888,14.868701401950565,False,False,False,False,False,True,False,False,False,False,False,False,False,False,False,False,False,True,False,False,False,False
Dangerous Animals,2025,2025-06-06,2738137.0,1636.0,Horror Thriller,,https://www.boxofficemojo.com/release/rl2335277057/?ref_=bo_yld_table_168,1563961.0,1636.0,,R,98.0,IFC Films,dangerous animals,dangerous_animals,,,,,87.0,180.0,74.0,2025-06-06,6.0,4.0,2025.0,0,1,0,0,0,Other,4,0,0,0,0,0,0,0,0,1,0,0,0,1,Horror Thriller,0,0.0,,0.0,14.262732903117033,14.82278868531351,False,False,False,False,False,True,False,False,False,False,False,False,False,False,False,True,False,False,False,False,False,False
Nickel Boys,2025,2024-12-13,2858346.0,540.0,Drama,,https://www.boxofficemojo.com/release/rl677871617/?ref_=bo_yld_table_169,54794.0,2.0,,PG,140.0,Amazon MGM Studios,nickel boys,nickel_boys,20241211204342.0,,,,92.0,213.0,75.0,2024-12-13,12.0,4.0,2024.0,0,0,1,0,0,Amazon,2,0,0,0,0,0,1,0,0,0,0,0,0,0,Drama,0,0.0,,0.0,10.911354227897492,14.865754043677846,False,True,False,False,False,False,False,False,False,False,False,False,False,False,False,False,False,False,False,False,False,True
Pink Floyd: Live at Pompeii,2025,2025-04-24,2620076.0,678.0,Documentary Music,,https://www.boxofficemojo.com/release/rl4089479169/?ref_=bo_yld_table_170,2620076.0,678.0,,,85.0,Trafalgar Releasing,pink floyd live at pompeii,pink_floyd_live_at_pompeii,,,,,100.0,14.0,96.0,2025-04-24,4.0,3.0,2025.0,0,0,0,0,1,Other,3,0,0,0,0,0,0,0,0,0,0,0,0,0,Documentary Music,0,0.0,,0.0,14.778714264618399,14.778714264618399,False,False,False,False,False,True,False,False,False,False,False,False,False,True,False,False,False,False,False,False,False,False
Eleanor the Great,2025,2025-09-26,2607002.0,892.0,Drama,,https://www.boxofficemojo.com/release/rl1340375041/?ref_=bo_yld_table_171,894686.0,892.0,,PG,98.0,Sony Pictures Classics,eleanor the great,eleanor_the_great,,,,,67.0,151.0,93.0,2025-09-26,9.0,4.0,2025.0,0,0,0,0,0,Sony,2,0,0,0,0,0,1,0,0,0,0,0,0,0,Drama,0,0.0,,0.0,13.704229215420067,14.773711843662962,False,False,False,False,False,False,False,True,False,False,False,False,False,False,False,False,False,False,True,False,False,False
Flow,2025,2024-11-22,4844117.0,377.0,Adventure Animation Family Fantasy,,https://www.boxofficemojo.com/release/rl922845185/?ref_=bo_yld_table_172,50811.0,2.0,,PG,85.0,Janus Films,flow,flow,,,,,67.0,2.0,67.0,2024-11-22,11.0,4.0,2024.0,1,0,1,0,0,Other,2,0,1,1,0,0,0,1,1,0,0,0,0,0,Adventure Animation Family Fantasy,0,0.0,,0.0,10.83588782614335,15.393275743391449,False,False,False,False,False,True,False,False,False,False,False,False,False,False,False,False,False,False,False,False,True,False
No Other Land,2025,Jan 31,2549422.0,140.0,Documentary,,https://www.boxofficemojo.com/release/rl1630044161/?ref_=bo_yld_table_173,26100.0,1.0,,,92.0,Independent,no other land,no_other_land,,,,,100.0,105.0,100.0,,,,2025.0,0,0,0,0,0,Other,3,0,0,0,0,0,0,0,0,0,0,0,0,0,Documentary,0,0.0,,0.0,10.169728906753061,14.751377617020866,False,False,False,False,False,True,False,False,False,False,False,False,False,False,False,False,False,False,False,False,False,False
Spinal Tap II: The End Continues,2025,2025-09-12,2508554.0,1920.0,Comedy Music,,https://www.boxofficemojo.com/release/rl1658028033/?ref_=bo_yld_table_174,1612395.0,1920.0,,R,83.0,Bleecker Street Media,spinal tap ii the end continues,spinal_tap_ii_the_end_continues,,,,,66.0,140.0,89.0,2025-09-12,9.0,4.0,2025.0,0,0,0,0,1,Other,4,0,0,0,1,0,0,0,0,0,0,0,0,0,Comedy Music,0,0.0,,0.0,14.29323182944807,14.735217448119544,False,False,False,False,False,True,False,False,False,False,False,False,False,False,False,False,False,False,True,False,False,False
The Legend of Ochi,2025,Apr 18,2475373.0,1153.0,Adventure Family Fantasy,,https://www.boxofficemojo.com/release/rl2802876417/?ref_=bo_yld_table_175,52514.0,4.0,,PG,95.0,A24,the legend of ochi,the_legend_of_ochi,,,,,75.0,138.0,64.0,,,,2025.0,0,0,0,0,0,A24,2,0,1,0,0,0,0,1,1,0,0,0,0,0,Adventure Family Fantasy,0,0.0,,0.0,10.868854122056876,14.721902053679905,True,False,False,False,False,False,False,False,False,False,False,False,False,False,False,False,False,False,False,False,False,False
Merrily We Roll Along,2025,2025-12-05,2508329.0,1084.0,Musical,,https://www.boxofficemojo.com/release/rl1189380097/?ref_=bo_yld_table_176,1308947.0,1084.0,,PG,145.0,Sony Pictures Classics,merrily we roll along,merrily_we_roll_along,,,,,95.0,61.0,95.0,2025-12-05,12.0,4.0,2025.0,0,0,1,0,0,Sony,2,0,0,0,0,0,0,0,0,0,1,0,0,0,Musical,0,0.0,,0.0,14.084734319122077,14.735127751026566,False,False,False,False,False,False,False,True,False,False,False,False,False,False,False,False,False,False,False,False,False,True
Coolie,2025,2025-08-15,2450000.0,800.0,Action Crime Thriller,,https://www.boxofficemojo.com/release/rl3688660993/?ref_=bo_yld_table_177,2450000.0,800.0,,,168.0,Prathyangira Cinemas,coolie,coolie,,,,,74.0,21.0,74.0,2025-08-15,8.0,4.0,2025.0,0,1,0,0,0,Other,3,1,0,0,0,1,0,0,0,0,0,0,0,1,Action Crime Thriller,0,0.0,,0.0,14.711598990684092,14.711598990684092,False,False,False,False,False,True,False,False,False,False,False,False,False,False,False,False,False,True,False,False,False,False
"Sorry, Baby",2025,2025-06-27,2418280.0,338.0,Comedy Drama,,https://www.boxofficemojo.com/release/rl171540481/?ref_=bo_yld_table_178,86492.0,4.0,,R,103.0,A24,sorry baby,sorry_baby,,,,,97.0,200.0,84.0,2025-06-27,6.0,4.0,2025.0,0,1,0,0,0,A24,4,0,0,0,1,0,1,0,0,0,0,0,0,0,Comedy Drama,0,0.0,,0.0,11.367818764789886,14.698567515150057,True,False,False,False,False,False,False,False,False,False,False,False,False,False,False,True,False,False,False,False,False,False
September 5,2025,2024-12-13,2508723.0,398.0,Drama History Thriller,,https://www.boxofficemojo.com/release/rl2383183873/?ref_=bo_yld_table_179,80802.0,7.0,,R,95.0,Paramount Pictures,september 5,september_5,,,,,91.0,211.0,89.0,2024-12-13,12.0,4.0,2024.0,0,0,1,0,1,Paramount,4,0,0,0,0,0,1,0,0,0,0,0,0,1,Drama History Thriller,0,0.0,,0.0,11.299769372532804,14.735284815312026,False,False,False,False,False,False,True,False,False,False,False,False,False,False,False,False,False,False,False,False,False,True
The Room Next Door,2025,Dec 20,2519488.0,861.0,Drama,,https://www.boxofficemojo.com/release/rl1327661057/?ref_=bo_yld_table_180,105013.0,6.0,,PG,107.0,Sony Pictures Classics,the room next door,the_room_next_door,,,,,80.0,203.0,75.0,,,,2025.0,0,0,0,0,0,Sony,2,0,0,0,0,0,1,0,0,0,0,0,0,0,Drama,0,0.0,,0.0,11.561848953584894,14.739566661147634,False,False,False,False,False,False,False,True,False,False,False,False,False,False,False,False,False,False,False,False,False,False
Spider-Man/Spider-Man 2/Spider-Man 3,2025,2025-09-26,2250977.0,1485.0,-,,https://www.boxofficemojo.com/release/rl2547023873/?ref_=bo_yld_table_181,2250977.0,1485.0,,,387.0,,spidermanspiderman 2spiderman 3,,,,,,,,,2025-09-26,9.0,4.0,2025.0,0,0,0,0,1,Other,3,0,0,0,0,0,0,0,0,0,0,0,0,0,-,0,0.0,,0.0,14.626875346407079,14.626875346407079,False,False,False,False,False,True,False,False,False,False,False,False,False,False,False,False,False,False,True,False,False,False
Detective Chinatown 1900,2025,2025-01-29,2229946.0,229.0,Comedy Drama Mystery,,https://www.boxofficemojo.com/release/rl875593729/?ref_=bo_yld_table_182,749920.0,229.0,,,136.0,CMC Pictures,detective chinatown 1900,detective_chinatown_1900,,,,,84.0,11.0,84.0,2025-01-29,1.0,2.0,2025.0,0,0,0,0,0,Other,3,0,0,0,1,0,1,0,0,0,0,0,0,0,Comedy Drama Mystery,0,0.0,,0.0,13.527723146631216,14.617488376337723,False,False,False,False,False,True,False,False,False,False,True,False,False,False,False,False,False,False,False,False,False,False
Dogma,2025,2025-06-05,2193805.0,1039.0,Adventure Comedy Drama Fantasy,,https://www.boxofficemojo.com/release/rl3812458497/?ref_=bo_yld_table_183,1004582.0,700.0,10000000.0,R,130.0,Iconic Events Releasing,dogma,dogma,,,,,72.0,149.0,85.0,2025-06-05,6.0,3.0,2025.0,0,1,0,0,0,Other,4,0,1,0,1,0,1,0,1,0,0,0,0,0,Adventure Comedy Drama Fantasy,1,16.118095750958314,,0.0,13.820083087996828,14.60114849293603,False,False,False,False,False,True,False,False,False,False,False,False,False,False,False,True,False,False,False,False,False,False
The Wedding Banquet,2025,2025-04-18,2090228.0,1142.0,Comedy Romance,,https://www.boxofficemojo.com/release/rl3996286977/?ref_=bo_yld_table_184,918598.0,1142.0,,R,103.0,Bleecker Street Media,the wedding banquet,the_wedding_banquet,,,,,86.0,170.0,83.0,2025-04-18,4.0,4.0,2025.0,0,0,0,0,0,Other,4,0,0,0,1,0,0,0,0,0,0,1,0,0,Comedy Romance,0,0.0,,0.0,13.73060496226013,14.552784187316698,False,False,False,False,False,True,False,False,False,False,False,False,False,True,False,False,False,False,False,False,False,False
"Oh, Hi!",2025,2025-07-25,2082113.0,866.0,Comedy,,https://www.boxofficemojo.com/release/rl2329313281/?ref_=bo_yld_table_185,1151572.0,866.0,,R,95.0,Sony Pictures Classics,oh hi,oh_hi,,,,,64.0,133.0,65.0,2025-07-25,7.0,4.0,2025.0,0,1,0,0,0,Sony,4,0,0,0,1,0,0,0,0,0,0,0,0,0,Comedy,0,0.0,,0.0,13.956639391804456,14.548894281701276,False,False,False,False,False,False,False,True,False,False,False,False,False,False,False,False,True,False,False,False,False,False
Game Changer,2025,2025-01-10,2100000.0,800.0,Action Drama Thriller,,https://www.boxofficemojo.com/release/rl3559358465/?ref_=bo_yld_table_186,2100000.0,800.0,,,165.0,Shloka Entertainments,game changer,game_changer_2025,,,,,50.0,27.0,50.0,2025-01-10,1.0,4.0,2025.0,0,0,0,0,0,Other,3,1,0,0,0,0,1,0,0,0,0,0,0,1,Action Drama Thriller,0,0.0,,0.0,14.557448378884015,14.557448378884015,False,False,False,False,False,True,False,False,False,False,True,False,False,False,False,False,False,False,False,False,False,False
Sight & Sound Presents: NOAH Live,2025,2025-09-18,2059719.0,933.0,Musical,,https://www.boxofficemojo.com/release/rl1424392193/?ref_=bo_yld_table_187,1337568.0,933.0,,,165.0,Fathom Entertainment,sight  sound presents noah live,sight_and_sound_presents_noah_live,,,,,99.0,117.0,99.0,2025-09-18,9.0,3.0,2025.0,0,0,0,0,1,Other,3,0,0,0,0,0,0,0,0,0,1,0,0,0,Musical,0,0.0,,0.0,14.10636434520669,14.53808060919739,False,False,False,False,False,True,False,False,False,False,False,False,False,False,False,False,False,False,True,False,False,False
Blue Moon,2025,Oct 17,2170688.0,689.0,Biography Comedy Drama History Music Romance,,https://www.boxofficemojo.com/release/rl1088716801/?ref_=bo_yld_table_188,65593.0,5.0,,R,100.0,Sony Pictures Classics,blue moon,blue_moon_2025,,,,,89.0,235.0,76.0,,,,2025.0,0,0,0,0,0,Sony,4,0,0,0,1,0,1,0,0,0,0,1,0,0,Biography Comedy Drama History Music Romance,0,0.0,,0.0,11.091239507334514,14.590555186641264,False,False,False,False,False,False,False,True,False,False,False,False,False,False,False,False,False,False,False,False,False,False
Opus,2025,2025-03-14,1993397.0,1764.0,Drama Music Thriller,,https://www.boxofficemojo.com/release/rl1461944321/?ref_=bo_yld_table_189,1033117.0,1764.0,,R,104.0,A24,opus,opus_2025,,,,,39.0,137.0,61.0,2025-03-14,3.0,4.0,2025.0,1,0,0,1,0,A24,4,0,0,0,0,0,1,0,0,0,0,0,0,1,Drama Music Thriller,0,0.0,,0.0,13.848091971974883,14.505351278204063,True,False,False,False,False,False,False,False,False,False,False,False,True,False,False,False,False,False,False,False,False,False
Christy,2025,2025-11-07,1952677.0,2184.0,Biography Drama History Sport,,https://www.boxofficemojo.com/release/rl3288039425/?ref_=bo_yld_table_190,1310888.0,2184.0,,R,135.0,Black Bear,christy,christy,,,,,76.0,46.0,76.0,2025-11-07,11.0,4.0,2025.0,0,0,1,0,0,Other,4,0,0,0,0,0,1,0,0,0,0,0,0,0,Biography Drama History Sport,0,0.0,,0.0,14.086216090969064,14.484712321713541,False,False,False,False,False,True,False,False,False,False,False,False,False,False,False,False,False,False,False,False,True,False
Better Man,2025,Dec 25,1983648.0,1291.0,Animation Biography Fantasy Music Musical,,https://www.boxofficemojo.com/release/rl3881074689/?ref_=bo_yld_table_191,18259.0,6.0,,R,135.0,Paramount Pictures,better man,better_man,,,,,89.0,227.0,89.0,,,,2025.0,0,0,0,0,0,Paramount,4,0,0,1,0,0,0,0,1,0,1,0,0,0,Animation Biography Fantasy Music Musical,0,0.0,,0.0,9.81246815414896,14.500448635853013,False,False,False,False,False,False,True,False,False,False,False,False,False,False,False,False,False,False,False,False,False,False
Pets on a Train,2025,2025-10-17,1902241.0,1350.0,Action Animation Comedy Family Thriller,,https://www.boxofficemojo.com/release/rl3084156929/?ref_=bo_yld_table_192,821777.0,1350.0,,PG,87.0,Viva Pictures,pets on a train,pets_on_a_train,,,,,84.0,29.0,84.0,2025-10-17,10.0,4.0,2025.0,0,0,0,0,0,Other,2,1,0,1,1,0,0,1,0,0,0,0,0,1,Action Animation Comedy Family Thriller,0,0.0,,0.0,13.619225564569337,14.458543748483862,False,False,False,False,False,True,False,False,False,False,False,False,False,False,False,False,False,False,False,True,False,False
Jane Austen Wrecked My Life,2025,2025-05-23,1900978.0,526.0,Comedy Romance,,https://www.boxofficemojo.com/release/rl1741193217/?ref_=bo_yld_table_193,274817.0,61.0,,R,98.0,Sony Pictures Classics,jane austen wrecked my life,jane_austen_wrecked_my_life,,,,,82.0,119.0,85.0,2025-05-23,5.0,4.0,2025.0,1,1,0,0,0,Sony,4,0,0,0,1,0,0,0,0,0,0,1,0,0,Comedy Romance,0,0.0,,0.0,12.523864339368563,14.457879574592086,False,False,False,False,False,False,False,True,False,False,False,False,False,False,True,False,False,False,False,False,False,False
Splitsville,2025,Aug 22,1900750.0,800.0,Comedy,,https://www.boxofficemojo.com/release/rl985825281/?ref_=bo_yld_table_194,108315.0,5.0,,R,104.0,Neon,splitsville,operation_splitsville_1999,,,,,14.0,0.0,14.0,,,,2025.0,0,0,0,0,0,Other,4,0,0,0,1,0,0,0,0,0,0,0,0,0,Comedy,0,0.0,,0.0,11.592808159842399,14.45775962919866,False,False,False,False,False,True,False,False,False,False,False,False,False,False,False,False,False,False,False,False,False,False
In the Lost Lands,2025,2025-03-07,1870305.0,1370.0,Action Adventure Fantasy Horror,,https://www.boxofficemojo.com/release/rl4246241281/?ref_=bo_yld_table_195,1072019.0,1370.0,,R,101.0,Vertical Entertainment,in the lost lands,in_the_lost_lands,,,,,24.0,75.0,48.0,2025-03-07,3.0,4.0,2025.0,0,0,0,1,0,Other,4,1,1,0,0,0,0,0,1,1,0,0,0,0,Action Adventure Fantasy Horror,0,0.0,,0.0,13.885055277155267,14.441612611807436,False,False,False,False,False,True,False,False,False,False,False,False,True,False,False,False,False,False,False,False,False,False
Riff Raff,2025,Feb 27,1862519.0,1004.0,Action Comedy Crime,,https://www.boxofficemojo.com/release/rl2603843585/?ref_=bo_yld_table_196,911053.0,1004.0,,R,103.0,Roadside Attractions,riff raff,riffraff_1936,,,,,50.0,10.0,50.0,,,,2025.0,0,0,0,0,0,Other,4,1,0,0,1,1,0,0,0,0,0,0,0,0,Action Comedy Crime,0,0.0,,0.0,13.722357450006776,14.437440967433231,False,False,False,False,False,True,False,False,False,False,False,False,False,False,False,False,False,False,False,False,False,False
Night of the Zoopocalypse,2025,2025-03-07,2108907.0,1425.0,Adventure Animation Comedy Family Fantasy Horror Sci-Fi,,https://www.boxofficemojo.com/release/rl4195123201/?ref_=bo_yld_table_197,813961.0,1425.0,,PG,91.0,Viva Pictures,night of the zoopocalypse,night_of_the_zoopocalypse,,,,,88.0,34.0,81.0,2025-03-07,3.0,4.0,2025.0,0,0,0,1,0,Other,2,0,1,1,1,0,0,1,1,1,0,0,1,0,Adventure Animation Comedy Family Fantasy Horror Sci-Fi,0,0.0,,0.0,13.609668960848307,14.561680835939482,False,False,False,False,False,True,False,False,False,False,False,False,True,False,False,False,False,False,False,False,False,False
Creation of the Gods II: Demon Force,2025,2025-01-31,1853487.0,200.0,Action Drama Fantasy War,,https://www.boxofficemojo.com/release/rl338067457/?ref_=bo_yld_table_198,1268131.0,200.0,,,145.0,Well Go USA Entertainment,creation of the gods ii demon force,creation_of_the_gods_ii_demon_force,,,,,83.0,18.0,83.0,2025-01-31,1.0,4.0,2025.0,0,0,0,0,1,Other,3,1,0,0,0,0,1,0,1,0,0,0,0,0,Action Drama Fantasy War,0,0.0,,0.0,14.053055509507553,14.432579827314038,False,False,False,False,False,True,False,False,False,False,True,False,False,False,False,False,False,False,False,False,False,False
Casper,2025,2025-10-03,1840230.0,1100.0,Comedy Family Fantasy,,https://www.boxofficemojo.com/release/rl3270213633/?ref_=bo_yld_table_199,802365.0,1100.0,,PG,100.0,Universal Pictures,casper,casper,,,,,59.0,110.0,51.0,2025-10-03,10.0,4.0,2025.0,0,0,0,0,0,Universal,2,0,0,0,1,0,0,1,1,0,0,0,0,0,Comedy Family Fantasy,0,0.0,,0.0,13.59532014185075,14.425401665183506,False,False,False,False,False,False,False,False,True,False,False,False,False,False,False,False,False,False,False,True,False,False
Kuberaa,2025,2025-06-20,1750000.0,500.0,Action Crime Drama Thriller,,https://www.boxofficemojo.com/release/rl1070694401/?ref_=bo_yld_table_200,1750000.0,500.0,,,181.0,Prathyangira Cinemas,kuberaa,kuberaa,,,,,69.0,27.0,69.0,2025-06-20,6.0,4.0,2025.0,0,1,0,0,0,Other,3,1,0,0,0,1,1,0,0,0,0,0,0,1,Action Crime Drama Thriller,0,0.0,,0.0,14.375126917328105,14.375126917328105,False,False,False,False,False,True,False,False,False,False,False,False,False,False,False,True,False,False,False,False,False,False
The Super Mario Galaxy Movie,2026,2026-04-01,427591910.0,4284.0,Adventure Animation Comedy Family Fantasy,,https://www.boxofficemojo.com/release/rl3344662529/?ref_=bo_yld_table_1,131703340.0,4252.0,110000000.0,PG,98.0,Universal Pictures,the super mario galaxy movie,the_super_mario_galaxy_movie,20260402030154.0,43.0,110.0,92.0,42.0,218.0,88.0,2026-04-01,4.0,2.0,2026.0,0,0,0,0,0,Universal,2,0,1,1,1,0,0,1,1,0,0,0,0,0,Adventure Animation Comedy Family Fantasy,1,18.5159909328476,-1.0,4.709530201312334,18.696062534652942,19.873679819723883,False,False,False,False,False,False,False,False,True,False,False,False,False,True,False,False,False,False,False,False,False,False
Michael,2026,2026-04-24,343731914.0,3955.0,Biography Drama History Music,,https://www.boxofficemojo.com/release/rl1246593025/?ref_=bo_yld_table_2,97206874.0,3955.0,155000000.0,PG,127.0,Lionsgate,michael,michael,,,,,39.0,289.0,97.0,2026-04-24,4.0,4.0,2026.0,0,0,0,0,0,Lionsgate,2,0,0,0,0,0,1,0,0,0,0,0,0,0,Biography Drama History Music,1,18.858935681335133,,0.0,18.39235199738206,19.65537259465196,False,False,False,True,False,False,False,False,False,False,False,False,False,True,False,False,False,False,False,False,False,False
Project Hail Mary,2026,2026-03-20,342676106.0,4077.0,Adventure Comedy Drama Sci-Fi,,https://www.boxofficemojo.com/release/rl1993768961/?ref_=bo_yld_table_3,80506007.0,4007.0,200000000.0,PG,156.0,Amazon MGM Studios,project hail mary,project_hail_mary,20260317190342.0,,,,94.0,409.0,95.0,2026-03-20,3.0,4.0,2026.0,1,0,0,1,0,Amazon,2,0,1,0,1,0,1,0,0,0,0,0,1,0,Adventure Comedy Drama Sci-Fi,1,19.11382792951231,,0.0,18.20384237314422,19.652296264542688,False,True,False,False,False,False,False,False,False,False,False,False,True,False,False,False,False,False,False,False,False,False
The Devil Wears Prada 2,2026,2026-05-01,210946269.0,4200.0,Comedy Drama,,https://www.boxofficemojo.com/release/rl365461505/?ref_=bo_yld_table_4,76747075.0,4150.0,,PG,119.0,Walt Disney Studios Motion Pictures,the devil wears prada 2,the_devil_wears_prada_2,,,,,78.0,326.0,84.0,2026-05-01,5.0,4.0,2026.0,0,1,0,0,1,Disney,2,0,0,0,1,0,1,0,0,0,0,0,0,0,Comedy Drama,0,0.0,,0.0,18.156025845985976,19.16711401446315,False,False,True,False,False,False,False,False,False,False,False,False,False,False,True,False,False,False,False,False,False,False
Hoppers,2026,2026-03-06,166005131.0,4000.0,Adventure Animation Comedy Family Sci-Fi,,https://www.boxofficemojo.com/release/rl284918529/?ref_=bo_yld_table_5,45349801.0,4000.0,,PG,104.0,Walt Disney Studios Motion Pictures,hoppers,hoppers,,,,,94.0,224.0,93.0,2026-03-06,3.0,4.0,2026.0,0,0,0,1,0,Disney,2,0,1,1,1,0,0,1,0,0,0,0,1,0,Adventure Animation Comedy Family Sci-Fi,0,0.0,,0.0,17.629916368473992,18.92752926150559,False,False,True,False,False,False,False,False,False,False,False,False,True,False,False,False,False,False,False,False,False,False
Avatar: Fire and Ash,2026,2025-12-19,404340010.0,3835.0,Action Adventure Fantasy Sci-Fi,,https://www.boxofficemojo.com/release/rl3389031937/?ref_=bo_yld_table_6,89160860.0,3800.0,400000000.0,PG,197.0,20th Century Studios,avatar fire and ash,avatar_fire_and_ash,,,,,66.0,354.0,90.0,2025-12-19,12.0,4.0,2025.0,0,0,1,0,1,Disney,2,1,1,0,0,0,0,0,1,0,0,0,1,0,Action Adventure Fantasy Sci-Fi,1,19.806975107572256,,0.0,18.305952723232085,19.81776669335528,False,False,True,False,False,False,False,False,False,False,False,False,False,False,False,False,False,False,False,False,False,True
Star Wars: The Mandalorian and Grogu,2026,2026-05-22,142248523.0,4300.0,Action Adventure Family Fantasy Sci-Fi,,https://www.boxofficemojo.com/release/rl3294527489/?ref_=bo_yld_table_7,81670433.0,4300.0,,PG,132.0,Walt Disney Studios Motion Pictures,star wars the mandalorian and grogu,star_wars_the_mandalorian_and_grogu,20260520045229.0,,,,62.0,290.0,87.0,2026-05-22,5.0,4.0,2026.0,0,1,0,0,1,Disney,2,1,1,0,0,0,0,1,1,0,0,0,1,0,Action Adventure Family Fantasy Sci-Fi,0,0.0,,0.0,18.218202609389152,18.773086254818462,False,False,True,False,False,False,False,False,False,False,False,False,False,False,True,False,False,False,False,False,False,False
Scream 7,2026,2026-02-27,121935967.0,3540.0,Horror Mystery Thriller,,https://www.boxofficemojo.com/release/rl1359839233/?ref_=bo_yld_table_8,63615172.0,3540.0,45000000.0,R,114.0,Paramount Pictures,scream 7,scream_7,,,,,30.0,217.0,74.0,2026-02-27,2.0,4.0,2026.0,0,0,0,0,1,Paramount,4,0,0,0,0,0,0,0,0,1,0,0,0,1,Horror Mystery Thriller,1,17.622173069956816,,0.0,17.968362569039638,18.619006612455248,False,False,False,False,False,False,True,False,False,False,False,True,False,False,False,False,False,False,False,False,False,False
Obsession,2026,2026-05-15,116757055.0,2781.0,Horror Romance Thriller,,https://www.boxofficemojo.com/release/rl1660846081/?ref_=bo_yld_table_9,17196855.0,2615.0,,R,108.0,Focus Features,obsession,,,,,,,,,2026-05-15,5.0,4.0,2026.0,0,1,0,0,0,Universal,4,0,0,0,0,0,0,0,0,1,0,1,0,1,Horror Romance Thriller,0,0.0,,0.0,16.660237134377752,18.575605889517885,False,False,False,False,False,False,False,False,True,False,False,False,False,False,True,False,False,False,False,False,False,False
GOAT,2026,2026-02-13,103316898.0,3863.0,Adventure Animation Comedy Family Sport,,https://www.boxofficemojo.com/release/rl2725019649/?ref_=bo_yld_table_10,27202138.0,3863.0,,PG,100.0,Sony Pictures Releasing,goat,goat_2026,,,,,84.0,88.0,92.0,2026-02-13,2.0,4.0,2026.0,0,0,0,0,0,Sony,2,0,1,1,1,0,0,1,0,0,0,0,0,0,Adventure Animation Comedy Family Sport,0,0.0,,0.0,17.11880616788017,18.453311512191362,False,False,False,False,False,False,False,True,False,False,False,True,False,False,False,False,False,False,False,False,False,False
Backrooms,2026,2026-05-29,97848566.0,3565.0,Horror Sci-Fi Thriller,,https://www.boxofficemojo.com/release/rl747929601/?ref_=bo_yld_table_11,81402424.0,3442.0,,R,110.0,A24,backrooms,backrooms,,,,,88.0,233.0,74.0,2026-05-29,5.0,4.0,2026.0,1,1,0,0,0,A24,4,0,0,0,0,0,0,0,0,1,0,0,1,1,Horror Sci-Fi Thriller,0,0.0,,0.0,18.21491562168381,18.398931606834534,True,False,False,False,False,False,False,False,False,False,False,False,False,False,True,False,False,False,False,False,False,False
Zootopia 2,2026,2025-11-26,428130160.0,4000.0,Adventure Animation Comedy Crime Family Mystery,,https://www.boxofficemojo.com/release/rl2303754241/?ref_=bo_yld_table_12,100262540.0,4000.0,150000000.0,PG,108.0,Walt Disney Studios Motion Pictures,zootopia 2,zootopia_2,20251127145312.0,,,,92.0,226.0,95.0,2025-11-26,11.0,2.0,2025.0,1,0,1,0,1,Disney,2,0,1,1,1,1,0,1,0,0,0,0,0,0,Adventure Animation Comedy Crime Family Mystery,1,18.826145858727198,,0.0,18.4233027135838,19.874937821798614,False,False,True,False,False,False,False,False,False,False,False,False,False,False,False,False,False,False,False,False,True,False
Wuthering Heights,2026,2026-02-13,84001072.0,3682.0,Drama Romance,,https://www.boxofficemojo.com/release/rl723550209/?ref_=bo_yld_table_13,32801647.0,3682.0,,R,136.0,Warner Bros.,wuthering heights,wuthering_heights,,,,,31.0,13.0,66.0,2026-02-13,2.0,4.0,2026.0,0,0,0,0,0,WB,4,0,0,0,0,0,1,0,0,0,0,1,0,0,Drama Romance,0,0.0,,0.0,17.30598931599463,18.246340130535526,False,False,False,False,False,False,False,False,False,True,False,True,False,False,False,False,False,False,False,False,False,False
Mortal Kombat II,2026,2026-05-08,78312564.0,3534.0,Action Adventure Fantasy Sci-Fi,,https://www.boxofficemojo.com/release/rl3832053761/?ref_=bo_yld_table_14,38501177.0,3503.0,,R,116.0,Warner Bros.,mortal kombat ii,mortal_kombat_ii,20260507023523.0,,,,64.0,187.0,88.0,2026-05-08,5.0,4.0,2026.0,0,1,0,0,1,WB,4,1,1,0,0,0,0,0,1,0,0,0,1,0,Action Adventure Fantasy Sci-Fi,0,0.0,,0.0,17.46619939619252,18.176218620628198,False,False,False,False,False,False,False,False,False,True,False,False,False,False,True,False,False,False,False,False,False,False
The Housemaid,2026,2025-12-19,126432462.0,3123.0,Drama Mystery Thriller,,https://www.boxofficemojo.com/release/rl1512275969/?ref_=bo_yld_table_15,19010430.0,3015.0,,R,131.0,Lionsgate,the housemaid,the_housemaid,,,,,69.0,72.0,54.0,2025-12-19,12.0,4.0,2025.0,0,0,1,0,0,Lionsgate,4,0,0,0,0,0,1,0,0,0,0,0,0,1,Drama Mystery Thriller,0,0.0,,0.0,16.76049838648535,18.65521883423413,False,False,False,True,False,False,False,False,False,False,False,False,False,False,False,False,False,False,False,False,False,True
Send Help,2026,2026-01-30,64734795.0,3475.0,Adventure Horror Thriller,,https://www.boxofficemojo.com/release/rl4147019777/?ref_=bo_yld_table_16,19102299.0,3475.0,,R,113.0,Walt Disney Studios Motion Pictures,send help,send_help,20260128020357.0,,,,92.0,292.0,86.0,2026-01-30,1.0,4.0,2026.0,0,0,0,0,0,Disney,4,0,1,0,0,0,0,0,0,1,0,0,0,1,Adventure Horror Thriller,0,0.0,,0.0,16.765319304615257,17.985809420160734,False,False,True,False,False,False,False,False,False,False,True,False,False,False,False,False,False,False,False,False,False,False
Marty Supreme,2026,Dec 19,96040064.0,2887.0,Comedy Drama Sport,,https://www.boxofficemojo.com/release/rl1411612673/?ref_=bo_yld_table_17,863097.0,6.0,,R,149.0,A24,marty supreme,marty_supreme,,,,,93.0,353.0,82.0,,,,2026.0,0,0,0,0,0,A24,4,0,0,0,1,0,1,0,0,0,0,0,0,0,Comedy Drama Sport,0,0.0,,0.0,13.66828352097647,18.38027600611843,True,False,False,False,False,False,False,False,False,False,False,False,False,False,False,False,False,False,False,False,False,False
The Sheep Detectives,2026,2026-05-08,56086813.0,3554.0,Comedy Family Mystery,,https://www.boxofficemojo.com/release/rl1601339393/?ref_=bo_yld_table_18,15087796.0,3457.0,,PG,109.0,Amazon MGM Studios,the sheep detectives,the_sheep_detectives,,,,,95.0,186.0,96.0,2026-05-08,5.0,4.0,2026.0,0,1,0,0,0,Amazon,2,0,0,0,1,0,0,1,0,0,0,0,0,0,Comedy Family Mystery,0,0.0,,0.0,16.529396829364018,17.84241129830234,False,True,False,False,False,False,False,False,False,False,False,False,False,False,True,False,False,False,False,False,False,False
Reminders of Him,2026,2026-03-13,48559430.0,3441.0,Drama Romance,,https://www.boxofficemojo.com/release/rl2970583041/?ref_=bo_yld_table_19,17979940.0,3402.0,,PG,114.0,Universal Pictures,reminders of him,reminders_of_him,,,,,55.0,116.0,88.0,2026-03-13,3.0,4.0,2026.0,1,0,0,1,0,Universal,2,0,0,0,0,0,1,0,0,0,0,1,0,0,Drama Romance,0,0.0,,0.0,16.70476730557856,17.698298987183936,False,False,False,False,False,False,False,False,True,False,False,False,True,False,False,False,False,False,False,False,False,False
The Drama,2026,2026-04-03,48062006.0,3151.0,Comedy Drama Romance,,https://www.boxofficemojo.com/release/rl1676574721/?ref_=bo_yld_table_20,14380197.0,3087.0,,R,105.0,A24,the drama,the_drama,,,,,76.0,285.0,78.0,2026-04-03,4.0,4.0,2026.0,0,0,0,0,0,A24,4,0,0,0,1,0,1,0,0,0,0,1,0,0,Comedy Drama Romance,0,0.0,,0.0,16.481362679286164,17.688002547700286,True,False,False,False,False,False,False,False,False,False,False,False,False,True,False,False,False,False,False,False,False,False
Crime 101,2026,2026-02-13,36588336.0,3161.0,Crime Drama Thriller,,https://www.boxofficemojo.com/release/rl797671425/?ref_=bo_yld_table_21,14251834.0,3161.0,,R,140.0,Amazon MGM Studios,crime 101,scarfies,,,,,59.0,41.0,59.0,2026-02-13,2.0,4.0,2026.0,0,0,0,0,0,Amazon,4,0,0,0,0,1,1,0,0,0,0,0,0,1,Crime Drama Thriller,0,0.0,,0.0,16.472396228318367,17.415240086386138,False,True,False,False,False,False,False,False,False,False,False,True,False,False,False,False,False,False,False,False,False,False
Anaconda,2026,2025-12-25,65098148.0,3509.0,Action Adventure Comedy,,https://www.boxofficemojo.com/release/rl2499444737/?ref_=bo_yld_table_22,14502218.0,3509.0,,PG,99.0,Sony Pictures Releasing,anaconda,anaconda,,,,,41.0,58.0,24.0,2025-12-25,12.0,3.0,2025.0,1,0,1,0,0,Sony,2,1,1,0,1,0,0,0,0,0,0,0,0,0,Action Adventure Comedy,0,0.0,,0.0,16.48981223016498,17.991406673594845,False,False,False,False,False,False,False,True,False,False,False,False,False,False,False,False,False,False,False,False,False,True
Lee Cronin's The Mummy,2026,2026-04-17,29152113.0,3304.0,Horror,,https://www.boxofficemojo.com/release/rl3315499009/?ref_=bo_yld_table_23,13517172.0,3304.0,,R,134.0,Warner Bros.,lee cronins the mummy,lee_cronins_the_mummy,,,,,46.0,195.0,73.0,2026-04-17,4.0,4.0,2026.0,0,0,0,0,0,WB,4,0,0,0,0,0,0,0,0,1,0,0,0,0,Horror,0,0.0,,0.0,16.419471509081998,17.188037989572045,False,False,False,False,False,False,False,False,False,True,False,False,False,True,False,False,False,False,False,False,False,False
Dhurandhar: The Revenge,2026,2026-03-19,28100759.0,987.0,Action Crime Thriller,,https://www.boxofficemojo.com/release/rl3281551361/?ref_=bo_yld_table_24,10037581.0,987.0,,,235.0,Moviegoers Entertainment,dhurandhar the revenge,dhurandhar_the_revenge,,,,,33.0,21.0,95.0,2026-03-19,3.0,3.0,2026.0,1,0,0,1,1,Other,3,1,0,0,0,1,0,0,0,0,0,0,0,1,Action Crime Thriller,0,0.0,,0.0,16.121846806568666,17.151307180201577,False,False,False,False,False,True,False,False,False,False,False,False,True,False,False,False,False,False,False,False,False,False
Iron Lung,2026,2026-01-30,40851941.0,3015.0,Horror Sci-Fi,,https://www.boxofficemojo.com/release/rl3918299137/?ref_=bo_yld_table_25,17800000.0,3015.0,,R,125.0,Markiplier,iron lung,iron_lung,,,,,60.0,48.0,86.0,2026-01-30,1.0,4.0,2026.0,0,0,0,0,0,Other,4,0,0,0,0,0,0,0,0,1,0,0,1,0,Horror Sci-Fi,0,0.0,,0.0,16.694709071442087,17.525464917919987,False,False,False,False,False,True,False,False,False,False,True,False,False,False,False,False,False,False,False,False,False,False
Solo Mio,2026,2026-02-06,25736278.0,3052.0,Comedy Romance,,https://www.boxofficemojo.com/release/rl2967437313/?ref_=bo_yld_table_26,7001169.0,3052.0,,PG,96.0,Angel,solo mio,solo_mio,20260202103938.0,,,,82.0,55.0,95.0,2026-02-06,2.0,4.0,2026.0,0,0,0,0,0,Other,2,0,0,0,1,0,0,0,0,0,0,1,0,0,Comedy Romance,0,0.0,,0.0,15.76158783590992,17.063412188687746,False,False,False,False,False,True,False,False,False,False,False,True,False,False,False,False,False,False,False,False,False,False
Primate,2026,2026-01-09,25635665.0,2964.0,Horror,,https://www.boxofficemojo.com/release/rl1406959617/?ref_=bo_yld_table_27,11155908.0,2964.0,,R,92.0,Paramount Pictures,primate,primate,,,,,75.0,6.0,75.0,2026-01-09,1.0,4.0,2026.0,0,0,0,0,0,Paramount,4,0,0,0,0,0,0,0,0,1,0,0,0,0,Horror,0,0.0,,0.0,16.22747987065071,17.059495142967787,False,False,False,False,False,False,True,False,False,False,True,False,False,False,False,False,False,False,False,False,False,False
28 Years Later: The Bone Temple,2026,2026-01-16,25147583.0,3506.0,Horror Sci-Fi Thriller,,https://www.boxofficemojo.com/release/rl1562607617/?ref_=bo_yld_table_28,12521327.0,3506.0,,R,109.0,Sony Pictures Releasing,28 years later the bone temple,28_years_later_the_bone_temple,20260115051631.0,,,,92.0,344.0,88.0,2026-01-16,1.0,4.0,2026.0,1,0,0,0,1,Sony,4,0,0,0,0,0,0,0,0,1,0,0,1,1,Horror Sci-Fi Thriller,0,0.0,,0.0,16.34294398829871,17.040272386277326,False,False,False,False,False,False,False,True,False,False,True,False,False,False,False,False,False,False,False,False,False,False
The SpongeBob Movie: Search for SquarePants,2026,2025-12-19,71068170.0,3570.0,Adventure Animation Comedy Family Fantasy,,https://www.boxofficemojo.com/release/rl1743487745/?ref_=bo_yld_table_29,15611344.0,3557.0,,PG,88.0,Paramount Pictures,the spongebob movie search for squarepants,the_spongebob_movie_search_for_squarepants,,,,,78.0,72.0,67.0,2025-12-19,12.0,4.0,2025.0,0,0,1,0,1,Paramount,2,0,1,1,1,0,0,1,1,0,0,0,0,0,Adventure Animation Comedy Family Fantasy,0,0.0,,0.0,16.56350845149603,18.079150129281267,False,False,False,False,False,False,True,False,False,False,False,False,False,False,False,False,False,False,False,False,False,True
Mercy,2026,2026-01-23,24390303.0,3468.0,Action Crime Drama Mystery Sci-Fi Thriller,,https://www.boxofficemojo.com/release/rl1781235713/?ref_=bo_yld_table_30,10809178.0,3468.0,60000000.0,PG,99.0,Amazon MGM Studios,mercy,mercy,,,,,17.0,2.0,17.0,2026-01-23,1.0,4.0,2026.0,0,0,0,0,0,Amazon,2,1,0,0,0,1,1,0,0,0,0,0,1,1,Action Crime Drama Mystery Sci-Fi Thriller,1,17.909855136853043,,0.0,16.195906238535066,17.00969623423907,False,True,False,False,False,False,False,False,False,False,True,False,False,False,False,False,False,False,False,False,False,False
Ready or Not 2: Here I Come,2026,2026-03-20,22986054.0,3010.0,Comedy Horror Thriller,,https://www.boxofficemojo.com/release/rl2429190145/?ref_=bo_yld_table_31,9075271.0,3010.0,,R,108.0,Searchlight Pictures,ready or not 2 here i come,ready_or_not_2_here_i_come,,,,,74.0,223.0,89.0,2026-03-20,3.0,4.0,2026.0,1,0,0,1,1,Disney,4,0,0,0,1,0,0,0,0,1,0,0,0,1,Comedy Horror Thriller,0,0.0,,0.0,16.021063910117814,16.95039828566879,False,False,True,False,False,False,False,False,False,False,False,False,True,False,False,False,False,False,False,False,False,False
Song Sung Blue,2026,2025-12-25,39185290.0,2705.0,Biography Drama History Music Musical,,https://www.boxofficemojo.com/release/rl1119977473/?ref_=bo_yld_table_32,7073630.0,2587.0,,PG,132.0,Focus Features,song sung blue,song_sung_blue,,,,,88.0,32.0,88.0,2025-12-25,12.0,3.0,2025.0,1,0,1,0,0,Universal,2,0,0,0,0,0,1,0,0,0,1,0,0,0,Biography Drama History Music Musical,0,0.0,,0.0,15.77188448453716,17.483812004752615,False,False,False,False,False,False,False,False,True,False,False,False,False,False,False,False,False,False,False,False,False,True
David,2026,2025-12-19,80382774.0,3118.0,Adventure Animation Drama Family Musical,,https://www.boxofficemojo.com/release/rl1710063617/?ref_=bo_yld_table_33,22000555.0,3118.0,,PG,109.0,Angel,david,,,,,,,,,2025-12-19,12.0,4.0,2025.0,0,0,1,0,0,Other,2,0,1,1,0,0,1,1,0,0,1,0,0,0,Adventure Animation Drama Family Musical,0,0.0,,0.0,16.906578283730514,18.202310469902717,False,False,False,False,False,True,False,False,False,False,False,False,False,False,False,False,False,False,False,False,False,True
Undertone,2026,2026-03-13,20001151.0,2570.0,Horror Sci-Fi Thriller,,https://www.boxofficemojo.com/release/rl1978564609/?ref_=bo_yld_table_34,9069849.0,2570.0,,R,94.0,A24,undertone,undertone,,,,,74.0,187.0,50.0,2026-03-13,3.0,4.0,2026.0,1,0,0,1,0,A24,4,0,0,0,0,0,0,0,0,1,0,0,1,1,Horror Sci-Fi Thriller,0,0.0,,0.0,16.020466283917077,16.81130042985945,True,False,False,False,False,False,False,False,False,False,False,False,True,False,False,False,False,False,False,False,False,False
"You, Me & Tuscany",2026,2026-04-10,18723685.0,3157.0,Comedy Romance,,https://www.boxofficemojo.com/release/rl599818241/?ref_=bo_yld_table_35,7753150.0,3151.0,,PG,105.0,Universal Pictures,you me  tuscany,you_me_and_tuscany,20260409222146.0,,,,66.0,128.0,92.0,2026-04-10,4.0,4.0,2026.0,0,0,0,0,0,Universal,2,0,0,0,1,0,0,0,0,0,0,1,0,0,Comedy Romance,0,0.0,,0.0,15.863609899343178,16.745299911340524,False,False,False,False,False,False,False,False,True,False,False,False,False,True,False,False,False,False,False,False,False,False
I Can Only Imagine 2,2026,2026-02-20,18588615.0,3105.0,Biography Drama Music,,https://www.boxofficemojo.com/release/rl221872129/?ref_=bo_yld_table_36,7750583.0,3105.0,18000000.0,PG,110.0,Lionsgate,i can only imagine 2,i_can_only_imagine_2,,,,,63.0,24.0,99.0,2026-02-20,2.0,4.0,2026.0,1,0,0,0,1,Lionsgate,2,0,0,0,0,0,1,0,0,0,0,0,0,0,Biography Drama Music,1,16.705882371415992,,0.0,15.863278753329206,16.738059908297895,False,False,False,True,False,False,False,False,False,False,False,True,False,False,False,False,False,False,False,False,False,False
Greenland 2: Migration,2026,2026-01-09,17770308.0,2718.0,Action Adventure Sci-Fi Thriller,,https://www.boxofficemojo.com/release/rl2715320321/?ref_=bo_yld_table_37,8401148.0,2710.0,,PG,98.0,Lionsgate,greenland 2 migration,greenland_2_migration,,,,,48.0,105.0,66.0,2026-01-09,1.0,4.0,2026.0,0,0,0,0,1,Lionsgate,2,1,1,0,0,0,0,0,0,0,0,0,1,1,Action Adventure Sci-Fi Thriller,0,0.0,,0.0,15.943879040173515,16.693039588837276,False,False,False,True,False,False,False,False,False,False,True,False,False,False,False,False,False,False,False,False,False,False
Hokum,2026,2026-05-01,16834886.0,1900.0,Horror Thriller,,https://www.boxofficemojo.com/release/rl1066958849/?ref_=bo_yld_table_38,6428305.0,1885.0,,R,107.0,Neon,hokum,hokum,20260429090824.0,,,,89.0,190.0,83.0,2026-05-01,5.0,4.0,2026.0,0,1,0,0,0,Other,4,0,0,0,0,0,0,0,0,1,0,0,0,1,Horror Thriller,0,0.0,,0.0,15.676221608937983,16.638963898348074,False,False,False,False,False,True,False,False,False,False,False,False,False,False,True,False,False,False,False,False,False,False
Melania,2026,2026-01-30,16357453.0,2003.0,Documentary,,https://www.boxofficemojo.com/release/rl4287397889/?ref_=bo_yld_table_39,7161605.0,1778.0,,PG,104.0,Amazon MGM Studios,melania,melania,,,,,10.0,61.0,99.0,2026-01-30,1.0,4.0,2026.0,0,0,0,0,0,Amazon,2,0,0,0,0,0,0,0,0,0,0,0,0,0,Documentary,0,0.0,,0.0,15.784244815460946,16.610194253556404,False,True,False,False,False,False,False,False,False,False,True,False,False,False,False,False,False,False,False,False,False,False
Passenger,2026,2026-05-22,16286519.0,2534.0,Horror Thriller,,https://www.boxofficemojo.com/release/rl4253450241/?ref_=bo_yld_table_40,8746797.0,2534.0,,R,94.0,Paramount Pictures,passenger,the-passenger-professione-reporter,,,,,88.0,77.0,84.0,2026-05-22,5.0,4.0,2026.0,0,1,0,0,0,Paramount,4,0,0,0,0,0,0,0,0,1,0,0,0,1,Horror Thriller,0,0.0,,0.0,15.984198248503228,16.605848329763884,False,False,False,False,False,False,True,False,False,False,False,False,False,False,True,False,False,False,False,False,False,False
EPiC: Elvis Presley in Concert,2026,Feb 20,13571883.0,1965.0,Documentary Music,,https://www.boxofficemojo.com/release/rl1535148033/?ref_=bo_yld_table_41,3215438.0,325.0,,PG,96.0,Neon,epic elvis presley in concert,epic_elvis_presley_in_concert,,,,,97.0,115.0,98.0,,,,2026.0,0,0,0,0,1,Other,2,0,0,0,0,0,0,0,0,0,0,0,0,0,Documentary Music,0,0.0,,0.0,14.983474453766009,16.423510857841183,False,False,False,False,False,True,False,False,False,False,False,False,False,False,False,False,False,False,False,False,False,False
Hamnet,2026,Nov 26,24208900.0,1996.0,Biography Drama History Romance,,https://www.boxofficemojo.com/release/rl1421901825/?ref_=bo_yld_table_42,932278.0,119.0,,PG,125.0,Focus Features,hamnet,hamnet,,,,,87.0,345.0,93.0,,,,2026.0,0,0,0,0,0,Universal,2,0,0,0,0,0,1,0,0,0,0,1,0,0,Biography Drama History Romance,0,0.0,,0.0,13.745387405092771,17.002230933418783,False,False,False,False,False,False,False,False,True,False,False,False,False,False,False,False,False,False,False,False,False,False
Dracula,2026,2026-02-06,13053400.0,2050.0,Fantasy Horror Romance,,https://www.boxofficemojo.com/release/rl2934341633/?ref_=bo_yld_table_43,4400264.0,2050.0,,R,129.0,Vertical Entertainment,dracula,dracula,,,,,38.0,30.0,38.0,2026-02-06,2.0,4.0,2026.0,0,0,0,0,0,Other,4,0,0,0,0,0,0,0,1,1,0,1,0,0,Fantasy Horror Romance,0,0.0,,0.0,15.297175324347627,16.384559270806122,False,False,False,False,False,True,False,False,False,False,False,True,False,False,False,False,False,False,False,False,False,False
Shelter,2026,2026-01-30,12805541.0,2726.0,Action Thriller,,https://www.boxofficemojo.com/release/rl2951446529/?ref_=bo_yld_table_44,5531028.0,2726.0,,R,107.0,Black Bear,shelter,6_souls,,,,,4.0,27.0,45.0,2026-01-30,1.0,4.0,2026.0,0,0,0,0,0,Other,4,1,0,0,0,0,0,0,0,0,0,0,0,1,Action Thriller,0,0.0,,0.0,15.525884432137902,16.365388603935923,False,False,False,False,False,True,False,False,False,False,True,False,False,False,False,False,False,False,False,False,False,False
The Bride!,2026,2026-03-06,12744025.0,3304.0,Drama Horror Romance Sci-Fi,,https://www.boxofficemojo.com/release/rl1985511425/?ref_=bo_yld_table_45,7051476.0,3304.0,,R,126.0,IMAX,the bride,the_bride_2026,,,,,57.0,327.0,69.0,2026-03-06,3.0,4.0,2026.0,0,0,0,1,0,Other,4,0,0,0,0,0,1,0,0,1,0,1,1,0,Drama Horror Romance Sci-Fi,0,0.0,,0.0,15.768747656391747,16.36057317074571,False,False,False,False,False,True,False,False,False,False,False,False,True,False,False,False,False,False,False,False,False,False
They Will Kill You,2026,2026-03-27,10882152.0,2778.0,Action Comedy Horror,,https://www.boxofficemojo.com/release/rl3572334593/?ref_=bo_yld_table_46,4970938.0,2778.0,,R,94.0,Warner Bros.,they will kill you,they_will_kill_you,,,,,64.0,169.0,77.0,2026-03-27,3.0,4.0,2026.0,0,0,0,1,0,WB,4,1,0,0,1,0,0,0,0,1,0,0,0,0,Action Comedy Horror,0,0.0,,0.0,15.419119313828716,16.202634665844624,False,False,False,False,False,False,False,False,False,True,False,False,True,False,False,False,False,False,False,False,False,False
Billie Eilish: Hit Me Hard and Soft,2026,2026-05-08,9901485.0,2613.0,Documentary Music,,https://www.boxofficemojo.com/release/rl2650767361/?ref_=bo_yld_table_47,7011311.0,2613.0,,PG,114.0,Paramount Pictures,billie eilish hit me hard and soft,,,,,,,,,2026-05-08,5.0,4.0,2026.0,0,1,0,0,1,Paramount,2,0,0,0,0,0,0,0,0,0,0,0,0,0,Documentary Music,0,0.0,,0.0,15.76303540269659,16.10819540485089,False,False,False,False,False,False,True,False,False,False,False,False,False,False,True,False,False,False,False,False,False,False
The Breadwinner,2026,2026-05-29,9234865.0,3252.0,Comedy Family,,https://www.boxofficemojo.com/release/rl4181426177/?ref_=bo_yld_table_48,7353073.0,3252.0,,PG,99.0,Sony Pictures Releasing,the breadwinner,the_breadwinner,,,,,95.0,106.0,88.0,2026-05-29,5.0,4.0,2026.0,1,1,0,0,0,Sony,2,0,0,0,1,0,0,1,0,0,0,0,0,0,Comedy Family,0,0.0,,0.0,15.810629015047207,16.038496661493962,False,False,False,False,False,False,False,True,False,False,False,False,False,False,True,False,False,False,False,False,False,False
No Other Choice,2026,Dec 25,10011860.0,697.0,Comedy Crime Drama Thriller,,https://www.boxofficemojo.com/release/rl2298445825/?ref_=bo_yld_table_49,332653.0,13.0,,R,139.0,Neon,no other choice,no_other_choice,,,,,97.0,234.0,93.0,,,,2026.0,0,0,0,0,0,Other,4,0,0,0,1,1,1,0,0,0,0,0,0,1,Comedy Crime Drama Thriller,0,0.0,,0.0,12.714858189748272,16.119281048097434,False,False,False,False,False,True,False,False,False,False,False,False,False,False,False,False,False,False,False,False,False,False
The Strangers: Chapter 3,2026,2026-02-06,8560986.0,2565.0,Horror,,https://www.boxofficemojo.com/release/rl754941953/?ref_=bo_yld_table_50,3472554.0,2565.0,,R,91.0,Lionsgate,the strangers chapter 3,the_strangers_chapter_3,,,,,18.0,56.0,50.0,2026-02-06,2.0,4.0,2026.0,0,0,0,0,1,Lionsgate,4,0,0,0,0,0,0,0,0,1,0,0,0,0,Horror,0,0.0,,0.0,15.060401192218105,15.962726045209278,False,False,False,True,False,False,False,False,False,False,False,True,False,False,False,False,False,False,False,False,False,False
"Good Luck, Have Fun, Don't Die",2026,2026-02-13,8431443.0,1672.0,Action Adventure Comedy Sci-Fi,,https://www.boxofficemojo.com/release/rl1088585729/?ref_=bo_yld_table_51,3644275.0,1610.0,,R,134.0,Briarcliff Entertainment,good luck have fun dont die,good_luck_have_fun_dont_die,,,,,81.0,232.0,85.0,2026-02-13,2.0,4.0,2026.0,0,0,0,0,0,Other,4,1,1,0,1,0,0,0,0,0,0,0,1,0,Action Adventure Comedy Sci-Fi,0,0.0,,0.0,15.108668275437804,15.947478608310254,False,False,False,False,False,True,False,False,False,False,False,True,False,False,False,False,False,False,False,False,False,False
A Great Awakening,2026,2026-04-03,8133679.0,1289.0,Drama History,,https://www.boxofficemojo.com/release/rl3751116801/?ref_=bo_yld_table_52,2041328.0,1289.0,,PG,129.0,Roadside Attractions,a great awakening,a_great_awakening,,,,,69.0,16.0,97.0,2026-04-03,4.0,4.0,2026.0,0,0,0,0,0,Other,2,0,0,0,0,0,1,0,0,0,0,0,0,0,Drama History,0,0.0,,0.0,14.52911162429379,15.911524023637808,False,False,False,False,False,True,False,False,False,False,False,False,False,True,False,False,False,False,False,False,False,False
How to Make a Killing,2026,2026-02-20,7851600.0,1726.0,Comedy Drama Thriller,,https://www.boxofficemojo.com/release/rl4143808513/?ref_=bo_yld_table_53,3488298.0,1625.0,,R,105.0,A24,how to make a killing,how_to_make_a_killing_2026,20260218174507.0,,,,45.0,193.0,77.0,2026-02-20,2.0,4.0,2026.0,1,0,0,0,0,A24,4,0,0,0,1,0,1,0,0,0,0,0,0,1,Comedy Drama Thriller,0,0.0,,0.0,15.06492478281411,15.876228018008398,True,False,False,False,False,False,False,False,False,False,False,True,False,False,False,False,False,False,False,False,False,False
Wicked: For Good,2026,Nov 17,342915090.0,4115.0,Drama Family Fantasy Musical Romance,,https://www.boxofficemojo.com/release/rl2185003777/?ref_=bo_yld_table_54,147004640.0,4115.0,150000000.0,PG,137.0,Universal Pictures,wicked for good,wicked_for_good,,,,,66.0,353.0,92.0,,,,2026.0,0,0,0,0,1,Universal,2,0,0,0,0,0,1,1,1,0,1,1,0,0,Drama Family Fantasy Musical Romance,1,18.826145858727198,,0.0,18.805974715673216,19.652993426380167,False,False,False,False,False,False,False,False,True,False,False,False,False,False,False,False,False,False,False,False,False,False
I Love Boosters,2026,2026-05-22,7332794.0,1750.0,Adventure Comedy Crime Drama Sci-Fi,,https://www.boxofficemojo.com/release/rl2627698689/?ref_=bo_yld_table_55,3783187.0,1750.0,,R,113.0,Neon,i love boosters,i_love_boosters,,,,,92.0,138.0,73.0,2026-05-22,5.0,4.0,2026.0,0,1,0,0,0,Other,4,0,1,0,1,1,1,0,0,0,0,0,1,0,Adventure Comedy Crime Drama Sci-Fi,0,0.0,,0.0,15.14607759838882,15.807867310868993,False,False,False,False,False,True,False,False,False,False,False,False,False,False,True,False,False,False,False,False,False,False
Stray Kids: The Dominate Experience,2026,2026-02-06,7232818.0,1724.0,Documentary Music,,https://www.boxofficemojo.com/release/rl697401345/?ref_=bo_yld_table_56,5710133.0,1724.0,,,146.0,Bleecker Street Media,stray kids the dominate experience,stray_kids_the_dominate_experience,,,,,100.0,613.0,100.0,2026-02-06,2.0,4.0,2026.0,0,0,0,0,1,Other,3,0,0,0,0,0,0,0,0,0,0,0,0,0,Documentary Music,0,0.0,,0.0,15.557753048957533,15.794139421323644,False,False,False,False,False,True,False,False,False,False,False,True,False,False,False,False,False,False,False,False,False,False
Pressure,2026,2026-05-29,7194970.0,1829.0,Drama History Thriller War,,https://www.boxofficemojo.com/release/rl1418493953/?ref_=bo_yld_table_57,5811480.0,1829.0,,PG,100.0,Focus Features,pressure,pressure_2026,,,,,87.0,89.0,95.0,2026-05-29,5.0,4.0,2026.0,1,1,0,0,0,Universal,2,0,0,0,0,0,1,0,0,0,0,0,0,1,Drama History Thriller War,0,0.0,,0.0,15.575346001680877,15.788892867718692,False,False,False,False,False,False,False,False,True,False,False,False,False,False,True,False,False,False,False,False,False,False
Top Gun/Top Gun: Maverick,2026,2026-05-13,6528326.0,2295.0,-,,https://www.boxofficemojo.com/release/rl78348289/?ref_=bo_yld_table_58,3308333.0,2295.0,,,239.0,Paramount Pictures,top guntop gun maverick,,,,,,,,,2026-05-13,5.0,2.0,2026.0,0,1,0,0,1,Paramount,3,0,0,0,0,0,0,0,0,0,0,0,0,0,-,0,0.0,,0.0,15.011955297380734,15.691661266283287,False,False,False,False,False,False,True,False,False,False,False,False,False,False,True,False,False,False,False,False,False,False
Five Nights at Freddy's 2,2026,2025-12-05,127730290.0,3579.0,Horror Mystery Thriller,,https://www.boxofficemojo.com/release/rl2490073089/?ref_=bo_yld_table_59,64007430.0,3412.0,,PG,104.0,Universal Pictures,five nights at freddys 2,five_nights_at_freddys_2,,,,,17.0,131.0,82.0,2025-12-05,12.0,4.0,2025.0,0,0,1,0,1,Universal,2,0,0,0,0,0,0,0,0,1,0,0,0,1,Horror Mystery Thriller,0,0.0,,0.0,17.974509743958773,18.665431497259533,False,False,False,False,False,False,False,False,True,False,False,False,False,False,False,False,False,False,False,False,False,True
The Lord of the Rings: The Fellowship of the Ring,2026,2026-01-16,5940331.0,1674.0,Adventure Drama Fantasy,,https://www.boxofficemojo.com/release/rl871530497/?ref_=bo_yld_table_60,3578188.0,1674.0,93000000.0,PG,178.0,Fathom Entertainment,the lord of the rings the fellowship of the ring,the_lord_of_the_rings_the_fellowship_of_the_ring,,,,,91.0,271.0,95.0,2026-01-16,1.0,4.0,2026.0,1,0,0,0,1,Other,2,0,1,0,0,0,1,0,1,0,0,0,0,0,Adventure Drama Fantasy,1,18.34811006187022,,0.0,15.090367364461763,15.597275582032806,False,False,False,False,False,True,False,False,False,False,True,False,False,False,False,False,False,False,False,False,False,False
In the Grey,2026,2026-05-15,5710888.0,2018.0,Action Drama Thriller,,https://www.boxofficemojo.com/release/rl3210838017/?ref_=bo_yld_table_61,2926879.0,2018.0,,R,98.0,Black Bear,in the grey,in_the_grey,20260513210639.0,,,,48.0,56.0,83.0,2026-05-15,5.0,4.0,2026.0,0,1,0,0,0,Other,4,1,0,0,0,0,1,0,0,0,0,0,0,1,Action Drama Thriller,0,0.0,,0.0,14.889447567225124,15.557885261282314,False,False,False,False,False,True,False,False,False,False,False,False,False,False,True,False,False,False,False,False,False,False
Return to Silent Hill,2026,2026-01-23,5544971.0,2000.0,Drama Horror Mystery,,https://www.boxofficemojo.com/release/rl3922296833/?ref_=bo_yld_table_62,3252000.0,2000.0,,R,106.0,Cineverse,return to silent hill,return_to_silent_hill,,,,,18.0,66.0,28.0,2026-01-23,1.0,4.0,2026.0,0,0,0,0,0,Other,4,0,0,0,0,0,1,0,0,1,0,0,0,0,Drama Horror Mystery,0,0.0,,0.0,14.994781057152865,15.528402129159627,False,False,False,False,False,True,False,False,False,False,True,False,False,False,False,False,False,False,False,False,False,False
Animal Farm,2026,2026-05-01,5530772.0,2600.0,Adventure Animation Comedy Drama Family Fantasy Mystery,,https://www.boxofficemojo.com/release/rl528646145/?ref_=bo_yld_table_63,3301363.0,2600.0,,PG,95.0,Angel,animal farm,animal_farm,,,,,67.0,12.0,66.0,2026-05-01,5.0,4.0,2026.0,0,1,0,0,0,Other,2,0,1,1,1,0,1,1,1,0,0,0,0,0,Adventure Animation Comedy Drama Family Fantasy Mystery,0,0.0,,0.0,15.009846274371352,15.525838146731592,False,False,False,False,False,True,False,False,False,False,False,False,False,False,True,False,False,False,False,False,False,False
Is This Thing On?,2026,Dec 19,6185385.0,1495.0,Comedy Drama,,https://www.boxofficemojo.com/release/rl3151921153/?ref_=bo_yld_table_64,135833.0,6.0,,R,121.0,Walt Disney Studios Motion Pictures,is this thing on,is_this_thing_on,,,,,87.0,204.0,83.0,,,,2026.0,0,0,0,0,0,Disney,4,0,0,0,1,0,1,0,0,0,0,0,0,0,Comedy Drama,0,0.0,,0.0,11.81918883095836,15.637699970915525,False,False,True,False,False,False,False,False,False,False,False,False,False,False,False,False,False,False,False,False,False,False
Normal,2026,2026-04-17,5071290.0,2153.0,Action Crime Thriller,,https://www.boxofficemojo.com/release/rl1084325889/?ref_=bo_yld_table_65,2550311.0,2060.0,,R,91.0,Magnolia Pictures,normal,normal,,,,,100.0,7.0,76.0,2026-04-17,4.0,4.0,2026.0,0,0,0,0,0,Other,4,1,0,0,0,1,0,0,0,0,0,0,0,1,Action Crime Thriller,0,0.0,,0.0,14.751726262591275,15.43910597826183,False,False,False,False,False,True,False,False,False,False,False,False,False,True,False,False,False,False,False,False,False,False
Is God Is,2026,2026-05-15,4857896.0,1510.0,Drama Mystery Thriller Western,,https://www.boxofficemojo.com/release/rl383418369/?ref_=bo_yld_table_66,2215153.0,1510.0,,R,100.0,Amazon MGM Studios,is god is,is_god_is,,,,,97.0,106.0,90.0,2026-05-15,5.0,4.0,2026.0,0,1,0,0,0,Amazon,4,0,0,0,0,0,1,0,0,0,0,0,0,1,Drama Mystery Thriller Western,0,0.0,,0.0,14.610832485003924,15.396116186178688,False,True,False,False,False,False,False,False,False,False,False,False,False,False,True,False,False,False,False,False,False,False
Deep Water,2026,2026-05-01,4326381.0,1675.0,Action Drama Horror Thriller,,https://www.boxofficemojo.com/release/rl2141618177/?ref_=bo_yld_table_67,2103911.0,1675.0,,R,106.0,Magenta Light Studios,deep water,deep_water_2026,20260430010342.0,,,,68.0,68.0,71.0,2026-05-01,5.0,4.0,2026.0,0,1,0,0,0,Other,4,1,0,0,0,0,1,0,0,1,0,0,0,1,Action Drama Horror Thriller,0,0.0,,0.0,14.559309026869986,15.280242184879114,False,False,False,False,False,True,False,False,False,False,False,False,False,False,True,False,False,False,False,False,False,False
Twenty One Pilots: More Than We Ever Imagined,2026,Feb 26,4300000.0,833.0,Music,,https://www.boxofficemojo.com/release/rl2542370817/?ref_=bo_yld_table_68,4300000.0,833.0,,,119.0,Trafalgar Releasing,twenty one pilots more than we ever imagined,twenty_one_pilots_more_than_we_ever_imagined,,,,,100.0,276.0,100.0,,,,2026.0,0,0,0,0,1,Other,3,0,0,0,0,0,0,0,0,0,0,0,0,0,Music,0,0.0,,0.0,15.274125813221904,15.274125813221904,False,False,False,False,False,True,False,False,False,False,False,False,False,False,False,False,False,False,False,False,False,False
The Lord of the Rings: The Two Towers,2026,2026-01-17,4093642.0,1655.0,Adventure Drama Fantasy,,https://www.boxofficemojo.com/release/rl921862145/?ref_=bo_yld_table_69,2374776.0,1655.0,94000000.0,PG,179.0,Fathom Entertainment,the lord of the rings the two towers,the_lord_of_the_rings_the_two_towers,,,,,95.0,289.0,95.0,2026-01-17,1.0,5.0,2026.0,1,0,0,0,1,Other,2,0,1,0,0,0,1,0,1,0,0,0,0,0,Adventure Drama Fantasy,1,18.358805350872576,,0.0,14.68041409630565,15.224945840619531,False,False,False,False,False,True,False,False,False,False,True,False,False,False,False,False,False,False,False,False,False,False
Nirvanna: The Band - The Show - The Movie,2026,2026-02-13,4044418.0,384.0,Adventure Comedy Sci-Fi,,https://www.boxofficemojo.com/release/rl2565570561/?ref_=bo_yld_table_70,1255889.0,365.0,,R,100.0,Neon,nirvanna the band  the show  the movie,nirvanna_the_band_the_show_the_movie,,,,,97.0,95.0,95.0,2026-02-13,2.0,4.0,2026.0,0,0,0,0,1,Other,4,0,1,0,1,0,0,0,0,0,0,0,1,0,Adventure Comedy Sci-Fi,0,0.0,,0.0,14.043355042557128,15.21284846404217,False,False,False,False,False,True,False,False,False,False,False,True,False,False,False,False,False,False,False,False,False,False
The Lord of the Rings: The Return of the King,2026,2026-01-18,3971340.0,1655.0,Adventure Drama Fantasy,,https://www.boxofficemojo.com/release/rl703758337/?ref_=bo_yld_table_71,2276432.0,1655.0,94000000.0,PG,201.0,Fathom Entertainment,the lord of the rings the return of the king,the_lord_of_the_rings_the_return_of_the_king,,,,,94.0,306.0,86.0,2026-01-18,1.0,6.0,2026.0,1,0,0,0,1,Other,2,0,1,0,0,0,1,0,1,0,0,0,0,0,Adventure Drama Fantasy,1,18.358805350872576,,0.0,14.63812030217957,15.194614379002727,False,False,False,False,False,True,False,False,False,False,True,False,False,False,False,False,False,False,False,False,False,False
The Moment,2026,2026-01-30,3925376.0,1119.0,Comedy Drama Thriller,,https://www.boxofficemojo.com/release/rl1845329921/?ref_=bo_yld_table_72,427960.0,4.0,,R,103.0,A24,the moment,the_moment_2013,,,,,11.0,9.0,13.0,2026-01-30,1.0,4.0,2026.0,0,0,0,0,0,A24,4,0,0,0,1,0,1,0,0,0,0,0,0,1,Comedy Drama Thriller,0,0.0,,0.0,12.96678734891679,15.182972955541462,True,False,False,False,False,False,False,False,False,False,True,False,False,False,False,False,False,False,False,False,False,False
Pillion,2026,Feb 6,3852823.0,369.0,Comedy Drama Romance,,https://www.boxofficemojo.com/release/rl1106214913/?ref_=bo_yld_table_73,241769.0,4.0,,R,106.0,A24,pillion,pillion,,,,,99.0,195.0,89.0,,,,2026.0,0,0,0,0,0,A24,4,0,0,0,1,0,1,0,0,0,0,1,0,0,Comedy Drama Romance,0,0.0,,0.0,12.395742139986666,15.164316943873063,True,False,False,False,False,False,False,False,False,False,False,False,False,False,False,False,False,False,False,False,False,False
2026 Oscar Nominated Short Films,2026,2026-02-20,3754480.0,391.0,-,,https://www.boxofficemojo.com/release/rl2274721793/?ref_=bo_yld_table_74,994913.0,356.0,,,345.0,Roadside Attractions,2026 oscar nominated short films,,,,,,,,,2026-02-20,2.0,4.0,2026.0,1,0,0,0,0,Other,3,0,0,0,0,0,0,0,0,0,0,0,0,0,-,0,0.0,,0.0,13.810411580244452,15.138460617915317,False,False,False,False,False,True,False,False,False,False,False,True,False,False,False,False,False,False,False,False,False,False
Exit 8,2026,2026-04-10,3735090.0,510.0,Action Adventure Horror Mystery Thriller,,https://www.boxofficemojo.com/release/rl3147857921/?ref_=bo_yld_table_75,1435789.0,495.0,,PG,95.0,Neon,exit 8,,,,,,,,,2026-04-10,4.0,4.0,2026.0,0,0,0,0,1,Other,2,1,1,0,0,0,0,0,0,1,0,0,0,1,Action Adventure Horror Mystery Thriller,0,0.0,,0.0,14.177225778341942,15.133282740375414,False,False,False,False,False,True,False,False,False,False,False,False,False,True,False,False,False,False,False,False,False,False
We Bury the Dead,2026,2026-01-02,3711918.0,1172.0,Horror Thriller,,https://www.boxofficemojo.com/release/rl2491842561/?ref_=bo_yld_table_76,2502075.0,1172.0,,R,95.0,Vertical Entertainment,we bury the dead,we_bury_the_dead,,,,,88.0,115.0,45.0,2026-01-02,1.0,4.0,2026.0,0,0,0,0,0,Other,4,0,0,0,0,0,0,0,0,1,0,0,0,1,Horror Thriller,0,0.0,,0.0,14.732631345247102,15.127059551529454,False,False,False,False,False,True,False,False,False,False,True,False,False,False,False,False,False,False,False,False,False,False
Bendito Corazon,2026,Feb 6,2997508.0,455.0,Drama,,https://www.boxofficemojo.com/release/rl378634241/?ref_=bo_yld_table_77,475000.0,23.0,,,86.0,Million Dollar Cinema Studios,bendito corazon,bendito_corazon,,,,,93.0,50.0,93.0,,,,2026.0,0,0,0,0,0,Other,3,0,0,0,0,0,1,0,0,0,0,0,0,0,Drama,0,0.0,,0.0,13.07107218827772,14.913292168381384,False,False,False,False,False,True,False,False,False,False,False,False,False,False,False,False,False,False,False,False,False,False
The Pout-Pout Fish,2026,2026-03-20,2925502.0,1854.0,Adventure Animation Comedy Family Fantasy,,https://www.boxofficemojo.com/release/rl585400321/?ref_=bo_yld_table_78,1325363.0,1854.0,,PG,92.0,Viva Pictures,the poutpout fish,the_pout_pout_fish,,,,,63.0,30.0,74.0,2026-03-20,3.0,4.0,2026.0,1,0,0,1,0,Other,2,0,1,1,1,0,0,1,1,0,0,0,0,0,Adventure Animation Comedy Family Fantasy,0,0.0,,0.0,14.097197696655792,14.888976989675635,False,False,False,False,False,True,False,False,False,False,False,False,True,False,False,False,False,False,False,False,False,False
Kiki's Delivery Service,2026,2026-03-13,2697212.0,388.0,Animation Family Fantasy,,https://www.boxofficemojo.com/release/rl3533012993/?ref_=bo_yld_table_79,1688694.0,249.0,,,103.0,GKIDS,kikis delivery service,kikis_delivery_service,,,,,98.0,47.0,89.0,2026-03-13,3.0,4.0,2026.0,1,0,0,1,0,Other,3,0,0,1,0,0,0,1,1,0,0,0,0,0,Animation Family Fantasy,0,0.0,,0.0,14.33946659925838,14.807729575644089,False,False,False,False,False,True,False,False,False,False,False,False,True,False,False,False,False,False,False,False,False,False
The Secret Agent,2026,2025-11-26,4282051.0,312.0,Crime Drama Mystery Thriller,,https://www.boxofficemojo.com/release/rl2835120129/?ref_=bo_yld_table_80,47968.0,2.0,,R,161.0,Neon,the secret agent,,,,,,,,,2025-11-26,11.0,2.0,2025.0,1,0,1,0,0,Other,4,0,0,0,0,1,1,0,0,0,0,0,0,1,Crime Drama Mystery Thriller,0,0.0,,0.0,10.778310247916512,15.26994289191604,False,False,False,False,False,True,False,False,False,False,False,False,False,False,False,False,False,False,False,False,True,False
Clika,2026,2026-01-23,2644377.0,540.0,Drama Music,,https://www.boxofficemojo.com/release/rl3744628737/?ref_=bo_yld_table_81,1260933.0,522.0,,R,82.0,Columbia Pictures,clika,clika,,,,,10.0,10.0,92.0,2026-01-23,1.0,4.0,2026.0,0,0,0,0,0,Sony,4,0,0,0,0,0,1,0,0,0,0,0,0,0,Drama Music,0,0.0,,0.0,14.047363274164137,14.7879464349394,False,False,False,False,False,False,False,True,False,False,True,False,False,False,False,False,False,False,False,False,False,False
Faces of Death,2026,2026-04-10,2609598.0,1600.0,Horror,,https://www.boxofficemojo.com/release/rl2072936449/?ref_=bo_yld_table_82,1647717.0,1600.0,,R,97.0,IFC Films,faces of death,faces-of-death,,,,,21.0,14.0,40.0,2026-04-10,4.0,4.0,2026.0,0,0,0,0,0,Other,4,0,0,0,0,0,0,0,0,1,0,0,0,0,Horror,0,0.0,,0.0,14.3149018583046,14.774707127648323,False,False,False,False,False,True,False,False,False,False,False,False,False,True,False,False,False,False,False,False,False,False
Mother Mary,2026,Apr 17,2565507.0,1103.0,Drama Music Thriller,,https://www.boxofficemojo.com/release/rl1837858817/?ref_=bo_yld_table_83,168063.0,5.0,,R,111.0,A24,mother mary,mother_mary,,,,,70.0,186.0,60.0,,,,2026.0,0,0,0,0,0,A24,4,0,0,0,0,0,1,0,0,0,0,0,0,1,Drama Music Thriller,0,0.0,,0.0,12.032100138222413,14.75766706765982,True,False,False,False,False,False,False,False,False,False,False,False,False,False,False,False,False,False,False,False,False,False
Psycho Killer,2026,2026-02-20,2555070.0,1100.0,Crime Drama Horror Thriller,,https://www.boxofficemojo.com/release/rl3369435137/?ref_=bo_yld_table_84,1613435.0,1100.0,,R,91.0,20th Century Studios,psycho killer,psycho_killer,,,,,9.0,45.0,37.0,2026-02-20,2.0,4.0,2026.0,1,0,0,0,0,Disney,4,0,0,0,0,1,1,0,0,1,0,0,0,1,Crime Drama Horror Thriller,0,0.0,,0.0,14.293876624363634,14.753590569883551,False,False,True,False,False,False,False,False,False,False,False,True,False,False,False,False,False,False,False,False,False,False
Demon Slayer: Kimetsu No Yaiba Infinity Castle,2026,2025-09-12,136950340.0,3342.0,Action Adventure Animation Fantasy Thriller,,https://www.boxofficemojo.com/release/rl53837825/?ref_=bo_yld_table_85,70611098.0,3315.0,20000000.0,R,155.0,Sony Pictures Releasing,demon slayer kimetsu no yaiba infinity castle,demon_slayer_kimetsu_no_yaiba_infinity_castle,,,,,98.0,62.0,98.0,2025-09-12,9.0,4.0,2025.0,0,0,0,0,1,Sony,4,1,1,1,0,0,0,0,1,0,0,0,0,1,Action Adventure Animation Fantasy Thriller,1,16.811242881518265,,0.0,18.072697899739058,18.7351289436301,False,False,False,False,False,False,False,True,False,False,False,False,False,False,False,False,False,False,True,False,False,False
BTS WORLD TOUR 'ARIRANG' in GOYANG: LIVE VIEWING,2026,2026-04-11,2440000.0,1189.0,Documentary Music,,https://www.boxofficemojo.com/release/rl2895282177/?ref_=bo_yld_table_86,2440000.0,1189.0,,,,Trafalgar Releasing,bts world tour arirang in goyang live viewing,bts_world_tour_arirang_in_goyang_live_viewing,,,,,98.0,225.0,98.0,2026-04-11,4.0,5.0,2026.0,0,0,0,0,1,Other,3,0,0,0,0,0,0,0,0,0,0,0,0,0,Documentary Music,0,0.0,,0.0,14.707509007105367,14.707509007105367,False,False,False,False,False,True,False,False,False,False,False,False,False,True,False,False,False,False,False,False,False,False
The Testament of Ann Lee,2026,2025-12-25,2515020.0,500.0,Biography Drama History Musical,,https://www.boxofficemojo.com/release/rl871006209/?ref_=bo_yld_table_87,74796.0,4.0,,R,136.0,Searchlight Pictures,the testament of ann lee,the_testament_of_ann_lee,20251224022022.0,,,,86.0,212.0,81.0,2025-12-25,12.0,3.0,2025.0,1,0,1,0,0,Disney,4,0,0,0,0,0,1,0,0,0,1,0,0,0,Biography Drama History Musical,0,0.0,,0.0,11.222533056206391,14.737791711381712,False,False,True,False,False,False,False,False,False,False,False,False,False,False,False,False,False,False,False,False,False,True
Forbidden Fruits,2026,2026-03-27,2322616.0,1525.0,Comedy Horror,,https://www.boxofficemojo.com/release/rl2257813505/?ref_=bo_yld_table_88,1171861.0,1525.0,,R,103.0,IFC Films,forbidden fruits,forbidden-fruits,,,,,54.0,3.0,54.0,2026-03-27,3.0,4.0,2026.0,0,0,0,1,0,Other,4,0,0,0,1,0,0,0,0,1,0,0,0,0,Comedy Horror,0,0.0,,0.0,13.974104494746047,14.658205125150458,False,False,False,False,False,True,False,False,False,False,False,False,True,False,False,False,False,False,False,False,False,False
Dead Man's Wire,2026,Jan 9,2236813.0,1101.0,Biography Crime Drama History Thriller,,https://www.boxofficemojo.com/release/rl982089729/?ref_=bo_yld_table_89,150659.0,14.0,,R,104.0,Row K Entertainment,dead mans wire,dead_mans_wire,,,,,91.0,163.0,76.0,,,,2026.0,0,0,0,0,0,Other,4,0,0,0,0,1,1,0,0,0,0,0,0,1,Biography Crime Drama History Thriller,0,0.0,,0.0,11.922780921379685,14.620563089943387,False,False,False,False,False,True,False,False,False,False,False,False,False,False,False,False,False,False,False,False,False,False
Tuner,2026,May 22,2222671.0,452.0,Crime Drama Music Romance Thriller,,https://www.boxofficemojo.com/release/rl1233682433/?ref_=bo_yld_table_90,104420.0,4.0,,R,109.0,Black Bear,tuner,tuner,,,,,94.0,147.0,94.0,,,,2026.0,0,0,0,0,0,Other,4,0,0,0,0,1,1,0,0,0,0,1,0,1,Crime Drama Music Romance Thriller,0,0.0,,0.0,11.55618608362813,14.61422063370193,False,False,False,False,False,True,False,False,False,False,False,False,False,False,False,False,False,False,False,False,False,False
Busboys,2026,2026-04-17,2607503.0,800.0,Comedy,,https://www.boxofficemojo.com/release/rl2913107969/?ref_=bo_yld_table_91,1650000.0,800.0,,R,97.0,Busboys Holdings,busboys,busboys,20260416222407.0,,,,65.0,105.0,65.0,2026-04-17,4.0,4.0,2026.0,0,0,0,0,0,Other,4,0,0,0,1,0,0,0,0,0,0,0,0,0,Comedy,0,0.0,,0.0,14.316286451937186,14.77390399989232,False,False,False,False,False,True,False,False,False,False,False,False,False,True,False,False,False,False,False,False,False,False
Over Your Dead Body,2026,2026-04-24,2154696.0,1550.0,Action Comedy Thriller,,https://www.boxofficemojo.com/release/rl3683418113/?ref_=bo_yld_table_92,1393356.0,1550.0,,R,105.0,IFC Films,over your dead body,over_your_dead_body,,,,,60.0,10.0,43.0,2026-04-24,4.0,4.0,2026.0,0,0,0,0,0,Other,4,1,0,0,1,0,0,0,0,0,0,0,0,1,Action Comedy Thriller,0,0.0,,0.0,14.147226501334508,14.583160668386162,False,False,False,False,False,True,False,False,False,False,False,False,False,True,False,False,False,False,False,False,False,False
2026 Oscar Nominated Short Films: Animation,2026,2026-02-20,2087582.0,349.0,Animation,,https://www.boxofficemojo.com/release/rl4069752833/?ref_=bo_yld_table_93,994913.0,349.0,,,83.0,Roadside Attractions,2026 oscar nominated short films animation,,,,,,,,,2026-02-20,2.0,4.0,2026.0,1,0,0,0,1,Other,3,0,0,1,0,0,0,0,0,0,0,0,0,0,Animation,0,0.0,,0.0,13.810411580244452,14.551517495395762,False,False,False,False,False,True,False,False,False,False,False,True,False,False,False,False,False,False,False,False,False,False
I Was a Stranger,2026,Jan 9,2008686.0,1400.0,Drama,,https://www.boxofficemojo.com/release/rl3185541121/?ref_=bo_yld_table_94,1199400.0,1400.0,,PG,103.0,Angel,i was a stranger,i_was_a_stranger,,,,,76.0,21.0,83.0,,,,2026.0,0,0,0,0,0,Other,2,0,0,0,0,0,1,0,0,0,0,0,0,0,Drama,0,0.0,,0.0,13.997332823466408,14.512991832754233,False,False,False,False,False,True,False,False,False,False,False,False,False,False,False,False,False,False,False,False,False,False
Charlie the Wonderdog,2026,2026-01-16,2003436.0,1230.0,Animation Comedy Family,,https://www.boxofficemojo.com/release/rl434405377/?ref_=bo_yld_table_95,781550.0,1230.0,,PG,95.0,Viva Pictures,charlie the wonderdog,charlie_the_wonderdog,,,,,40.0,15.0,75.0,2026-01-16,1.0,4.0,2026.0,1,0,0,0,0,Other,2,0,0,1,1,0,0,1,0,0,0,0,0,0,Animation Comedy Family,0,0.0,,0.0,13.569035685831468,14.510374763592633,False,False,False,False,False,True,False,False,False,False,True,False,False,False,False,False,False,False,False,False,False,False
The Story of Everything,2026,2026-04-30,1947962.0,513.0,Documentary,,https://www.boxofficemojo.com/release/rl4254433281/?ref_=bo_yld_table_96,893346.0,513.0,,,97.0,Fathom Entertainment,the story of everything,the_story_of_everything,,,,,92.0,357.0,92.0,2026-04-30,4.0,3.0,2026.0,0,0,0,0,0,Other,3,0,0,0,0,0,0,0,0,0,0,0,0,0,Documentary,0,0.0,,0.0,13.70273036220937,14.482294769164396,False,False,False,False,False,True,False,False,False,False,False,False,False,True,False,False,False,False,False,False,False,False
The Christophers,2026,2026-04-10,1807376.0,368.0,Comedy Drama,,https://www.boxofficemojo.com/release/rl3198189569/?ref_=bo_yld_table_97,80672.0,4.0,,R,100.0,Neon,the christophers,the_christophers,,,,,96.0,158.0,87.0,2026-04-10,4.0,4.0,2026.0,0,0,0,0,0,Other,4,0,0,0,1,0,1,0,0,0,0,0,0,0,Comedy Drama,0,0.0,,0.0,11.29815922578547,14.407387180907033,False,False,False,False,False,True,False,False,False,False,False,False,False,True,False,False,False,False,False,False,False,False
BTS WORLD TOUR 'ARIRANG' in JAPAN: LIVE VIEWING,2026,2026-04-18,1800000.0,1189.0,Documentary Music,,https://www.boxofficemojo.com/release/rl2945613825/?ref_=bo_yld_table_98,1800000.0,1189.0,,,,Trafalgar Releasing,bts world tour arirang in japan live viewing,bts_world_tour_arirang_in_japan_live_viewing,,,,,98.0,157.0,98.0,2026-04-18,4.0,5.0,2026.0,0,0,0,0,1,Other,3,0,0,0,0,0,0,0,0,0,0,0,0,0,Documentary Music,0,0.0,,0.0,14.403297778421795,14.403297778421795,False,False,False,False,False,True,False,False,False,False,False,False,False,True,False,False,False,False,False,False,False,False
Shrek,2026,2026-05-15,1790365.0,1370.0,Adventure Animation Comedy Family Fantasy Romance,,https://www.boxofficemojo.com/release/rl3131604993/?ref_=bo_yld_table_99,1209710.0,1370.0,60000000.0,PG,90.0,,shrek,shrek,,,,,89.0,214.0,90.0,2026-05-15,5.0,4.0,2026.0,0,1,0,0,0,Other,2,0,1,1,1,0,0,1,1,0,0,1,0,0,Adventure Animation Comedy Family Fantasy Romance,1,17.909855136853043,,0.0,14.00589204607019,14.397930626189687,False,False,False,False,False,True,False,False,False,False,False,False,False,False,True,False,False,False,False,False,False,False
Sirat,2026,2026-02-06,1711698.0,174.0,Action Adventure Drama Music Mystery Thriller,,https://www.boxofficemojo.com/release/rl3163455489/?ref_=bo_yld_table_100,137997.0,4.0,,R,114.0,Neon,sirat,sirat,,,,,90.0,201.0,86.0,2026-02-06,2.0,4.0,2026.0,0,0,0,0,0,Other,4,1,1,0,0,0,1,0,0,0,0,0,0,1,Action Adventure Drama Music Mystery Thriller,0,0.0,,0.0,11.834994471280698,14.352997002469062,False,False,False,False,False,True,False,False,False,False,False,True,False,False,False,False,False,False,False,False,False,False
Blades of the Guardians,2026,2026-02-17,1606672.0,184.0,Action Adventure Drama Western,,https://www.boxofficemojo.com/release/rl1468825601/?ref_=bo_yld_table_101,479781.0,184.0,,R,126.0,Well Go USA Entertainment,blades of the guardians,blades_of_the_guardians_wind_rises_in_the_desert,,,,,97.0,30.0,96.0,2026-02-17,2.0,1.0,2026.0,1,0,0,0,0,Other,4,1,1,0,0,0,1,0,0,0,0,0,0,0,Action Adventure Drama Western,0,0.0,,0.0,13.081087113052488,14.289676139259617,False,False,False,False,False,True,False,False,False,False,False,True,False,False,False,False,False,False,False,False,False,False
Dhurandhar,2026,2025-12-05,19702994.0,400.0,Action Adventure Crime Drama Thriller,,https://www.boxofficemojo.com/release/rl2558623745/?ref_=bo_yld_table_102,1980000.0,391.0,,,214.0,Moviegoers Entertainment,dhurandhar,dhurandhar,,,,,35.0,20.0,96.0,2025-12-05,12.0,4.0,2025.0,0,0,1,0,0,Other,3,1,1,0,0,1,1,0,0,0,0,0,0,1,Action Adventure Crime Drama Thriller,0,0.0,,0.0,14.498607907721096,16.79628121260961,False,False,False,False,False,True,False,False,False,False,False,False,False,False,False,False,False,False,False,False,False,True
Cold Storage,2026,2026-02-13,1529234.0,1041.0,Comedy Horror Sci-Fi,,https://www.boxofficemojo.com/release/rl2626387969/?ref_=bo_yld_table_103,936170.0,1041.0,,R,99.0,The Samuel Goldwyn Company,cold storage,cold_storage,,,,,34.0,26.0,34.0,2026-02-13,2.0,4.0,2026.0,0,0,0,0,0,Other,4,0,0,0,1,0,0,0,0,1,0,0,1,0,Comedy Horror Sci-Fi,0,0.0,,0.0,13.749553431081214,14.240278168326936,False,False,False,False,False,True,False,False,False,False,False,True,False,False,False,False,False,False,False,False,False,False
Fuze,2026,2026-04-24,1485756.0,1164.0,Action Crime Thriller War,,https://www.boxofficemojo.com/release/rl2795864065/?ref_=bo_yld_table_104,1004330.0,1164.0,,R,98.0,Roadside Attractions,fuze,fuze,20260422042610.0,,,,73.0,102.0,78.0,2026-04-24,4.0,4.0,2026.0,0,0,0,0,0,Other,4,1,0,0,0,1,0,0,0,0,0,0,0,1,Action Crime Thriller War,0,0.0,,0.0,13.819832206175782,14.211434964643015,False,False,False,False,False,True,False,False,False,False,False,False,False,True,False,False,False,False,False,False,False,False
Teenage Mutant Ninja Turtles II: The Secret of the Ooze,2026,2026-03-13,1476000.0,1372.0,Action Adventure Comedy Family Sci-Fi,,https://www.boxofficemojo.com/release/rl4137254913/?ref_=bo_yld_table_105,1476000.0,1372.0,25000000.0,,88.0,Fandango,teenage mutant ninja turtles ii the secret of the ooze,,,,,,,,,2026-03-13,3.0,4.0,2026.0,1,0,0,1,1,Other,3,1,1,0,1,0,0,1,0,0,0,0,1,0,Action Adventure Comedy Family Sci-Fi,1,17.034386422832473,,0.0,14.2048469616491,14.2048469616491,False,False,False,False,False,True,False,False,False,False,False,False,True,False,False,False,False,False,False,False,False,False
Bhooth Bangla,2026,2026-04-16,2168456.0,500.0,Comedy Horror,,https://www.boxofficemojo.com/release/rl379224065/?ref_=bo_yld_table_106,950000.0,500.0,,,173.0,FUNASIA FILMS,bhooth bangla,bhooth_bangla,,,,,17.0,12.0,66.0,2026-04-16,4.0,3.0,2026.0,0,0,0,0,0,Other,3,0,0,0,1,0,0,0,0,1,0,0,0,0,Comedy Horror,0,0.0,,0.0,13.76421831620775,14.589526412685808,False,False,False,False,False,True,False,False,False,False,False,False,False,True,False,False,False,False,False,False,False,False
That Time I Got Reincarnated as a Slime the Movie: Tears of the Azure Sea,2026,2026-05-01,1423753.0,837.0,Adventure Animation Fantasy,,https://www.boxofficemojo.com/release/rl2593423361/?ref_=bo_yld_table_107,947325.0,837.0,,PG,105.0,Sony Pictures Releasing,that time i got reincarnated as a slime the movie tears of the azure sea,that_time_i_got_reincarnated_as_a_slime_the_movie_tears_of_the_azure_sea,20260430143254.0,,,,82.0,11.0,90.0,2026-05-01,5.0,4.0,2026.0,0,1,0,0,1,Sony,2,0,1,1,0,0,0,0,1,0,0,0,0,0,Adventure Animation Fantasy,0,0.0,,0.0,13.761398557913665,14.168807603221584,False,False,False,False,False,False,False,True,False,False,False,False,False,False,True,False,False,False,False,False,False,False
Sentimental Value,2026,2025-11-07,5338580.0,334.0,Drama Family,,https://www.boxofficemojo.com/release/rl3858071553/?ref_=bo_yld_table_108,200031.0,4.0,,R,133.0,Neon,sentimental value,sentimental_value,20251103042955.0,,,,95.0,249.0,94.0,2025-11-07,11.0,4.0,2025.0,0,0,1,0,0,Other,4,0,0,0,0,0,1,1,0,0,0,0,0,0,Drama Family,0,0.0,,0.0,12.206232632731538,15.490470445286737,False,False,False,False,False,True,False,False,False,False,False,False,False,False,False,False,False,False,False,False,True,False
A Private Life,2026,2026-01-16,1421315.0,420.0,Crime Drama Mystery Thriller,,https://www.boxofficemojo.com/release/rl3169091585/?ref_=bo_yld_table_109,66912.0,5.0,,R,107.0,Sony Pictures Classics,a private life,,,,,,,,,2026-01-16,1.0,4.0,2026.0,1,0,0,0,0,Sony,4,0,0,0,0,1,1,0,0,0,0,0,0,1,Crime Drama Mystery Thriller,0,0.0,,0.0,11.111148547119075,14.167093760963395,False,False,False,False,False,False,False,True,False,False,True,False,False,False,False,False,False,False,False,False,False,False
One Battle After Another,2026,2025-09-26,72918884.0,3634.0,Crime Drama Thriller,,https://www.boxofficemojo.com/release/rl1784184833/?ref_=bo_yld_table_111,22000387.0,3634.0,,R,161.0,Warner Bros.,one battle after another,one_battle_after_another,,,,,94.0,437.0,85.0,2025-09-26,9.0,4.0,2025.0,0,0,0,0,0,WB,4,0,0,0,0,1,1,0,0,0,0,0,0,1,Crime Drama Thriller,0,0.0,,0.0,16.906570647530707,18.104858216928264,False,False,False,False,False,False,False,False,False,True,False,False,False,False,False,False,False,False,True,False,False,False
Rabb Da Radio 3,2026,2026-04-03,1854645.0,,Drama Romance,,https://www.boxofficemojo.com/release/rl446922753/?ref_=bo_yld_table_112,765941.0,,,,119.0,,rabb da radio 3,,,,,,,,,2026-04-03,4.0,4.0,2026.0,0,0,0,0,1,Other,3,0,0,0,0,0,1,0,0,0,0,1,0,0,Drama Romance,0,0.0,,0.0,13.54886172784031,14.433204400232732,False,False,False,False,False,True,False,False,False,False,False,False,False,True,False,False,False,False,False,False,False,False
Beast,2026,2026-04-10,1290388.0,1160.0,Action Drama Sport,,https://www.boxofficemojo.com/release/rl3315630081/?ref_=bo_yld_table_113,805993.0,1160.0,,R,114.0,Lionsgate,beast,beast,,,,,92.0,144.0,75.0,2026-04-10,4.0,4.0,2026.0,0,0,0,0,0,Lionsgate,4,1,0,0,0,0,1,0,0,0,0,0,0,0,Action Drama Sport,0,0.0,,0.0,13.599831577292322,14.070454281268272,False,False,False,True,False,False,False,False,False,False,False,False,False,True,False,False,False,False,False,False,False,False
Protector,2026,2026-03-06,1290170.0,1007.0,Action Crime Drama Fantasy Horror Mystery Thriller,,https://www.boxofficemojo.com/release/rl1352237057/?ref_=bo_yld_table_114,723940.0,1007.0,,R,91.0,Magenta Light Studios,protector,protector,,,,,53.0,89.0,76.0,2026-03-06,3.0,4.0,2026.0,0,0,0,1,0,Other,4,1,0,0,0,1,1,0,1,1,0,0,0,1,Action Crime Drama Fantasy Horror Mystery Thriller,0,0.0,,0.0,13.492465176334516,14.070285325692335,False,False,False,False,False,True,False,False,False,False,False,False,True,False,False,False,False,False,False,False,False,False
Uma Musume: Pretty Derby - Beginning of a New Era,2026,2026-02-27,1275499.0,600.0,Animation Comedy Drama Sport,,https://www.boxofficemojo.com/release/rl3146285057/?ref_=bo_yld_table_115,896293.0,600.0,,,107.0,Gaga,uma musume pretty derby  beginning of a new era,umamusume_pretty_derby_beginning_of_a_new_era,,,,,98.0,95.0,98.0,2026-02-27,2.0,4.0,2026.0,0,0,0,0,1,Other,3,0,0,1,1,0,1,0,0,0,0,0,0,0,Animation Comedy Drama Sport,0,0.0,,0.0,13.706023763135832,14.058848816564003,False,False,False,False,False,True,False,False,False,False,False,True,False,False,False,False,False,False,False,False,False,False
The AI Doc: Or How I Became an Apocaloptimist,2026,2026-03-27,1271825.0,786.0,Animation Documentary,,https://www.boxofficemojo.com/release/rl2306899969/?ref_=bo_yld_table_116,646020.0,786.0,,PG,104.0,Focus Features,the ai doc or how i became an apocaloptimist,the_ai_doc_or_how_i_became_an_apocaloptimist,,,,,87.0,54.0,87.0,2026-03-27,3.0,4.0,2026.0,0,0,0,1,1,Universal,2,0,0,1,0,0,0,0,0,0,0,0,0,0,Animation Documentary,0,0.0,,0.0,13.378587289976311,14.055964221072433,False,False,False,False,False,False,False,False,True,False,False,False,True,False,False,False,False,False,False,False,False,False
Back to the Past,2026,2026-01-30,1949379.0,124.0,Action Adventure Comedy Sci-Fi,,https://www.boxofficemojo.com/release/rl2139652097/?ref_=bo_yld_table_117,695019.0,64.0,,,107.0,Well Go USA Entertainment,back to the past,back_to_the_past,,,,,40.0,10.0,93.0,2026-01-30,1.0,4.0,2026.0,0,0,0,0,0,Other,3,1,1,0,1,0,0,0,0,0,0,0,1,0,Action Adventure Comedy Sci-Fi,0,0.0,,0.0,13.451695901111297,14.48302193126557,False,False,False,False,False,True,False,False,False,False,True,False,False,False,False,False,False,False,False,False,False,False
Whistle,2026,2026-02-06,1250972.0,1200.0,Horror,,https://www.boxofficemojo.com/release/rl428769281/?ref_=bo_yld_table_118,705080.0,1200.0,,R,100.0,IFC Films,whistle,,,,,,,,,2026-02-06,2.0,4.0,2026.0,0,0,0,0,0,Other,4,0,0,0,0,0,0,0,0,1,0,0,0,0,Horror,0,0.0,,0.0,13.466067968811661,14.039432206482324,False,False,False,False,False,True,False,False,False,False,False,True,False,False,False,False,False,False,False,False,False,False
American Youngboy,2026,2026-04-22,1194000.0,583.0,Documentary,,https://www.boxofficemojo.com/release/rl2376368129/?ref_=bo_yld_table_119,1194000.0,583.0,,,75.0,Foundation Media Partners,american youngboy,,,,,,,,,2026-04-22,4.0,2.0,2026.0,0,0,0,0,0,Other,3,0,0,0,0,0,0,0,0,0,0,0,0,0,Documentary,0,0.0,,0.0,13.992820410455272,13.992820410455272,False,False,False,False,False,True,False,False,False,False,False,False,False,True,False,False,False,False,False,False,False,False
Drishyam 3,2026,2026-05-22,1650583.0,284.0,Crime Drama Family Thriller,,https://www.boxofficemojo.com/release/rl1051820033/?ref_=bo_yld_table_120,1179881.0,284.0,,,157.0,Prathyangira Cinemas,drishyam 3,drishyam_3,,,,,79.0,16.0,79.0,2026-05-22,5.0,4.0,2026.0,0,1,0,0,1,Other,3,0,0,0,0,1,1,1,0,0,0,0,0,1,Crime Drama Family Thriller,0,0.0,,0.0,13.980924991441514,14.316639722648931,False,False,False,False,False,True,False,False,False,False,False,False,False,False,True,False,False,False,False,False,False,False
Mobile Suit Gundam Hathaway: The Sorcery of Nymph Circe,2026,2026-05-15,1165491.0,894.0,Action Animation Drama Sci-Fi,,https://www.boxofficemojo.com/release/rl1067220993/?ref_=bo_yld_table_121,820038.0,894.0,,PG,108.0,Bandai,mobile suit gundam hathaway the sorcery of nymph circe,mobile_suit_gundam_hathaway_the_sorcery_of_nymph_circe,,,,,92.0,96.0,92.0,2026-05-15,5.0,4.0,2026.0,0,1,0,0,1,Other,2,1,0,1,0,0,1,0,0,0,0,0,1,0,Action Animation Drama Sci-Fi,0,0.0,,0.0,13.617107179085059,13.968653873427527,False,False,False,False,False,True,False,False,False,False,False,False,False,False,True,False,False,False,False,False,False,False
Time Hoppers: The Silk Road,2026,2026-02-07,1114850.0,,Adventure Animation Family Sci-Fi,,https://www.boxofficemojo.com/release/rl1250131969/?ref_=bo_yld_table_122,1049349.0,,,,80.0,Fathom Entertainment,time hoppers the silk road,time_hoppers_the_silk_road,,,,,99.0,49.0,99.0,2026-02-07,2.0,5.0,2026.0,0,0,0,0,1,Other,3,0,1,1,0,0,0,1,0,0,0,0,1,0,Adventure Animation Family Sci-Fi,0,0.0,,0.0,13.863681482825568,13.924231321659772,False,False,False,False,False,True,False,False,False,False,False,True,False,False,False,False,False,False,False,False,False,False
Karuppu,2026,2026-05-15,1290823.0,83.0,Action Comedy Drama Fantasy,,https://www.boxofficemojo.com/release/rl1185710081/?ref_=bo_yld_table_123,775019.0,,,,150.0,,karuppu,karuppu,,,,,78.0,11.0,78.0,2026-05-15,5.0,4.0,2026.0,0,1,0,0,0,Other,3,1,0,0,1,0,1,0,1,0,0,0,0,0,Action Comedy Drama Fantasy,0,0.0,,0.0,13.560644114454115,14.070791332107639,False,False,False,False,False,True,False,False,False,False,False,False,False,False,True,False,False,False,False,False,False,False
Pegasus 3,2026,2026-02-27,1374946.0,315.0,Comedy Sport,,https://www.boxofficemojo.com/release/rl2123988993/?ref_=bo_yld_table_124,813849.0,315.0,,,126.0,CMC Pictures,pegasus 3,pegasus_3,,,,,97.0,1.0,97.0,2026-02-27,2.0,4.0,2026.0,0,0,0,0,1,Other,3,0,0,0,1,0,0,0,0,0,0,0,0,0,Comedy Sport,0,0.0,,0.0,13.609531352819644,14.133925742885369,False,False,False,False,False,True,False,False,False,False,False,True,False,False,False,False,False,False,False,False,False,False
I Swear,2026,2026-04-24,1055955.0,701.0,Biography Drama,,https://www.boxofficemojo.com/release/rl2594471937/?ref_=bo_yld_table_125,666402.0,701.0,,R,,Sony Pictures Classics,i swear,,,,,,,,,2026-04-24,4.0,4.0,2026.0,0,0,0,0,0,Sony,4,0,0,0,0,0,1,0,0,0,0,0,0,0,Biography Drama,0,0.0,,0.0,13.409649871625357,13.869957075713598,False,False,False,False,False,False,False,True,False,False,False,False,False,True,False,False,False,False,False,False,False,False
Kokuho,2026,Nov 14,1119136.0,261.0,Drama,,https://www.boxofficemojo.com/release/rl3180232705/?ref_=bo_yld_table_126,38797.0,2.0,,,175.0,GKIDS,kokuho,kokuho,,,,,95.0,58.0,97.0,,,,2026.0,0,0,0,0,0,Other,3,0,0,0,0,0,1,0,0,0,0,0,0,0,Drama,0,0.0,,0.0,10.566123977891051,13.928068410541764,False,False,False,False,False,True,False,False,False,False,False,False,False,False,False,False,False,False,False,False,False,False
Midwinter Break,2026,2026-02-20,1002905.0,808.0,Drama,,https://www.boxofficemojo.com/release/rl3355017217/?ref_=bo_yld_table_127,506765.0,808.0,,PG,90.0,Focus Features,midwinter break,midwinter_break,20260218110949.0,,,,65.0,51.0,42.0,2026-02-20,2.0,4.0,2026.0,1,0,0,0,0,Universal,2,0,0,0,0,0,1,0,0,0,0,0,0,0,Drama,0,0.0,,0.0,13.135804637570123,13.818412343708717,False,False,False,False,False,False,False,False,True,False,False,True,False,False,False,False,False,False,False,False,False,False
The Choral,2026,2025-12-25,1020176.0,506.0,Drama History Music Romance War,,https://www.boxofficemojo.com/release/rl3118759937/?ref_=bo_yld_table_128,18023.0,4.0,,R,113.0,Sony Pictures Classics,the choral,the_choral,,,,,66.0,103.0,79.0,2025-12-25,12.0,3.0,2025.0,1,0,1,0,0,Sony,4,0,0,0,0,0,1,0,0,0,0,1,0,0,Drama History Music Romance War,0,0.0,,0.0,9.79945948211208,13.835486699617732,False,False,False,False,False,False,False,True,False,False,False,False,False,False,False,False,False,False,False,False,False,True
Fight Club,2026,Apr 22,972937.0,1625.0,Crime Drama Thriller,,https://www.boxofficemojo.com/release/rl1805549569/?ref_=bo_yld_table_129,228468.0,700.0,63000000.0,R,139.0,20th Century Studios,fight club,fight_club,,,,,81.0,251.0,96.0,,,,2026.0,0,0,0,0,0,Disney,4,0,0,0,0,1,1,0,0,0,0,0,0,1,Crime Drama Thriller,1,17.958645300228824,,0.0,12.339155812716681,13.788075638685699,False,False,True,False,False,False,False,False,False,False,False,False,False,False,False,False,False,False,False,False,False,False
Arco,2026,2026-01-23,1000913.0,302.0,Adventure Animation Fantasy Sci-Fi,,https://www.boxofficemojo.com/release/rl1888124929/?ref_=bo_yld_table_130,45303.0,4.0,,PG,88.0,Neon,arco,arco,,,,,93.0,118.0,89.0,2026-01-23,1.0,4.0,2026.0,0,0,0,0,0,Other,2,0,1,1,0,0,0,0,1,0,0,0,1,0,Adventure Animation Fantasy Sci-Fi,0,0.0,,0.0,10.721150607793641,13.816424140520617,False,False,False,False,False,True,False,False,False,False,True,False,False,False,False,False,False,False,False,False,False,False
Slanted,2026,2026-03-13,906216.0,588.0,Comedy Drama Horror Sci-Fi,,https://www.boxofficemojo.com/release/rl848855041/?ref_=bo_yld_table_131,625667.0,588.0,,R,104.0,Bleecker Street Media,slanted,slanted,,,,,68.0,73.0,67.0,2026-03-13,3.0,4.0,2026.0,1,0,0,1,0,Other,4,0,0,0,1,0,1,0,0,1,0,0,1,0,Comedy Drama Horror Sci-Fi,0,0.0,,0.0,13.346575157958467,13.71703407069492,False,False,False,False,False,True,False,False,False,False,False,False,True,False,False,False,False,False,False,False,False,False
Father Mother Sister Brother,2026,2025-12-24,964544.0,253.0,Comedy Drama,,https://www.boxofficemojo.com/release/rl2508685313/?ref_=bo_yld_table_132,44251.0,4.0,,R,110.0,MUBI,father mother sister brother,father_mother_sister_brother,,,,,83.0,143.0,48.0,2025-12-24,12.0,2.0,2025.0,1,0,1,0,0,Other,4,0,0,0,1,0,1,0,0,0,0,0,0,0,Comedy Drama,0,0.0,,0.0,10.6976558471548,13.77941176653815,False,False,False,False,False,True,False,False,False,False,False,False,False,False,False,False,False,False,False,False,False,True
The Voice of Hind Rajab,2026,2025-12-17,955679.0,125.0,Biography Drama War,,https://www.boxofficemojo.com/release/rl2012381185/?ref_=bo_yld_table_133,35351.0,2.0,,,89.0,WILLA,the voice of hind rajab,the_voice_of_hind_rajab,,,,,94.0,134.0,100.0,2025-12-17,12.0,2.0,2025.0,0,0,1,0,0,Other,3,0,0,0,0,0,1,0,0,0,0,0,0,0,Biography Drama War,0,0.0,,0.0,10.473110246810576,13.770178407966133,False,False,False,False,False,True,False,False,False,False,False,False,False,False,False,False,False,False,False,False,False,True
The Mummy Returns,2026,2026-03-27,785110.0,1430.0,Action Adventure Fantasy Thriller,,https://www.boxofficemojo.com/release/rl3718021121/?ref_=bo_yld_table_135,596080.0,1430.0,98000000.0,PG,130.0,Universal Pictures,the mummy returns,,,,,,,,,2026-03-27,3.0,4.0,2026.0,0,0,0,1,1,Universal,2,1,1,0,0,0,0,0,1,0,0,0,0,1,Action Adventure Fantasy Thriller,1,18.400478046838927,,0.0,13.298131842853365,13.573580388042213,False,False,False,False,False,False,False,False,True,False,False,False,True,False,False,False,False,False,False,False,False,False
Attack on Titan: The Last Attack,2026,2025-02-10,3638404.0,525.0,Action Adventure Animation Drama Horror,,https://www.boxofficemojo.com/release/rl4130111489/?ref_=bo_yld_table_136,170239.0,108.0,,,145.0,Sony Pictures Releasing,attack on titan the last attack,attack_on_titan_the_last_attack,,,,,99.0,238.0,99.0,2025-02-10,2.0,0.0,2025.0,0,0,0,0,1,Sony,3,1,1,1,0,0,1,0,0,1,0,0,0,0,Action Adventure Animation Drama Horror,0,0.0,,0.0,12.044964485135417,15.10705595676784,False,False,False,False,False,False,False,True,False,False,False,True,False,False,False,False,False,False,False,False,False,False
One Spoon of Chocolate,2026,2026-05-01,743092.0,636.0,Action Drama Thriller,,https://www.boxofficemojo.com/release/rl1519943681/?ref_=bo_yld_table_137,558440.0,636.0,,R,114.0,Variance Films,one spoon of chocolate,rzas_one_spoon_of_chocolate,20260430010607.0,,,,42.0,31.0,76.0,2026-05-01,5.0,4.0,2026.0,0,1,0,0,0,Other,4,1,0,0,0,0,1,0,0,0,0,0,0,1,Action Drama Thriller,0,0.0,,0.0,13.232904251803653,13.518576484103884,False,False,False,False,False,True,False,False,False,False,False,False,False,False,True,False,False,False,False,False,False,False
Dolly,2026,2026-03-06,725979.0,810.0,Horror,,https://www.boxofficemojo.com/release/rl3582361601/?ref_=bo_yld_table_138,473909.0,810.0,,R,83.0,IFC Films,dolly,dolly,,,,,60.0,86.0,46.0,2026-03-06,3.0,4.0,2026.0,0,0,0,1,0,Other,4,0,0,0,0,0,0,0,0,1,0,0,0,0,Horror,0,0.0,,0.0,13.068772709231252,13.495277745218107,False,False,False,False,False,True,False,False,False,False,False,False,True,False,False,False,False,False,False,False,False,False
Madagascar,2026,2026-01-16,708665.0,1083.0,Adventure Animation Comedy Family,,https://www.boxofficemojo.com/release/rl2659811329/?ref_=bo_yld_table_139,402695.0,1083.0,,PG,86.0,Universal Pictures,madagascar,madagascar,,,,,55.0,192.0,67.0,2026-01-16,1.0,4.0,2026.0,1,0,0,0,0,Universal,2,0,1,1,1,0,0,1,0,0,0,0,0,0,Adventure Animation Comedy Family,0,0.0,,0.0,12.905937213837642,13.471139608481705,False,False,False,False,False,False,False,False,True,False,True,False,False,False,False,False,False,False,False,False,False,False
Desert Warrior,2026,2026-04-24,704280.0,1010.0,Action Adventure Drama History War,,https://www.boxofficemojo.com/release/rl93880321/?ref_=bo_yld_table_140,487848.0,1010.0,,R,127.0,Vertical Entertainment,desert warrior,desert_warrior,,,,,25.0,5.0,25.0,2026-04-24,4.0,4.0,2026.0,0,0,0,0,0,Other,4,1,1,0,0,0,1,0,0,0,0,0,0,0,Action Adventure Drama History War,0,0.0,,0.0,13.097761210723602,13.46493270322919,False,False,False,False,False,True,False,False,False,False,False,False,False,True,False,False,False,False,False,False,False,False
Stand by Me,2026,2026-03-27,700349.0,624.0,Adventure Drama,,https://www.boxofficemojo.com/release/rl3667689473/?ref_=bo_yld_table_141,447873.0,624.0,,,89.0,Sony Pictures Releasing,stand by me,,,,,,,,,2026-03-27,3.0,4.0,2026.0,0,0,0,1,0,Sony,3,0,1,0,0,0,1,0,0,0,0,0,0,0,Adventure Drama,0,0.0,,0.0,13.012267221838924,13.459335489067193,False,False,False,False,False,False,False,True,False,False,False,False,True,False,False,False,False,False,False,False,False,False
Enhypen: Walk the Line Summer Edition - In Cinemas,2026,2026-03-05,1149451.0,,Music,,https://www.boxofficemojo.com/release/rl2056028161/?ref_=bo_yld_table_142,695992.0,,,,123.0,Trafalgar Releasing,enhypen walk the line summer edition  in cinemas,enhypen_walk_the_line_summer_edition_in_cinemas,,,,,98.0,132.0,98.0,2026-03-05,3.0,3.0,2026.0,0,0,0,1,1,Other,3,0,0,0,0,0,0,0,0,0,0,0,0,0,Music,0,0.0,,0.0,13.453094881794716,13.954795865027737,False,False,False,False,False,True,False,False,False,False,False,False,True,False,False,False,False,False,False,False,False,False
All You Need Is Kill,2026,2026-01-16,695290.0,768.0,Action Animation Sci-Fi,,https://www.boxofficemojo.com/release/rl2525003777/?ref_=bo_yld_table_143,420242.0,768.0,,R,86.0,GKIDS,all you need is kill,live_die_repeat_edge_of_tomorrow,,,,,91.0,339.0,90.0,2026-01-16,1.0,4.0,2026.0,1,0,0,0,0,Other,4,1,0,1,0,0,0,0,0,0,0,0,1,0,Action Animation Sci-Fi,0,0.0,,0.0,12.948588394380204,13.452085741950407,False,False,False,False,False,True,False,False,False,False,True,False,False,False,False,False,False,False,False,False,False,False
MET Opera: Eugene Onegin,2026,2026-05-02,690540.0,,-,,https://www.boxofficemojo.com/release/rl2745729025/?ref_=bo_yld_table_144,690540.0,,,,,,met opera eugene onegin,,,,,,,,,2026-05-02,5.0,5.0,2026.0,0,1,0,0,1,Other,3,0,0,0,0,0,0,0,0,0,0,0,0,0,-,0,0.0,,0.0,13.445230627331577,13.445230627331577,False,False,False,False,False,True,False,False,False,False,False,False,False,False,True,False,False,False,False,False,False,False
Mile End Kicks,2026,2026-04-17,679591.0,380.0,Comedy Drama Music Romance,,https://www.boxofficemojo.com/release/rl1956741121/?ref_=bo_yld_table_145,263772.0,380.0,,R,111.0,Sumerian Films,mile end kicks,mile_end_kicks,,,,,88.0,50.0,64.0,2026-04-17,4.0,4.0,2026.0,0,0,0,0,0,Other,4,0,0,0,1,0,1,0,0,0,0,1,0,0,Comedy Drama Music Romance,0,0.0,,0.0,12.482844163761852,13.429247897080257,False,False,False,False,False,True,False,False,False,False,False,False,False,True,False,False,False,False,False,False,False,False
Bunny!!,2026,2026-03-26,669093.0,,Drama Romance Thriller,,https://www.boxofficemojo.com/release/rl1285652481/?ref_=bo_yld_table_146,524611.0,,,,127.0,,bunny,bunny_2026,,,,,,,,2026-03-26,3.0,3.0,2026.0,0,0,0,1,0,Other,3,0,0,0,0,0,1,0,0,0,0,1,0,1,Drama Romance Thriller,0,0.0,,0.0,13.170414220724393,13.413679837461236,False,False,False,False,False,True,False,False,False,False,False,False,True,False,False,False,False,False,False,False,False,False
The Wizard of the Kremlin,2026,2026-05-15,652300.0,582.0,Biography Crime Drama History Romance Thriller,,https://www.boxofficemojo.com/release/rl3282403329/?ref_=bo_yld_table_147,485979.0,582.0,,R,152.0,Vertical Entertainment,the wizard of the kremlin,the_wizard_of_the_kremlin,,,,,44.0,117.0,56.0,2026-05-15,5.0,4.0,2026.0,0,1,0,0,0,Other,4,0,0,0,0,1,1,0,0,0,0,1,0,1,Biography Crime Drama History Romance Thriller,0,0.0,,0.0,13.093922749772478,13.388261390819958,False,False,False,False,False,True,False,False,False,False,False,False,False,False,True,False,False,False,False,False,False,False
Standout: The Ben Kjar Story,2026,2026-01-23,646615.0,92.0,Biography Documentary Drama Sport,,https://www.boxofficemojo.com/release/rl2676719617/?ref_=bo_yld_table_148,150975.0,92.0,,PG,99.0,Susan Tuckett Media,standout the ben kjar story,standout_the_ben_kjar_story,,,,,100.0,16.0,98.0,2026-01-23,1.0,4.0,2026.0,0,0,0,0,1,Other,2,0,0,0,0,0,1,0,0,0,0,0,0,0,Biography Documentary Drama Sport,0,0.0,,0.0,11.924876162767347,13.379507888786375,False,False,False,False,False,True,False,False,False,False,True,False,False,False,False,False,False,False,False,False,False,False
Revolutionary America,2026,2026-05-31,644141.0,762.0,-,,https://www.boxofficemojo.com/release/rl1353809921/?ref_=bo_yld_table_149,438385.0,762.0,,,118.0,,revolutionary america,revolutionary_america,20260602203731.0,,,,98.0,319.0,98.0,2026-05-31,5.0,6.0,2026.0,1,1,0,0,0,Other,3,0,0,0,0,0,0,0,0,0,0,0,0,0,-,0,0.0,,0.0,12.990855079799463,13.375674477675034,False,False,False,False,False,True,False,False,False,False,False,False,False,False,True,False,False,False,False,False,False,False
The Plague,2026,Dec 24,685153.0,590.0,Drama Thriller,,https://www.boxofficemojo.com/release/rl3940253697/?ref_=bo_yld_table_150,22881.0,2.0,,R,98.0,IFC Films,the plague,,,,,,,,,,,,2026.0,0,0,0,0,0,Other,4,0,0,0,0,0,1,0,0,0,0,0,0,1,Drama Thriller,0,0.0,,0.0,10.03810585426089,13.43739890949494,False,False,False,False,False,True,False,False,False,False,False,False,False,False,False,False,False,False,False,False,False,False
Fantasy Life,2026,2026-03-27,618602.0,215.0,Comedy Drama Romance,,https://www.boxofficemojo.com/release/rl3398008833/?ref_=bo_yld_table_152,34616.0,1.0,,R,91.0,Greenwich Entertainment,fantasy life,fantasy_life,,,,,82.0,71.0,66.0,2026-03-27,3.0,4.0,2026.0,0,0,0,1,0,Other,4,0,0,0,1,0,1,0,0,0,0,1,0,0,Comedy Drama Romance,0,0.0,,0.0,10.452100169862778,13.33521898888187,False,False,False,False,False,True,False,False,False,False,False,False,True,False,False,False,False,False,False,False,False,False
Palestine 36,2026,2026-03-20,608945.0,75.0,Drama History War,,https://www.boxofficemojo.com/release/rl1084063745/?ref_=bo_yld_table_153,30736.0,1.0,,,119.0,Watermelon Pictures,palestine 36,palestine_36,,,,,98.0,54.0,99.0,2026-03-20,3.0,4.0,2026.0,1,0,0,1,0,Other,3,0,0,0,0,0,1,0,0,0,0,0,0,0,Drama History War,0,0.0,,0.0,10.33322241961703,13.319484872809882,False,False,False,False,False,True,False,False,False,False,False,False,True,False,False,False,False,False,False,False,False,False
Hunting Matthew Nichols,2026,2026-04-10,710532.0,,Crime Horror Mystery Thriller,,https://www.boxofficemojo.com/release/rl126124033/?ref_=bo_yld_table_154,600000.0,1000.0,,R,89.0,The Fithian Group,hunting matthew nichols,hunting_matthew_nichols,,,,,89.0,18.0,48.0,2026-04-10,4.0,4.0,2026.0,0,0,0,0,0,Other,4,0,0,0,0,1,0,0,0,1,0,0,0,1,Crime Horror Mystery Thriller,0,0.0,,0.0,13.304686600863562,13.473770671605376,False,False,False,False,False,True,False,False,False,False,False,False,False,True,False,False,False,False,False,False,False,False
"Steal This Story, Please!",2026,2026-04-10,580484.0,55.0,Biography Documentary History,,https://www.boxofficemojo.com/release/rl1151369217/?ref_=bo_yld_table_155,31485.0,1.0,,,98.0,,steal this story please,steal_this_story_please,,,,,96.0,26.0,,2026-04-10,4.0,4.0,2026.0,0,0,0,0,0,Other,3,0,0,0,0,0,0,0,0,0,0,0,0,0,Biography Documentary History,0,0.0,,0.0,10.357298281574574,13.271619239992948,False,False,False,False,False,True,False,False,False,False,False,False,False,True,False,False,False,False,False,False,False,False
Dacoit: A Love Story,2026,2026-04-10,904531.0,,Action Drama Romance Thriller,,https://www.boxofficemojo.com/release/rl2812444673/?ref_=bo_yld_table_156,552108.0,,,,149.0,,dacoit a love story,dacoit_a_love_story,,,,,25.0,12.0,53.0,2026-04-10,4.0,4.0,2026.0,0,0,0,0,1,Other,3,1,0,0,0,0,1,0,0,0,0,1,0,1,Action Drama Romance Thriller,0,0.0,,0.0,13.221500769533945,13.715172961853922,False,False,False,False,False,True,False,False,False,False,False,False,False,True,False,False,False,False,False,False,False,False
Blue Heron,2026,2026-04-17,529252.0,106.0,Drama,,https://www.boxofficemojo.com/release/rl647659521/?ref_=bo_yld_table_157,17703.0,1.0,,,91.0,Janus Films,blue heron,blue_heron,,,,,98.0,88.0,73.0,2026-04-17,4.0,4.0,2026.0,0,0,0,0,0,Other,3,0,0,0,0,0,1,0,0,0,0,0,0,0,Drama,0,0.0,,0.0,9.781545881730885,13.179221857379723,False,False,False,False,False,True,False,False,False,False,False,False,False,True,False,False,False,False,False,False,False,False
Eternity,2026,2025-11-26,16210244.0,2386.0,Comedy Drama Fantasy Romance,,https://www.boxofficemojo.com/release/rl316178433/?ref_=bo_yld_table_158,3175809.0,1348.0,,PG,114.0,A24,eternity,eternity,,,,,62.0,4.0,62.0,2025-11-26,11.0,2.0,2025.0,1,0,1,0,0,A24,2,0,0,0,1,0,1,0,1,0,0,1,0,0,Comedy Drama Fantasy Romance,0,0.0,,0.0,14.971073275882073,16.601154007724723,True,False,False,False,False,False,False,False,False,False,False,False,False,False,False,False,False,False,False,False,True,False
All That's Left of You,2026,2026-01-09,514374.0,52.0,Drama Romance,,https://www.boxofficemojo.com/release/rl3632889857/?ref_=bo_yld_table_159,51847.0,2.0,,,146.0,Watermelon Pictures,all thats left of you,all_thats_left_of_you,,,,,100.0,60.0,100.0,2026-01-09,1.0,4.0,2026.0,0,0,0,0,0,Other,3,0,0,0,0,0,1,0,0,0,0,1,0,0,Drama Romance,0,0.0,,0.0,10.856071640107553,13.150707850413472,False,False,False,False,False,True,False,False,False,False,True,False,False,False,False,False,False,False,False,False,False,False
Youngblood,2026,2026-03-06,511351.0,440.0,Drama Romance Sport,,https://www.boxofficemojo.com/release/rl1132560385/?ref_=bo_yld_table_160,271005.0,440.0,,PG,104.0,Well Go USA Entertainment,youngblood,youngblood,,,,,44.0,9.0,68.0,2026-03-06,3.0,4.0,2026.0,0,0,0,1,0,Other,2,0,0,0,0,0,1,0,0,0,0,1,0,0,Drama Romance Sport,0,0.0,,0.0,12.509896239838149,13.14481347744192,False,False,False,False,False,True,False,False,False,False,False,False,True,False,False,False,False,False,False,False,False,False
The Mortuary Assistant,2026,2026-02-13,454776.0,208.0,Horror,,https://www.boxofficemojo.com/release/rl1367441409/?ref_=bo_yld_table_161,259338.0,208.0,,,91.0,Seismic Releasing,the mortuary assistant,the_mortuary_assistant,,,,,36.0,36.0,18.0,2026-02-13,2.0,4.0,2026.0,0,0,0,0,0,Other,3,0,0,0,0,0,0,0,0,1,0,0,0,0,Horror,0,0.0,,0.0,12.465891365153434,13.027562467899868,False,False,False,False,False,True,False,False,False,False,False,True,False,False,False,False,False,False,False,False,False,False
Bonolota Express,2026,2026-04-03,450376.0,48.0,Drama,,https://www.boxofficemojo.com/release/rl4003561473/?ref_=bo_yld_table_162,154000.0,48.0,,,153.0,Swapna Scarecrow,bonolota express,,,,,,,,,2026-04-03,4.0,4.0,2026.0,0,0,0,0,0,Other,3,0,0,0,0,0,1,0,0,0,0,0,0,0,Drama,0,0.0,,0.0,11.944714374881176,13.01784028878436,False,False,False,False,False,True,False,False,False,False,False,False,False,True,False,False,False,False,False,False,False,False
Lorne,2026,2026-04-17,449135.0,415.0,Biography Documentary,,https://www.boxofficemojo.com/release/rl4187193345/?ref_=bo_yld_table_163,270620.0,415.0,,R,101.0,Focus Features,lorne,lorne,,,,,72.0,46.0,93.0,2026-04-17,4.0,4.0,2026.0,0,0,0,0,0,Universal,4,0,0,0,0,0,0,0,0,0,0,0,0,0,Biography Documentary,0,0.0,,0.0,12.508474597029196,13.015081016183803,False,False,False,False,False,False,False,False,True,False,False,False,False,True,False,False,False,False,False,False,False,False
Resurrection,2026,Dec 12,627175.0,86.0,Drama Sci-Fi,,https://www.boxofficemojo.com/release/rl1224114177/?ref_=bo_yld_table_164,62220.0,3.0,,,160.0,Janus Films,resurrection,resurrection_2026,,,,,,,,,,,2026.0,0,0,0,0,0,Other,3,0,0,0,0,0,1,0,0,0,0,0,1,0,Drama Sci-Fi,0,0.0,,0.0,11.038447842325047,13.348982481980077,False,False,False,False,False,True,False,False,False,False,False,False,False,False,False,False,False,False,False,False,False,False
The Revenant,2026,Feb 27,609500.0,900.0,Action Drama Western,,https://www.boxofficemojo.com/release/rl2224324609/?ref_=bo_yld_table_165,189892.0,200.0,135000000.0,R,156.0,Walt Disney Studios Motion Pictures,the revenant,,,,,,,,,,,,2026.0,0,0,0,0,0,Disney,4,1,0,0,0,0,1,0,0,0,0,0,0,0,Action Drama Western,1,18.72078534381011,,0.0,12.154216034614919,13.320395868591207,False,False,True,False,False,False,False,False,False,False,False,False,False,False,False,False,False,False,False,False,False,False
Patriot,2026,2026-05-01,418228.0,,Action Drama Thriller,,https://www.boxofficemojo.com/release/rl2762506241/?ref_=bo_yld_table_166,418228.0,,,,,,patriot,the_patriot_1986,,,,,0.0,6.0,0.0,2026-05-01,5.0,4.0,2026.0,0,1,0,0,0,Other,3,1,0,0,0,0,1,0,0,0,0,0,0,1,Action Drama Thriller,0,0.0,,0.0,12.943784408383525,12.943784408383525,False,False,False,False,False,True,False,False,False,False,False,False,False,False,True,False,False,False,False,False,False,False
The Trouble with Terkel,2026,2026-02-13,415518.0,153.0,Animation Comedy Drama Musical Thriller,,https://www.boxofficemojo.com/release/rl377651201/?ref_=bo_yld_table_167,191250.0,153.0,,,87.0,Indican Pictures,the trouble with terkel,the_trouble_with_terkel,,,,,50.0,6.0,80.0,2026-02-13,2.0,4.0,2026.0,0,0,0,0,0,Other,3,0,0,1,1,0,1,0,0,0,1,0,0,1,Animation Comedy Drama Musical Thriller,0,0.0,,0.0,12.161341980433283,12.937283620270653,False,False,False,False,False,True,False,False,False,False,False,True,False,False,False,False,False,False,False,False,False,False
The Silence of the Lambs,2026,2026-04-26,395396.0,,Crime Drama Horror Thriller,,https://www.boxofficemojo.com/release/rl1787658241/?ref_=bo_yld_table_169,395396.0,,19000000.0,,118.0,Fathom Entertainment,the silence of the lambs,silence_of_the_lambs,,,,,95.0,161.0,95.0,2026-04-26,4.0,6.0,2026.0,0,0,0,0,0,Other,3,0,0,0,0,1,1,0,0,1,0,0,0,1,Crime Drama Horror Thriller,1,16.759949589762293,,0.0,12.887645602436455,12.887645602436455,False,False,False,False,False,True,False,False,False,False,False,False,False,True,False,False,False,False,False,False,False,False
Hard Boiled,2026,2026-01-25,392742.0,620.0,Action Crime Thriller,,https://www.boxofficemojo.com/release/rl3766517761/?ref_=bo_yld_table_170,137911.0,620.0,,R,128.0,GKIDS,hard boiled,hard_boiled,,,,,92.0,76.0,92.0,2026-01-25,1.0,6.0,2026.0,0,0,0,0,0,Other,4,1,0,0,0,1,0,0,0,0,0,0,0,1,Action Crime Thriller,0,0.0,,0.0,11.834371079574815,12.880910732916387,False,False,False,False,False,True,False,False,False,False,True,False,False,False,False,False,False,False,False,False,False,False
BTS: Yet to Come in Cinemas,2026,2023-02-01,8481053.0,1210.0,Documentary Music,,https://www.boxofficemojo.com/release/rl1828487937/?ref_=bo_yld_table_171,8022774.0,1210.0,,,104.0,Trafalgar Releasing,bts yet to come in cinemas,bts_yet_to_come_in_cinemas,,,,,99.0,220.0,99.0,2023-02-01,2.0,2.0,2023.0,0,0,0,0,1,Other,3,0,0,0,0,0,0,0,0,0,0,0,0,0,Documentary Music,0,0.0,,0.0,15.897794929970113,15.953345292497248,False,False,False,False,False,True,False,False,False,False,False,True,False,False,False,False,False,False,False,False,False,False
Night Patrol,2026,2026-01-16,372115.0,800.0,Horror Mystery Thriller,,https://www.boxofficemojo.com/release/rl1256620033/?ref_=bo_yld_table_172,249634.0,800.0,,R,103.0,IFC Films,night patrol,,,,,,,,,2026-01-16,1.0,4.0,2026.0,1,0,0,0,0,Other,4,0,0,0,0,0,0,0,0,1,0,0,0,1,Horror Mystery Thriller,0,0.0,,0.0,12.427755130005867,12.82696091260404,False,False,False,False,False,True,False,False,False,False,True,False,False,False,False,False,False,False,False,False,False,False
H Is for Hawk,2026,2026-01-23,342239.0,476.0,Drama,,https://www.boxofficemojo.com/release/rl713588737/?ref_=bo_yld_table_173,147473.0,476.0,,PG,119.0,Roadside Attractions,h is for hawk,h_is_for_hawk,,,,,81.0,101.0,75.0,2026-01-23,1.0,4.0,2026.0,0,0,0,0,0,Other,2,0,0,0,0,0,1,0,0,0,0,0,0,0,Drama,0,0.0,,0.0,11.901407168037979,12.743267524316233,False,False,False,False,False,True,False,False,False,False,True,False,False,False,False,False,False,False,False,False,False,False
The Stranger,2026,2026-04-03,313125.0,33.0,Crime Drama,,https://www.boxofficemojo.com/release/rl445677569/?ref_=bo_yld_table_174,21033.0,2.0,,,122.0,Music Box Films,the stranger,,,,,,,,,2026-04-03,4.0,4.0,2026.0,0,0,0,0,0,Other,3,0,0,0,0,1,1,0,0,0,0,0,0,0,Crime Drama,0,0.0,,0.0,9.953895455079973,12.65436094442894,False,False,False,False,False,True,False,False,False,False,False,False,False,True,False,False,False,False,False,False,False,False
Silent Friend,2026,2026-05-08,307144.0,57.0,Biography Drama History,,https://www.boxofficemojo.com/release/rl4170612737/?ref_=bo_yld_table_175,71703.0,2.0,,,147.0,1-2 Special,silent friend,silent_friend,,,,,95.0,59.0,,2026-05-08,5.0,4.0,2026.0,0,1,0,0,0,Other,3,0,0,0,0,0,1,0,0,0,0,0,0,0,Biography Drama History,0,0.0,,0.0,11.180301813037198,12.63507522776838,False,False,False,False,False,True,False,False,False,False,False,False,False,False,True,False,False,False,False,False,False,False
Aadu 3,2026,2026-03-19,306973.0,,Action Adventure Comedy Fantasy,,https://www.boxofficemojo.com/release/rl1235320833/?ref_=bo_yld_table_176,306973.0,,,,168.0,Phars Film,aadu 3,,,,,,,,,2026-03-19,3.0,3.0,2026.0,1,0,0,1,1,Other,3,1,1,0,1,0,0,0,1,0,0,0,0,0,Action Adventure Comedy Fantasy,0,0.0,,0.0,12.63451833242914,12.63451833242914,False,False,False,False,False,True,False,False,False,False,False,False,True,False,False,False,False,False,False,False,False,False
Bershama,2026,2026-03-20,388104.0,,Comedy,,https://www.boxofficemojo.com/release/rl1268875265/?ref_=bo_yld_table_177,191414.0,,,,105.0,,bershama,,,,,,,,,2026-03-20,3.0,4.0,2026.0,1,0,0,1,0,Other,3,0,0,0,1,0,0,0,0,0,0,0,0,0,Comedy,0,0.0,,0.0,12.162199124836187,12.869031200551515,False,False,False,False,False,True,False,False,False,False,False,False,True,False,False,False,False,False,False,False,False,False
Vaazha II: Biopic of a Billion Bros,2026,2026-04-03,301888.0,,Comedy Drama,,https://www.boxofficemojo.com/release/rl463699969/?ref_=bo_yld_table_178,301888.0,,,,160.0,,vaazha ii biopic of a billion bros,,,,,,,,,2026-04-03,4.0,4.0,2026.0,0,0,0,0,1,Other,3,0,0,0,1,0,1,0,0,0,0,0,0,0,Comedy Drama,0,0.0,,0.0,12.617814679125198,12.617814679125198,False,False,False,False,False,True,False,False,False,False,False,False,False,True,False,False,False,False,False,False,False,False
The Killer,2026,2026-04-05,301638.0,600.0,Action Crime Drama Thriller,,https://www.boxofficemojo.com/release/rl3984621569/?ref_=bo_yld_table_179,131494.0,600.0,,R,126.0,GKIDS,the killer,,,,,,,,,2026-04-05,4.0,6.0,2026.0,0,0,0,0,0,Other,4,1,0,0,0,1,1,0,0,0,0,0,0,1,Action Crime Drama Thriller,0,0.0,,0.0,11.786724107063382,12.616986217100903,False,False,False,False,False,True,False,False,False,False,False,False,False,True,False,False,False,False,False,False,False,False
Hamlet,2026,2026-04-10,300088.0,325.0,Drama,,https://www.boxofficemojo.com/release/rl3012263937/?ref_=bo_yld_table_180,185306.0,325.0,,R,113.0,Vertical Entertainment,hamlet,hamlet,,,,,100.0,6.0,91.0,2026-04-10,4.0,4.0,2026.0,0,0,0,0,0,Other,4,0,0,0,0,0,1,0,0,0,0,0,0,0,Drama,0,0.0,,0.0,12.129769188138456,12.61183437630815,False,False,False,False,False,True,False,False,False,False,False,False,False,True,False,False,False,False,False,False,False,False
Tow,2026,2026-03-20,291795.0,180.0,Drama,,https://www.boxofficemojo.com/release/rl479100929/?ref_=bo_yld_table_181,127561.0,180.0,,R,105.0,Roadside Attractions,tow,,,,,,,,,2026-03-20,3.0,4.0,2026.0,1,0,0,1,0,Other,4,0,0,0,0,0,1,0,0,0,0,0,0,0,Drama,0,0.0,,0.0,11.756357799897287,12.583810206957676,False,False,False,False,False,True,False,False,False,False,False,False,True,False,False,False,False,False,False,False,False,False
Marc by Sofia,2026,Mar 20,283345.0,128.0,Documentary,,https://www.boxofficemojo.com/release/rl2157215745/?ref_=bo_yld_table_182,47661.0,2.0,,PG,87.0,A24,marc by sofia,marc_by_sofia,,,,,74.0,43.0,,,,,2026.0,0,0,0,0,0,A24,2,0,0,0,0,0,0,0,0,0,0,0,0,0,Documentary,0,0.0,,0.0,10.77188971368331,12.554424044681465,True,False,False,False,False,False,False,False,False,False,False,False,False,False,False,False,False,False,False,False,False,False
A Poet,2026,2026-01-30,275987.0,38.0,Comedy Drama,,https://www.boxofficemojo.com/release/rl3280764929/?ref_=bo_yld_table_183,27754.0,2.0,,,123.0,1-2 Special,a poet,a_poet,,,,,100.0,54.0,92.0,2026-01-30,1.0,4.0,2026.0,0,0,0,0,0,Other,3,0,0,0,1,0,1,0,0,0,0,0,0,0,Comedy Drama,0,0.0,,0.0,10.231171283124262,12.528112665493211,False,False,False,False,False,True,False,False,False,False,True,False,False,False,False,False,False,False,False,False,False,False
The Secret World of Arrietty,2026,2026-05-19,274136.0,205.0,Adventure Animation Drama Family Fantasy,,https://www.boxofficemojo.com/release/rl380403713/?ref_=bo_yld_table_184,39729.0,159.0,,,94.0,GKIDS,the secret world of arrietty,the_secret_world_of_arrietty,,,,,94.0,150.0,86.0,2026-05-19,5.0,1.0,2026.0,0,1,0,0,0,Other,3,0,1,1,0,0,1,1,1,0,0,0,0,0,Adventure Animation Drama Family Fantasy,0,0.0,,0.0,10.589861848808644,12.521383260411858,False,False,False,False,False,True,False,False,False,False,False,False,False,False,True,False,False,False,False,False,False,False
The Chronology of Water,2026,2025-12-05,302825.0,37.0,Biography Drama Romance,,https://www.boxofficemojo.com/release/rl2676064257/?ref_=bo_yld_table_185,18594.0,2.0,,,128.0,The Forge,the chronology of water,the_chronology_of_water,,,,,90.0,103.0,69.0,2025-12-05,12.0,4.0,2025.0,0,0,1,0,0,Other,3,0,0,0,0,0,1,0,0,0,0,1,0,0,Biography Drama Romance,0,0.0,,0.0,9.830648006359171,12.620913662116816,False,False,False,False,False,True,False,False,False,False,False,False,False,False,False,False,False,False,False,False,False,True
Mr. Nobody Against Putin,2026,2026-01-21,266122.0,53.0,Documentary,,https://www.boxofficemojo.com/release/rl2441707521/?ref_=bo_yld_table_186,4464.0,1.0,,,90.0,Kino Lorber,mr nobody against putin,mr_nobody_against_putin,,,,,100.0,51.0,75.0,2026-01-21,1.0,2.0,2026.0,1,0,0,0,0,Other,3,0,0,0,0,0,0,0,0,0,0,0,0,0,Documentary,0,0.0,,0.0,8.4040244933106,12.491713886902158,False,False,False,False,False,True,False,False,False,False,True,False,False,False,False,False,False,False,False,False,False,False
The President's Cake,2026,2026-02-06,256542.0,188.0,Drama,,https://www.boxofficemojo.com/release/rl428965889/?ref_=bo_yld_table_188,6734.0,3.0,,PG,105.0,Sony Pictures Classics,the presidents cake,the_presidents_cake,,,,,99.0,81.0,91.0,2026-02-06,2.0,4.0,2026.0,0,0,0,0,0,Sony,2,0,0,0,0,0,1,0,0,0,0,0,0,0,Drama,0,0.0,,0.0,8.815073088844464,12.45505157086826,False,False,False,False,False,False,False,True,False,False,False,True,False,False,False,False,False,False,False,False,False,False
Cold War 1994,2026,2026-05-08,361156.0,,Action Thriller,,https://www.boxofficemojo.com/release/rl1168932865/?ref_=bo_yld_table_189,185739.0,,,,117.0,,cold war 1994,,,,,,,,,2026-05-08,5.0,4.0,2026.0,0,1,0,0,0,Other,3,1,0,0,0,0,0,0,0,0,0,0,0,1,Action Thriller,0,0.0,,0.0,12.13210312533,12.79706804581919,False,False,False,False,False,True,False,False,False,False,False,False,False,False,True,False,False,False,False,False,False,False
"Our Hero, Balthazar",2026,2026-03-27,247607.0,20.0,Comedy Drama Thriller,,https://www.boxofficemojo.com/release/rl1234534401/?ref_=bo_yld_table_190,33138.0,1.0,,R,96.0,WG Pictures,our hero balthazar,our_hero_balthazar,,,,,94.0,49.0,92.0,2026-03-27,3.0,4.0,2026.0,0,0,0,1,0,Other,4,0,0,0,1,0,1,0,0,0,0,0,0,1,Comedy Drama Thriller,0,0.0,,0.0,10.408466115510192,12.419602129448322,False,False,False,False,False,True,False,False,False,False,False,False,True,False,False,False,False,False,False,False,False,False
Raakaasa,2026,2026-04-03,246076.0,,Comedy Fantasy Horror Mystery Romance Thriller,,https://www.boxofficemojo.com/release/rl480477185/?ref_=bo_yld_table_191,246076.0,,,,130.0,,raakaasa,,,,,,,,,2026-04-03,4.0,4.0,2026.0,0,0,0,0,0,Other,3,0,0,0,1,0,0,0,1,1,0,1,0,1,Comedy Fantasy Horror Mystery Romance Thriller,0,0.0,,0.0,12.413399774067756,12.413399774067756,False,False,False,False,False,True,False,False,False,False,False,False,False,True,False,False,False,False,False,False,False,False
A Better Tomorrow,2026,2026-03-01,240938.0,618.0,Action Crime Drama Thriller,,https://www.boxofficemojo.com/release/rl3934289921/?ref_=bo_yld_table_192,122099.0,618.0,,,95.0,GKIDS,a better tomorrow,better_tomorrow,,,,,95.0,20.0,90.0,2026-03-01,3.0,6.0,2026.0,0,0,0,1,0,Other,3,1,0,0,0,1,1,0,0,0,0,0,0,1,Action Crime Drama Thriller,0,0.0,,0.0,11.712595660098795,12.39229906840134,False,False,False,False,False,True,False,False,False,False,False,False,True,False,False,False,False,False,False,False,False,False
Erupcja,2026,2026-04-17,230936.0,88.0,Comedy Drama Romance,,https://www.boxofficemojo.com/release/rl999325697/?ref_=bo_yld_table_193,25650.0,2.0,,,71.0,1-2 Special,erupcja,erupcja,,,,,85.0,75.0,,2026-04-17,4.0,4.0,2026.0,0,0,0,0,0,Other,3,0,0,0,1,0,1,0,0,0,0,1,0,0,Comedy Drama Romance,0,0.0,,0.0,10.152337836193743,12.349900225034357,False,False,False,False,False,True,False,False,False,False,False,False,False,True,False,False,False,False,False,False,False,False
Nuremberg,2026,2025-11-07,14524692.0,1830.0,Biography Drama History Thriller War,,https://www.boxofficemojo.com/release/rl1139048449/?ref_=bo_yld_table_194,3883295.0,1802.0,,PG,148.0,Sony Pictures Classics,nuremberg,,,,,,,,,2025-11-07,11.0,4.0,2025.0,0,0,1,0,0,Sony,2,0,0,0,0,0,1,0,0,0,0,0,0,1,Biography Drama History Thriller War,0,0.0,,0.0,15.172194835527756,16.49136072450642,False,False,False,False,False,False,False,True,False,False,False,False,False,False,False,False,False,False,False,False,True,False
Magellan,2026,2026-01-09,231318.0,23.0,Adventure Biography Drama History,,https://www.boxofficemojo.com/release/rl3884548097/?ref_=bo_yld_table_195,30002.0,2.0,,,160.0,Janus Films,magellan,magellan,,,,,89.0,53.0,,2026-01-09,1.0,4.0,2026.0,0,0,0,0,0,Other,3,0,1,0,0,0,1,0,0,0,0,0,0,0,Adventure Biography Drama History,0,0.0,,0.0,10.309052655644626,12.351552989247075,False,False,False,False,False,True,False,False,False,False,True,False,False,False,False,False,False,False,False,False,False,False
Shera,2026,2026-05-15,226894.0,,Action,,https://www.boxofficemojo.com/release/rl1202487297/?ref_=bo_yld_table_196,226894.0,,,,145.0,,shera,shera_2026,,,,,,,,2026-05-15,5.0,4.0,2026.0,0,1,0,0,0,Other,3,1,0,0,0,0,0,0,0,0,0,0,0,0,Action,0,0.0,,0.0,12.332242634385866,12.332242634385866,False,False,False,False,False,True,False,False,False,False,False,False,False,False,True,False,False,False,False,False,False,False
Miroirs No. 3,2026,Mar 20,218695.0,49.0,Drama Music Mystery Thriller,,https://www.boxofficemojo.com/release/rl2727116801/?ref_=bo_yld_table_198,35866.0,3.0,,,86.0,1-2 Special,miroirs no 3,miroirs_no_3,,,,,95.0,81.0,,,,,2026.0,0,0,0,0,1,Other,3,0,0,0,0,0,1,0,0,0,0,0,0,1,Drama Music Mystery Thriller,0,0.0,,0.0,10.487572931678823,12.295437916602763,False,False,False,False,False,True,False,False,False,False,False,False,False,False,False,False,False,False,False,False,False,False
Buffalo Kids,2026,2026-02-06,214534.0,750.0,Adventure Animation Comedy Family Fantasy Western,,https://www.boxofficemojo.com/release/rl652509185/?ref_=bo_yld_table_200,152939.0,750.0,,PG,81.0,Viva Pictures,buffalo kids,,,,,,,,,2026-02-06,2.0,4.0,2026.0,0,0,0,0,0,Other,2,0,1,1,1,0,0,1,1,0,0,0,0,0,Adventure Animation Comedy Family Fantasy Western,0,0.0,,0.0,11.937800966598216,12.276228174202576,False,False,False,False,False,True,False,False,False,False,False,True,False,False,False,False,False,False,False,False,False,False
