title,opening_date,thu_preview,fri,sat,sun,weekend_total,fri_sat_sun_total,fri_to_weekend_mult,fri_sat_sun_mult,sat_to_sun_ratio,opening_theaters
100 Meters,2025-10-10,,207.0,265.0,61659.0,62131.0,62131.0,300.1498,300.1498,232.6755,1.0
100 Nights of Hero,2025-12-05,,192245.0,29995.0,28461.0,250701.0,250701.0,1.3041,1.3041,0.9489,828.0
1982,2022-06-10,,1304.0,2151.0,1445.0,4900.0,4900.0,3.7577,3.7577,0.6718,1.0
1992,2024-08-30,,461069.0,481377.0,476459.0,1418905.0,1418905.0,3.0774,3.0774,0.9898,875.0
2 Hearts,2020-10-16,,196029.0,209494.0,117414.0,522937.0,522937.0,2.6677,2.6677,0.5605,1683.0
2000 Mules,2022-05-20,,299415.0,255189.0,197151.0,751755.0,751755.0,2.5107,2.5107,0.7726,415.0
2026 Oscar Shorts,2026-02-20,,259544.0,420889.0,314480.0,994913.0,994913.0,3.8333,3.8333,0.7472,356.0
2073,2024-12-27,,3998.0,617.0,463.0,5078.0,5078.0,1.2701,1.2701,0.7504,2.0
28 Years Later,2025-06-20,,14473891.0,9138067.0,6391008.0,30002966.0,30002966.0,2.0729,2.0729,0.6994,3444.0
28 Years Later: The Bone Temple,2026-01-16,,5596864.0,3913350.0,3011113.0,12521327.0,12521327.0,2.2372,2.2372,0.7694,3506.0
2nd Chance,2022-12-02,,1273.0,3163.0,831.0,5267.0,5267.0,4.1375,4.1375,0.2627,5.0
50 km/h,2024-07-19,,84.0,175.0,52.0,311.0,311.0,3.7024,3.7024,0.2971,10.0
65,2023-03-10,,4446084.0,4777479.0,3104798.0,12328361.0,12328361.0,2.7729,2.7729,0.6499,3405.0
80 for Brady,2023-02-03,,4625369.0,4480357.0,3595914.0,12701640.0,12701640.0,2.7461,2.7461,0.8026,3912.0
A Banquet,2022-02-18,,729.0,977.0,935.0,2641.0,2641.0,3.6228,3.6228,0.957,33.0
A Big Bold Beautiful Journey,2025-09-19,,1371945.0,1165242.0,715391.0,3252578.0,3252578.0,2.3708,2.3708,0.6139,3330.0
A Call to Spy,2020-10-02,,15015.0,13063.0,7020.0,35098.0,35098.0,2.3375,2.3375,0.5374,75.0
A Chiara,2022-05-27,,1227.0,1973.0,1177.0,4377.0,4377.0,3.5672,3.5672,0.5966,2.0
A Complete Unknown,2024-12-25,,7201242.0,4372801.0,3941204.0,15515247.0,15515247.0,2.1545,2.1545,0.9013,2835.0
A Different Man,2024-09-20,,21428.0,19504.0,8534.0,49466.0,49466.0,2.3085,2.3085,0.4376,4.0
A Father’s Heart,2023-05-01,,351457.0,96455.0,,447912.0,447912.0,1.2744,1.2744,,741.0
A Fragile Flower,2024-03-29,,38000.0,17500.0,28000.0,83500.0,83500.0,2.1974,2.1974,1.6,55.0
A Good Person,2023-03-24,,281207.0,341423.0,209377.0,832007.0,832007.0,2.9587,2.9587,0.6132,530.0
A Great Awakening,2026-04-03,,892681.0,698246.0,450401.0,2041328.0,2041328.0,2.2867,2.2867,0.645,1289.0
A Haunting in Venice,2023-09-15,,5542594.0,5394011.0,3342924.0,14279529.0,14279529.0,2.5763,2.5763,0.6197,3305.0
A Journal for Jordan,2021-12-25,,1376032.0,825854.0,363437.0,2565323.0,2565323.0,1.8643,1.8643,0.4401,2500.0
A Little Family Drama,2024-10-11,,1375.0,1725.0,1750.0,4850.0,4850.0,3.5273,3.5273,1.0145,10.0
A Little Something Extra,2026-04-17,,4859.0,6492.0,5440.0,16791.0,16791.0,3.4556,3.4556,0.838,201.0
A Love Song,2022-07-29,,6367.0,7476.0,2203.0,16046.0,16046.0,2.5202,2.5202,0.2947,4.0
A Magnificent Life,2026-03-27,,26163.0,25983.0,23495.0,75641.0,75641.0,2.8911,2.8911,0.9042,334.0
A Man Called Otto,2022-12-30,,22790.0,16509.0,16958.0,56257.0,56257.0,2.4685,2.4685,1.0272,4.0
A Mermaid in Paris,2020-10-16,,336.0,469.0,397.0,1202.0,1202.0,3.5774,3.5774,0.8465,10.0
A Minecraft Movie,2025-04-04,,57113324.0,59409839.0,46229840.0,162753003.0,162753003.0,2.8497,2.8497,0.7782,4263.0
A Mouthful of Air,2021-10-29,,46925.0,49370.0,34406.0,130701.0,130701.0,2.7853,2.7853,0.6969,816.0
A Poet,2026-01-30,,9043.0,9979.0,8732.0,27754.0,27754.0,3.0691,3.0691,0.875,2.0
A Private Life,2026-01-16,,28299.0,21659.0,16954.0,66912.0,66912.0,2.3645,2.3645,0.7828,5.0
A Quiet Place: Day One,2024-06-28,,22528071.0,17011713.0,12662711.0,52202495.0,52202495.0,2.3172,2.3172,0.7444,3708.0
A Quiet Place: Part II,2021-05-28,,19368427.0,15137669.0,13041135.0,47547231.0,47547231.0,2.4549,2.4549,0.8615,3726.0
A Real Pain,2024-11-01,,88393.0,88482.0,51981.0,228856.0,228856.0,2.5891,2.5891,0.5875,4.0
A Rescue of Little Eggs,2021-08-27,,125346.0,152966.0,149722.0,428034.0,428034.0,3.4148,3.4148,0.9788,320.0
A Thousand and One,2023-03-31,,703495.0,650335.0,441865.0,1795695.0,1795695.0,2.5525,2.5525,0.6794,926.0
A Working Man,2025-03-28,,5614213.0,5832462.0,4063637.0,15510312.0,15510312.0,2.7627,2.7627,0.6967,3262.0
ADA: My Mother the Architect,2025-05-09,,6725.0,1869.0,3203.0,11797.0,11797.0,1.7542,1.7542,1.7138,1.0
AIR,2023-04-05,,3294826.0,2453028.0,5020264.0,10768118.0,10768118.0,3.2682,3.2682,2.0466,3507.0
AUM: The Cult at the End of the World,2025-03-19,,1659.0,888.0,1567.0,4114.0,4114.0,2.4798,2.4798,1.7646,1.0
Abandoned,2022-06-17,,21149.0,23443.0,15169.0,59761.0,59761.0,2.8257,2.8257,0.6471,54.0
Abigail,2024-04-19,,4033895.0,3768955.0,2494260.0,10297110.0,10297110.0,2.5526,2.5526,0.6618,3384.0
About Fate,2022-09-09,,1767.0,2607.0,1724.0,6098.0,6098.0,3.451,3.451,0.6613,13.0
About My Father,2023-05-26,,1464923.0,1458036.0,1398189.0,4321148.0,4321148.0,2.9497,2.9497,0.959,2464.0
Abraham’s Boys: A Dracula Story,2025-07-11,,58859.0,41401.0,30782.0,131042.0,131042.0,2.2264,2.2264,0.7435,470.0
Absolution,2024-11-01,,467593.0,563206.0,350893.0,1381692.0,1381692.0,2.9549,2.9549,0.623,1500.0
Accidental Texan,2024-03-08,,50202.0,54662.0,32835.0,137699.0,137699.0,2.7429,2.7429,0.6007,134.0
Afraid,2024-08-30,,1309482.0,1225529.0,1130653.0,3665664.0,3665664.0,2.7993,2.7993,0.9226,3003.0
After Death,2023-10-27,,2203285.0,1568485.0,1280180.0,5051950.0,5051950.0,2.2929,2.2929,0.8162,2645.0
After Ever Happy,2022-09-07,,555056.0,395645.0,38387.0,989088.0,989088.0,1.782,1.782,0.097,1144.0
After We Fell,2021-09-10,,219326.0,130134.0,76997.0,426457.0,426457.0,1.9444,1.9444,0.5917,246.0
After Yang,2022-03-04,,17496.0,16320.0,13056.0,46872.0,46872.0,2.679,2.679,0.8,24.0
After the Hunt,2025-10-10,,89350.0,38359.0,30970.0,158679.0,158679.0,1.7759,1.7759,0.8074,6.0
Aftersun,2022-10-21,,22817.0,23791.0,14144.0,60752.0,60752.0,2.6626,2.6626,0.5945,4.0
Ailey,2021-07-23,,5576.0,5938.0,3577.0,15091.0,15091.0,2.7064,2.7064,0.6024,2.0
Ali and Ava,2022-07-29,,4307.0,1769.0,1760.0,7836.0,7836.0,1.8194,1.8194,0.9949,8.0
Alice,2022-03-18,,61467.0,69266.0,42881.0,173614.0,173614.0,2.8245,2.8245,0.6191,169.0
Alien: Romulus,2024-08-16,,18083803.0,13591254.0,10328304.0,42003361.0,42003361.0,2.3227,2.3227,0.7599,3885.0
Alimañas,2024-09-13,,84.0,121.0,111.0,316.0,316.0,3.7619,3.7619,0.9174,10.0
All Dirt Roads Taste of Salt,2023-11-03,,3824.0,4836.0,2467.0,11127.0,11127.0,2.9098,2.9098,0.5101,3.0
"All Light, Everywhere",2021-06-04,,1443.0,2285.0,1648.0,5376.0,5376.0,3.7256,3.7256,0.7212,2.0
All My Friends Hate Me,2022-03-11,,13350.0,13188.0,9032.0,35570.0,35570.0,2.6644,2.6644,0.6849,27.0
All My Life,2020-12-04,,141710.0,146815.0,81790.0,370315.0,370315.0,2.6132,2.6132,0.5571,970.0
All The Beauty And The Bloodshed,2022-11-23,,6757.0,2622.0,8668.0,18047.0,18047.0,2.6709,2.6709,3.3059,3.0
All You Need Is Kill,2026-01-16,,176972.0,133710.0,109560.0,420242.0,420242.0,2.3746,2.3746,0.8194,768.0
All of Us Strangers,2023-12-22,,64679.0,38548.0,14738.0,117965.0,117965.0,1.8239,1.8239,0.3823,4.0
Alpha,2026-03-27,,54693.0,38140.0,28633.0,121466.0,121466.0,2.2209,2.2209,0.7507,218.0
Altered Reality,2024-02-16,,4900.0,9800.0,5200.0,19900.0,19900.0,4.0612,4.0612,0.5306,112.0
Am I Racist?,2024-09-13,,1959873.0,1553795.0,1030395.0,4544063.0,4544063.0,2.3185,2.3185,0.6631,1517.0
Ambulance,2022-04-08,,3202075.0,3339035.0,2158520.0,8699630.0,8699630.0,2.7169,2.7169,0.6465,3412.0
American Fiction,2023-12-15,,121245.0,58819.0,44405.0,224469.0,224469.0,1.8514,1.8514,0.7549,7.0
American Skin,2021-01-15,,15587.0,18259.0,12564.0,46410.0,46410.0,2.9775,2.9775,0.6881,51.0
American Star,2024-01-26,,3290.0,3947.0,2139.0,9376.0,9376.0,2.8498,2.8498,0.5419,47.0
American Underdog: The Kurt Warner Story,2021-12-25,,4188895.0,1672941.0,1268747.0,7130583.0,7130583.0,1.7023,1.7023,0.7584,2813.0
Ammonite,2020-11-13,,29959.0,32356.0,25237.0,87552.0,87552.0,2.9224,2.9224,0.78,280.0
Among Neighbors,2025-10-10,,6354.0,,,6354.0,6354.0,1.0,1.0,,1.0
Amsterdam,2022-10-07,,2642736.0,2362478.0,1439682.0,6444896.0,6444896.0,2.4387,2.4387,0.6094,3005.0
Anaconda,2025-12-25,9053879.0,5455901.0,5231547.0,3814770.0,23556097.0,14502218.0,4.3175,2.6581,0.7292,3509.0
Anatomy of a Fall,2023-10-13,,58679.0,34698.0,24471.0,117848.0,117848.0,2.0084,2.0084,0.7053,5.0
Anemone,2025-10-03,,309820.0,224330.0,147505.0,681655.0,681655.0,2.2002,2.2002,0.6575,865.0
Angel’s Egg,2025-11-19,,394070.0,282029.0,20050.0,696149.0,696149.0,1.7666,1.7666,0.0711,424.0
Animal,2023-12-01,,2778329.0,2027029.0,1719215.0,6524573.0,6524573.0,2.3484,2.3484,0.8481,700.0
Animal Farm,2026-05-01,,1145988.0,1304466.0,850909.0,3301363.0,3301363.0,2.8808,2.8808,0.6523,2600.0
Anniversary,2025-10-29,,43910.0,40948.0,70375.0,155233.0,155233.0,3.5353,3.5353,1.7186,809.0
Anora,2024-10-18,,278032.0,140694.0,131777.0,550503.0,550503.0,1.98,1.98,0.9366,6.0
Ant-Man and the Wasp: Quantumania,2023-02-17,,46431851.0,33903657.0,25774142.0,106109650.0,106109650.0,2.2853,2.2853,0.7602,4345.0
Antlers,2021-10-29,,1701464.0,1463267.0,1106615.0,4271346.0,4271346.0,2.5104,2.5104,0.7563,2800.0
Anyone But You,2023-12-22,,3477429.0,1768089.0,754826.0,6000344.0,6000344.0,1.7255,1.7255,0.4269,3055.0
Aquaman and the Lost Kingdom,2023-12-22,,13681754.0,9003036.0,5001421.0,27686211.0,27686211.0,2.0236,2.0236,0.5555,3706.0
Arcadian,2024-04-12,,202375.0,172613.0,129949.0,504937.0,504937.0,2.4951,2.4951,0.7528,1100.0
Architecton,2025-08-01,,18511.0,22213.0,22789.0,63513.0,63513.0,3.4311,3.4311,1.0259,107.0
Archive,2020-07-10,,21412.0,20109.0,11121.0,52642.0,52642.0,2.4585,2.4585,0.553,26.0
Arco,2025-11-14,,25196.0,11151.0,8921.0,45268.0,45268.0,1.7966,1.7966,0.8,2.0
"Are You There God? It’s Me, Margaret",2023-04-28,,2247219.0,2439078.0,2052740.0,6739037.0,6739037.0,2.9988,2.9988,0.8416,3343.0
Argylle,2024-02-02,,6485575.0,6939785.0,4048180.0,17473540.0,17473540.0,2.6942,2.6942,0.5833,3605.0
Armageddon Time,2022-10-28,,35010.0,20050.0,15215.0,70275.0,70275.0,2.0073,2.0073,0.7589,6.0
Arthur the King,2024-03-15,,2994621.0,2801266.0,1838011.0,7633898.0,7633898.0,2.5492,2.5492,0.6561,3003.0
Article 370,2024-02-23,,73727.0,135671.0,117060.0,326458.0,326458.0,4.4279,4.4279,0.8628,161.0
Asedio,2023-09-29,,98.0,287.0,81.0,466.0,466.0,4.7551,4.7551,0.2822,10.0
Ash,2025-03-21,,325930.0,215698.0,147516.0,689144.0,689144.0,2.1144,2.1144,0.6839,1136.0
Asphalt City,2024-03-29,,53825.0,46057.0,33016.0,132898.0,132898.0,2.4691,2.4691,0.7169,298.0
Asteroid City,2023-06-16,,360638.0,251924.0,240820.0,853382.0,853382.0,2.3663,2.3663,0.9559,6.0
At the Gates,2023-11-03,,1964.0,1666.0,932.0,4562.0,4562.0,2.3228,2.3228,0.5594,1.0
Atropia,2025-12-12,,3927.0,2632.0,2493.0,9052.0,9052.0,2.3051,2.3051,0.9472,1.0
Attack on Titan the Movie: THE LAST ATTACK,2025-02-10,,1685917.0,340586.0,349153.0,2375656.0,2375656.0,1.4091,1.4091,1.0252,525.0
Autumn and the Black Jaguar,2025-01-17,,33000.0,46000.0,42000.0,121000.0,121000.0,3.6667,3.6667,0.913,605.0
Ava,2020-09-25,,68652.0,64499.0,37198.0,170349.0,170349.0,2.4813,2.4813,0.5767,222.0
Avatar: Fire and Ash,2025-12-19,,36486725.0,28413107.0,24261028.0,89160860.0,89160860.0,2.4437,2.4437,0.8539,3800.0
Avatar: The Way of Water,2022-12-16,,53200270.0,44327887.0,36572069.0,134100226.0,134100226.0,2.5207,2.5207,0.825,4202.0
Average Joe,2024-10-11,,450579.0,369620.0,309213.0,1129412.0,1129412.0,2.5066,2.5066,0.8366,1699.0
Azrael,2024-09-27,,130052.0,90765.0,61902.0,282719.0,282719.0,2.1739,2.1739,0.682,762.0
BTS Permission to Dance on Stage Seoul — Live Viewing,2022-03-12,,6840000.0,,,6840000.0,6840000.0,1.0,1.0,,803.0
BTS World Tour Arirang: Live Viewing,2026-04-11,,2440000.0,,,2440000.0,2440000.0,1.0,1.0,,1189.0
Baaghi 3,2020-03-06,,154415.0,213789.0,141412.0,509616.0,509616.0,3.3003,3.3003,0.6615,265.0
Baahubali: The Epic,2025-10-31,,483000.0,,,483000.0,483000.0,1.0,1.0,,448.0
Babes,2024-05-17,,67614.0,59108.0,36408.0,163130.0,163130.0,2.4127,2.4127,0.616,12.0
Babygirl,2024-12-25,,1528620.0,1319220.0,1414935.0,4262775.0,4262775.0,2.7886,2.7886,1.0726,2094.0
Babylon,2022-12-23,,1469479.0,591825.0,1542064.0,3603368.0,3603368.0,2.4521,2.4521,2.6056,3343.0
Babyteeth,2020-06-19,,881.0,1115.0,491.0,2487.0,2487.0,2.8229,2.8229,0.4404,12.0
Back to Black,2024-05-17,,1237795.0,935420.0,662505.0,2835720.0,2835720.0,2.2909,2.2909,0.7082,2010.0
Backrooms,2026-05-29,,38412634.0,24737736.0,18252054.0,81402424.0,81402424.0,2.1192,2.1192,0.7378,3442.0
Bad Boys For Life,2020-01-17,,23601382.0,21716950.0,17185773.0,62504105.0,62504105.0,2.6483,2.6483,0.7914,3775.0
Bad Boys: Ride or Die,2024-06-07,,21501365.0,19466683.0,15559276.0,56527324.0,56527324.0,2.629,2.629,0.7993,3885.0
Bade Miyan Chote Miyan,2024-04-10,,110639.0,85084.0,147413.0,343136.0,343136.0,3.1014,3.1014,1.7326,567.0
Barbarian,2022-09-09,,3843956.0,3962988.0,2737004.0,10543948.0,10543948.0,2.743,2.743,0.6906,2340.0
Barbarians,2022-04-01,,2470.0,3531.0,1537.0,7538.0,7538.0,3.0518,3.0518,0.4353,41.0
Barbie,2023-07-21,,70503178.0,47812356.0,43706510.0,162022044.0,162022044.0,2.2981,2.2981,0.9141,4243.0
Beast,2022-08-19,,4307590.0,4283855.0,2984410.0,11575855.0,11575855.0,2.6873,2.6873,0.6967,3743.0
Beau is Afraid,2023-04-14,,141091.0,100733.0,78572.0,320396.0,320396.0,2.2708,2.2708,0.78,4.0
Beba,2022-06-24,,2428.0,1905.0,529.0,4862.0,4862.0,2.0025,2.0025,0.2777,3.0
Becky,2020-06-05,,67641.0,90542.0,47614.0,205797.0,205797.0,3.0425,3.0425,0.5259,45.0
Becoming Cousteau,2021-10-22,,39491.0,43177.0,34306.0,116974.0,116974.0,2.962,2.962,0.7945,319.0
Becoming Led Zeppelin,2025-02-07,,1293696.0,987597.0,297217.0,2578510.0,2578510.0,1.9931,1.9931,0.3009,369.0
Been Here Stay Here,2025-06-20,,1906.0,1688.0,2332.0,5926.0,5926.0,3.1091,3.1091,1.3815,1.0
Beetlejuice Beetlejuice,2024-09-06,,41815736.0,41804322.0,27383287.0,111003345.0,111003345.0,2.6546,2.6546,0.655,4575.0
Before the Sunset,2023-09-29,,1908.0,1988.0,2235.0,6131.0,6131.0,3.2133,3.2133,1.1242,4.0
Belfast,2021-11-12,,653820.0,688765.0,436825.0,1779410.0,1779410.0,2.7216,2.7216,0.6342,580.0
Belle,2022-01-14,,727512.0,487974.0,350172.0,1565658.0,1565658.0,2.1521,2.1521,0.7176,1338.0
Belén,2025-11-07,,414.0,555.0,457.0,1426.0,1426.0,3.4444,3.4444,0.8234,10.0
Benedetta,2021-12-03,,52002.0,48631.0,36206.0,136839.0,136839.0,2.6314,2.6314,0.7445,201.0
Benediction,2022-05-27,,297.0,600.0,465.0,1362.0,1362.0,4.5859,4.5859,0.775,1.0
Bergman Island,2021-10-15,,16317.0,23629.0,16018.0,55964.0,55964.0,3.4298,3.4298,0.6779,115.0
Better Man,2024-12-25,,11609.0,4963.0,5034.0,21606.0,21606.0,1.8611,1.8611,1.0143,6.0
Bhool Bhulaiyaa 3,2024-11-01,,653000.0,873000.0,704000.0,2230000.0,2230000.0,3.415,3.415,0.8064,754.0
Big George Foreman: The Miraculous Story of the Once and Future Heavyweight Champion of the World,2023-04-28,,1031785.0,1153567.0,740012.0,2925364.0,2925364.0,2.8352,2.8352,0.6415,3054.0
Bill & Ted Face the Music,2020-08-28,,452170.0,417113.0,255724.0,1125007.0,1125007.0,2.488,2.488,0.6131,1007.0
Billie Eilish Live at the 02 — Extended Cut,2023-01-27,,1290000.0,,,1290000.0,1290000.0,1.0,1.0,,596.0
Billie Eilish: Hit Me Hard and Soft—The Tour,2026-05-08,,4520209.0,1738220.0,752882.0,7011311.0,7011311.0,1.5511,1.5511,0.4331,2613.0
Biosphere,2023-07-07,,15148.0,10525.0,8132.0,33805.0,33805.0,2.2316,2.2316,0.7726,48.0
Bird,2024-11-08,,9431.0,11119.0,5357.0,25907.0,25907.0,2.747,2.747,0.4818,4.0
Birds of Prey (And the Fantabulous Emancipation of One Harley Quinn),2020-02-07,,12964681.0,12193732.0,7851604.0,33010017.0,33010017.0,2.5461,2.5461,0.6439,4236.0
Birth/Rebirth,2023-08-18,,17996.0,17551.0,10160.0,45707.0,45707.0,2.5398,2.5398,0.5789,137.0
Black Adam,2022-10-21,,26688324.0,23712485.0,16603514.0,67004323.0,67004323.0,2.5106,2.5106,0.7002,4402.0
Black Bag,2025-03-14,,2782565.0,2940735.0,1883950.0,7607250.0,7607250.0,2.7339,2.7339,0.6406,2705.0
Black Ice,2023-07-14,,11286.0,8843.0,8122.0,28251.0,28251.0,2.5032,2.5032,0.9185,144.0
Black Panther: Wakanda Forever,2022-11-11,,84285721.0,56131051.0,40922989.0,181339761.0,181339761.0,2.1515,2.1515,0.7291,4396.0
Black Phone 2,2025-10-17,,11026005.0,9673145.0,6632890.0,27332040.0,27332040.0,2.4789,2.4789,0.6857,3411.0
Black Widow,2021-07-09,,39510446.0,23305929.0,17549937.0,80366312.0,80366312.0,2.0341,2.0341,0.753,4160.0
Blackberry,2023-05-12,,172064.0,186929.0,133152.0,492145.0,492145.0,2.8602,2.8602,0.7123,625.0
Blacklight,2022-02-11,,1235180.0,1652272.0,615023.0,3502475.0,3502475.0,2.8356,2.8356,0.3722,2772.0
Blink Twice,2024-08-23,,2900405.0,2606069.0,1795420.0,7301894.0,7301894.0,2.5175,2.5175,0.6889,3067.0
Blithe Spirit,2021-02-19,,28105.0,41489.0,18965.0,88559.0,88559.0,3.151,3.151,0.4571,239.0
Bloodshot,2020-03-13,,3801099.0,3290187.0,2085409.0,9176695.0,9176695.0,2.4142,2.4142,0.6338,2861.0
Bloody Axe Wound,2024-12-27,,20585.0,13306.0,9191.0,43082.0,43082.0,2.0929,2.0929,0.6907,237.0
Blue Bayou,2021-09-17,,121675.0,120945.0,87220.0,329840.0,329840.0,2.7108,2.7108,0.7212,477.0
Blue Beetle,2023-08-18,,10005790.0,8514055.0,6510380.0,25030225.0,25030225.0,2.5016,2.5016,0.7647,3871.0
Blue Giant,2023-10-08,,131380.0,135265.0,,266645.0,266645.0,2.0296,2.0296,,317.0
Blue Lock The Movie -Episode Nagi-,2024-06-28,,514034.0,294418.0,236564.0,1045016.0,1045016.0,2.033,2.033,0.8035,857.0
Blue Moon,2025-10-17,,22690.0,22370.0,20533.0,65593.0,65593.0,2.8908,2.8908,0.9179,5.0
Bob Marley: One Love,2024-02-14,,14009622.0,3861583.0,7471636.0,25342841.0,25342841.0,1.809,1.809,1.9349,3536.0
Bob Trevino Likes It,2025-03-21,,17114.0,24132.0,10785.0,52031.0,52031.0,3.0403,3.0403,0.4469,5.0
Bobby’s Intermission,2023-09-12,,2507.0,,,2507.0,2507.0,1.0,1.0,,1.0
Bodies Bodies Bodies,2022-08-05,,94762.0,71256.0,60635.0,226653.0,226653.0,2.3918,2.3918,0.8509,6.0
Bonded,2023-10-27,,1544.0,900.0,800.0,3244.0,3244.0,2.101,2.101,0.8889,2.0
Bone Lake,2025-10-03,,469463.0,212456.0,149258.0,831177.0,831177.0,1.7705,1.7705,0.7025,1059.0
Bones and All,2022-11-18,,57887.0,35526.0,27591.0,121004.0,121004.0,2.0903,2.0903,0.7766,5.0
Bonhoeffer: Pastor. Spy. Assassin,2024-11-22,,2642007.0,1374735.0,1031233.0,5047975.0,5047975.0,1.9107,1.9107,0.7501,1900.0
Bonjour Tristesse,2025-05-02,,25339.0,37622.0,26137.0,89098.0,89098.0,3.5162,3.5162,0.6947,228.0
Boogie,2021-03-05,,441050.0,470180.0,288935.0,1200165.0,1200165.0,2.7212,2.7212,0.6145,1252.0
Book Club: The Next Chapter,2023-05-12,,2142255.0,2021985.0,2513340.0,6677580.0,6677580.0,3.1171,3.1171,1.243,3508.0
Borderlands,2024-08-09,,3937653.0,2743126.0,1920793.0,8601572.0,8601572.0,2.1844,2.1844,0.7002,3125.0
Both Sides of the Blade,2022-07-08,,5559.0,8370.0,5263.0,19192.0,19192.0,3.4524,3.4524,0.6288,4.0
Bottoms,2023-08-25,,231195.0,154086.0,75771.0,461052.0,461052.0,1.9942,1.9942,0.4917,10.0
Boulevard,2026-05-01,,2963.0,3017.0,2701.0,8681.0,8681.0,2.9298,2.9298,0.8953,54.0
Boy Kills World,2024-04-26,,828560.0,495271.0,358694.0,1682525.0,1682525.0,2.0307,2.0307,0.7242,1993.0
Brahmastra Part 1: Shiva,2022-09-09,,1889242.0,1545941.0,1108476.0,4543659.0,4543659.0,2.405,2.405,0.717,810.0
Brahms: The Boy II,2020-02-21,,2210191.0,2334829.0,1277986.0,5823006.0,5823006.0,2.6346,2.6346,0.5474,2151.0
Brave the Dark,2025-01-24,,930479.0,899221.0,458435.0,2288135.0,2288135.0,2.4591,2.4591,0.5098,2230.0
Breaking,2022-08-26,,360925.0,368293.0,256703.0,985921.0,985921.0,2.7317,2.7317,0.697,902.0
Breakup Season,2024-11-14,2758.0,1135.0,1313.0,2212.0,7418.0,4660.0,6.5357,4.1057,1.6847,7.0
Brian and Charles,2022-06-17,,73755.0,74615.0,67850.0,216220.0,216220.0,2.9316,2.9316,0.9093,279.0
Bring Her Back,2025-05-30,,3143350.0,2263305.0,1674846.0,7081501.0,7081501.0,2.2529,2.2529,0.74,2449.0
Bring Him to Me,2024-02-23,,517.0,560.0,398.0,1475.0,1475.0,2.853,2.853,0.7107,12.0
Bring Them Down,2025-02-07,,84458.0,81839.0,36032.0,202329.0,202329.0,2.3956,2.3956,0.4403,454.0
Bring Your Own Brigade,2021-08-06,,1639.0,2628.0,4067.0,8334.0,8334.0,5.0848,5.0848,1.5476,27.0
Broker,2022-12-26,,3265.0,1884.0,14354.0,19503.0,19503.0,5.9734,5.9734,7.6189,3.0
Bros,2022-09-30,,1842830.0,1767590.0,1243705.0,4854125.0,4854125.0,2.6341,2.6341,0.7036,3350.0
Brothers After War,2025-02-28,,40825.0,22390.0,22116.0,85331.0,85331.0,2.0902,2.0902,0.9878,134.0
Buddy Games,2020-11-20,,54987.0,60465.0,35045.0,150497.0,150497.0,2.737,2.737,0.5796,401.0
Buffalo Kids,2026-02-06,,36681.0,74896.0,41362.0,152939.0,152939.0,4.1694,4.1694,0.5523,750.0
Bugonia,2025-10-24,,323711.0,215472.0,170665.0,709848.0,709848.0,2.1928,2.1928,0.7921,17.0
Bullet Train,2022-08-05,,12842371.0,9685911.0,7501874.0,30030156.0,30030156.0,2.3384,2.3384,0.7745,4357.0
Burden,2020-02-28,,5995.0,8575.0,5590.0,20160.0,20160.0,3.3628,3.3628,0.6519,5.0
Buried: The 1982 Alpine Meadows Avalanche,2022-09-23,,6865.0,6129.0,3615.0,16609.0,16609.0,2.4194,2.4194,0.5898,8.0
CHAAW: Chapter 1,2023-08-11,,1086.0,1836.0,3446.0,6368.0,6368.0,5.8637,5.8637,1.8769,6.0
COLORFUL STAGE! The Movie: A Miku Who Can’t Sing,2025-04-18,,1424687.0,793017.0,608308.0,2826012.0,2826012.0,1.9836,1.9836,0.7671,800.0
CS Lewis: The Most Reluctant Convert,2021-11-03,,1205000.0,,,1205000.0,1205000.0,1.0,1.0,,400.0
Cabrini,2024-03-08,,3091042.0,2354735.0,1722743.0,7168520.0,7168520.0,2.3191,2.3191,0.7316,2840.0
Call Jane,2022-10-28,,85157.0,87915.0,71397.0,244469.0,244469.0,2.8708,2.8708,0.8121,1068.0
Camp Hideout,2023-09-15,,158008.0,201309.0,130122.0,489439.0,489439.0,3.0976,3.0976,0.6464,848.0
Candyman,2021-08-27,,9215245.0,7947530.0,4838975.0,22001750.0,22001750.0,2.3875,2.3875,0.6089,3569.0
Captain America: Brave New World,2025-02-14,,40912377.0,27719411.0,20210815.0,88842603.0,88842603.0,2.1715,2.1715,0.7291,4105.0
Carol Doda Topless at the Condor,2024-03-22,,21609.0,14314.0,3524.0,39447.0,39447.0,1.8255,1.8255,0.2462,4.0
"Casanova, Last Love",2021-07-14,,579.0,385.0,876.0,1840.0,1840.0,3.1779,3.1779,2.2753,4.0
Catch the Fair One,2022-02-11,,2195.0,4546.0,1251.0,7992.0,7992.0,3.641,3.641,0.2752,30.0
Caught Stealing,2025-08-29,,3221978.0,2275294.0,2306653.0,7803925.0,7803925.0,2.4221,2.4221,1.0138,3578.0
Centigrade,2020-08-28,,3767.0,1432.0,1281.0,6480.0,6480.0,1.7202,1.7202,0.8946,28.0
ChaO,2026-04-10,,27538.0,23826.0,18890.0,70254.0,70254.0,2.5512,2.5512,0.7928,270.0
Chainsaw Man — The Movie: Reze Arc,2025-10-24,,8520755.0,5316820.0,4193308.0,18030883.0,18030883.0,2.1161,2.1161,0.7887,3003.0
Challengers,2024-04-26,,6255921.0,4956880.0,3798260.0,15011061.0,15011061.0,2.3995,2.3995,0.7663,3477.0
Champions,2023-03-10,,1820955.0,2059715.0,1268070.0,5148740.0,5148740.0,2.8275,2.8275,0.6157,3030.0
Chaos Walking,2021-03-05,,1326427.0,1586984.0,861939.0,3775350.0,3775350.0,2.8463,2.8463,0.5431,1980.0
Charlie the Wonderdog,2026-01-16,,156243.0,349968.0,275339.0,781550.0,781550.0,5.0021,5.0021,0.7868,1230.0
Cheech and Chong’s Last Movie,2025-04-25,,360515.0,117777.0,82128.0,560420.0,560420.0,1.5545,1.5545,0.6973,832.0
Chevalier,2023-04-21,,541000.0,572500.0,407788.0,1521288.0,1521288.0,2.812,2.812,0.7123,1275.0
Chhaava,2025-02-14,,500000.0,700000.0,590000.0,1790000.0,1790000.0,3.58,3.58,0.8429,497.0
Chhapaak,2020-01-10,,87927.0,129580.0,99274.0,316781.0,316781.0,3.6028,3.6028,0.7661,100.0
Chicken For Linda!,2024-04-05,,1131.0,1270.0,928.0,3329.0,3329.0,2.9434,2.9434,0.7307,1.0
Christmas Eve in Miller’s Point,2024-11-08,,42343.0,23538.0,18079.0,83960.0,83960.0,1.9829,1.9829,0.7681,405.0
Christmas Vs The Walters,2021-11-05,,8613.0,12736.0,6637.0,27986.0,27986.0,3.2493,3.2493,0.5211,80.0
Christmas with the Chosen: The Messengers,2021-12-01,,2700000.0,2200000.0,1200000.0,6100000.0,6100000.0,2.2593,2.2593,0.5455,1700.0
Christy,2025-11-07,,702585.0,360490.0,247813.0,1310888.0,1310888.0,1.8658,1.8658,0.6874,2011.0
City of Dreams,2024-08-30,,851434.0,203941.0,189792.0,1245167.0,1245167.0,1.4624,1.4624,0.9306,774.0
Civil War,2024-04-12,,10817252.0,8761974.0,5958142.0,25537368.0,25537368.0,2.3608,2.3608,0.68,3838.0
Clean,2022-01-28,,59343.0,72433.0,30322.0,162098.0,162098.0,2.7315,2.7315,0.4186,254.0
Clerks III,2022-09-13,,1101386.0,166323.0,276445.0,1544154.0,1544154.0,1.402,1.402,1.6621,1089.0
Clifford the Big Red Dog,2021-11-10,,2300172.0,3280603.0,4315807.0,9896582.0,9896582.0,4.3025,4.3025,1.3156,3407.0
Clika,2026-01-23,,565934.0,394476.0,300523.0,1260933.0,1260933.0,2.2281,2.2281,0.7618,522.0
Close to You,2024-08-16,,14511.0,13961.0,10601.0,39073.0,39073.0,2.6926,2.6926,0.7593,121.0
Clown in a Cornfield,2025-05-09,,1687881.0,1209789.0,751321.0,3648991.0,3648991.0,2.1619,2.1619,0.621,2277.0
Cocaine Bear,2023-02-24,,8688985.0,8914025.0,5657780.0,23260790.0,23260790.0,2.677,2.677,0.6347,3534.0
Cold Storage,2026-02-13,,288880.0,424545.0,222745.0,936170.0,936170.0,3.2407,3.2407,0.5247,1041.0
Come Away,2020-11-13,,30330.0,47885.0,27869.0,106084.0,106084.0,3.4977,3.4977,0.582,475.0
Come Out in Jesus Name,2023-03-13,,973795.0,,,973795.0,973795.0,1.0,1.0,,766.0
Come Play,2020-10-30,,1094030.0,1331245.0,694600.0,3119875.0,3119875.0,2.8517,2.8517,0.5218,2183.0
Come True,2021-03-12,,9289.0,13474.0,8327.0,31090.0,31090.0,3.347,3.347,0.618,96.0
Companion,2025-01-31,,4050659.0,3199373.0,2050081.0,9300113.0,9300113.0,2.296,2.296,0.6408,3285.0
Compartment No. 6,2022-01-26,,2639.0,1956.0,,4595.0,4595.0,1.7412,1.7412,,1.0
Conclave,2024-10-25,,2527720.0,2316590.0,1757685.0,6601995.0,6601995.0,2.6118,2.6118,0.7587,1753.0
"Confess, Fletch",2022-09-16,,95677.0,100410.0,70657.0,266744.0,266744.0,2.788,2.788,0.7037,516.0
Confetti,2021-08-20,,5250.0,2961.0,3780.0,11991.0,11991.0,2.284,2.284,1.2766,24.0
Consecration,2023-02-10,,122667.0,141445.0,65839.0,329951.0,329951.0,2.6898,2.6898,0.4655,762.0
CopShop,2021-09-17,,950116.0,848879.0,516643.0,2315638.0,2315638.0,2.4372,2.4372,0.6086,3005.0
Corporate Retreat,2026-05-22,,178385.0,71957.0,40062.0,290404.0,290404.0,1.628,1.628,0.5567,512.0
Corsage,2022-12-23,,10417.0,9954.0,11914.0,32285.0,32285.0,3.0993,3.0993,1.1969,2.0
Counter Column,2020-10-16,,2788.0,2112.0,1555.0,6455.0,6455.0,2.3153,2.3153,0.7363,2.0
Coup!,2024-08-02,,23560.0,26747.0,23078.0,73385.0,73385.0,3.1148,3.1148,0.8628,258.0
Cow,2022-04-08,,2012.0,2423.0,2082.0,6517.0,6517.0,3.2391,3.2391,0.8593,32.0
Crack House of the Dead,2021-06-18,,482.0,370.0,435.0,1287.0,1287.0,2.6701,2.6701,1.1757,5.0
Creed III,2023-03-03,,22089127.0,21300696.0,14980184.0,58370007.0,58370007.0,2.6425,2.6425,0.7033,4007.0
Crime 101,2026-02-13,,3901026.0,6809561.0,3541247.0,14251834.0,14251834.0,3.6534,3.6534,0.52,3161.0
Crimes of the Future,2022-06-03,,506094.0,328961.0,282907.0,1117962.0,1117962.0,2.209,2.209,0.86,773.0
Crisis,2021-02-25,12047.0,58132.0,82763.0,49754.0,202696.0,190649.0,3.4868,3.2796,0.6012,216.0
Cruella,2021-05-28,,7707778.0,7280524.0,6508695.0,21496997.0,21496997.0,2.789,2.789,0.894,3892.0
Crunchyroll Anime Nights Sneak Peak December Edition,2025-12-15,,48126.0,,,48126.0,48126.0,1.0,1.0,,275.0
Cry Macho,2021-09-17,,1600000.0,,,1600000.0,1600000.0,1.0,1.0,,3967.0
Cuando Sea Joven,2022-09-23,,86054.0,90043.0,92368.0,268465.0,268465.0,3.1197,3.1197,1.0258,315.0
Cuckoo,2024-08-09,,1351667.0,932650.0,746120.0,3030437.0,3030437.0,2.242,2.242,0.8,1503.0
Cutting Through Rocks,2025-11-21,,2179.0,3254.0,1633.0,7066.0,7066.0,3.2428,3.2428,0.5018,1.0
C’mon C’mon,2021-11-19,,47948.0,48055.0,38444.0,134447.0,134447.0,2.804,2.804,0.8,5.0
DAN DA DAN: First Encounter,2024-09-13,,401986.0,265598.0,257922.0,925506.0,925506.0,2.3023,2.3023,0.9711,613.0
DC League of Super Pets,2022-07-29,,9327632.0,7729632.0,5946177.0,23003441.0,23003441.0,2.4662,2.4662,0.7693,4314.0
Dahomey,2024-10-25,,5260.0,9752.0,10948.0,25960.0,25960.0,4.9354,4.9354,1.1226,2.0
Dan Da Dan: Evil Eye,2025-06-06,,1509979.0,941089.0,747413.0,3198481.0,3198481.0,2.1182,2.1182,0.7942,1085.0
Dandelion,2024-07-12,,28924.0,21516.0,10422.0,60862.0,60862.0,2.1042,2.1042,0.4844,446.0
Dangerous Animals,2025-06-06,,759590.0,464195.0,340176.0,1563961.0,1563961.0,2.059,2.059,0.7328,1636.0
Dara Of Jasenovac,2021-02-05,,5093.0,6612.0,5005.0,16710.0,16710.0,3.281,3.281,0.757,12.0
Dark Feathers: Dance Of The Geisha,2024-08-02,,14020.0,4860.0,3579.0,22459.0,22459.0,1.6019,1.6019,0.7364,8.0
Dark State,2021-03-19,,2299.0,915.0,808.0,4022.0,4022.0,1.7495,1.7495,0.8831,7.0
Dating & New York,2021-09-10,,6835.0,4042.0,2977.0,13854.0,13854.0,2.0269,2.0269,0.7365,38.0
David,2025-12-19,,9662302.0,6705020.0,5633232.0,22000554.0,22000554.0,2.2769,2.2769,0.8402,3118.0
Day of the Fight,2024-12-06,,10179.0,7558.0,8122.0,25859.0,25859.0,2.5404,2.5404,1.0746,3.0
Dead of Winter,2025-09-26,,594904.0,255871.0,179336.0,1030111.0,1030111.0,1.7316,1.7316,0.7009,605.0
Deadpool & Wolverine,2024-07-26,,96189710.0,61644783.0,53600798.0,211435291.0,211435291.0,2.1981,2.1981,0.8695,4210.0
Dear Evan Hansen,2021-09-24,,3280865.0,2558795.0,1604170.0,7443830.0,7443830.0,2.2689,2.2689,0.6269,3364.0
Death Rider in the House of Vampires,2021-08-20,,2555.0,299.0,150.0,3004.0,3004.0,1.1757,1.1757,0.5017,1.0
Death of a Unicorn,2025-03-28,,2272250.0,2067750.0,1447425.0,5787425.0,5787425.0,2.547,2.547,0.7,3050.0
Death on the Nile,2022-02-11,,5069471.0,5775755.0,2045897.0,12891123.0,12891123.0,2.5429,2.5429,0.3542,3280.0
Decibel,2022-12-02,,7407.0,10310.0,8989.0,26706.0,26706.0,3.6055,3.6055,0.8719,21.0
Decorado,2026-05-15,,6370.0,5757.0,4755.0,16882.0,16882.0,2.6502,2.6502,0.826,112.0
Deep Water,2026-05-01,,707626.0,855951.0,540334.0,2103911.0,2103911.0,2.9732,2.9732,0.6313,1675.0
Deer Camp '86,2024-05-31,,15173.0,12864.0,6947.0,34984.0,34984.0,2.3057,2.3057,0.54,130.0
Demon Slayer -Kimetsu no Yaiba- The Movie: Infinity Castle,2025-09-12,,32984325.0,21610856.0,16015917.0,70611098.0,70611098.0,2.1407,2.1407,0.7411,3315.0
Demon Slayer The Movie: Mugen Train,2021-04-23,,9536257.0,6445970.0,5162573.0,21144800.0,21144800.0,2.2173,2.2173,0.8009,1605.0
Demon Slayer: Kimetsu No Yaiba—To the Swordsmith Village,2023-03-03,,4220412.0,3447394.0,2450000.0,10117806.0,10117806.0,2.3974,2.3974,0.7107,1774.0
Demon Slayer: Kimetsu no Yaiba—To the Hashira Training,2024-02-23,,5602987.0,3590634.0,2311793.0,11505414.0,11505414.0,2.0534,2.0534,0.6438,1949.0
Demonic,2021-08-20,,13824.0,17519.0,9340.0,40683.0,40683.0,2.9429,2.9429,0.5331,85.0
Den of Thieves 2: Pantera,2025-01-10,,5748627.0,5844845.0,3429437.0,15022909.0,15022909.0,2.6133,2.6133,0.5867,3008.0
Descendent,2025-08-15,,1342.0,1404.0,1464.0,4210.0,4210.0,3.1371,3.1371,1.0427,31.0
Desert Warrior,2026-04-24,,189220.0,166406.0,132222.0,487848.0,487848.0,2.5782,2.5782,0.7946,1010.0
Despicable Me 4,2024-07-03,,27202050.0,20398275.0,27050605.0,74650930.0,74650930.0,2.7443,2.7443,1.3261,4030.0
Devara Part 1,2024-09-27,,3900000.0,936000.0,764000.0,5600000.0,5600000.0,1.4359,1.4359,0.8162,1040.0
Devotion,2022-11-23,,1825172.0,1276095.0,2429476.0,5530743.0,5530743.0,3.0303,3.0303,1.9038,3405.0
Dhurandhar,2025-12-05,,522000.0,852000.0,750000.0,2124000.0,2124000.0,4.069,4.069,0.8803,390.0
Dhurandhar: The Revenge,2026-03-19,3978280.0,2986520.0,3923089.0,3127972.0,14015861.0,10037581.0,4.693,3.361,0.7973,987.0
Dicks: The Musical,2023-10-06,,80806.0,81431.0,39714.0,201951.0,201951.0,2.4992,2.4992,0.4877,7.0
"Die, My Love",2025-11-07,,1050349.0,925182.0,639129.0,2614660.0,2614660.0,2.4893,2.4893,0.6908,1983.0
Disney’s Snow White,2025-03-21,,16255317.0,15620436.0,10330662.0,42206415.0,42206415.0,2.5965,2.5965,0.6614,4200.0
Doctor Strange in the Multiverse of Madness,2022-05-06,,90720784.0,57806850.0,38893364.0,187420998.0,187420998.0,2.0659,2.0659,0.6728,4534.0
Dog,2022-02-18,,5059267.0,5614594.0,4210067.0,14883928.0,14883928.0,2.9419,2.9419,0.7498,3677.0
Dog Man,2025-01-31,,10778735.0,15202115.0,10021090.0,36001940.0,36001940.0,3.3401,3.3401,0.6592,3885.0
DogMan,2024-03-29,,11786.0,8351.0,4994.0,25131.0,25131.0,2.1323,2.1323,0.598,12.0
Dolittle,2020-01-17,,6210110.0,8841885.0,6792050.0,21844045.0,21844045.0,3.5175,3.5175,0.7682,4155.0
Dolly,2026-03-06,,236138.0,144574.0,93197.0,473909.0,473909.0,2.0069,2.0069,0.6446,810.0
Don’t Breathe 2,2021-08-13,,4393857.0,3669786.0,2558830.0,10622473.0,10622473.0,2.4176,2.4176,0.6973,3005.0
Don’t Let’s Go to the Dogs Tonight,2025-07-11,,20215.0,10573.0,6671.0,37459.0,37459.0,1.853,1.853,0.6309,4.0
"Don’t Worry, Darling",2022-09-23,,9469881.0,5777095.0,4106237.0,19353213.0,19353213.0,2.0437,2.0437,0.7108,4113.0
Downhill,2020-02-14,,2098824.0,1545286.0,977908.0,4622018.0,4622018.0,2.2022,2.2022,0.6328,2301.0
Downton Abbey: A New Era,2022-05-20,,7398050.0,4788105.0,3814340.0,16000495.0,16000495.0,2.1628,2.1628,0.7966,3820.0
Downton Abbey: The Grand Finale,2025-09-12,,8817220.0,5276695.0,4013490.0,18107405.0,18107405.0,2.0536,2.0536,0.7606,3694.0
Dracula,2025-10-29,,1836.0,1968.0,2726.0,6530.0,6530.0,3.5566,3.5566,1.3852,15.0
Dragon Ball Super: Super Hero,2022-08-19,,10915414.0,5813401.0,4395234.0,21124049.0,21124049.0,1.9352,1.9352,0.7561,3018.0
Dragon Heart — Adventures Beyond This World,2025-06-06,,5278.0,4236.0,4111.0,13625.0,13625.0,2.5815,2.5815,0.9705,3.0
Dream Horse,2021-05-21,,260429.0,327698.0,206614.0,794741.0,794741.0,3.0517,3.0517,0.6305,1254.0
Dream Scenario,2023-11-10,,98638.0,66808.0,54589.0,220035.0,220035.0,2.2307,2.2307,0.8171,6.0
Dreamin’ Wild,2023-08-04,,50075.0,46606.0,39710.0,136391.0,136391.0,2.7237,2.7237,0.852,402.0
Drishyam 2,2022-11-18,,280000.0,435000.0,335000.0,1050000.0,1050000.0,3.75,3.75,0.7701,305.0
Drive-Away Dolls,2024-02-23,,1011980.0,849045.0,543305.0,2404330.0,2404330.0,2.3759,2.3759,0.6399,2280.0
Drop,2025-04-11,,3334985.0,2545415.0,1516615.0,7397015.0,7397015.0,2.218,2.218,0.5958,3085.0
Dumb Money,2023-09-15,,92382.0,74409.0,54156.0,220947.0,220947.0,2.3917,2.3917,0.7278,8.0
Dune,2021-10-22,,17500000.0,13720000.0,9780000.0,41000000.0,41000000.0,2.3429,2.3429,0.7128,4125.0
Dune: Part Two,2024-03-01,,32211366.0,28718894.0,21575131.0,82505391.0,82505391.0,2.5614,2.5614,0.7513,4071.0
Dungeons & Dragons: Honor Among Thieves,2023-03-31,,15222358.0,12910476.0,9072950.0,37205784.0,37205784.0,2.4442,2.4442,0.7028,3855.0
Dunki,2023-12-21,877462.0,923558.0,972617.0,818294.0,3591931.0,2714469.0,3.8892,2.9391,0.8413,650.0
Dust Bunny,2025-12-12,,153786.0,109515.0,78297.0,341598.0,341598.0,2.2213,2.2213,0.7149,402.0
Dutch,2021-03-12,,37909.0,59915.0,37191.0,135015.0,135015.0,3.5616,3.5616,0.6207,202.0
Dìdi (弟弟),2024-07-26,,97669.0,56094.0,53544.0,207307.0,207307.0,2.1225,2.1225,0.9545,5.0
EPiC: Elvis Presley in Concert,2026-02-20,,1422760.0,1067070.0,725608.0,3215438.0,3215438.0,2.26,2.26,0.68,325.0
Earwig and the Witch,2021-02-03,,20144.0,12683.0,31248.0,64075.0,64075.0,3.1808,3.1808,2.4638,430.0
East of Wall,2025-08-15,,228890.0,76350.0,69356.0,374596.0,374596.0,1.6366,1.6366,0.9084,626.0
Easter Sunday,2022-08-05,,2033045.0,1806350.0,1607735.0,5447130.0,5447130.0,2.6793,2.6793,0.89,3175.0
Eddington,2025-07-18,,1883012.0,1355769.0,1165961.0,4404742.0,4404742.0,2.3392,2.3392,0.86,2111.0
Eden,2025-08-22,,644639.0,229334.0,174401.0,1048374.0,1048374.0,1.6263,1.6263,0.7605,664.0
Eileen,2023-12-01,,37863.0,30975.0,24452.0,93290.0,93290.0,2.4639,2.4639,0.7894,6.0
Eleanor the Great,2025-09-26,,430013.0,265564.0,199110.0,894687.0,894687.0,2.0806,2.0806,0.7498,892.0
Elemental,2023-06-16,,11704094.0,9820165.0,8078170.0,29602429.0,29602429.0,2.5292,2.5292,0.8226,4035.0
Elevation,2024-11-08,,402670.0,475455.0,338453.0,1216578.0,1216578.0,3.0213,3.0213,0.7119,1416.0
Eli Roth Presents: Dream Eater,2025-10-24,,36961.0,25425.0,18011.0,80397.0,80397.0,2.1752,2.1752,0.7084,352.0
Eli Roth Presents: Jimmy and Stiggs,2025-08-15,,45863.0,19045.0,13580.0,78488.0,78488.0,1.7114,1.7114,0.713,626.0
Elio,2025-06-20,,8967892.0,6639159.0,5233616.0,20840667.0,20840667.0,2.3239,2.3239,0.7883,3750.0
Ella McCay,2025-12-12,,870614.0,710071.0,439856.0,2020541.0,2020541.0,2.3208,2.3208,0.6195,2500.0
Elli and Her Monster Team,2025-09-12,,2868.0,8332.0,6911.0,18111.0,18111.0,6.3149,6.3149,0.8295,155.0
Elvis,2022-06-24,,12755467.0,9929779.0,8526333.0,31211579.0,31211579.0,2.4469,2.4469,0.8587,3906.0
Embattled,2020-11-20,,6494.0,5844.0,2803.0,15141.0,15141.0,2.3315,2.3315,0.4796,68.0
Emily,2023-02-17,,15714.0,13205.0,11368.0,40287.0,40287.0,2.5638,2.5638,0.8609,5.0
Emily the Criminal,2022-08-12,,222184.0,254896.0,192081.0,669161.0,669161.0,3.0117,3.0117,0.7536,470.0
Emma.,2020-02-21,,79626.0,92273.0,62583.0,234482.0,234482.0,2.9448,2.9448,0.6782,5.0
Empire of Light,2022-12-09,,67740.0,54639.0,41026.0,163405.0,163405.0,2.4122,2.4122,0.7509,110.0
Encanto,2021-11-24,,7553221.0,5807558.0,11075133.0,24435912.0,24435912.0,3.2352,3.2352,1.907,3980.0
Enemies of the State,2021-07-30,,2367.0,993.0,782.0,4142.0,4142.0,1.7499,1.7499,0.7875,13.0
Eno,2024-07-12,,4175.0,5271.0,5000.0,14446.0,14446.0,3.4601,3.4601,0.9486,1.0
Enys Men,2023-03-31,,30006.0,26593.0,18182.0,74781.0,74781.0,2.4922,2.4922,0.6837,62.0
Ernest & Celestine: A Trip to Gibberitia,2023-09-01,,2325.0,3164.0,2637.0,8126.0,8126.0,3.4951,3.4951,0.8334,25.0
Erupcja,2026-04-17,,12380.0,6525.0,6745.0,25650.0,25650.0,2.0719,2.0719,1.0337,2.0
Escape From Germany,2024-04-11,39619.0,78832.0,83911.0,5357.0,207719.0,168100.0,2.635,2.1324,0.0638,40.0
Escape Room: Tournament of Champions,2021-07-16,,3850310.0,2797584.0,2153497.0,8801391.0,8801391.0,2.2859,2.2859,0.7698,2815.0
Eternals,2021-11-05,,30844219.0,24124504.0,16328496.0,71297219.0,71297219.0,2.3115,2.3115,0.6768,4090.0
Eternity,2025-11-26,,1450535.0,616272.0,1137712.0,3204519.0,3204519.0,2.2092,2.2092,1.8461,1348.0
Even in Dreams,2021-08-06,,4858.0,1246.0,264.0,6368.0,6368.0,1.3108,1.3108,0.2119,5.0
Every Body,2023-06-30,,47615.0,50130.0,52285.0,150030.0,150030.0,3.1509,3.1509,1.043,255.0
Everything Everywhere All At Once,2022-03-25,,203900.0,169866.0,127539.0,501305.0,501305.0,2.4586,2.4586,0.7508,10.0
Evicted,2025-04-18,,1255.0,1675.0,69.0,2999.0,2999.0,2.3896,2.3896,0.0412,1.0
Evil Dead Rise,2023-04-21,,10348229.0,8152634.0,6003452.0,24504315.0,24504315.0,2.368,2.368,0.7364,3402.0
Ex-Husbands,2025-02-21,,5080.0,3703.0,1404.0,10187.0,10187.0,2.0053,2.0053,0.3792,1.0
Exhibiting Forgiveness,2024-10-18,,128799.0,87469.0,60006.0,276274.0,276274.0,2.145,2.145,0.686,774.0
Expend4bles,2023-09-22,,3116557.0,2967553.0,1954911.0,8039021.0,8039021.0,2.5795,2.5795,0.6588,3518.0
Extremely Unique Dynamic,2025-01-10,,12377.0,12654.0,13176.0,38207.0,38207.0,3.0869,3.0869,1.0413,1.0
Ezra,2024-05-31,,573662.0,373025.0,295991.0,1242678.0,1242678.0,2.1662,2.1662,0.7935,1320.0
F1: The Movie,2025-06-27,,25001059.0,17502336.0,14498272.0,57001667.0,57001667.0,2.28,2.28,0.8284,3661.0
F9: The Fast Saga,2021-06-25,,29858750.0,22348525.0,17835890.0,70043165.0,70043165.0,2.3458,2.3458,0.7981,4179.0
Faces of Death,2026-04-10,,884318.0,475927.0,287472.0,1647717.0,1647717.0,1.8633,1.8633,0.604,1600.0
Fackham Hall,2025-12-05,,302273.0,179832.0,143206.0,625311.0,625311.0,2.0687,2.0687,0.7963,1112.0
Fall,2022-08-12,,927079.0,892698.0,692368.0,2512145.0,2512145.0,2.7097,2.7097,0.7756,1548.0
Falling for Figaro,2021-10-01,,4955.0,5398.0,3982.0,14335.0,14335.0,2.893,2.893,0.7377,44.0
Family Camp,2022-05-13,,498578.0,531624.0,369171.0,1399373.0,1399373.0,2.8067,2.8067,0.6944,854.0
Fantastic Beasts: The Secrets of Dumbledore,2022-04-15,,20027334.0,13810828.0,8313094.0,42151256.0,42151256.0,2.1047,2.1047,0.6019,4208.0
Fantasy Island,2020-02-14,,5410273.0,4104353.0,2795794.0,12310420.0,12310420.0,2.2754,2.2754,0.6812,2784.0
Fast Dreams,2023-11-03,,3534.0,386.0,401.0,4321.0,4321.0,1.2227,1.2227,1.0389,1.0
Fast X,2023-05-19,,28015320.0,22500515.0,16501575.0,67017410.0,67017410.0,2.3922,2.3922,0.7334,4046.0
Fatale,2020-12-18,,339495.0,345657.0,232960.0,918112.0,918112.0,2.7043,2.7043,0.674,1107.0
Father Stu,2022-04-13,,1550921.0,776176.0,1682845.0,4009942.0,4009942.0,2.5855,2.5855,2.1681,2705.0
"Father, Mother, Sister, Brother",2025-12-24,,22422.0,24055.0,15239.0,61716.0,61716.0,2.7525,2.7525,0.6335,4.0
Fear,2023-01-27,,466992.0,504151.0,256651.0,1227794.0,1227794.0,2.6292,2.6292,0.5091,974.0
Ferrari,2023-12-25,,2876285.0,1545818.0,1229598.0,5651701.0,5651701.0,1.9649,1.9649,0.7954,2330.0
Fight or Flight,2025-05-09,,1000730.0,545417.0,455934.0,2002081.0,2002081.0,2.0006,2.0006,0.8359,2153.0
Fighter,2024-01-25,560000.0,1000000.0,1500000.0,1150000.0,4210000.0,3650000.0,4.21,3.65,0.7667,662.0
Fighting Spirit: A Combat Chaplain’s Journey,2024-11-08,,4896.0,5631.0,5887.0,16414.0,16414.0,3.3525,3.3525,1.0455,141.0
Final Account,2021-05-21,,46410.0,53230.0,40345.0,139985.0,139985.0,3.0163,3.0163,0.7579,308.0
Final Destination: Bloodlines,2025-05-16,,20959554.0,17965375.0,12675177.0,51600106.0,51600106.0,2.4619,2.4619,0.7055,3523.0
Final Frequency,2021-06-11,,2000.0,1405.0,1330.0,4735.0,4735.0,2.3675,2.3675,0.9466,9.0
Finding You,2021-05-14,,326433.0,368726.0,225317.0,920476.0,920476.0,2.8198,2.8198,0.6111,1312.0
Fire of Love,2022-07-06,,6926.0,11432.0,6067.0,24425.0,24425.0,3.5266,3.5266,0.5307,3.0
Firebird,2022-04-29,,19096.0,21079.0,17205.0,57380.0,57380.0,3.0048,3.0048,0.8162,89.0
Firebrand,2024-06-14,,79744.0,86983.0,66646.0,233373.0,233373.0,2.9265,2.9265,0.7662,442.0
Fireflies at El Mozote,2026-04-17,,14031.0,19846.0,20999.0,54876.0,54876.0,3.9111,3.9111,1.0581,39.0
Firestarter,2022-05-13,,1549840.0,1407675.0,870200.0,3827715.0,3827715.0,2.4697,2.4697,0.6182,3412.0
First Cow,2020-03-06,,28030.0,36418.0,16875.0,81323.0,81323.0,2.9013,2.9013,0.4634,4.0
Five Nights at Freddy’s,2023-10-27,,39645580.0,24279905.0,16076235.0,80001720.0,80001720.0,2.0179,2.0179,0.6621,3675.0
Five Nights at Freddy’s 2,2025-12-05,,29957030.0,20801885.0,13248515.0,64007430.0,64007430.0,2.1366,2.1366,0.6369,3412.0
Flag Day,2021-08-20,,11959.0,18690.0,12304.0,42953.0,42953.0,3.5917,3.5917,0.6583,24.0
Flee,2021-12-03,,10517.0,8617.0,5660.0,24794.0,24794.0,2.3575,2.3575,0.6568,4.0
Flight Risk,2025-01-24,,4376398.0,4963315.0,2243775.0,11583488.0,11583488.0,2.6468,2.6468,0.4521,3161.0
Flux Gourmet,2022-06-24,,1201.0,1409.0,1170.0,3780.0,3780.0,3.1474,3.1474,0.8304,19.0
Fly Me to the Moon,2024-07-12,,4476129.0,3000561.0,1925486.0,9402176.0,9402176.0,2.1005,2.1005,0.6417,3356.0
Followed,2020-06-19,,57963.0,66232.0,28630.0,152825.0,152825.0,2.6366,2.6366,0.4323,44.0
Food and Country,2024-10-02,,846.0,1092.0,2367.0,4305.0,4305.0,5.0887,5.0887,2.1676,1.0
Fool’s Paradise,2023-05-12,,191185.0,152522.0,120552.0,464259.0,464259.0,2.4283,2.4283,0.7904,794.0
For King + Country: A Drummer Boy Christmas,2024-12-05,563148.0,609985.0,805140.0,849144.0,2827417.0,2264269.0,4.6352,3.712,1.0547,1527.0
For the Love of Money,2021-11-24,,27335.0,47334.0,76005.0,150674.0,150674.0,5.5121,5.5121,1.6057,519.0
Forbidden Fruits,2026-03-27,,563644.0,343700.0,264517.0,1171861.0,1171861.0,2.0791,2.0791,0.7696,1525.0
Force of Nature: The Dry 2,2024-05-10,,11577.0,14034.0,10998.0,36609.0,36609.0,3.1622,3.1622,0.7837,153.0
Fortune Favors Lady Nikuko,2022-06-03,,4479.0,4305.0,5519.0,14303.0,14303.0,3.1933,3.1933,1.282,68.0
Forty-Seven Days with Jesus,2024-03-11,,117784.0,111608.0,118925.0,348317.0,348317.0,2.9573,2.9573,1.0656,979.0
Foster Boy,2020-09-18,,1878.0,2488.0,1734.0,6100.0,6100.0,3.2481,3.2481,0.6969,1.0
Found Wandering Lost,2022-01-27,570.0,,,,570.0,,,,,1.0
Four Good Days,2021-04-30,,99804.0,115735.0,82819.0,298358.0,298358.0,2.9894,2.9894,0.7156,298.0
Freakier Friday,2025-08-08,,12830077.0,9167029.0,6586061.0,28583167.0,28583167.0,2.2278,2.2278,0.7185,3975.0
Freaky,2020-11-13,,1486810.0,1397115.0,716430.0,3600355.0,3600355.0,2.4215,2.4215,0.5128,2472.0
Free Guy,2021-08-13,,10445933.0,10357786.0,7561697.0,28365416.0,28365416.0,2.7155,2.7155,0.73,4165.0
Freelance,2023-10-27,,885000.0,705000.0,496000.0,2086000.0,2086000.0,2.3571,2.3571,0.7035,2057.0
Friendship,2025-05-09,,227367.0,124743.0,99794.0,451904.0,451904.0,1.9876,1.9876,0.8,6.0
From the World of John Wick: Ballerina,2025-06-06,,10526813.0,8130372.0,5844478.0,24501663.0,24501663.0,2.3275,2.3275,0.7188,3409.0
Fureru,2025-12-01,,409.0,,,409.0,409.0,1.0,1.0,,2.0
Furiosa: A Mad Max Saga,2024-05-24,,10356086.0,8351559.0,7618817.0,26326462.0,26326462.0,2.5421,2.5421,0.9123,3804.0
Fuze,2026-04-24,,545560.0,278775.0,179995.0,1004330.0,1004330.0,1.8409,1.8409,0.6457,1164.0
GOAT,2026-02-13,,7087705.0,11810649.0,8303784.0,27202138.0,27202138.0,3.8379,3.8379,0.7031,3863.0
Gabby Giffords Won’t Back Down,2022-07-15,,39120.0,18152.0,17852.0,75124.0,75124.0,1.9203,1.9203,0.9835,302.0
Gabby’s Dollhouse: The Movie,2025-09-26,,4380530.0,5537925.0,3779140.0,13697595.0,13697595.0,3.1269,3.1269,0.6824,3500.0
Game Changer,2025-01-10,,1500000.0,340000.0,220000.0,2060000.0,2060000.0,1.3733,1.3733,0.6471,805.0
Gamestop: Rise of the Players,2022-01-28,,35261.0,24267.0,15254.0,74782.0,74782.0,2.1208,2.1208,0.6286,267.0
Get Away,2024-12-06,,42968.0,34691.0,27317.0,104976.0,104976.0,2.4431,2.4431,0.7874,474.0
Ghost Cat Anzu,2024-11-15,,51260.0,56382.0,42060.0,149702.0,149702.0,2.9204,2.9204,0.746,328.0
Ghostbusters: Afterlife,2021-11-19,,16652383.0,16437835.0,10918188.0,44008406.0,44008406.0,2.6428,2.6428,0.6642,4315.0
Ghostbusters: Frozen Empire,2024-03-22,,16101687.0,17687510.0,11215476.0,45004673.0,45004673.0,2.795,2.795,0.6341,4345.0
Ghostlight,2024-06-14,,14283.0,14901.0,9329.0,38513.0,38513.0,2.6964,2.6964,0.6261,3.0
Gigi & Nate,2022-09-02,,236642.0,445906.0,307813.0,990361.0,990361.0,4.1851,4.1851,0.6903,1184.0
Gladiator II,2024-11-22,,22351240.0,19079622.0,13603853.0,55034715.0,55034715.0,2.4623,2.4623,0.713,3573.0
Glass Onion: A Knives Out Mystery,2022-11-23,,2000000.0,1880000.0,3600000.0,7480000.0,7480000.0,3.74,3.74,1.9149,638.0
Go West,2023-07-19,,35118.0,15054.0,19484.0,69656.0,69656.0,1.9835,1.9835,1.2943,24.0
Godzilla Against MechaGodzilla,2022-11-03,335000.0,,,,335000.0,,,,,727.0
Godzilla Minus One,2023-12-01,,4726373.0,3735270.0,2958332.0,11419975.0,11419975.0,2.4162,2.4162,0.792,2308.0
Godzilla vs. Kong,2021-03-31,,9600000.0,6700000.0,11600000.0,27900000.0,27900000.0,2.9062,2.9062,1.7313,2409.0
Godzilla x Kong: The New Empire,2024-03-29,,36807592.0,26414059.0,16784910.0,80006561.0,80006561.0,2.1736,2.1736,0.6355,3861.0
God’s Country,2022-09-16,,96894.0,111178.0,71856.0,279928.0,279928.0,2.889,2.889,0.6463,785.0
God’s Not Dead: In God We Trust,2024-09-12,362215.0,464170.0,580419.0,459004.0,1865808.0,1503593.0,4.0197,3.2393,0.7908,1327.0
God’s Not Dead: We the People,2021-10-04,,387379.0,399895.0,383093.0,1170367.0,1170367.0,3.0212,3.0212,0.958,565.0
Golda,2023-08-25,,788901.0,527083.0,379975.0,1695959.0,1695959.0,2.1498,2.1498,0.7209,883.0
Gone in the Night,2022-07-15,,39136.0,48233.0,36464.0,123833.0,123833.0,3.1642,3.1642,0.756,136.0
Good Boy,2025-10-03,,975250.0,787225.0,581219.0,2343694.0,2343694.0,2.4032,2.4032,0.7383,1650.0
Good Fortune,2025-10-17,,2441537.0,2209292.0,1512604.0,6163433.0,6163433.0,2.5244,2.5244,0.6847,2990.0
"Good Luck, Have Fun, Don’t Die",2026-02-13,,1426952.0,1365555.0,851768.0,3644275.0,3644275.0,2.5539,2.5539,0.6238,1610.0
Good Mourning,2022-05-20,,8090.0,4743.0,3177.0,16010.0,16010.0,1.979,1.979,0.6698,28.0
Good One,2024-08-09,,10443.0,10782.0,6621.0,27846.0,27846.0,2.6665,2.6665,0.6141,3.0
"Goodbye, Don Glees!",2022-09-14,,24155.0,150.0,217.0,24522.0,24522.0,1.0152,1.0152,1.4467,269.0
Goodrich,2024-10-18,,239005.0,229040.0,162024.0,630069.0,630069.0,2.6362,2.6362,0.7074,1055.0
Gran Turismo: Based on a True Story,2023-08-25,,8552178.0,4145935.0,4712439.0,17410552.0,17410552.0,2.0358,2.0358,1.1366,3856.0
Grand Prix of Europe,2025-11-07,,85195.0,173959.0,111336.0,370490.0,370490.0,4.3487,4.3487,0.64,950.0
Grand Theft Hamlet,2025-01-17,,25131.0,25721.0,16388.0,67240.0,67240.0,2.6756,2.6756,0.6371,75.0
Grand Tour,2025-03-28,,2339.0,3111.0,3726.0,9176.0,9176.0,3.923,3.923,1.1977,3.0
Great Absence,2024-07-19,,2490.0,4610.0,2650.0,9750.0,9750.0,3.9157,3.9157,0.5748,1.0
Green Ghost & The Masters Of The Stone,2022-04-29,,11392.0,11458.0,9526.0,32376.0,32376.0,2.842,2.842,0.8314,135.0
Green and Gold,2025-01-31,,210219.0,275364.0,220406.0,705989.0,705989.0,3.3584,3.3584,0.8004,808.0
Greenland 2: Migration,2026-01-09,,3269100.0,3206703.0,1925345.0,8401148.0,8401148.0,2.5699,2.5699,0.6004,2710.0
Gretel & Hansel,2020-01-31,,2344557.0,2775454.0,1033996.0,6154007.0,6154007.0,2.6248,2.6248,0.3726,3007.0
Guardians of the Galaxy Vol 3,2023-05-05,,48103839.0,38876290.0,31433892.0,118414021.0,118414021.0,2.4616,2.4616,0.8086,4450.0
Gully,2021-06-04,,4542.0,5653.0,4230.0,14425.0,14425.0,3.1759,3.1759,0.7483,100.0
Gunda,2021-04-16,,1287.0,1623.0,2113.0,5023.0,5023.0,3.9029,3.9029,1.3019,5.0
Guntur Kaaram,2024-01-12,,2000000.0,,,2000000.0,2000000.0,1.0,1.0,,800.0
Guy Ritchie’s The Covenant,2023-04-21,,2259928.0,2370459.0,1749801.0,6380188.0,6380188.0,2.8232,2.8232,0.7382,2611.0
H is for Hawk,2026-01-23,,57985.0,58479.0,31009.0,147473.0,147473.0,2.5433,2.5433,0.5303,476.0
HIT: The 2nd Case,2022-12-02,,230000.0,220000.0,150000.0,600000.0,600000.0,2.6087,2.6087,0.6818,280.0
HYPNOSISMIC -Division Rap Battle- Interactive Movie,2026-02-27,,29840.0,28436.0,13480.0,71756.0,71756.0,2.4047,2.4047,0.474,15.0
Haikyu!! The Dumpster Battle,2024-05-31,,1913472.0,965000.0,766829.0,3645301.0,3645301.0,1.9051,1.9051,0.7946,1119.0
Half Brothers,2020-12-04,,237450.0,287560.0,175150.0,700160.0,700160.0,2.9487,2.9487,0.6091,1369.0
Halloween Ends,2022-10-14,,20375495.0,13032850.0,6642010.0,40050355.0,40050355.0,1.9656,1.9656,0.5096,3901.0
Halloween Kills,2021-10-15,,22830935.0,17324690.0,9249355.0,49404980.0,49404980.0,2.1639,2.1639,0.5339,3705.0
Hamilton,2025-09-05,,3931901.0,3589480.0,2592161.0,10113542.0,10113542.0,2.5722,2.5722,0.7222,1825.0
Hamlet,2026-04-10,,76039.0,64799.0,44468.0,185306.0,185306.0,2.437,2.437,0.6862,325.0
Hamnet,2025-11-26,,307342.0,157447.0,306570.0,771359.0,771359.0,2.5098,2.5098,1.9471,119.0
Handling the Undead,2024-05-31,,2862.0,3069.0,1539.0,7470.0,7470.0,2.6101,2.6101,0.5015,1.0
Happening,2022-05-06,,10607.0,13115.0,9590.0,33312.0,33312.0,3.1406,3.1406,0.7312,4.0
Happy Clothes: A Film About Patricia Field,2024-09-20,,3495.0,3759.0,816.0,8070.0,8070.0,2.309,2.309,0.2171,1.0
Hard Luck Love Song,2021-10-15,,13657.0,13851.0,9210.0,36718.0,36718.0,2.6886,2.6886,0.6649,172.0
Hard-Boiled,2026-01-25,,137911.0,87302.0,5387.0,230600.0,230600.0,1.6721,1.6721,0.0617,620.0
Harold and the Purple Crayon,2024-08-02,,2485917.0,2006693.0,1510587.0,6003197.0,6003197.0,2.4149,2.4149,0.7528,3325.0
Hatching,2022-04-29,,45760.0,44230.0,30219.0,120209.0,120209.0,2.6269,2.6269,0.6832,190.0
Haunted Mansion,2023-07-28,,9991427.0,8035029.0,6056019.0,24082475.0,24082475.0,2.4103,2.4103,0.7537,3740.0
He Calls Me Daughter,2026-03-17,,439249.0,363600.0,,802849.0,802849.0,1.8278,1.8278,,819.0
Heart Eyes,2025-02-07,,3716458.0,3322997.0,1265701.0,8305156.0,8305156.0,2.2347,2.2347,0.3809,3102.0
Heart of Africa,2020-03-13,,11730.0,7314.0,653.0,19697.0,19697.0,1.6792,1.6792,0.0893,20.0
Heart of Champions,2021-10-29,,15500.0,13500.0,8000.0,37000.0,37000.0,2.3871,2.3871,0.5926,102.0
Hedda,2025-10-22,,1415.0,689.0,1134.0,3238.0,3238.0,2.2883,2.2883,1.6459,10.0
Hell House LLC: Lineage,2025-08-20,,86861.0,57493.0,52764.0,197118.0,197118.0,2.2693,2.2693,0.9177,523.0
Hell of a Summer,2025-04-04,,728726.0,618271.0,418817.0,1765814.0,1765814.0,2.4232,2.4232,0.6774,1255.0
"Hello, Love, Again",2024-11-15,,940000.0,850000.0,580000.0,2370000.0,2370000.0,2.5213,2.5213,0.6824,248.0
Here,2024-11-01,,1945003.0,1812825.0,1117367.0,4875195.0,4875195.0,2.5065,2.5065,0.6164,2647.0
Here After,2021-07-23,,2328.0,1264.0,2020.0,5612.0,5612.0,2.4107,2.4107,1.5981,1.0
Here Today,2021-05-07,,257913.0,367783.0,416475.0,1042171.0,1042171.0,4.0408,4.0408,1.1324,1200.0
Heretic,2024-11-08,,4311230.0,3880107.0,2638473.0,10829810.0,10829810.0,2.512,2.512,0.68,3221.0
Hijack 1971,2024-07-05,,30186.0,28610.0,21991.0,80787.0,80787.0,2.6763,2.6763,0.7686,62.0
Him,2025-09-19,,6486440.0,4334060.0,2431060.0,13251560.0,13251560.0,2.043,2.043,0.5609,3168.0
His Only Son,2023-03-31,,2199360.0,1784612.0,1517098.0,5501070.0,5501070.0,2.5012,2.5012,0.8501,1920.0
Hitpig!,2024-11-01,,292120.0,490968.0,371056.0,1154144.0,1154144.0,3.9509,3.9509,0.7558,2055.0
Hive,2021-11-05,,4198.0,5457.0,4100.0,13755.0,13755.0,3.2766,3.2766,0.7513,1.0
Hockeyland,2022-09-09,,18981.0,18862.0,5539.0,43382.0,43382.0,2.2855,2.2855,0.2937,63.0
Hokum,2026-05-01,,2620162.0,2253339.0,1554804.0,6428305.0,6428305.0,2.4534,2.4534,0.69,1885.0
Hold Your Fire,2022-05-20,,892.0,998.0,1151.0,3041.0,3041.0,3.4092,3.4092,1.1533,14.0
Holler,2021-06-11,,4698.0,3803.0,3525.0,12026.0,12026.0,2.5598,2.5598,0.9269,31.0
Homestead,2024-12-20,,2905419.0,1709762.0,1385060.0,6000241.0,6000241.0,2.0652,2.0652,0.8101,1886.0
Honest Thief,2020-10-16,,1319000.0,1472004.0,816962.0,3607966.0,3607966.0,2.7354,2.7354,0.555,2425.0
Honey Don’t,2025-08-22,,1447125.0,919315.0,659085.0,3025525.0,3025525.0,2.0907,2.0907,0.7169,1317.0
Honk for Jesus. Save Your Soul.,2022-09-02,,430605.0,616170.0,375840.0,1422615.0,1422615.0,3.3038,3.3038,0.61,1882.0
Hope Gap,2020-03-06,,11741.0,11950.0,7287.0,30978.0,30978.0,2.6384,2.6384,0.6098,18.0
Hoppers,2026-03-06,,13540056.0,18864597.0,12945148.0,45349801.0,45349801.0,3.3493,3.3493,0.6862,4000.0
Horizon: An American Saga Chapter 1,2024-06-28,,4091577.0,3947866.0,3013118.0,11052561.0,11052561.0,2.7013,2.7013,0.7632,3334.0
Horror Nights,2020-04-24,,480.0,840.0,486.0,1806.0,1806.0,3.7625,3.7625,0.5786,1.0
Hot Milk,2025-06-27,,17230.0,13072.0,11883.0,42185.0,42185.0,2.4483,2.4483,0.909,375.0
House Party,2023-01-13,,1409486.0,1456230.0,1120166.0,3985882.0,3985882.0,2.8279,2.8279,0.7692,1400.0
House of Gucci,2021-11-24,,4204526.0,3385978.0,5732694.0,13323198.0,13323198.0,3.1688,3.1688,1.6931,3441.0
House on Eden,2025-07-25,,169959.0,84417.0,59119.0,313495.0,313495.0,1.8445,1.8445,0.7003,600.0
Housekeeping for Beginners,2024-04-05,,23934.0,13331.0,9960.0,47225.0,47225.0,1.9731,1.9731,0.7471,4.0
How It Ends,2021-07-20,,3655.0,1215.0,1198.0,6068.0,6068.0,1.6602,1.6602,0.986,11.0
How to Blow Up a Pipeline,2023-04-07,,64895.0,32084.0,18474.0,115453.0,115453.0,1.7791,1.7791,0.5758,12.0
How to Build a Girl,2020-05-08,,4604.0,6348.0,2249.0,13201.0,13201.0,2.8673,2.8673,0.3543,6.0
How to Make a Killing,2026-02-20,,1674311.0,1133742.0,680245.0,3488298.0,3488298.0,2.0834,2.0834,0.6,1625.0
How to Train Your Dragon,2025-06-13,,35349740.0,26595165.0,22688410.0,84633315.0,84633315.0,2.3942,2.3942,0.8531,4356.0
Huda’s Salon,2022-03-04,,2570.0,3135.0,2047.0,7752.0,7752.0,3.0163,3.0163,0.653,30.0
Human Capital,2020-07-17,,188.0,3770.0,373.0,4331.0,4331.0,23.0372,23.0372,0.0989,6.0
Human Nature,2020-03-13,,3130.0,1566.0,598.0,5294.0,5294.0,1.6914,1.6914,0.3819,2.0
Humane,2024-04-26,,12105.0,8484.0,6261.0,26850.0,26850.0,2.2181,2.2181,0.738,56.0
Hurry Up Tomorrow,2025-05-16,,2334959.0,575745.0,401988.0,3312692.0,3312692.0,1.4187,1.4187,0.6982,2020.0
Hypnotic,2023-05-12,,936501.0,787661.0,677524.0,2401686.0,2401686.0,2.5645,2.5645,0.8602,2118.0
I Am: Celine Dion,2024-06-21,,86494.0,89354.0,105710.0,281558.0,281558.0,3.2552,3.2552,1.183,480.0
I Can,2023-09-22,,51300.0,51245.0,37460.0,140005.0,140005.0,2.7291,2.7291,0.731,135.0
I Can Only Imagine 2,2026-02-20,,3753587.0,2411873.0,1585123.0,7750583.0,7750583.0,2.0648,2.0648,0.6572,3105.0
I Don’t Understand You,2025-06-06,,67895.0,55039.0,43867.0,166801.0,166801.0,2.4567,2.4567,0.797,253.0
I Got a Monster,2023-03-10,,4446.0,932.0,668.0,6046.0,6046.0,1.3599,1.3599,0.7167,1.0
I Heard the Bells,2022-12-01,772369.0,427745.0,806198.0,782561.0,2788873.0,2016504.0,6.5199,4.7143,0.9707,1096.0
I Know What You Did Last Summer,2025-07-18,,5810772.0,3917100.0,3027487.0,12755359.0,12755359.0,2.1951,2.1951,0.7729,3206.0
I Love Boosters,2026-05-22,,1500669.0,1170522.0,1111996.0,3783187.0,3783187.0,2.521,2.521,0.95,1750.0
I Saw the TV Glow,2024-05-03,,54019.0,38233.0,26763.0,119015.0,119015.0,2.2032,2.2032,0.7,4.0
I Still Believe,2020-03-13,,3993234.0,3141562.0,1968818.0,9103614.0,9103614.0,2.2798,2.2798,0.6267,3250.0
I Swear,2026-04-24,,451145.0,124163.0,91095.0,666403.0,666403.0,1.4771,1.4771,0.7337,645.0
I Was a Stranger,2026-01-09,,514257.0,423305.0,261838.0,1199400.0,1199400.0,2.3323,2.3323,0.6186,1400.0
"I Was at Home, But…",2020-02-14,,1930.0,2185.0,2000.0,6115.0,6115.0,3.1684,3.1684,0.9153,1.0
I.S.S.,2024-01-19,,1255556.0,1103644.0,705383.0,3064583.0,3064583.0,2.4408,2.4408,0.6391,2520.0
IF,2024-05-17,,10423126.0,14006940.0,9285735.0,33715801.0,33715801.0,3.2347,3.2347,0.6629,4041.0
If I Had Legs I’d Kick You,2025-10-10,,21263.0,36703.0,31198.0,89164.0,89164.0,4.1934,4.1934,0.85,4.0
Il Corpo,2025-08-22,,114.0,212.0,54.0,380.0,380.0,3.3333,3.3333,0.2547,10.0
Imaginary,2024-03-08,,3623574.0,3930359.0,2358780.0,9912713.0,9912713.0,2.7356,2.7356,0.6001,3118.0
Immaculate,2024-03-22,,2032481.0,1991831.0,1314609.0,5338921.0,5338921.0,2.6268,2.6268,0.66,2354.0
Impractical Jokers: The Movie,2020-02-21,,950007.0,1011295.0,645747.0,2607049.0,2607049.0,2.7442,2.7442,0.6385,357.0
In Front of Your Face,2022-05-06,,4253.0,2397.0,2500.0,9150.0,9150.0,2.1514,2.1514,1.043,1.0
In Whose Name?,2025-09-19,,347027.0,211247.0,171196.0,729470.0,729470.0,2.1021,2.1021,0.8104,495.0
In a Violent Nature,2024-05-31,,1026303.0,649158.0,479885.0,2155346.0,2155346.0,2.1001,2.1001,0.7392,1426.0
In the Earth,2021-04-16,,205171.0,185432.0,115120.0,505723.0,505723.0,2.4649,2.4649,0.6208,547.0
In the Grey,2026-05-15,,1171749.0,1033787.0,721343.0,2926879.0,2926879.0,2.4979,2.4979,0.6978,2018.0
In the Land of Saints and Sinners,2024-03-29,,377967.0,389838.0,266327.0,1034132.0,1034132.0,2.736,2.736,0.6832,896.0
In the Lost Lands,2025-03-07,,390946.0,396108.0,284965.0,1072019.0,1072019.0,2.7421,2.7421,0.7194,1370.0
Incitement,2020-01-31,,6458.0,10261.0,5718.0,22437.0,22437.0,3.4743,3.4743,0.5573,2.0
India Sweets and Spices,2021-11-19,,59379.0,62486.0,48764.0,170629.0,170629.0,2.8736,2.8736,0.7804,343.0
Indiana Jones and the Dial of Destiny,2023-06-30,,23682998.0,18584093.0,18101010.0,60368101.0,60368101.0,2.549,2.549,0.974,4600.0
Infamous,2020-06-12,,58175.0,71973.0,30223.0,160371.0,160371.0,2.7567,2.7567,0.4199,58.0
Infidel,2020-09-18,,528056.0,526097.0,330143.0,1384296.0,1384296.0,2.6215,2.6215,0.6275,1724.0
Infinite Storm,2022-03-25,,265375.0,296117.0,197427.0,758919.0,758919.0,2.8598,2.8598,0.6667,1525.0
Infinity Pool,2023-01-27,,1123017.0,876538.0,514809.0,2514364.0,2514364.0,2.2389,2.2389,0.5873,1835.0
Inheritance,2025-01-24,,53509.0,45700.0,25608.0,124817.0,124817.0,2.3326,2.3326,0.5604,627.0
Inheritance to Love,2024-02-09,,5839.0,4640.0,477.0,10956.0,10956.0,1.8763,1.8763,0.1028,20.0
Inshallah a Boy,2024-01-12,,1891.0,2606.0,1630.0,6127.0,6127.0,3.2401,3.2401,0.6255,1.0
Inside,2023-03-17,,169055.0,183050.0,158005.0,510110.0,510110.0,3.0174,3.0174,0.8632,357.0
Inside Out 2,2024-06-14,,63558115.0,51175086.0,39468472.0,154201673.0,154201673.0,2.4262,2.4262,0.7712,4440.0
Insidious: The Red Door,2023-07-07,,15203849.0,10071050.0,7738137.0,33013036.0,33013036.0,2.1714,2.1714,0.7684,3188.0
Inu-Oh,2022-08-12,,97062.0,53676.0,40266.0,191004.0,191004.0,1.9679,1.9679,0.7502,350.0
Iron Lung,2026-01-30,,8934482.0,5439288.0,3817016.0,18190786.0,18190786.0,2.036,2.036,0.7017,3015.0
Is God Is,2026-05-15,,849635.0,808981.0,556537.0,2215153.0,2215153.0,2.6072,2.6072,0.6879,1510.0
Is This Thing On?,2025-12-19,,60484.0,48234.0,27115.0,135833.0,135833.0,2.2458,2.2458,0.5622,6.0
It Ends With Us,2024-08-09,,24221593.0,13849438.0,11945621.0,50016652.0,50016652.0,2.065,2.065,0.8625,3611.0
It Lives Inside,2023-09-22,,1053340.0,930816.0,623509.0,2607665.0,2607665.0,2.4756,2.4756,0.6699,2005.0
It Was Just an Accident,2025-10-15,,25877.0,21102.0,15901.0,62880.0,62880.0,2.43,2.43,0.7535,3.0
It’s A Wonderful Knife,2023-11-10,,334623.0,165091.0,99112.0,598826.0,598826.0,1.7896,1.7896,0.6003,923.0
I’m Still Here,2025-01-17,,48611.0,38798.0,26296.0,113705.0,113705.0,2.3391,2.3391,0.6778,5.0
I’m Your Man,2021-09-24,,10165.0,14859.0,7893.0,32917.0,32917.0,3.2383,3.2383,0.5312,16.0
J-hope Tour ‘Hope on the Stage’ in JAPAN: Live Viewing,2025-05-31,,789173.0,150000.0,,939173.0,939173.0,1.1901,1.1901,,631.0
JESUS: a Deaf Missions film,2024-06-20,164647.0,2340.0,4698.0,234944.0,406629.0,241982.0,173.7731,103.4111,50.0094,316.0
Jailer,2023-08-09,,961000.0,627000.0,774000.0,2362000.0,2362000.0,2.4579,2.4579,1.2344,375.0
Jane Austen Wrecked My Life,2025-05-23,,105462.0,94508.0,74847.0,274817.0,274817.0,2.6058,2.6058,0.792,61.0
Janet Planet,2024-06-21,,15137.0,19741.0,12585.0,47463.0,47463.0,3.1356,3.1356,0.6375,2.0
Janis Ian: Breaking Silence,2025-03-28,,1679.0,3263.0,3929.0,8871.0,8871.0,5.2835,5.2835,1.2041,2.0
Jatt & Juliet 3,2024-06-27,300000.0,457000.0,597000.0,448000.0,1802000.0,1502000.0,3.9431,3.2867,0.7504,143.0
Jawan,2023-09-07,1371383.0,1801054.0,2484798.0,1839111.0,7496346.0,6124963.0,4.1622,3.4008,0.7401,826.0
Jeepers Creepers: Reborn,2022-09-19,,440286.0,410428.0,349418.0,1200132.0,1200132.0,2.7258,2.7258,0.8514,996.0
Jesus Revolution,2023-02-24,,6965536.0,4759797.0,4156734.0,15882067.0,15882067.0,2.2801,2.2801,0.8733,2475.0
Jesus Thirsts: The Miracle of the Eucharist,2024-06-04,,850252.0,985011.0,306009.0,2141272.0,2141272.0,2.5184,2.5184,0.3107,1098.0
Jockey,2021-12-29,,584.0,485.0,,1069.0,1069.0,1.8305,1.8305,,3.0
Joe Bell,2021-07-23,,245645.0,280593.0,223397.0,749635.0,749635.0,3.0517,3.0517,0.7962,1094.0
John Wick: Chapter 4,2023-03-24,,29426384.0,25814836.0,18576730.0,73817950.0,73817950.0,2.5086,2.5086,0.7196,3855.0
John and the Hole,2021-08-06,,6321.0,6173.0,4164.0,16658.0,16658.0,2.6353,2.6353,0.6746,42.0
Johnny Cash: The Redemption of an American Icon,2022-12-05,,311568.0,255244.0,273768.0,840580.0,840580.0,2.6979,2.6979,1.0726,1087.0
Joker: Folie à Deux,2024-10-04,,20257472.0,11259615.0,6161380.0,37678467.0,37678467.0,1.86,1.86,0.5472,4102.0
José,2020-01-31,,3177.0,4753.0,3261.0,11191.0,11191.0,3.5225,3.5225,0.6861,1.0
Journey to Bethlehem,2023-11-10,,1025364.0,780119.0,594963.0,2400446.0,2400446.0,2.3411,2.3411,0.7627,2002.0
Joy Ride,2023-07-07,,2611969.0,1820420.0,1373888.0,5806277.0,5806277.0,2.223,2.223,0.7547,2820.0
Jujutsu Kaisen 0: The Movie,2022-03-18,,8675953.0,5498371.0,3828880.0,18003204.0,18003204.0,2.0751,2.0751,0.6964,2297.0
Jujutsu Kaisen: Execution,2025-12-05,,4949152.0,3073979.0,2060892.0,10084023.0,10084023.0,2.0375,2.0375,0.6704,1833.0
Jujutsu Kaisen: Hidden Inventory/Premature Death — The Movie,2025-07-16,,1344162.0,1209548.0,140016.0,2693726.0,2693726.0,2.004,2.004,0.1158,1187.0
Jules,2023-08-11,,303975.0,305546.0,230101.0,839622.0,839622.0,2.7621,2.7621,0.7531,780.0
Juliet & Romeo,2025-05-09,,96002.0,100464.0,93023.0,289489.0,289489.0,3.0154,3.0154,0.9259,1350.0
Jung Kook: I Am Still,2024-09-18,,918576.0,229994.0,381607.0,1530177.0,1530177.0,1.6658,1.6658,1.6592,769.0
Jungle Cruise,2021-07-30,,13459236.0,12320282.0,9239213.0,35018731.0,35018731.0,2.6018,2.6018,0.7499,4310.0
Juniper,2023-02-24,,6375.0,8984.0,7973.0,23332.0,23332.0,3.6599,3.6599,0.8875,77.0
Jurassic World Rebirth,2025-07-02,,30503855.0,25300775.0,26235450.0,82040080.0,82040080.0,2.6895,2.6895,1.0369,4063.0
Jurassic World: Dominion,2022-06-10,,59591515.0,46887000.0,38597110.0,145075625.0,145075625.0,2.4345,2.4345,0.8232,4676.0
Just a Bit Outside: The Story of the 1982 Milwaukee Brewers,2024-09-13,,29184.0,20669.0,12065.0,61918.0,61918.0,2.1216,2.1216,0.5837,14.0
Juvenile Delinquents,2020-08-07,,4103.0,4980.0,2522.0,11605.0,11605.0,2.8284,2.8284,0.5064,4.0
KPop Demon Hunters Sing-Along Event,2025-08-23,,10100000.0,9100000.0,,19200000.0,19200000.0,1.901,1.901,,1700.0
Kaiju No.8: Mission Recon,2025-04-13,,195864.0,146830.0,,342694.0,342694.0,1.7497,1.7497,,496.0
Kaijû no kodomo,2021-06-13,,33517.0,149.0,46881.0,80547.0,80547.0,2.4032,2.4032,314.6376,633.0
Kajillionaire,2020-09-25,,88310.0,77900.0,49465.0,215675.0,215675.0,2.4422,2.4422,0.635,529.0
Kalki 2898-AD,2024-06-27,5562531.0,1700000.0,2000000.0,1570000.0,10832531.0,5270000.0,6.3721,3.1,0.785,1049.0
Kandahar,2023-05-26,,921019.0,730717.0,673652.0,2325388.0,2325388.0,2.5248,2.5248,0.9219,2105.0
Kantara A Legend: Chapter 1,2025-10-02,850000.0,,,,850000.0,,,,,689.0
Karaoke,2024-03-29,,1695.0,3192.0,2103.0,6990.0,6990.0,4.1239,4.1239,0.6588,30.0
Karate Kid: Legends,2025-05-30,,7498958.0,7417232.0,5385826.0,20302016.0,20302016.0,2.7073,2.7073,0.7261,3809.0
Karen Kingsbury’s The Christmas Ring,2025-11-07,,284476.0,226317.0,165280.0,676073.0,676073.0,2.3766,2.3766,0.7303,1415.0
Keeper,2025-11-14,,1124689.0,866011.0,536927.0,2527627.0,2527627.0,2.2474,2.2474,0.62,1950.0
Kill,2024-07-04,154737.0,122354.0,157934.0,140614.0,575639.0,420902.0,4.7047,3.44,0.8903,828.0
Kill Bill: The Whole Bloody Affair,2025-12-05,,1479680.0,1071845.0,878364.0,3429889.0,3429889.0,2.318,2.318,0.8195,1198.0
Kill Devil Hills,2022-06-04,,2022.0,,,2022.0,2022.0,1.0,1.0,,1.0
Killers of the Flower Moon,2023-10-20,,9401256.0,8149384.0,5703015.0,23253655.0,23253655.0,2.4735,2.4735,0.6998,3628.0
Kindred,2020-11-06,,2459.0,2529.0,1807.0,6795.0,6795.0,2.7633,2.7633,0.7145,50.0
Kinds of Kindness,2024-06-21,,179202.0,98113.0,99974.0,377289.0,377289.0,2.1054,2.1054,1.019,5.0
King Ivory,2025-11-14,,38577.0,35086.0,24902.0,98565.0,98565.0,2.555,2.555,0.7097,752.0
King Richard,2021-11-19,,1938934.0,2136714.0,1330385.0,5406033.0,5406033.0,2.7881,2.7881,0.6226,3302.0
Kingdom of the Planet of the Apes,2024-05-10,,22166611.0,19969677.0,16264500.0,58400788.0,58400788.0,2.6346,2.6346,0.8145,4075.0
Kiss of the Spider Woman,2025-10-10,,351496.0,297405.0,242145.0,891046.0,891046.0,2.535,2.535,0.8142,1331.0
Kizumonogatari: Koyomi Vamp,2024-08-28,,62079.0,,,62079.0,62079.0,1.0,1.0,,53.0
Knights of the Zodiac,2023-05-12,,220991.0,186219.0,149584.0,556794.0,556794.0,2.5195,2.5195,0.8033,586.0
Knock at the Cabin,2023-02-03,,5409055.0,5488185.0,3229930.0,14127170.0,14127170.0,2.6118,2.6118,0.5885,3643.0
Know Your Place,2024-05-31,,3013.0,1774.0,1642.0,6429.0,6429.0,2.1338,2.1338,0.9256,1.0
Kokuho,2025-11-14,,9088.0,14772.0,14937.0,38797.0,38797.0,4.269,4.269,1.0112,2.0
Kontinental ‘25,2026-03-27,,1867.0,2588.0,986.0,5441.0,5441.0,2.9143,2.9143,0.381,1.0
Kraven the Hunter,2024-12-13,,4801608.0,3749317.0,2450184.0,11001109.0,11001109.0,2.2911,2.2911,0.6535,3211.0
Kuberaa,2025-06-20,,930000.0,477000.0,343000.0,1750000.0,1750000.0,1.8817,1.8817,0.7191,500.0
Kung Fu Panda 4,2024-03-08,,19448090.0,22854805.0,15687010.0,57989905.0,57989905.0,2.9818,2.9818,0.6864,4035.0
Kurt Vonnegut: Unstuck in Time,2021-11-19,,8400.0,9334.0,9693.0,27427.0,27427.0,3.2651,3.2651,1.0385,69.0
L2: Empuraan,2025-03-27,940556.0,,,,940556.0,,,,,335.0
La Usurpadora,2023-04-07,,54117.0,41803.0,32839.0,128759.0,128759.0,2.3793,2.3793,0.7856,313.0
La chimera,2024-03-29,,14076.0,17111.0,13324.0,44511.0,44511.0,3.1622,3.1622,0.7787,3.0
La grazia,2025-12-05,,4186.0,5046.0,3588.0,12820.0,12820.0,3.0626,3.0626,0.7111,1.0
La marginale,2023-09-22,,74.0,73.0,127.0,274.0,274.0,3.7027,3.7027,1.7397,10.0
Laal Singh Chaddha,2022-08-11,314897.0,433924.0,575520.0,477480.0,1801821.0,1486924.0,4.1524,3.4267,0.8296,516.0
Labyrinth,2026-05-10,,20626.0,18887.0,125.0,39638.0,39638.0,1.9217,1.9217,0.0066,430.0
Lakota Nation vs. United States,2023-07-14,,2536.0,3071.0,2945.0,8552.0,8552.0,3.3722,3.3722,0.959,1.0
Laleh Drive,2022-03-18,,1800.0,1100.0,1293.0,4193.0,4193.0,2.3294,2.3294,1.1755,9.0
Lamb,2021-10-08,,415079.0,321812.0,263198.0,1000089.0,1000089.0,2.4094,2.4094,0.8179,583.0
Lamb of God: The Concert Film,2021-03-12,,70322.0,50625.0,8962.0,129909.0,129909.0,1.8473,1.8473,0.177,104.0
Land,2021-02-12,,259585.0,338105.0,302120.0,899810.0,899810.0,3.4663,3.4663,0.8936,1231.0
Land of Bad,2024-02-16,,682503.0,651014.0,506993.0,1840510.0,1840510.0,2.6967,2.6967,0.7788,1120.0
Landscape with Invisible Hand,2023-08-18,,37376.0,32689.0,26782.0,96847.0,96847.0,2.5912,2.5912,0.8193,304.0
Language Lessons,2021-09-10,,7728.0,11859.0,6668.0,26255.0,26255.0,3.3974,3.3974,0.5623,44.0
Lansky,2021-06-25,,8424.0,10770.0,8280.0,27474.0,27474.0,3.2614,3.2614,0.7688,49.0
Last Breath,2025-02-28,,3055080.0,2949455.0,1846655.0,7851190.0,7851190.0,2.5699,2.5699,0.6261,3018.0
Last Call,2020-09-18,,175.0,244.0,59.0,478.0,478.0,2.7314,2.7314,0.2418,3.0
Last Days,2025-10-24,,64679.0,53416.0,44937.0,163032.0,163032.0,2.5206,2.5206,0.8413,312.0
Last Night in Soho,2021-10-29,,1907305.0,1310185.0,960970.0,4178460.0,4178460.0,2.1908,2.1908,0.7335,3016.0
Late Night with the Devil,2024-03-22,,1159058.0,1015434.0,660375.0,2834867.0,2834867.0,2.4458,2.4458,0.6503,1034.0
Laufey’s A Night at the Symphony: Hollywood Bowl,2024-12-06,,488014.0,88948.0,268408.0,845370.0,845370.0,1.7323,1.7323,3.0176,402.0
Leap of Faith,2024-10-04,,12773.0,10254.0,10631.0,33658.0,33658.0,2.6351,2.6351,1.0368,7.0
Lee,2024-09-27,,228817.0,284493.0,199945.0,713255.0,713255.0,3.1171,3.1171,0.7028,854.0
Lee Cronin’s The Mummy,2026-04-17,,5240987.0,4935612.0,3340573.0,13517172.0,13517172.0,2.5791,2.5791,0.6768,3304.0
Left Behind: Rise of the Antichrist,2023-01-26,611022.0,703369.0,951699.0,898084.0,3164174.0,2553152.0,4.4986,3.6299,0.9437,1393.0
Legends of the Condor Heroes: The Gallants,2025-02-21,,129657.0,122371.0,92402.0,344430.0,344430.0,2.6565,2.6565,0.7551,200.0
Les Misérables,2020-01-10,,8046.0,9353.0,6755.0,24154.0,24154.0,3.002,3.002,0.7222,4.0
Let Him Go,2020-11-06,,1479580.0,1620470.0,900420.0,4000470.0,4000470.0,2.7038,2.7038,0.5557,2454.0
LiVE is SMiLE ALWAYS -Lander-,2024-08-17,,21963.0,18396.0,20351.0,60710.0,60710.0,2.7642,2.7642,1.1063,301.0
Licorice Pizza,2021-11-26,,141595.0,104764.0,98798.0,345157.0,345157.0,2.4376,2.4376,0.9431,4.0
Lifemark,2022-09-09,,861076.0,777880.0,550500.0,2189456.0,2189456.0,2.5427,2.5427,0.7077,1531.0
Light of the World,2025-09-05,,705747.0,968854.0,726773.0,2401374.0,2401374.0,3.4026,3.4026,0.7501,2075.0
Lightyear,2022-06-17,,20705945.0,16095675.0,13776341.0,50577961.0,50577961.0,2.4427,2.4427,0.8559,4255.0
Like a Boss,2020-01-10,,3900185.0,3780873.0,2330214.0,10011272.0,10011272.0,2.5669,2.5669,0.6163,3078.0
Lilo & Stitch,2025-05-23,,55942802.0,47823374.0,42249999.0,146016175.0,146016175.0,2.6101,2.6101,0.8835,4410.0
Limbo,2021-04-30,,31040.0,32145.0,21525.0,84710.0,84710.0,2.7291,2.7291,0.6696,208.0
Linda Linda Linda,2025-09-05,,2664.0,4536.0,3987.0,11187.0,11187.0,4.1993,4.1993,0.879,1.0
Linoleum,2023-02-24,,5695.0,7274.0,7749.0,20718.0,20718.0,3.6379,3.6379,1.0653,13.0
Lisa Frankenstein,2024-02-09,,1725290.0,1375915.0,594580.0,3695785.0,3695785.0,2.1421,2.1421,0.4321,3144.0
Little Amélie or the Character of Rain,2025-10-31,,1163.0,1414.0,1217.0,3794.0,3794.0,3.2623,3.2623,0.8607,1.0
Little Bites,2024-10-04,,3040.0,3912.0,1105.0,8057.0,8057.0,2.6503,2.6503,0.2825,18.0
Little Fish,2021-02-05,,8394.0,10040.0,3121.0,21555.0,21555.0,2.5679,2.5679,0.3109,84.0
Lonely Castle in the Mirror,2023-06-21,,72934.0,54162.0,,127096.0,127096.0,1.7426,1.7426,,275.0
Long Weekend,2021-03-12,,88126.0,98352.0,58704.0,245182.0,245182.0,2.7822,2.7822,0.5969,814.0
Longlegs,2024-07-12,,10012897.0,7201873.0,5185349.0,22400119.0,22400119.0,2.2371,2.2371,0.72,2510.0
Look Back,2024-10-04,,31952.0,23298.0,634921.0,690171.0,690171.0,21.6002,21.6002,27.2522,2.0
Loren and Rose,2023-06-23,,926.0,1200.0,6129.0,8255.0,8255.0,8.9147,8.9147,5.1075,3.0
Lorne,2026-04-17,,105395.0,104930.0,60295.0,270620.0,270620.0,2.5677,2.5677,0.5746,414.0
Los Frikis,2024-12-20,,27466.0,4536.0,6336.0,38338.0,38338.0,1.3958,1.3958,1.3968,2.0
Lost Angel: The Genius of Judee Sill,2024-04-12,,6927.0,1605.0,1167.0,9699.0,9699.0,1.4002,1.4002,0.7271,6.0
Loudmouth,2022-12-09,,17257.0,7111.0,5886.0,30254.0,30254.0,1.7531,1.7531,0.8277,116.0
Love & Pop,2025-02-21,,2280.0,2175.0,3857.0,8312.0,8312.0,3.6456,3.6456,1.7733,2.0
Love Again,2023-05-05,,951937.0,861661.0,567364.0,2380962.0,2380962.0,2.5012,2.5012,0.6585,2703.0
Love Hurts,2025-02-07,,2624540.0,2289050.0,886850.0,5800440.0,5800440.0,2.2101,2.2101,0.3874,3055.0
Love Lies Bleeding,2024-03-08,,71102.0,53534.0,26129.0,150765.0,150765.0,2.1204,2.1204,0.4881,5.0
Love Me,2025-01-31,,82115.0,73323.0,56926.0,212364.0,212364.0,2.5862,2.5862,0.7764,527.0
Love and Monsters,2020-10-16,,90216.0,120062.0,60024.0,270302.0,270302.0,2.9962,2.9962,0.4999,387.0
Love by Drowning,2020-11-06,,72.0,107.0,88.0,267.0,267.0,3.7083,3.7083,0.8224,4.0
Love in Kilnerry,2022-04-08,,69.0,12112.0,90.0,12271.0,12271.0,177.8406,177.8406,0.0074,2.0
"Love, Brooklyn",2025-08-29,,26947.0,12761.0,9535.0,49243.0,49243.0,1.8274,1.8274,0.7472,1.0
"Love, Charlie: The Rise and Fall of Chef Charlie Trotter",2022-11-18,,1513.0,6749.0,1496.0,9758.0,9758.0,6.4494,6.4494,0.2217,4.0
Lowndes County and the Road to Black Power,2022-12-02,,1469.0,1579.0,799.0,3847.0,3847.0,2.6188,2.6188,0.506,8.0
Luca,2024-03-22,,151235.0,239690.0,167471.0,558396.0,558396.0,3.6922,3.6922,0.6987,1390.0
Lupin III: The First,2020-10-18,,83295.0,249.0,559.0,84103.0,84103.0,1.0097,1.0097,2.245,418.0
Lupin the IIIRD: The Movie — The Immortal Bloodline,2026-01-04,,46163.0,33478.0,28968.0,108609.0,108609.0,2.3527,2.3527,0.8653,500.0
Lurker,2025-08-22,,24152.0,19840.0,11880.0,55872.0,55872.0,2.3133,2.3133,0.5988,4.0
"Lyle, Lyle, Crocodile",2022-10-07,,3630915.0,4533408.0,3236859.0,11401182.0,11401182.0,3.14,3.14,0.714,4350.0
M3GAN,2023-01-06,,11726555.0,11703535.0,6999770.0,30429860.0,30429860.0,2.595,2.595,0.5981,3509.0
M3GAN 2.0,2025-06-27,,4567955.0,3287220.0,2346450.0,10201625.0,10201625.0,2.2333,2.2333,0.7138,3112.0
MLK/FBI,2021-01-15,,5969.0,9133.0,6501.0,21603.0,21603.0,3.6192,3.6192,0.7118,120.0
MaXXXine,2024-07-05,,3185000.0,2011450.0,1508588.0,6705038.0,6705038.0,2.1052,2.1052,0.75,2450.0
Mack & Rita,2022-08-12,,397691.0,364759.0,275841.0,1038291.0,1038291.0,2.6108,2.6108,0.7562,1930.0
Mad About the Boy — The Noël Coward Story,2024-10-09,,2340.0,210.0,330.0,2880.0,2880.0,1.2308,1.2308,1.5714,1.0
Mad God,2022-06-10,,2950.0,2858.0,2608.0,8416.0,8416.0,2.8529,2.8529,0.9125,2.0
Madame Web,2024-02-14,,6051012.0,2153607.0,4284961.0,12489580.0,12489580.0,2.064,2.064,1.9897,4013.0
Made in Italy,2020-08-07,,12137.0,13926.0,7935.0,33998.0,33998.0,2.8012,2.8012,0.5698,111.0
Mafia Mamma,2023-04-14,,868978.0,687144.0,476080.0,2032202.0,2032202.0,2.3386,2.3386,0.6928,2002.0
Magazine Dreams,2025-03-21,,340235.0,216112.0,145018.0,701365.0,701365.0,2.0614,2.0614,0.671,815.0
Magic Farm,2025-04-25,,8889.0,7265.0,2160.0,18314.0,18314.0,2.0603,2.0603,0.2973,1.0
Magic Mike’s Last Dance,2023-02-10,,4141216.0,3133298.0,1030803.0,8305317.0,8305317.0,2.0055,2.0055,0.329,1496.0
Mainstream,2021-05-07,,7268.0,7755.0,4722.0,19745.0,19745.0,2.7167,2.7167,0.6089,76.0
Make Me Famous,2023-06-22,1593.0,1367.0,1615.0,1182.0,5757.0,4164.0,4.2114,3.0461,0.7319,1.0
Malum,2023-03-31,,90405.0,76333.0,55000.0,221738.0,221738.0,2.4527,2.4527,0.7205,249.0
Man of God,2022-03-21,,526767.0,55532.0,922.0,583221.0,583221.0,1.1072,1.1072,0.0166,830.0
Marc by Sofia,2026-03-20,,18578.0,16026.0,13057.0,47661.0,47661.0,2.5655,2.5655,0.8147,2.0
Marcel the Shell with Shoes On,2022-06-24,,82188.0,47253.0,29962.0,159403.0,159403.0,1.9395,1.9395,0.6341,6.0
Marlowe,2023-02-15,,548215.0,208580.0,540660.0,1297455.0,1297455.0,2.3667,2.3667,2.5921,2281.0
Marry Me,2022-02-11,,2962045.0,3535785.0,1452150.0,7949980.0,7949980.0,2.6839,2.6839,0.4107,3642.0
Mars Express,2024-05-03,,28779.0,34798.0,31161.0,94738.0,94738.0,3.2919,3.2919,0.8955,295.0
Marty Supreme,2025-12-19,,384438.0,265145.0,225417.0,875000.0,875000.0,2.276,2.276,0.8502,6.0
Mass,2021-10-08,,4412.0,5854.0,3219.0,13485.0,13485.0,3.0564,3.0564,0.5499,4.0
Materialists,2025-06-13,,5116356.0,3867454.0,2354832.0,11338642.0,11338642.0,2.2162,2.2162,0.6089,2844.0
Max Winslow and the House of Secrets,2020-05-29,,128.0,143.0,154.0,425.0,425.0,3.3203,3.3203,1.0769,1.0
Maybe I Do,2023-01-27,,194701.0,223934.0,127425.0,546060.0,546060.0,2.8046,2.8046,0.569,465.0
Mayhem!,2024-01-05,,2289.0,2496.0,1216.0,6001.0,6001.0,2.6217,2.6217,0.4872,24.0
Mean Girls,2024-01-12,,11527268.0,9594488.0,7513551.0,28635307.0,28635307.0,2.4841,2.4841,0.7831,3791.0
Medieval,2022-09-09,,301000.0,300000.0,209000.0,810000.0,810000.0,2.691,2.691,0.6967,1311.0
Meg 2: The Trench,2023-08-04,,12146883.0,9946474.0,7909378.0,30002735.0,30002735.0,2.47,2.47,0.7952,3503.0
Megalopolis,2024-09-27,,1853074.0,1266732.0,887991.0,4007797.0,4007797.0,2.1628,2.1628,0.701,1854.0
Melania,2026-01-30,,2861818.0,2303524.0,1996263.0,7161605.0,7161605.0,2.5025,2.5025,0.8666,1778.0
Memoir of a Snail,2024-10-25,,39236.0,13091.0,12489.0,64816.0,64816.0,1.652,1.652,0.954,5.0
Memoria,2021-12-26,,6797.0,6214.0,5341.0,18352.0,18352.0,2.7,2.7,0.8595,1.0
Memory,2022-04-29,,1110563.0,1216023.0,786712.0,3113298.0,3113298.0,2.8034,2.8034,0.647,2555.0
Men,2022-05-20,,1419333.0,1040943.0,832754.0,3293030.0,3293030.0,2.3201,2.3201,0.8,2212.0
Mercy,2026-01-23,,5005376.0,3987768.0,1816034.0,10809178.0,10809178.0,2.1595,2.1595,0.4554,3468.0
Merrily We Roll Along,2025-12-05,,495593.0,390972.0,422382.0,1308947.0,1308947.0,2.6412,2.6412,1.0803,1084.0
Met Opera: Fire Shut Up in My Bones,2021-10-23,,610000.0,,,610000.0,610000.0,1.0,1.0,,500.0
Met Opera: Le Nozze Di Figaro,2025-04-26,,933800.0,,,933800.0,933800.0,1.0,1.0,,800.0
Met Opera: The Hours,2022-12-10,,791374.0,,,791374.0,791374.0,1.0,1.0,,826.0
Michael,2026-04-24,,39290344.0,32463413.0,25453117.0,97206874.0,97206874.0,2.4741,2.4741,0.7841,3955.0
Mickey 17,2025-03-07,,7726710.0,6702116.0,4574026.0,19002852.0,19002852.0,2.4594,2.4594,0.6825,3807.0
Midwinter Break,2026-02-20,,225035.0,195325.0,86405.0,506765.0,506765.0,2.2519,2.2519,0.4424,808.0
Migration,2023-12-22,,5747620.0,4162880.0,2542775.0,12453275.0,12453275.0,2.1667,2.1667,0.6108,3761.0
Mile End Kicks,2026-04-17,,117745.0,80641.0,65386.0,263772.0,263772.0,2.2402,2.2402,0.8108,380.0
Minions: The Rise of Gru,2022-07-01,,48234190.0,32646705.0,26129245.0,107010140.0,107010140.0,2.2186,2.2186,0.8004,4391.0
Mirai,2025-09-11,400000.0,377000.0,564000.0,350000.0,1691000.0,1291000.0,4.4854,3.4244,0.6206,400.0
Mirando al Cielo,2023-04-17,,282784.0,295539.0,,578323.0,578323.0,2.0451,2.0451,,680.0
Miroirs No. 3,2026-03-20,,11895.0,14488.0,9483.0,35866.0,35866.0,3.0152,3.0152,0.6545,3.0
Miss Kobayashi’s Dragon Maid: The Lonely Dragon,2025-10-20,,87563.0,,,87563.0,87563.0,1.0,1.0,,248.0
Missing,2023-01-20,,3433703.0,3678378.0,2042614.0,9154695.0,9154695.0,2.6661,2.6661,0.5553,3025.0
Mission Stories,2021-05-07,,12762.0,10937.0,690.0,24389.0,24389.0,1.9111,1.9111,0.0631,44.0
Mission: Impossible Dead Reckoning Part One,2023-07-12,,15516660.0,8286890.0,16660010.0,40463560.0,40463560.0,2.6077,2.6077,2.0104,4049.0
Mission: Impossible—The Final Reckoning,2025-05-23,,24807867.0,20311131.0,18917430.0,64036428.0,64036428.0,2.5813,2.5813,0.9314,3857.0
Moana 2,2024-11-27,,57869843.0,27784598.0,54361837.0,140016278.0,140016278.0,2.4195,2.4195,1.9565,4200.0
Mobile Suit Gundam GQuuuuuuX -Beginning-,2025-02-28,,532767.0,214112.0,135592.0,882471.0,882471.0,1.6564,1.6564,0.6333,784.0
Mobile Suit Gundam Hathaway: The Sorcery of Nymph Circe,2026-05-15,,424606.0,226990.0,168442.0,820038.0,820038.0,1.9313,1.9313,0.7421,894.0
Moffie,2021-04-09,,4449.0,5277.0,4281.0,14007.0,14007.0,3.1483,3.1483,0.8113,51.0
Monday,2021-04-16,,7641.0,6619.0,4507.0,18767.0,18767.0,2.4561,2.4561,0.6809,54.0
"Monero Means Money: Cryptocurrency 101, Live from Leipzig",2020-04-10,,180.0,780.0,2470.0,3430.0,3430.0,19.0556,19.0556,3.1667,18.0
Monica,2023-05-12,,14804.0,9194.0,3878.0,27876.0,27876.0,1.883,1.883,0.4218,2.0
Monkey Man,2024-04-05,,4182135.0,3570175.0,2367125.0,10119435.0,10119435.0,2.4197,2.4197,0.663,3029.0
Monster Hunter,2020-12-18,,824964.0,796432.0,579873.0,2201269.0,2201269.0,2.6683,2.6683,0.7281,1736.0
Montana Story,2022-05-13,,8743.0,6492.0,2049.0,17284.0,17284.0,1.9769,1.9769,0.3156,4.0
Moonage Daydream,2022-09-16,,593594.0,371222.0,265329.0,1230145.0,1230145.0,2.0724,2.0724,0.7147,170.0
Moonfall,2022-02-04,,3404657.0,4053602.0,2410738.0,9868997.0,9868997.0,2.8987,2.8987,0.5947,3446.0
Morbius,2022-04-01,,17305908.0,13148513.0,8551474.0,39005895.0,39005895.0,2.2539,2.2539,0.6504,4268.0
Mortal Kombat,2021-04-23,,9090000.0,8675000.0,5535000.0,23300000.0,23300000.0,2.5633,2.5633,0.638,3073.0
Mortal Kombat II,2026-05-08,,16801022.0,13298057.0,8402098.0,38501177.0,38501177.0,2.2916,2.2916,0.6318,3503.0
Mother Mary,2026-04-17,,70737.0,55615.0,41711.0,168063.0,168063.0,2.3759,2.3759,0.75,5.0
Mother Teresa & Me,2023-10-05,345937.0,,,,345937.0,,,,,487.0
Moving On,2023-03-17,,245784.0,316523.0,259654.0,821961.0,821961.0,3.3442,3.3442,0.8203,794.0
Mr. Malcolm’s List,2022-07-01,,306342.0,279561.0,224839.0,810742.0,810742.0,2.6465,2.6465,0.8043,1384.0
Mr. Nobody Against Putin,2026-01-21,,3696.0,3627.0,,7323.0,7323.0,1.9813,1.9813,,1.0
Mrs. Harris Goes to Paris,2022-07-15,,702835.0,682975.0,567260.0,1953070.0,1953070.0,2.7788,2.7788,0.8306,980.0
Mufasa: The Lion King,2024-12-20,,13340381.0,11850488.0,10218496.0,35409365.0,35409365.0,2.6543,2.6543,0.8623,4100.0
Mummies,2023-02-24,,98344.0,192464.0,131375.0,422183.0,422183.0,4.2929,4.2929,0.6826,225.0
Murder in the Woods,2020-08-14,,18439.0,20136.0,10063.0,48638.0,48638.0,2.6378,2.6378,0.4998,25.0
Muzzle,2023-09-29,,1810.0,1813.0,1424.0,5047.0,5047.0,2.7884,2.7884,0.7854,24.0
Muzzle: City of Wolves,2025-11-14,,56329.0,18757.0,13498.0,88584.0,88584.0,1.5726,1.5726,0.7196,575.0
My Big Fat Greek Wedding 3,2023-09-08,,3706845.0,3743615.0,2578215.0,10028675.0,10028675.0,2.7054,2.7054,0.6887,3650.0
My Boyfriend’s Meds,2020-02-21,,417176.0,519602.0,459362.0,1396140.0,1396140.0,3.3466,3.3466,0.8841,350.0
My Dead Friend Zoe,2025-02-28,,367894.0,226546.0,145648.0,740088.0,740088.0,2.0117,2.0117,0.6429,780.0
"My Donkey, My Lover & I",2022-07-22,,12092.0,13317.0,11779.0,37188.0,37188.0,3.0754,3.0754,0.8845,52.0
My Happy Ending,2023-02-24,,8385.0,10104.0,8083.0,26572.0,26572.0,3.169,3.169,0.8,126.0
My Hero Academia the Movie: You’re Next,2024-10-11,,1364911.0,951099.0,691017.0,3007027.0,3007027.0,2.2031,2.2031,0.7265,1845.0
My Hero Academia: Heroes: Rising,2020-02-26,,2583834.0,819498.0,1867536.0,5270868.0,5270868.0,2.0399,2.0399,2.2789,1275.0
My Hero Academia: World Heroes’ Mission,2021-10-29,,2885252.0,2118034.0,1215890.0,6219176.0,6219176.0,2.1555,2.1555,0.5741,1581.0
My Mother’s Wedding,2025-08-08,,156561.0,154693.0,122346.0,433600.0,433600.0,2.7695,2.7695,0.7909,402.0
My Old Ass,2024-09-13,,87881.0,46590.0,33382.0,167853.0,167853.0,1.91,1.91,0.7165,7.0
My Penguin Friend,2024-08-16,,367574.0,365272.0,300589.0,1033435.0,1033435.0,2.8115,2.8115,0.8229,1083.0
My Salinger Year,2021-03-05,,8245.0,13354.0,7252.0,28851.0,28851.0,3.4992,3.4992,0.5431,123.0
Mystery of the Kingdom of God,2021-03-26,,5200.0,4100.0,2945.0,12245.0,12245.0,2.3548,2.3548,0.7183,106.0
Nam June Paik: Moon Is The Oldest TV,2023-03-24,,3484.0,3894.0,3344.0,10722.0,10722.0,3.0775,3.0775,0.8588,1.0
Namaka,2025-09-19,,1076.0,1002.0,636.0,2714.0,2714.0,2.5223,2.5223,0.6347,2.0
Napoleon,2023-11-22,,7733795.0,4380034.0,8390129.0,20503958.0,20503958.0,2.6512,2.6512,1.9155,3500.0
National Anthem,2024-07-12,,23000.0,,,23000.0,23000.0,1.0,1.0,,4.0
National Champions,2021-12-10,,121311.0,111838.0,67879.0,301028.0,301028.0,2.4815,2.4815,0.6069,1197.0
Ne Zha 2,2025-02-14,,3100000.0,2300000.0,1800000.0,7200000.0,7200000.0,2.3226,2.3226,0.7826,660.0
Nefarious,2023-04-14,,504046.0,468198.0,344022.0,1316266.0,1316266.0,2.6114,2.6114,0.7348,933.0
Neighborhood Watch,2025-04-25,,1741.0,1199.0,663.0,3603.0,3603.0,2.0695,2.0695,0.553,15.0
Never Let Go,2024-09-20,,1660092.0,1713216.0,1075757.0,4449065.0,4449065.0,2.68,2.68,0.6279,2667.0
"Never, Rarely, Sometimes, Always",2020-03-13,,7853.0,5909.0,2523.0,16285.0,16285.0,2.0737,2.0737,0.427,4.0
New Order,2021-05-21,,49569.0,51056.0,43908.0,144533.0,144533.0,2.9158,2.9158,0.86,236.0
News of the World,2020-12-25,,1000325.0,769880.0,480225.0,2250430.0,2250430.0,2.2497,2.2497,0.6238,1900.0
Next Goal Wins,2023-11-17,,1099450.0,841544.0,559301.0,2500295.0,2500295.0,2.2741,2.2741,0.6646,2240.0
Nickel Boys,2024-12-13,,19557.0,23593.0,11644.0,54794.0,54794.0,2.8018,2.8018,0.4935,2.0
Night Patrol,2026-01-16,,118665.0,75444.0,55525.0,249634.0,249634.0,2.1037,2.1037,0.736,800.0
Night Swim,2024-01-05,,5246275.0,4207220.0,2343660.0,11797155.0,11797155.0,2.2487,2.2487,0.5571,3250.0
Nightmare Alley,2021-12-17,,1195749.0,941145.0,674809.0,2811703.0,2811703.0,2.3514,2.3514,0.717,2145.0
Nikamma,2022-06-17,,6270.0,6935.0,5421.0,18626.0,18626.0,2.9707,2.9707,0.7817,170.0
Nirvanna the Band the Show the Movie,2026-02-13,,725048.0,274728.0,256113.0,1255889.0,1255889.0,1.7321,1.7321,0.9322,365.0
No Escape,2020-09-18,,32338.0,32828.0,14016.0,79182.0,79182.0,2.4486,2.4486,0.427,45.0
No Hard Feelings,2023-06-23,,6352471.0,4985795.0,3664504.0,15002770.0,15002770.0,2.3617,2.3617,0.735,3208.0
No Man’s Land,2021-01-22,,18713.0,28141.0,12115.0,58969.0,58969.0,3.1512,3.1512,0.4305,254.0
No Ordinary Love,2020-10-24,,3516.0,1140.0,,4656.0,4656.0,1.3242,1.3242,,2.0
No Other Choice,2025-12-25,312969.0,109251.0,111494.0,111908.0,645622.0,332653.0,5.9095,3.0449,1.0037,13.0
No Time to Die,2021-10-08,,23310401.0,18154289.0,13760317.0,55225007.0,55225007.0,2.3691,2.3691,0.758,4407.0
No Way Up,2024-02-16,,17014.0,29923.0,24363.0,71300.0,71300.0,4.1907,4.1907,0.8142,78.0
Nobody,2021-03-26,,2508415.0,2538515.0,1773170.0,6820100.0,6820100.0,2.7189,2.7189,0.6985,2460.0
Nobody 2,2025-08-15,,3869645.0,3113695.0,2267850.0,9251190.0,9251190.0,2.3907,2.3907,0.7283,3260.0
Nope,2022-07-22,,19538690.0,13938155.0,10890065.0,44366910.0,44366910.0,2.2707,2.2707,0.7813,3785.0
Nosferatu,2024-12-25,,11552825.0,7601650.0,7275315.0,26429790.0,26429790.0,2.2877,2.2877,0.9571,2911.0
Not Another Church Movie,2024-05-10,,120993.0,129548.0,141235.0,391776.0,391776.0,3.238,3.238,1.0902,1108.0
Nothing But a Winner,2025-07-31,277190.0,19792.0,20100.0,19284.0,336366.0,59176.0,16.995,2.9899,0.9594,811.0
Novocaine,2025-03-14,,3916495.0,2889782.0,2003159.0,8809436.0,8809436.0,2.2493,2.2493,0.6932,3365.0
Now You See Me: Now You Don’t,2025-11-14,,8387146.0,7697023.0,4929624.0,21013793.0,21013793.0,2.5055,2.5055,0.6405,3403.0
Nuremberg,2025-11-07,,1460249.0,1437161.0,985884.0,3883294.0,3883294.0,2.6593,2.6593,0.686,1802.0
Nurse Unseen,2024-10-04,,3794.0,3654.0,3055.0,10503.0,10503.0,2.7683,2.7683,0.8361,1.0
ODESZA: The Last Goodbye Cinematic Experience,2023-07-07,,760000.0,,,760000.0,760000.0,1.0,1.0,,529.0
Obsession,2026-05-15,,6977085.0,5416910.0,4802860.0,17196855.0,17196855.0,2.4648,2.4648,0.8866,2615.0
October 8,2025-03-14,,41277.0,67536.0,125668.0,234481.0,234481.0,5.6807,5.6807,1.8608,127.0
Oddity,2024-07-19,,194344.0,206225.0,161764.0,562333.0,562333.0,2.8935,2.8935,0.7844,790.0
Of an Age,2023-02-17,,194785.0,119630.0,52865.0,367280.0,367280.0,1.8856,1.8856,0.4419,289.0
Official Competition,2022-06-17,,11309.0,8724.0,7117.0,27150.0,27150.0,2.4007,2.4007,0.8158,4.0
"Oh, Hi!",2025-07-25,,736647.0,217567.0,197358.0,1151572.0,1151572.0,1.5633,1.5633,0.9071,866.0
Old,2021-07-23,,6897470.0,5616385.0,4340880.0,16854735.0,16854735.0,2.4436,2.4436,0.7729,3355.0
Old Henry,2021-10-01,,7089.0,9208.0,4864.0,21161.0,21161.0,2.985,2.985,0.5282,30.0
Olympic Dreams,2020-02-14,,2892.0,3236.0,3162.0,9290.0,9290.0,3.2123,3.2123,0.9771,3.0
On Becoming a Guinea Fowl,2025-03-07,,4605.0,4733.0,3455.0,12793.0,12793.0,2.7781,2.7781,0.73,4.0
On Swift Horses,2025-04-25,,365820.0,100301.0,76239.0,542360.0,542360.0,1.4826,1.4826,0.7601,755.0
On the Come Up,2022-09-23,,47198.0,63038.0,40461.0,150697.0,150697.0,3.1929,3.1929,0.6419,603.0
On the Count of Three,2022-05-13,,14100.0,12843.0,9879.0,36822.0,36822.0,2.6115,2.6115,0.7692,19.0
Once I Was Engaged,2021-07-21,,34322.0,8898.0,17402.0,60622.0,60622.0,1.7663,1.7663,1.9557,28.0
One Battle After Another,2025-09-26,,9000232.0,7850050.0,5150105.0,22000387.0,22000387.0,2.4444,2.4444,0.6561,3634.0
One Life,2024-03-15,,781016.0,563990.0,368499.0,1713505.0,1713505.0,2.1939,2.1939,0.6534,983.0
One Piece Film: Red,2022-11-04,,4838903.0,2706758.0,1794584.0,9340245.0,9340245.0,1.9302,1.9302,0.663,2367.0
One of Them Days,2025-01-17,,4480348.0,4055650.0,3271733.0,11807731.0,11807731.0,2.6354,2.6354,0.8067,2675.0
Only the Animals,2021-10-29,,653.0,1761.0,975.0,3389.0,3389.0,5.1899,5.1899,0.5537,5.0
Onward,2020-03-06,,12096726.0,16514193.0,10508942.0,39119861.0,39119861.0,3.2339,3.2339,0.6364,4310.0
Onyx the Fortuitous and the Talisman of Souls,2023-10-19,182021.0,,,,182021.0,,,,,634.0
Operation Fortune: Ruse de guerre,2023-03-03,,1079603.0,1262857.0,797754.0,3140214.0,3140214.0,2.9087,2.9087,0.6317,2168.0
Oppenheimer,2023-07-21,,33017635.0,26248140.0,23189645.0,82455420.0,82455420.0,2.4973,2.4973,0.8835,3610.0
Opus,2025-03-14,,433944.0,331045.0,268128.0,1033117.0,1033117.0,2.3808,2.3808,0.8099,1764.0
Ordinary Angels,2024-02-23,,2327954.0,2317701.0,1517945.0,6163600.0,6163600.0,2.6476,2.6476,0.6549,3020.0
Ordinary Love,2020-02-14,,5531.0,6991.0,11042.0,23564.0,23564.0,4.2604,4.2604,1.5795,3.0
Origin,2023-12-08,,48854.0,38209.0,30000.0,117063.0,117063.0,2.3962,2.3962,0.7852,2.0
Orphan: First Kill,2022-08-19,,670415.0,609843.0,459299.0,1739557.0,1739557.0,2.5947,2.5947,0.7531,498.0
Orwell: 2+2 = 5,2025-10-03,,7824.0,10587.0,7476.0,25887.0,25887.0,3.3087,3.3087,0.7061,1.0
Our Friend,2021-01-22,,85010.0,105100.0,60050.0,250160.0,250160.0,2.9427,2.9427,0.5714,543.0
"Our Hero, Balthazar",2026-03-27,,17602.0,8664.0,6872.0,33138.0,33138.0,1.8826,1.8826,0.7932,1.0
Our Ladies,2021-06-18,,2266.0,3208.0,2949.0,8423.0,8423.0,3.7171,3.7171,0.9193,25.0
Out of Darkness,2024-02-09,,484186.0,347383.0,148253.0,979822.0,979822.0,2.0236,2.0236,0.4268,897.0
Over Your Dead Body,2026-04-24,,703883.0,424073.0,265400.0,1393356.0,1393356.0,1.9795,1.9795,0.6258,1550.0
Overlord: 10th Anniversary Celebration,2025-11-17,,18830.0,,,18830.0,18830.0,1.0,1.0,,274.0
Overlord: The Sacred Kingdom,2024-11-08,,554770.0,341058.0,216827.0,1112655.0,1112655.0,2.0056,2.0056,0.6357,621.0
PAW Patrol: The Mighty Movie,2023-09-29,,6828084.0,9534184.0,6402086.0,22764354.0,22764354.0,3.3339,3.3339,0.6715,3989.0
PAW Patrol: The Movie,2021-08-20,,4523426.0,4936895.0,3688019.0,13148340.0,13148340.0,2.9067,2.9067,0.747,3184.0
Paddington in Peru,2025-02-14,,5182879.0,4167364.0,3411155.0,12761398.0,12761398.0,2.4622,2.4622,0.8185,3890.0
Paint,2023-04-07,,315993.0,147797.0,106722.0,570512.0,570512.0,1.8055,1.8055,0.7221,819.0
Panga,2020-01-24,,74771.0,126529.0,84389.0,285689.0,285689.0,3.8209,3.8209,0.667,102.0
"Paris, 13th District",2022-04-15,,7730.0,11277.0,8768.0,27775.0,27775.0,3.5931,3.5931,0.7775,67.0
Parthenope,2025-02-07,,16381.0,9703.0,5504.0,31588.0,31588.0,1.9283,1.9283,0.5672,4.0
Passenger,2026-05-22,,3522058.0,2761776.0,2462963.0,8746797.0,8746797.0,2.4834,2.4834,0.8918,2534.0
Past Lives,2023-06-02,,80522.0,83376.0,68368.0,232266.0,232266.0,2.8845,2.8845,0.82,4.0
Pastor’s Kid,2024-03-15,,3100.0,3750.0,2490.0,9340.0,9340.0,3.0129,3.0129,0.664,38.0
Pathaan,2023-01-25,,1490951.0,1107218.0,1858203.0,4456372.0,4456372.0,2.9889,2.9889,1.6783,647.0
Paul McCartney: Man on the Run,2026-02-19,501000.0,,,,501000.0,,,,,421.0
Paul’s Promise,2022-10-21,,52566.0,50688.0,37118.0,140372.0,140372.0,2.6704,2.6704,0.7323,396.0
Paws of Fury: The Legend of Hank,2022-07-15,,2446696.0,2216501.0,1658226.0,6321423.0,6321423.0,2.5837,2.5837,0.7481,3475.0
Pearl,2022-09-16,,1319286.0,1010098.0,799043.0,3128427.0,3128427.0,2.3713,2.3713,0.7911,2935.0
Peppa Meets the Baby Cinema Experience,2025-05-30,,141300.0,278517.0,270000.0,689817.0,689817.0,4.8819,4.8819,0.9694,428.0
Peter Pan’s Neverland Nightmare,2025-01-13,,73311.0,79900.0,67853.0,221064.0,221064.0,3.0154,3.0154,0.8492,797.0
Peter Rabbit 2: The Runaway,2021-06-11,,3987943.0,3662526.0,2450597.0,10101066.0,10101066.0,2.5329,2.5329,0.6691,3346.0
Petite maman,2022-04-22,,27192.0,10337.0,8235.0,45764.0,45764.0,1.683,1.683,0.7967,4.0
Pets on a Train,2025-10-17,,246450.0,322654.0,252673.0,821777.0,821777.0,3.3345,3.3345,0.7831,1350.0
Piece by Piece,2024-10-11,,1498810.0,1309850.0,1042695.0,3851355.0,3851355.0,2.5696,2.5696,0.796,1865.0
Pig,2021-07-16,,376043.0,331320.0,263572.0,970935.0,970935.0,2.582,2.582,0.7955,552.0
Pillion,2026-02-06,,99025.0,83967.0,58777.0,241769.0,241769.0,2.4415,2.4415,0.7,4.0
Pink Floyd: Live at Pompeii,2025-04-24,1297249.0,,22827.0,1300000.0,2620076.0,1322827.0,,,56.9501,654.0
Pinocchio,2020-12-25,,107305.0,90013.0,74791.0,272109.0,272109.0,2.5358,2.5358,0.8309,786.0
Plane,2023-01-13,,3519013.0,3840124.0,2906189.0,10265326.0,10265326.0,2.9171,2.9171,0.7568,3023.0
Please Don’t Feed the Children,2025-06-26,7200.0,,,,7200.0,,,,,1.0
Pleasure,2022-05-13,,10330.0,3858.0,2180.0,16368.0,16368.0,1.5845,1.5845,0.5651,2.0
Polite Society,2023-04-28,,278305.0,309585.0,229850.0,817740.0,817740.0,2.9383,2.9383,0.7424,927.0
Pompei: Below The Clouds,2026-03-06,,5288.0,9699.0,5342.0,20329.0,20329.0,3.8444,3.8444,0.5508,2.0
Pompo: The Cinéphile,2022-04-27,,70948.0,49171.0,,120119.0,120119.0,1.6931,1.6931,,736.0
Ponniyin Selvan: Part II,2023-04-28,,1780000.0,1250000.0,783000.0,3813000.0,3813000.0,2.1421,2.1421,0.6264,600.0
Ponniyin Selvan: Part One,2022-09-30,,2100000.0,,,2100000.0,2100000.0,1.0,1.0,,500.0
Ponyboi,2025-06-27,,23918.0,1377.0,889.0,26184.0,26184.0,1.0947,1.0947,0.6456,1.0
Poolman,2024-05-10,,67000.0,39000.0,25000.0,131000.0,131000.0,1.9552,1.9552,0.641,162.0
Poor Things,2023-12-08,,279075.0,203762.0,178393.0,661230.0,661230.0,2.3694,2.3694,0.8755,9.0
Porcelain War,2024-11-22,,3291.0,4236.0,3843.0,11370.0,11370.0,3.4549,3.4549,0.9072,1.0
Possessor,2020-10-02,,87427.0,110158.0,55079.0,252664.0,252664.0,2.89,2.89,0.5,320.0
Power Ballad,2026-05-29,,78493.0,48557.0,50831.0,177881.0,177881.0,2.2662,2.2662,1.0468,10.0
Pray: The Story of Patrick Peyton,2020-10-09,,10402.0,6353.0,7642.0,24397.0,24397.0,2.3454,2.3454,1.2029,44.0
Predator: Badlands,2025-11-07,,15898455.0,14530856.0,9587542.0,40016853.0,40016853.0,2.517,2.517,0.6598,3725.0
Premature,2020-02-21,,3800.0,4289.0,1820.0,9909.0,9909.0,2.6076,2.6076,0.4243,4.0
Preparation For The Next Life,2025-09-05,,12856.0,11336.0,7656.0,31848.0,31848.0,2.4773,2.4773,0.6754,30.0
Presence,2025-01-24,,1388230.0,1235525.0,704249.0,3328004.0,3328004.0,2.3973,2.3973,0.57,1750.0
Pressure,2026-05-29,,2485695.0,1938930.0,1386855.0,5811480.0,5811480.0,2.338,2.338,0.7153,1829.0
Prey for the Devil,2022-10-28,,2831066.0,2469284.0,1884776.0,7185126.0,7185126.0,2.538,2.538,0.7633,2980.0
Primate,2026-01-09,,4567365.0,4126955.0,2461588.0,11155908.0,11155908.0,2.4425,2.4425,0.5965,2964.0
Primitive War,2025-08-21,155641.0,160021.0,195370.0,196524.0,707556.0,551915.0,4.4216,3.449,1.0059,647.0
Priscilla,2023-10-27,,66643.0,37426.0,28070.0,132139.0,132139.0,1.9828,1.9828,0.75,4.0
Prisoners of Fire,2025-03-14,,3348.0,673.0,645.0,4666.0,4666.0,1.3937,1.3937,0.9584,2.0
Profile,2021-05-14,,261895.0,266645.0,201750.0,730290.0,730290.0,2.7885,2.7885,0.7566,2033.0
Project Hail Mary,2026-03-20,,33118027.0,26970821.0,20417159.0,80506007.0,80506007.0,2.4309,2.4309,0.757,4007.0
Promising Young Woman,2020-12-25,,256800.0,262785.0,199720.0,719305.0,719305.0,2.801,2.801,0.76,1310.0
Protector,2026-03-06,,251319.0,290490.0,202215.0,744024.0,744024.0,2.9605,2.9605,0.6961,1007.0
Psycho Killer,2026-02-20,,728622.0,567228.0,317585.0,1613435.0,1613435.0,2.2144,2.2144,0.5599,1100.0
Psycho-Pass Providence,2023-07-14,,105259.0,57563.0,47397.0,210219.0,210219.0,1.9972,1.9972,0.8234,419.0
Pushpa: The Rule — Part 2,2024-12-05,4500000.0,1500000.0,2000000.0,1300000.0,9300000.0,4800000.0,6.2,3.2,0.65,1245.0
Puss in Boots: The Last Wish,2022-12-21,,3200250.0,2902605.0,3803345.0,9906200.0,9906200.0,3.0954,3.0954,1.3103,4093.0
Queen Bees,2021-06-11,,119309.0,136003.0,119920.0,375232.0,375232.0,3.145,3.145,0.8817,500.0
Queen of the Ring,2025-03-07,,140000.0,135000.0,105000.0,380000.0,380000.0,2.7143,2.7143,0.7778,825.0
Queens of the Dead,2025-10-24,,38616.0,17026.0,14235.0,69877.0,69877.0,1.8095,1.8095,0.8361,150.0
Queer,2024-11-27,,79473.0,27237.0,68789.0,175499.0,175499.0,2.2083,2.2083,2.5256,7.0
RENAISSANCE: A FILM BY BEYONCÉ,2023-12-01,,11619984.0,6024538.0,4156694.0,21801216.0,21801216.0,1.8762,1.8762,0.69,2539.0
Raayan,2024-07-26,,140000.0,,,140000.0,140000.0,1.0,1.0,,133.0
Radical,2023-11-03,,883171.0,906665.0,868211.0,2658047.0,2658047.0,3.0097,3.0097,0.9576,419.0
"Raising the Bar, the Alma Richards Story",2025-04-25,,33001.0,22302.0,1928.0,57231.0,57231.0,1.7342,1.7342,0.0864,31.0
Rally Road Racers,2023-05-12,,87284.0,176021.0,156412.0,419717.0,419717.0,4.8086,4.8086,0.8886,1228.0
Raya and the Last Dragon,2021-03-05,,2603122.0,3699362.0,2200014.0,8502498.0,8502498.0,3.2663,3.2663,0.5947,2045.0
Re-Election,2025-10-10,,2771.0,2812.0,1100.0,6683.0,6683.0,2.4118,2.4118,0.3912,1.0
Ready or Not 2: Here I Come,2026-03-20,,3844380.0,3154991.0,2075900.0,9075271.0,9075271.0,2.3607,2.3607,0.658,3010.0
Reagan,2024-08-30,,2700040.0,2400640.0,2550040.0,7650720.0,7650720.0,2.8336,2.8336,1.0622,2754.0
Rebuilding,2025-11-14,,9817.0,11045.0,6430.0,27292.0,27292.0,2.7801,2.7801,0.5822,2.0
Red One,2024-11-15,,10793707.0,13231325.0,8081080.0,32106112.0,32106112.0,2.9745,2.9745,0.6108,4032.0
Red Rocket,2021-12-10,,39660.0,31282.0,25651.0,96593.0,96593.0,2.4355,2.4355,0.82,6.0
Redeeming Love,2022-01-21,,1493775.0,1248530.0,787875.0,3530180.0,3530180.0,2.3633,2.3633,0.631,1903.0
Regretting You,2025-10-24,,5271851.0,4611320.0,3804359.0,13687530.0,13687530.0,2.5963,2.5963,0.825,3393.0
Relay,2025-08-22,,1017510.0,506148.0,393029.0,1916687.0,1916687.0,1.8837,1.8837,0.7765,1483.0
Relic,2020-07-03,,91741.0,48259.0,52352.0,192352.0,192352.0,2.0967,2.0967,1.0848,69.0
Remembering Heaven,2022-05-06,,6650.0,4360.0,1041.0,12051.0,12051.0,1.8122,1.8122,0.2388,14.0
Reminders of Him,2026-03-13,,8108715.0,5960260.0,3910965.0,17979940.0,17979940.0,2.2174,2.2174,0.6562,3402.0
Renfield,2023-04-14,,3185120.0,2854715.0,1986640.0,8026475.0,8026475.0,2.52,2.52,0.6959,3375.0
Rent-A-Pal,2020-09-11,,7325.0,8659.0,3666.0,19650.0,19650.0,2.6826,2.6826,0.4234,56.0
Rental Family,2025-11-21,,1212569.0,1242649.0,880929.0,3336147.0,3336147.0,2.7513,2.7513,0.7089,1925.0
Resident Evil: Welcome to Raccoon City,2021-11-24,,2505531.0,1025808.0,1964527.0,5495866.0,5495866.0,2.1935,2.1935,1.9151,2803.0
Resistance,2020-04-17,,591.0,909.0,990.0,2490.0,2490.0,4.2132,4.2132,1.0891,1.0
Respect,2021-08-13,,3610576.0,2958909.0,2238028.0,8807513.0,8807513.0,2.4394,2.4394,0.7564,3207.0
Resurrection,2022-07-29,,43632.0,26164.0,19258.0,89054.0,89054.0,2.041,2.041,0.736,97.0
Retribution,2023-08-25,,1289460.0,1084722.0,1144648.0,3518830.0,3518830.0,2.7289,2.7289,1.0552,1750.0
Return to Silent Hill,2026-01-23,,1600000.0,972000.0,680000.0,3252000.0,3252000.0,2.0325,2.0325,0.6996,2000.0
Revolutionary America,2026-05-31,,438385.0,,,438385.0,438385.0,1.0,1.0,,762.0
Ride Your Wave,2020-02-19,,298990.0,1799.0,5011.0,305800.0,305800.0,1.0228,1.0228,2.7854,605.0
Riff Raff,2025-02-28,,313376.0,368780.0,228897.0,911053.0,911053.0,2.9072,2.9072,0.6207,1004.0
Rita Moreno: Just a Girl Who Decided to Go for It,2021-06-18,,26158.0,32281.0,25927.0,84366.0,84366.0,3.2252,3.2252,0.8032,227.0
Rite Here Rite Now,2024-06-20,1025639.0,238000.0,1030000.0,257000.0,2550639.0,1525000.0,10.717,6.4076,0.2495,755.0
Rite of the Shaman,2022-05-27,,5330.0,1256.0,1059.0,7645.0,7645.0,1.4343,1.4343,0.8432,12.0
River,2023-04-21,,845.0,13819.0,1577.0,16241.0,16241.0,19.2201,19.2201,0.1141,1.0
Roadrunner: A Film About Anthony Bourdain,2021-07-16,,781675.0,665450.0,541670.0,1988795.0,1988795.0,2.5443,2.5443,0.814,927.0
Rob Peace,2024-08-16,,100668.0,88310.0,67832.0,256810.0,256810.0,2.5511,2.5511,0.7681,526.0
Robot Dreams,2024-05-31,,17752.0,8184.0,6528.0,32464.0,32464.0,1.8288,1.8288,0.7977,2.0
Ron’s Gone Wrong,2021-10-22,,2290000.0,3020778.0,1989447.0,7300225.0,7300225.0,3.1879,3.1879,0.6586,3560.0
Roofman,2025-10-10,,3239831.0,2827611.0,2041419.0,8108861.0,8108861.0,2.5029,2.5029,0.722,3362.0
Rosemead,2025-12-05,,24224.0,15260.0,10759.0,50243.0,50243.0,2.0741,2.0741,0.705,1.0
Route 60: The Biblical Highway,2023-09-18,,842023.0,764316.0,,1606339.0,1606339.0,1.9077,1.9077,,927.0
"Ruby Gillman, Teenage Kraken",2023-06-30,,2339895.0,1620110.0,1540985.0,5500990.0,5500990.0,2.351,2.351,0.9512,3400.0
Rule Breakers,2025-03-07,,605044.0,543053.0,355729.0,1503826.0,1503826.0,2.4855,2.4855,0.6551,2044.0
Rumours,2024-10-18,,122308.0,112434.0,77039.0,311781.0,311781.0,2.5491,2.5491,0.6852,630.0
Running The Bases,2022-09-16,,195705.0,206063.0,136981.0,538749.0,538749.0,2.7529,2.7529,0.6648,1080.0
Ryan’s World the Movie: Titan Universe Adventure,2024-08-16,,133318.0,161033.0,125491.0,419842.0,419842.0,3.1492,3.1492,0.7793,1285.0
SAS: Red Notice,2021-04-16,,28687.0,30011.0,20023.0,78721.0,78721.0,2.7441,2.7441,0.6672,189.0
SISU: Road to Revenge,2025-11-21,,1148587.0,739594.0,520309.0,2408490.0,2408490.0,2.0969,2.0969,0.7035,2222.0
Saccharine,2026-05-22,,24707.0,17750.0,22005.0,64462.0,64462.0,2.6091,2.6091,1.2397,385.0
Sacramento,2025-04-11,,123664.0,109716.0,79035.0,312415.0,312415.0,2.5263,2.5263,0.7204,241.0
Safer at Home,2021-02-26,,11971.0,16329.0,7133.0,35433.0,35433.0,2.9599,2.9599,0.4368,79.0
Saiyaara,2025-07-18,,159024.0,267590.0,352958.0,779572.0,779572.0,4.9022,4.9022,1.319,295.0
Salaar: Part 1 Ceasefire,2023-12-22,,3843436.0,1047817.0,727258.0,5618511.0,5618511.0,1.4618,1.4618,0.6941,802.0
Saltburn,2023-11-17,,167624.0,82149.0,72878.0,322651.0,322651.0,1.9248,1.9248,0.8871,7.0
Sanctuary,2023-05-19,,29217.0,25058.0,10696.0,64971.0,64971.0,2.2237,2.2237,0.4268,5.0
Santosh,2024-12-27,,1242.0,1818.0,2040.0,5100.0,5100.0,4.1063,4.1063,1.1221,1.0
Sarah’s Oil,2025-11-07,,1742593.0,1512371.0,1006482.0,4261446.0,4261446.0,2.4455,2.4455,0.6655,2410.0
Sasquatch Sunset,2024-04-12,,48893.0,27763.0,14490.0,91146.0,91146.0,1.8642,1.8642,0.5219,9.0
Saturday Night,2024-09-27,,107663.0,87446.0,75378.0,270487.0,270487.0,2.5123,2.5123,0.862,5.0
Save Yourselves!,2020-10-02,,48657.0,58966.0,35071.0,142694.0,142694.0,2.9327,2.9327,0.5948,388.0
Saw X,2023-09-29,,7965110.0,6057287.0,4286904.0,18309301.0,18309301.0,2.2987,2.2987,0.7077,3262.0
Scared to Death,2026-03-13,,11100.0,7570.0,5000.0,23670.0,23670.0,2.1324,2.1324,0.6605,184.0
Scrambled,2024-02-02,,91575.0,90184.0,68029.0,249788.0,249788.0,2.7277,2.7277,0.7543,762.0
Scream,2022-01-14,,13383642.0,10174839.0,6460324.0,30018805.0,30018805.0,2.2429,2.2429,0.6349,3664.0
Scream 7,2026-02-27,,29351762.0,21655431.0,12607979.0,63615172.0,63615172.0,2.1673,2.1673,0.5822,3540.0
Scream VI,2023-03-10,,19293468.0,15390949.0,9762853.0,44447270.0,44447270.0,2.3037,2.3037,0.6343,3675.0
Secret Agent Dingledorf and His Trusty Dog Splat,2021-07-23,,4000.0,2500.0,2365.0,8865.0,8865.0,2.2162,2.2162,0.946,30.0
See For Me,2022-01-07,,6623.0,9988.0,6459.0,23070.0,23070.0,3.4833,3.4833,0.6467,35.0
See How They Run,2022-09-16,,1107154.0,1172218.0,728285.0,3007657.0,3007657.0,2.7166,2.7166,0.6213,2404.0
Seeking Mavis Beacon,2024-08-30,,3750.0,3012.0,735.0,7497.0,7497.0,1.9992,1.9992,0.244,1.0
Selfiee,2023-02-24,,64361.0,79501.0,52117.0,195979.0,195979.0,3.045,3.045,0.6556,308.0
Send Help,2026-01-30,,7273015.0,7111352.0,4717932.0,19102299.0,19102299.0,2.6265,2.6265,0.6634,3475.0
Senior Year: Love Never Fails,2023-09-29,,1675.0,1700.0,700.0,4075.0,4075.0,2.4328,2.4328,0.4118,21.0
Sensational Short Films,2022-09-11,,637.0,,,637.0,637.0,1.0,1.0,,1.0
Sentimental Value,2025-11-07,,101000.0,53530.0,45501.0,200031.0,200031.0,1.9805,1.9805,0.85,4.0
Separation,2021-04-30,,684608.0,693936.0,421618.0,1800162.0,1800162.0,2.6295,2.6295,0.6076,1751.0
September 5,2024-12-13,,24666.0,33870.0,22266.0,80802.0,80802.0,3.2758,3.2758,0.6574,7.0
Settlers,2021-07-23,,4663.0,5074.0,3308.0,13045.0,13045.0,2.7976,2.7976,0.652,30.0
Sex Love Venice,2025-02-14,,528.0,636.0,436.0,1600.0,1600.0,3.0303,3.0303,0.6855,1.0
Sh*thouse,2020-10-16,,2141.0,2323.0,1081.0,5545.0,5545.0,2.5899,2.5899,0.4653,28.0
Shadow Force,2025-05-09,,726503.0,737237.0,688114.0,2151854.0,2151854.0,2.9619,2.9619,0.9334,2170.0
Shadow in the Cloud,2021-01-01,,16681.0,14250.0,8186.0,39117.0,39117.0,2.345,2.345,0.5745,70.0
Shang-Chi and the Legend of the Ten Rings,2021-09-03,,29502259.0,23190043.0,22696386.0,75388688.0,75388688.0,2.5554,2.5554,0.9787,4300.0
Shazam! Fury of the Gods,2023-03-17,,11701380.0,11004081.0,7405697.0,30111158.0,30111158.0,2.5733,2.5733,0.673,4071.0
She Came to Me,2023-10-06,,136000.0,130000.0,94000.0,360000.0,360000.0,2.6471,2.6471,0.7231,355.0
She Said,2022-11-18,,836585.0,829025.0,551400.0,2217010.0,2217010.0,2.6501,2.6501,0.6651,2022.0
She Will,2022-07-15,,3171.0,3561.0,2153.0,8885.0,8885.0,2.802,2.802,0.6046,23.0
Shelby Oaks,2025-10-24,,1156890.0,694134.0,495894.0,2346918.0,2346918.0,2.0286,2.0286,0.7144,1823.0
Shelter,2026-01-30,,1901152.0,2186953.0,1442923.0,5531028.0,5531028.0,2.9093,2.9093,0.6598,2726.0
Shelter in Solitude,2023-10-06,,55956.0,60484.0,55082.0,171522.0,171522.0,3.0653,3.0653,0.9107,341.0
Shin Ultraman,2023-01-11,,387060.0,214430.0,,601490.0,601490.0,1.554,1.554,,1040.0
Shortcut,2020-09-25,,101500.0,113100.0,64525.0,279125.0,279125.0,2.75,2.75,0.5705,725.0
Shoshana,2025-07-25,,10033.0,18344.0,18595.0,46972.0,46972.0,4.6818,4.6818,1.0137,56.0
Show Me the Father,2021-09-10,,291162.0,221824.0,187195.0,700181.0,700181.0,2.4048,2.4048,0.8439,1073.0
Showing Up,2023-04-07,,23649.0,24733.0,15036.0,63418.0,63418.0,2.6816,2.6816,0.6079,4.0
Sight,2024-05-24,,1100125.0,886677.0,808645.0,2795447.0,2795447.0,2.541,2.541,0.912,2100.0
Sight & Sound Presents: Daniel LIVE,2024-08-30,,563687.0,700567.0,715051.0,1979305.0,1979305.0,3.5114,3.5114,1.0207,842.0
Sight & Sound Presents: NOAH Live!,2025-09-18,216369.0,296418.0,574589.0,466561.0,1553937.0,1337568.0,5.2424,4.5124,0.812,933.0
Silent Friend,2026-05-08,,38445.0,22495.0,10763.0,71703.0,71703.0,1.8651,1.8651,0.4785,2.0
Silent Night,2023-12-01,,1088202.0,1164594.0,757411.0,3010207.0,3010207.0,2.7662,2.7662,0.6504,1870.0
"Silent Night, Deadly Night",2025-12-12,,440592.0,358825.0,224366.0,1023783.0,1023783.0,2.3237,2.3237,0.6253,1640.0
Sing 2,2021-12-22,,8134635.0,7491085.0,5237010.0,20862730.0,20862730.0,2.5647,2.5647,0.6991,3892.0
Sing Sing,2024-07-12,,54448.0,48630.0,34041.0,137119.0,137119.0,2.5183,2.5183,0.7,4.0
Singham Again,2024-11-01,,629000.0,879000.0,682000.0,2190000.0,2190000.0,3.4817,3.4817,0.7759,749.0
Sinners,2025-04-18,,19202349.0,16501469.0,12303650.0,48007468.0,48007468.0,2.5001,2.5001,0.7456,3308.0
Sirat,2025-11-14,,9757.0,13100.0,11200.0,34057.0,34057.0,3.4905,3.4905,0.855,2.0
Sirocco and the Kingdom of Winds,2024-08-09,,269.0,404.0,34203.0,34876.0,34876.0,129.6506,129.6506,84.6609,2.0
Sisu,2023-04-28,,1384689.0,1117536.0,828666.0,3330891.0,3330891.0,2.4055,2.4055,0.7415,1006.0
Six Minutes to Midnight,2021-03-26,,17088.0,19930.0,14297.0,51315.0,51315.0,3.003,3.003,0.7174,145.0
Sketch,2025-08-06,,1959084.0,532322.0,793718.0,3285124.0,3285124.0,1.6769,1.6769,1.491,2006.0
Skinamarink,2023-01-13,,376267.0,302375.0,140301.0,818943.0,818943.0,2.1765,2.1765,0.464,692.0
Skincare,2024-08-16,,217307.0,60356.0,46193.0,323856.0,323856.0,1.4903,1.4903,0.7653,760.0
Slanted,2026-03-13,,412974.0,124011.0,88682.0,625667.0,625667.0,1.515,1.515,0.7151,588.0
Slingshot,2024-08-30,,258266.0,117424.0,116106.0,491796.0,491796.0,1.9042,1.9042,0.9888,845.0
Small Engine Repair,2021-09-10,,27543.0,26382.0,18554.0,72479.0,72479.0,2.6315,2.6315,0.7033,205.0
Small Things Like These,2024-11-08,,183477.0,229493.0,183481.0,596451.0,596451.0,3.2508,3.2508,0.7995,799.0
Smile,2022-09-30,,8234402.0,8615905.0,5759618.0,22609925.0,22609925.0,2.7458,2.7458,0.6685,3650.0
Smile 2,2024-10-18,,9498562.0,8121308.0,5401822.0,23021692.0,23021692.0,2.4237,2.4237,0.6651,3619.0
Smoke Sauna Sisterhood,2023-11-24,,689.0,1941.0,936.0,3566.0,3566.0,5.1756,5.1756,0.4822,2.0
Smurfs,2025-07-18,,4002383.0,3950796.0,3121911.0,11075090.0,11075090.0,2.7671,2.7671,0.7902,3504.0
Snack Shack,2024-03-15,,168655.0,78605.0,53054.0,300314.0,300314.0,1.7806,1.7806,0.6749,437.0
Snake Eyes: G.I. Joe Origins,2021-07-23,,5502897.0,4489013.0,3375943.0,13367853.0,13367853.0,2.4292,2.4292,0.752,3521.0
Sneaks,2025-04-18,,237653.0,170041.0,123092.0,530786.0,530786.0,2.2334,2.2334,0.7239,1500.0
Sod & Stubble,2025-04-18,,23879.0,10675.0,780.0,35334.0,35334.0,1.4797,1.4797,0.0731,14.0
Solo Leveling -ReAwakening-,2024-12-06,,1091224.0,766914.0,594757.0,2452895.0,2452895.0,2.2478,2.2478,0.7755,846.0
Solo Mio,2026-02-06,,3229877.0,2701679.0,1069613.0,7001169.0,7001169.0,2.1676,2.1676,0.3959,3052.0
Something to Stand for with Mike Rowe,2024-06-27,119725.0,148415.0,201940.0,188879.0,658959.0,539234.0,4.44,3.6333,0.9353,803.0
Somewhere in Queens,2023-04-21,,189128.0,289696.0,192456.0,671280.0,671280.0,3.5493,3.5493,0.6643,602.0
Song Sung Blue,2025-12-25,4425455.0,2686395.0,2545445.0,1841790.0,11499085.0,7073630.0,4.2805,2.6331,0.7236,2578.0
Sonic The Hedgehog,2020-02-14,,20924364.0,20552625.0,16541359.0,58018348.0,58018348.0,2.7728,2.7728,0.8048,4167.0
Sonic the Hedgehog 2,2022-04-08,,26381096.0,26898385.0,18825695.0,72105176.0,72105176.0,2.7332,2.7332,0.6999,4234.0
Sonic the Hedgehog 3,2024-12-20,,25449555.0,19320946.0,15331645.0,60102146.0,60102146.0,2.3616,2.3616,0.7935,3761.0
"Sorry, Baby",2025-06-27,,28768.0,32069.0,25655.0,86492.0,86492.0,3.0065,3.0065,0.8,4.0
Soul,2024-01-12,,121631.0,172104.0,138105.0,431840.0,431840.0,3.5504,3.5504,0.8025,1350.0
Soul on Fire,2025-10-10,,1260775.0,866404.0,699013.0,2826192.0,2826192.0,2.2416,2.2416,0.8068,1720.0
Sound of Falling,2026-01-16,,3391.0,4399.0,4120.0,11910.0,11910.0,3.5122,3.5122,0.9366,1.0
Sound of Freedom,2023-07-04,,14242063.0,4047558.0,3697749.0,21987370.0,21987370.0,1.5438,1.5438,0.9136,2634.0
Sound of Hope: The Story of Possum Trot,2024-07-04,3591283.0,1113775.0,1102637.0,862346.0,6670041.0,3078758.0,5.9887,2.7643,0.7821,2200.0
Southern Gospel,2023-03-10,,75374.0,63421.0,43124.0,181919.0,181919.0,2.4136,2.4136,0.68,600.0
Sovereign,2025-07-11,,8001.0,9910.0,6741.0,24652.0,24652.0,3.0811,3.0811,0.6802,54.0
Space Jam: A New Legacy,2021-07-16,,13100000.0,,,13100000.0,13100000.0,1.0,1.0,,3965.0
Sparks: The Ken Sparks Story,2022-01-07,,7098.0,4650.0,5278.0,17026.0,17026.0,2.3987,2.3987,1.1351,19.0
Speak No Evil,2024-09-13,,4853485.0,3965350.0,2578760.0,11397595.0,11397595.0,2.3483,2.3483,0.6503,3375.0
Spell,2020-10-30,,71434.0,89321.0,45836.0,206591.0,206591.0,2.8921,2.8921,0.5132,369.0
Spencer,2021-11-05,,783110.0,780697.0,540960.0,2104767.0,2104767.0,2.6877,2.6877,0.6929,996.0
Spider-Man: Across the Spider-Verse,2023-06-02,,51808109.0,37566658.0,31288822.0,120663589.0,120663589.0,2.329,2.329,0.8329,4313.0
Spider-Man: No Way Home,2021-12-17,,121964712.0,73941279.0,64232578.0,260138569.0,260138569.0,2.1329,2.1329,0.8687,4336.0
Spinal Tap II: The End Continues,2025-09-12,,830310.0,466389.0,315696.0,1612395.0,1612395.0,1.9419,1.9419,0.6769,1920.0
Spiral,2021-05-14,,3728976.0,3036987.0,1984071.0,8750034.0,8750034.0,2.3465,2.3465,0.6533,2811.0
Spirit Untamed,2021-06-04,,2458025.0,2103920.0,1539105.0,6101050.0,6101050.0,2.4821,2.4821,0.7315,3211.0
Spirited Away: Live on Stage,2023-04-23,,702744.0,132278.0,391559.0,1226581.0,1226581.0,1.7454,1.7454,2.9601,1046.0
Splitsville,2025-08-22,,54571.0,28334.0,25410.0,108315.0,108315.0,1.9848,1.9848,0.8968,5.0
Spoiler Alert,2022-12-02,,45841.0,21809.0,15333.0,82983.0,82983.0,1.8102,1.8102,0.7031,6.0
Springsteen: Deliver Me From Nowhere,2025-10-24,,3612407.0,3153214.0,2121634.0,8887255.0,8887255.0,2.4602,2.4602,0.6728,3460.0
Sputnik,2020-08-14,,4055.0,4350.0,2619.0,11024.0,11024.0,2.7186,2.7186,0.6021,32.0
Spy x Family Code: White,2024-04-19,,2208568.0,1537571.0,1078854.0,4824993.0,4824993.0,2.1847,2.1847,0.7017,2009.0
St. Patrick’s Day,2020-12-18,,35.0,100.0,,135.0,135.0,3.8571,3.8571,,1.0
Standout: The Ben Kjar Story,2026-01-23,,74959.0,63891.0,12125.0,150975.0,150975.0,2.0141,2.0141,0.1898,92.0
Star Wars: The Mandalorian and Grogu,2026-05-22,,33790325.0,25853998.0,22026110.0,81670433.0,81670433.0,2.417,2.417,0.8519,4300.0
Stardust,2020-11-25,,869.0,808.0,1240.0,2917.0,2917.0,3.3567,3.3567,1.5347,38.0
Starring Jerry as Himself,2024-11-06,,2058.0,1872.0,2043.0,5973.0,5973.0,2.9023,2.9023,1.0913,1.0
Stillwater,2021-07-30,,1854155.0,1934780.0,1399215.0,5188150.0,5188150.0,2.7981,2.7981,0.7232,2531.0
Stitch Head,2025-10-29,,192044.0,203712.0,337115.0,732871.0,732871.0,3.8162,3.8162,1.6549,2162.0
Stopmotion,2024-02-23,,113844.0,132850.0,93385.0,340079.0,340079.0,2.9872,2.9872,0.7029,384.0
Strange Darling,2024-08-23,,448380.0,385326.0,309222.0,1142928.0,1142928.0,2.549,2.549,0.8025,1135.0
Strange Harvest,2025-08-08,,91005.0,74002.0,58201.0,223208.0,223208.0,2.4527,2.4527,0.7865,772.0
Strange World,2022-11-23,,4192614.0,2511158.0,4968788.0,11672560.0,11672560.0,2.7841,2.7841,1.9787,4174.0
Stray Kids: The DominATE experience,2026-02-06,,3108163.0,1992677.0,609293.0,5710133.0,5710133.0,1.8371,1.8371,0.3058,1724.0
Strays,2023-08-18,,3427540.0,2780545.0,2039725.0,8247810.0,8247810.0,2.4063,2.4063,0.7336,3223.0
Stree 2,2024-08-16,,589000.0,896000.0,699000.0,2184000.0,2184000.0,3.708,3.708,0.7801,666.0
Stress Positions,2024-04-19,,9313.0,10900.0,9721.0,29934.0,29934.0,3.2142,3.2142,0.8918,1.0
Studio 666,2022-02-25,,721421.0,506903.0,312219.0,1540543.0,1540543.0,2.1354,2.1354,0.6159,2306.0
Subject,2023-11-03,,3406.0,2129.0,2354.0,7889.0,7889.0,2.3162,2.3162,1.1057,2.0
Suga | Agust D Tour ‘D-Day’ The Movie,2024-04-10,,961015.0,,,961015.0,961015.0,1.0,1.0,,784.0
Summer Camp,2024-05-31,,388152.0,393690.0,304760.0,1086602.0,1086602.0,2.7994,2.7994,0.7741,1787.0
"Summer of Soul (…Or, When the Revolution Could Not Be Televised)",2021-07-02,,247318.0,234657.0,165659.0,647634.0,647634.0,2.6186,2.6186,0.706,752.0
Summering,2022-08-12,,13090.0,10922.0,8838.0,32850.0,32850.0,2.5095,2.5095,0.8092,260.0
Summerland,2020-07-31,,12553.0,9980.0,6348.0,28881.0,28881.0,2.3007,2.3007,0.6361,99.0
Sundown,2022-01-28,,10192.0,7091.0,4647.0,21930.0,21930.0,2.1517,2.1517,0.6553,6.0
Superboys of Malegaon,2025-02-28,,33760.0,40537.0,26468.0,100765.0,100765.0,2.9847,2.9847,0.6529,446.0
Superman,2025-07-11,,56109755.0,37606538.0,31305442.0,125021735.0,125021735.0,2.2282,2.2282,0.8324,4135.0
Supernova,2021-01-29,,28532.0,38080.0,23484.0,90096.0,90096.0,3.1577,3.1577,0.6167,330.0
Suzume,2023-04-14,,2143020.0,1629991.0,1228694.0,5001705.0,5001705.0,2.334,2.334,0.7538,2170.0
Swallow,2020-03-06,,5454.0,4237.0,3159.0,12850.0,12850.0,2.3561,2.3561,0.7456,3.0
Sweetwater,2023-04-14,,128385.0,133496.0,89129.0,351010.0,351010.0,2.734,2.734,0.6677,1204.0
Sympathy for the Devil,2023-07-28,,2726.0,1556.0,1096.0,5378.0,5378.0,1.9729,1.9729,0.7044,28.0
TAYLOR SWIFT | THE ERAS TOUR,2023-10-13,,37674069.0,32226846.0,23323840.0,93224755.0,93224755.0,2.4745,2.4745,0.7237,3855.0
Tad the Lost Explorer and the Emerald Tablet,2022-11-04,,7412.0,19349.0,18866.0,45627.0,45627.0,6.1558,6.1558,0.975,135.0
Tadap,2021-12-03,,17669.0,22725.0,16176.0,56570.0,56570.0,3.2017,3.2017,0.7118,63.0
Talk To Me,2023-07-28,,4197960.0,3566160.0,2667600.0,10431720.0,10431720.0,2.4849,2.4849,0.748,2340.0
Tango Shalom,2021-09-03,,4725.0,6253.0,9603.0,20581.0,20581.0,4.3558,4.3558,1.5357,4.0
Tantura,2022-12-02,,771.0,1288.0,612.0,2671.0,2671.0,3.4643,3.4643,0.4752,2.0
Tarot,2024-05-03,,2550578.0,2368543.0,1583891.0,6503012.0,6503012.0,2.5496,2.5496,0.6687,3104.0
Taylor Swift | The Official Release Party of a Showgirl,2025-10-03,,15805534.0,9922644.0,8334596.0,34062774.0,34062774.0,2.1551,2.1551,0.84,3702.0
Ted K,2022-02-18,,8559.0,8140.0,4152.0,20851.0,20851.0,2.4361,2.4361,0.5101,28.0
Teenage Mutant Ninja Turtles: Mutant Mayhem,2023-08-02,,10202275.0,4871193.0,9267648.0,24341116.0,24341116.0,2.3859,2.3859,1.9025,3513.0
Terrifier,2023-07-19,,137520.0,31428.0,38772.0,207720.0,207720.0,1.5105,1.5105,1.2337,853.0
Terrifier 2,2022-10-06,403900.0,275000.0,355000.0,175000.0,1208900.0,805000.0,4.396,2.9273,0.493,886.0
Terrifier 3,2024-10-11,,8199276.0,5918015.0,4810822.0,18928113.0,18928113.0,2.3085,2.3085,0.8129,2514.0
Terror on the Prairie,2022-08-10,,804.0,,,804.0,804.0,1.0,1.0,,1.0
Tesla,2020-08-21,,14981.0,17252.0,9932.0,42165.0,42165.0,2.8146,2.8146,0.5757,108.0
Thabo and the Rhino Case,2024-05-03,,5932.0,10955.0,9538.0,26425.0,26425.0,4.4547,4.4547,0.8707,204.0
Thamma,2025-10-21,,157111.0,97072.0,82866.0,337049.0,337049.0,2.1453,2.1453,0.8537,465.0
Thanksgiving,2023-11-17,,3827521.0,3866984.0,2611767.0,10306272.0,10306272.0,2.6927,2.6927,0.6754,3204.0
That Time I Got Reincarnated As a Slime: Scarlet Bond,2023-01-20,,701958.0,507557.0,250000.0,1459515.0,1459515.0,2.0792,2.0792,0.4926,1468.0
That Time I Got Reincarnated as a Slime the Movie: Tears of the Azure Sea,2026-05-01,,418559.0,311674.0,217092.0,947325.0,947325.0,2.2633,2.2633,0.6965,837.0
The 355,2022-01-07,,1722760.0,1875110.0,1023895.0,4621765.0,4621765.0,2.6828,2.6828,0.546,3145.0
The AI Doc: Or How I Became an Apocaloptimist,2026-03-27,,257090.0,245525.0,143405.0,646020.0,646020.0,2.5128,2.5128,0.5841,786.0
The Absence of Eden,2024-04-12,,7652.0,8188.0,8072.0,23912.0,23912.0,3.1249,3.1249,0.9858,110.0
The Accountant 2,2025-04-25,,9431249.0,9124563.0,5978147.0,24533959.0,24533959.0,2.6013,2.6013,0.6552,3610.0
The Actor,2025-03-14,,9765.0,5999.0,5177.0,20941.0,20941.0,2.1445,2.1445,0.863,23.0
The Addams Family 2,2021-10-01,,5627051.0,7073718.0,4624238.0,17325007.0,17325007.0,3.0789,3.0789,0.6537,4207.0
The Alpinist,2021-09-10,,202355.0,65915.0,50378.0,318648.0,318648.0,1.5747,1.5747,0.7643,172.0
The Alto Knights,2025-03-21,,1170540.0,1210181.0,784628.0,3165349.0,3165349.0,2.7042,2.7042,0.6484,2651.0
The Amateur,2025-04-11,,5990283.0,5419250.0,3393316.0,14802849.0,14802849.0,2.4711,2.4711,0.6262,3400.0
The Amazing Maurice,2023-02-03,,343946.0,704322.0,414927.0,1463195.0,1463195.0,4.2541,4.2541,0.5891,1712.0
The American Miracle: Our Nation is No Accident,2025-06-09,,229267.0,256652.0,239637.0,725556.0,725556.0,3.1647,3.1647,0.9337,801.0
The American Society of Magical Negroes,2024-03-15,,524695.0,469070.0,310505.0,1304270.0,1304270.0,2.4858,2.4858,0.662,1147.0
The Angry Black Girl and Her Monster,2023-06-09,,31183.0,11933.0,5559.0,48675.0,48675.0,1.5609,1.5609,0.4659,56.0
The Apprentice,2024-10-11,,590628.0,552034.0,470571.0,1613233.0,1613233.0,2.7314,2.7314,0.8524,1740.0
The Ark and the Darkness,2024-03-20,,750982.0,955257.0,7281.0,1713520.0,1713520.0,2.2817,2.2817,0.0076,996.0
The Assistant,2020-01-31,,32501.0,31401.0,15239.0,79141.0,79141.0,2.435,2.435,0.4853,4.0
The Bad Guys,2022-04-22,,7985745.0,9347700.0,6616800.0,23950245.0,23950245.0,2.9991,2.9991,0.7079,4009.0
The Bad Guys 2,2025-08-01,,9227320.0,7357460.0,5410935.0,21995715.0,21995715.0,2.3838,2.3838,0.7354,3852.0
The Ballad of Wallis Island,2025-03-28,,58735.0,19245.0,16253.0,94233.0,94233.0,1.6044,1.6044,0.8445,4.0
The Baltimorons,2025-09-05,,13983.0,14450.0,7568.0,36001.0,36001.0,2.5746,2.5746,0.5237,4.0
The Banshees of Inisherin,2022-10-21,,67647.0,67631.0,49176.0,184454.0,184454.0,2.7267,2.7267,0.7271,4.0
The Batman,2022-03-04,,56608349.0,43262039.0,34138236.0,134008624.0,134008624.0,2.3673,2.3673,0.7891,4417.0
The Bay of Silence,2020-08-14,,384.0,607.0,463.0,1454.0,1454.0,3.7865,3.7865,0.7628,16.0
The Beasts,2023-07-28,,1488.0,1800.0,960.0,4248.0,4248.0,2.8548,2.8548,0.5333,1.0
The Beatles Get Back: The Rooftop Concert,2022-01-30,,391252.0,,,391252.0,391252.0,1.0,1.0,,67.0
The Beekeeper,2024-01-12,,6765012.0,5727789.0,4083206.0,16576007.0,16576007.0,2.4503,2.4503,0.7129,3303.0
The Best Christmas Pageant Ever,2024-11-08,,4950596.0,3294792.0,2528171.0,10773559.0,10773559.0,2.1762,2.1762,0.7673,3020.0
The Beta Test,2021-11-05,,7000.0,6470.0,4371.0,17841.0,17841.0,2.5487,2.5487,0.6756,25.0
The Big Ugly,2020-07-24,,67095.0,44329.0,41174.0,152598.0,152598.0,2.2744,2.2744,0.9288,68.0
The Bikeriders,2024-06-21,,4109865.0,3193735.0,2394675.0,9698275.0,9698275.0,2.3598,2.3598,0.7498,2642.0
The Black Phone,2022-06-24,,10241355.0,7521730.0,5870135.0,23633220.0,23633220.0,2.3076,2.3076,0.7804,3150.0
The Black Sea,2024-11-22,,2027.0,2254.0,555.0,4836.0,4836.0,2.3858,2.3858,0.2462,1.0
The Blackening,2023-06-16,,2572947.0,1854620.0,1585564.0,6013131.0,6013131.0,2.3371,2.3371,0.8549,1775.0
The Blind,2023-09-28,844985.0,1274121.0,1660045.0,1407559.0,5186710.0,4341725.0,4.0708,3.4076,0.8479,1714.0
The Blue Angels,2024-05-17,,422802.0,507812.0,474206.0,1404820.0,1404820.0,3.3226,3.3226,0.9338,227.0
The Bob’s Burgers Movie,2022-05-27,,5679809.0,3696025.0,3040985.0,12416819.0,12416819.0,2.1861,2.1861,0.8228,3425.0
The Boogeyman,2023-06-02,,4837666.0,4429600.0,3089220.0,12356486.0,12356486.0,2.5542,2.5542,0.6974,3205.0
The Book of Clarence,2024-01-12,,1009292.0,895128.0,652607.0,2557027.0,2557027.0,2.5335,2.5335,0.7291,2010.0
The Booksellers,2020-03-06,,5648.0,6288.0,3858.0,15794.0,15794.0,2.7964,2.7964,0.6135,1.0
The Boss Baby: Family Business,2021-07-02,,7850390.0,5489850.0,2660425.0,16000665.0,16000665.0,2.0382,2.0382,0.4846,3644.0
The Boy and the Heron,2023-12-08,,5602603.0,4042880.0,3366239.0,13011722.0,13011722.0,2.3224,2.3224,0.8326,2205.0
The Boys in the Boat,2023-12-25,,5714382.0,3010382.0,2465542.0,11190306.0,11190306.0,1.9583,1.9583,0.819,2557.0
The Breadwinner,2026-05-29,,2844534.0,2710841.0,1797698.0,7353073.0,7353073.0,2.585,2.585,0.6632,3252.0
The Bride!,2026-03-06,,3000725.0,2501443.0,1549308.0,7051476.0,7051476.0,2.3499,2.3499,0.6194,3304.0
The Broken Hearts Gallery,2020-09-11,,440725.0,447558.0,238118.0,1126401.0,1126401.0,2.5558,2.5558,0.532,2209.0
The Brutalist,2024-12-20,,128058.0,74991.0,63742.0,266791.0,266791.0,2.0834,2.0834,0.85,4.0
The Call,2020-10-02,,36781.0,63255.0,38201.0,138237.0,138237.0,3.7584,3.7584,0.6039,195.0
The Call of the Wild,2020-02-21,,8049028.0,10126296.0,6616300.0,24791624.0,24791624.0,3.0801,3.0801,0.6534,3752.0
The Card Counter,2021-09-10,,422430.0,385285.0,231865.0,1039580.0,1039580.0,2.461,2.461,0.6018,580.0
The Carpenter,2024-11-01,,43417.0,51515.0,42974.0,137906.0,137906.0,3.1763,3.1763,0.8342,500.0
The Cherry Bushido,2022-03-11,,2302.0,2515.0,2964.0,7781.0,7781.0,3.3801,3.3801,1.1785,6.0
The Choral,2025-12-25,11543.0,5300.0,5068.0,5768.0,27679.0,16136.0,5.2225,3.0445,1.1381,4.0
The Chosen Season 3 Finale,2023-02-02,1666707.0,2270000.0,783736.0,570006.0,5290449.0,3623742.0,2.3306,1.5964,0.7273,1918.0
The Chosen Season 3: Episodes 1 & 2,2022-11-18,,3751977.0,2813798.0,2206971.0,8772746.0,8772746.0,2.3382,2.3382,0.7843,2027.0
The Chosen: Last Supper — Part 1,2025-03-28,,5134036.0,3581495.0,3101551.0,11817082.0,11817082.0,2.3017,2.3017,0.866,2234.0
The Chosen: Last Supper — Part 2,2025-04-04,,2845998.0,2095162.0,2045940.0,6987100.0,6987100.0,2.4551,2.4551,0.9765,2313.0
The Chosen: Last Supper — Part 3,2025-04-11,,2515410.0,1796796.0,1758093.0,6070299.0,6070299.0,2.4132,2.4132,0.9785,2296.0
The Chosen: Season 4 Episodes 1-3,2024-02-01,1434170.0,1760021.0,2454921.0,1733493.0,7382605.0,5948435.0,4.1946,3.3798,0.7061,2207.0
The Chosen: Season 4 Episodes 4-6,2024-02-15,783380.0,1028328.0,1433418.0,1160541.0,4405667.0,3622287.0,4.2843,3.5225,0.8096,2216.0
The Chosen: Season 4 Episodes 7-8,2024-02-29,764334.0,974946.0,1254765.0,1057035.0,4051080.0,3286746.0,4.1552,3.3712,0.8424,2203.0
The Christophers,2026-04-10,,32333.0,24663.0,23676.0,80672.0,80672.0,2.495,2.495,0.96,4.0
The Color Purple,2023-12-25,,18151050.0,7002825.0,3866600.0,29020475.0,29020475.0,1.5988,1.5988,0.5521,3152.0
The Colors Within,2025-01-24,,150545.0,127144.0,96122.0,373811.0,373811.0,2.4831,2.4831,0.756,570.0
The Concierge,2024-09-11,,36333.0,,,36333.0,36333.0,1.0,1.0,,100.0
The Conjuring: Last Rites,2025-09-05,,34652525.0,30402215.0,18951381.0,84006121.0,84006121.0,2.4242,2.4242,0.6234,3802.0
The Conjuring: The Devil Made Me Do It,2021-06-04,,9805000.0,8605000.0,5600000.0,24010000.0,24010000.0,2.4488,2.4488,0.6508,3102.0
The Contractor,2022-04-01,,195771.0,213126.0,151781.0,560678.0,560678.0,2.8639,2.8639,0.7122,489.0
The Cordillera of Dreams,2020-02-12,,1101.0,1246.0,1546.0,3893.0,3893.0,3.5359,3.5359,1.2408,1.0
The Count of Monte Cristo,2024-12-20,,5094.0,6071.0,6261.0,17426.0,17426.0,3.4209,3.4209,1.0313,4.0
The Courier,2021-03-19,,671968.0,779910.0,433951.0,1885829.0,1885829.0,2.8064,2.8064,0.5564,1433.0
The Cowboy & the Queen,2024-09-06,,1882.0,1746.0,1708.0,5336.0,5336.0,2.8353,2.8353,0.9782,4.0
The Creator,2023-09-29,,5629996.0,5120385.0,3329131.0,14079512.0,14079512.0,2.5008,2.5008,0.6502,3680.0
The Critic,2024-09-13,,54242.0,74260.0,48061.0,176563.0,176563.0,3.2551,3.2551,0.6472,557.0
The Croods: A New Age,2020-11-25,,1880615.0,2669640.0,3907655.0,8457910.0,8457910.0,4.4974,4.4974,1.4637,2211.0
The Crow,2024-08-23,,2002268.0,1547469.0,1094929.0,4644666.0,4644666.0,2.3197,2.3197,0.7076,2752.0
The Currents,2026-05-29,,8509.0,,,8509.0,8509.0,1.0,1.0,,1.0
The Cursed,2022-02-18,,598552.0,680464.0,497126.0,1776142.0,1776142.0,2.9674,2.9674,0.7306,1687.0
The Damned,2025-01-03,,325172.0,279851.0,164698.0,769721.0,769721.0,2.3671,2.3671,0.5885,732.0
The Deer King,2022-07-13,,109349.0,92170.0,15593.0,217112.0,217112.0,1.9855,1.9855,0.1692,683.0
The Devil Conspiracy,2023-01-13,,157546.0,154785.0,127428.0,439759.0,439759.0,2.7913,2.7913,0.8233,925.0
The Devil Wears Prada 2,2026-05-01,,32900084.0,25105540.0,18741451.0,76747075.0,76747075.0,2.3327,2.3327,0.7465,4150.0
The Disappearance of Shere Hite,2023-11-17,,4362.0,6736.0,4739.0,15837.0,15837.0,3.6307,3.6307,0.7035,2.0
The Dive,2023-08-25,,959.0,1488.0,1932.0,4379.0,4379.0,4.5662,4.5662,1.2984,18.0
The Divine Protector - Master Salt Begins,2022-10-21,,4131.0,4821.0,4599.0,13551.0,13551.0,3.2803,3.2803,0.954,9.0
The Djinn,2021-05-14,,20341.0,21075.0,8896.0,50312.0,50312.0,2.4734,2.4734,0.4221,41.0
The Domino Revival,2023-10-24,,577530.0,,,577530.0,577530.0,1.0,1.0,,1020.0
The Drama,2026-04-03,,6424320.0,4625510.0,3330367.0,14380197.0,14380197.0,2.2384,2.2384,0.72,3087.0
The Dry,2021-05-21,,35825.0,50166.0,33373.0,119364.0,119364.0,3.3319,3.3319,0.6653,186.0
The Eight Mountains,2023-04-28,,14060.0,,,14060.0,14060.0,1.0,1.0,,2.0
The Empty Man,2020-10-23,,456548.0,544612.0,309166.0,1310326.0,1310326.0,2.8701,2.8701,0.5677,2027.0
The Encampments,2025-03-28,,31085.0,22610.0,22724.0,76419.0,76419.0,2.4584,2.4584,1.005,1.0
The End,2024-12-06,,18549.0,2198.0,4225.0,24972.0,24972.0,1.3463,1.3463,1.9222,3.0
The End of Evangelion,2024-03-17,,603219.0,54898.0,6941.0,665058.0,665058.0,1.1025,1.1025,0.1264,570.0
The Equalizer 3,2023-09-01,,13045955.0,11046112.0,10512162.0,34604229.0,34604229.0,2.6525,2.6525,0.9517,3965.0
The Essential Church,2023-07-28,,102500.0,83000.0,64500.0,250000.0,250000.0,2.439,2.439,0.7771,301.0
The Eternal Daughter,2022-12-02,,7975.0,14268.0,11414.0,33657.0,33657.0,4.2203,4.2203,0.8,29.0
The Exit 8,2026-04-10,,569022.0,483669.0,383098.0,1435789.0,1435789.0,2.5233,2.5233,0.7921,495.0
The Exorcism,2024-06-21,,944916.0,852206.0,659919.0,2457041.0,2457041.0,2.6003,2.6003,0.7744,2240.0
The Exorcist: Believer,2023-10-06,,11826255.0,9034495.0,5636850.0,26497600.0,26497600.0,2.2406,2.2406,0.6239,3663.0
The Eyes of Tammy Faye,2021-09-17,,246500.0,244880.0,160978.0,652358.0,652358.0,2.6465,2.6465,0.6574,450.0
The Fabelmans,2022-11-11,,59567.0,57848.0,44164.0,161579.0,161579.0,2.7126,2.7126,0.7634,4.0
The Fabulous Four,2024-07-26,,369086.0,362085.0,310849.0,1042020.0,1042020.0,2.8232,2.8232,0.8585,1045.0
The Fall Guy,2024-05-03,,10479125.0,10329530.0,6938380.0,27747035.0,27747035.0,2.6478,2.6478,0.6717,4002.0
The Fantastic Four: First Steps,2025-07-25,,57265566.0,33329313.0,27049949.0,117644828.0,117644828.0,2.0544,2.0544,0.8116,4125.0
The Feast,2021-11-19,,1107.0,1644.0,869.0,3620.0,3620.0,3.2701,3.2701,0.5286,22.0
The Fire Inside,2024-12-25,,1686387.0,613318.0,653131.0,2952836.0,2952836.0,1.751,1.751,1.0649,2006.0
The Firing Squad,2024-08-02,,332100.0,326000.0,235000.0,893100.0,893100.0,2.6893,2.6893,0.7209,810.0
The First Omen,2024-04-05,,3343581.0,3115713.0,1894416.0,8353710.0,8353710.0,2.4984,2.4984,0.608,3375.0
The First Slam Dunk,2023-07-28,,271765.0,209337.0,181109.0,662211.0,662211.0,2.4367,2.4367,0.8652,581.0
The First Wave,2021-11-19,,25093.0,31365.0,4053.0,60511.0,60511.0,2.4115,2.4115,0.1292,11.0
The Flash,2023-06-16,,24133354.0,15554339.0,15355986.0,55043679.0,55043679.0,2.2808,2.2808,0.9872,4234.0
The Forever Purge,2021-07-02,,5770300.0,4190355.0,2590565.0,12551220.0,12551220.0,2.1751,2.1751,0.6182,3051.0
The Forge,2024-08-23,,2428794.0,2319450.0,1911264.0,6659508.0,6659508.0,2.7419,2.7419,0.824,1818.0
The Forgiven,2022-07-01,,41519.0,51042.0,42915.0,135476.0,135476.0,3.263,3.263,0.8408,125.0
The Forgotten Carols,2020-11-20,,53788.0,44564.0,6446.0,104798.0,104798.0,1.9484,1.9484,0.1446,59.0
The French Dispatch,2021-10-22,,556491.0,450249.0,342064.0,1348804.0,1348804.0,2.4238,2.4238,0.7597,52.0
The Friend,2025-03-28,,36830.0,17155.0,13644.0,67629.0,67629.0,1.8362,1.8362,0.7953,2.0
The Front Room,2024-09-06,,611740.0,601265.0,372435.0,1585440.0,1585440.0,2.5917,2.5917,0.6194,2095.0
The Garfield Movie,2024-05-24,,8405671.0,8226095.0,7374863.0,24006629.0,24006629.0,2.856,2.856,0.8965,4035.0
The Gentlemen,2020-01-24,,3728898.0,4273592.0,2649394.0,10651884.0,10651884.0,2.8566,2.8566,0.6199,2165.0
The Girl Who Believes In Miracles,2021-04-02,,210000.0,188000.0,148000.0,546000.0,546000.0,2.6,2.6,0.7872,640.0
The Girl With the Needle,2024-12-06,,3982.0,5886.0,5416.0,15284.0,15284.0,3.8383,3.8383,0.9201,8.0
The God Committee,2021-07-02,,4569.0,4522.0,3146.0,12237.0,12237.0,2.6783,2.6783,0.6957,28.0
The Good House,2022-09-30,,251568.0,340521.0,209479.0,801568.0,801568.0,3.1863,3.1863,0.6152,1061.0
The Good Mother,2023-09-01,,112485.0,108399.0,101600.0,322484.0,322484.0,2.8669,2.8669,0.9373,423.0
The Green Knight,2021-07-30,,2879578.0,2172966.0,1692577.0,6745121.0,6745121.0,2.3424,2.3424,0.7789,2790.0
The Grudge,2020-01-03,,5355614.0,3835397.0,2213102.0,11404113.0,11404113.0,2.1294,2.1294,0.577,2642.0
The Highest of Stakes,2023-08-04,,44629.0,35058.0,5580.0,85267.0,85267.0,1.9106,1.9106,0.1592,41.0
The Hill,2023-08-25,,805612.0,828504.0,667815.0,2301931.0,2301931.0,2.8574,2.8574,0.806,1570.0
The History of Sound,2025-09-12,,38361.0,27420.0,17564.0,83345.0,83345.0,2.1726,2.1726,0.6406,4.0
The Hit,2022-12-09,,492.0,516.0,932.0,1940.0,1940.0,3.9431,3.9431,1.8062,27.0
The Hitman’s Wife’s Bodyguard,2021-06-16,,3932389.0,1416951.0,3071197.0,8420537.0,8420537.0,2.1413,2.1413,2.1675,3331.0
The Holdovers,2023-10-27,,95382.0,62233.0,53478.0,211093.0,211093.0,2.2131,2.2131,0.8593,6.0
The Home,2025-07-25,,577923.0,257771.0,202097.0,1037791.0,1037791.0,1.7957,1.7957,0.784,1015.0
The Hopeful,2024-04-17,,131027.0,136916.0,505.0,268448.0,268448.0,2.0488,2.0488,0.0037,911.0
The House Next Door: Meet the Blacks 2,2021-06-11,,358000.0,,,358000.0,358000.0,1.0,1.0,,420.0
The Housemaid,2025-12-19,,8019221.0,5781350.0,5209859.0,19010430.0,19010430.0,2.3706,2.3706,0.9011,3015.0
The Hunger Games: The Ballad of Songbirds & Snakes,2023-11-17,,19048744.0,14651228.0,10907171.0,44607143.0,44607143.0,2.3417,2.3417,0.7445,3776.0
The Hunt,2020-03-13,,2210940.0,1874515.0,1219000.0,5304455.0,5304455.0,2.3992,2.3992,0.6503,3028.0
The Informer,2020-11-06,,47275.0,53635.0,32565.0,133475.0,133475.0,2.8234,2.8234,0.6072,283.0
The Innocents,2022-05-13,,4115.0,5367.0,2848.0,12330.0,12330.0,2.9964,2.9964,0.5307,32.0
The Inspection,2022-11-18,,22330.0,23574.0,20038.0,65942.0,65942.0,2.9531,2.9531,0.85,5.0
The Invisible Man,2020-02-28,,9979880.0,11195770.0,7030015.0,28205665.0,28205665.0,2.8263,2.8263,0.6279,3610.0
The Invitation,2022-08-26,,2681924.0,2515143.0,1608401.0,6805468.0,6805468.0,2.5375,2.5375,0.6395,3114.0
The Iron Claw,2023-12-22,,2496600.0,1553440.0,818330.0,4868370.0,4868370.0,1.95,1.95,0.5268,2774.0
The Jesus Music,2021-10-01,,244974.0,174036.0,129838.0,548848.0,548848.0,2.2404,2.2404,0.746,249.0
The Journey: A Music Special,2023-04-02,,1201091.0,592159.0,670360.0,2463610.0,2463610.0,2.0511,2.0511,1.1321,1074.0
The Kashmir Files,2022-03-18,,413000.0,613000.0,459000.0,1485000.0,1485000.0,3.5956,3.5956,0.7488,230.0
The Kid Detective,2020-10-16,,43741.0,58661.0,37816.0,140218.0,140218.0,3.2056,3.2056,0.6447,865.0
The Killer,2022-07-13,,11976.0,10120.0,13187.0,35283.0,35283.0,2.9461,2.9461,1.3031,56.0
The Killer’s Game,2024-09-13,,1063209.0,946251.0,688390.0,2697850.0,2697850.0,2.5375,2.5375,0.7275,2623.0
The Killing of Two Lovers,2021-05-14,,8620.0,9310.0,7448.0,25378.0,25378.0,2.9441,2.9441,0.8,34.0
The King of Color,2025-12-12,,2249.0,1038.0,1155.0,4442.0,4442.0,1.9751,1.9751,1.1127,2.0
The King of Kings,2025-04-11,,7010275.0,6802329.0,5558692.0,19371296.0,19371296.0,2.7633,2.7633,0.8172,3200.0
The King’s Daughter,2022-01-21,,250599.0,292637.0,179915.0,723151.0,723151.0,2.8857,2.8857,0.6148,2170.0
The King’s Man,2021-12-22,,2275412.0,1391432.0,1165634.0,4832478.0,4832478.0,2.1238,2.1238,0.8377,3180.0
The Last Duel,2021-10-15,,1872753.0,1799098.0,1087300.0,4759151.0,4759151.0,2.5413,2.5413,0.6044,3065.0
The Last Full Measure,2020-01-24,,339602.0,421845.0,296572.0,1058019.0,1058019.0,3.1155,3.1155,0.703,614.0
The Last Rider,2023-06-23,,18741.0,20713.0,17961.0,57415.0,57415.0,3.0636,3.0636,0.8671,105.0
The Last Rodeo,2025-05-23,,2077547.0,1755068.0,1594270.0,5426885.0,5426885.0,2.6122,2.6122,0.9084,2205.0
The Last Shift,2020-09-25,,101275.0,87063.0,58153.0,246491.0,246491.0,2.4339,2.4339,0.6679,871.0
The Last Supper,2025-03-14,,1014667.0,973270.0,789297.0,2777234.0,2777234.0,2.7371,2.7371,0.811,1575.0
The Last Vermeer,2020-11-20,,84036.0,85764.0,55891.0,225691.0,225691.0,2.6856,2.6856,0.6517,912.0
The Last Voyage of the Demeter,2023-08-11,,2606975.0,2259145.0,1638830.0,6504950.0,6504950.0,2.4952,2.4952,0.7254,2715.0
The Laws Of The Universe — The Age Of Elohim,2021-10-22,,2291.0,3007.0,2885.0,8183.0,8183.0,3.5718,3.5718,0.9594,8.0
The Legend of Hei 2,2025-09-05,,72608.0,85258.0,71339.0,229205.0,229205.0,3.1567,3.1567,0.8367,348.0
The Legend of Ochi,2025-04-18,,21781.0,17074.0,13659.0,52514.0,52514.0,2.411,2.411,0.8,4.0
The Lesson,2023-07-07,,54337.0,64224.0,48040.0,166601.0,166601.0,3.0661,3.0661,0.748,268.0
The Librarians,2025-10-03,,4239.0,5308.0,4179.0,13726.0,13726.0,3.238,3.238,0.7873,2.0
The Life of Chuck,2025-06-06,,125237.0,58031.0,41317.0,224585.0,224585.0,1.7933,1.7933,0.712,16.0
The Little Mermaid,2023-05-26,,38149001.0,30119527.0,27309512.0,95578040.0,95578040.0,2.5054,2.5054,0.9067,4320.0
The Lodge,2020-02-07,,36562.0,25904.0,13785.0,76251.0,76251.0,2.0855,2.0855,0.5322,6.0
The Loneliest Whale: The Search for 52,2021-07-09,,11125.0,16343.0,13663.0,41131.0,41131.0,3.6972,3.6972,0.836,75.0
The Long Game,2024-04-12,,639255.0,387707.0,273436.0,1300398.0,1300398.0,2.0342,2.0342,0.7053,1030.0
The Long Walk,2025-09-12,,4758107.0,4001971.0,2943543.0,11703621.0,11703621.0,2.4597,2.4597,0.7355,2845.0
The Lord of the Rings: The War of the Rohirrim,2024-12-13,,2013310.0,1476921.0,1061878.0,4552109.0,4552109.0,2.261,2.261,0.719,2602.0
The Lost City,2022-03-25,,11531544.0,11802252.0,7119473.0,30453269.0,30453269.0,2.6409,2.6409,0.6032,4253.0
The Lost King,2023-03-24,,170836.0,214810.0,130816.0,516462.0,516462.0,3.0231,3.0231,0.609,753.0
The Lost Weekend: A Love Story,2023-04-14,,61204.0,6287.0,10588.0,78079.0,78079.0,1.2757,1.2757,1.6841,51.0
The Luckiest Man in America,2025-04-04,,139257.0,82950.0,62537.0,284744.0,284744.0,2.0447,2.0447,0.7539,659.0
The Machine,2023-05-26,,2220804.0,1459578.0,1320163.0,5000545.0,5000545.0,2.2517,2.2517,0.9045,2409.0
The Man Standing Next,2020-01-24,,3768.0,7205.0,5541.0,16514.0,16514.0,4.3827,4.3827,0.769,2.0
The Man in the Basement,2023-01-27,,878.0,1498.0,1074.0,3450.0,3450.0,3.9294,3.9294,0.717,17.0
The Marksman,2021-01-15,,1050151.0,1248209.0,805844.0,3104204.0,3104204.0,2.956,2.956,0.6456,1975.0
The Marsh King’s Daughter,2023-11-03,,318071.0,327434.0,203501.0,849006.0,849006.0,2.6692,2.6692,0.6215,1055.0
The Marvels,2023-11-10,,21603104.0,15260052.0,9247703.0,46110859.0,46110859.0,2.1345,2.1345,0.606,4030.0
The Mastermind,2025-10-17,,41471.0,33538.0,28957.0,103966.0,103966.0,2.507,2.507,0.8634,5.0
The Matrix Resurrections,2021-12-22,,6371768.0,4077597.0,2673056.0,13122421.0,13122421.0,2.0595,2.0595,0.6555,3552.0
The Mauritanian,2021-02-12,,46643.0,56610.0,60536.0,163789.0,163789.0,3.5115,3.5115,1.0694,248.0
The Mean One,2022-12-08,31477.0,70200.0,88500.0,59850.0,250027.0,218550.0,3.5616,3.1132,0.6763,162.0
The Meaning of Hitler,2021-08-13,,1945.0,1211.0,1820.0,4976.0,4976.0,2.5584,2.5584,1.5029,17.0
The Melt Goes on Forever: The Art & Times of David Hammons,2023-05-05,,1948.0,2417.0,2948.0,7313.0,7313.0,3.7541,3.7541,1.2197,1.0
The Menu,2022-11-18,,3595005.0,3221227.0,2188725.0,9004957.0,9004957.0,2.5049,2.5049,0.6795,3211.0
The Ministry of Ungentlemanly Warfare,2024-04-19,,3738379.0,3115321.0,2059998.0,8913698.0,8913698.0,2.3844,2.3844,0.6612,2845.0
The Mission,2023-10-13,,10053.0,10674.0,9166.0,29893.0,29893.0,2.9735,2.9735,0.8587,8.0
The Moment,2026-01-30,,198969.0,138770.0,90221.0,427960.0,427960.0,2.1509,2.1509,0.6501,4.0
The Monk and the Gun,2024-02-09,,17378.0,22614.0,12867.0,52859.0,52859.0,3.0417,3.0417,0.569,101.0
The Monkey,2025-02-21,,5895940.0,5011549.0,3107160.0,14014649.0,14014649.0,2.377,2.377,0.62,3200.0
The Naked Gun,2025-08-01,,6281224.0,5968985.0,4555351.0,16805560.0,16805560.0,2.6755,2.6755,0.7632,3344.0
The Nest,2020-09-18,,22963.0,26316.0,16261.0,65540.0,65540.0,2.8542,2.8542,0.6179,301.0
The New Mutants,2020-08-28,,3113501.0,2452864.0,1470652.0,7037017.0,7037017.0,2.2602,2.2602,0.5996,2412.0
The Night,2021-01-29,,4082.0,4028.0,2900.0,11010.0,11010.0,2.6972,2.6972,0.72,33.0
The Night House,2021-08-20,,1077363.0,1043451.0,738595.0,2859409.0,2859409.0,2.6541,2.6541,0.7078,2240.0
The Northman,2022-04-22,,5062020.0,4219100.0,3009680.0,12290800.0,12290800.0,2.428,2.428,0.7133,3234.0
The Novice,2021-12-17,,5125.0,4239.0,2937.0,12301.0,12301.0,2.4002,2.4002,0.6929,36.0
The Nowhere Inn,2021-09-17,,7297.0,7012.0,4745.0,19054.0,19054.0,2.6112,2.6112,0.6767,46.0
The Nun II,2023-09-08,,13107493.0,11814747.0,7681096.0,32603336.0,32603336.0,2.4874,2.4874,0.6501,3728.0
The Oath,2023-12-08,,112165.0,89631.0,31037.0,232833.0,232833.0,2.0758,2.0758,0.3463,640.0
The Order,2024-12-06,,450183.0,250042.0,177630.0,877855.0,877855.0,1.95,1.95,0.7104,603.0
The Origin of Evil,2023-09-22,,14345.0,19078.0,14076.0,47499.0,47499.0,3.3112,3.3112,0.7378,206.0
The Other Lamb,2020-04-03,,471.0,582.0,141.0,1194.0,1194.0,2.535,2.535,0.2423,1.0
The Outfit,2022-03-18,,530790.0,600670.0,368270.0,1499730.0,1499730.0,2.8255,2.8255,0.6131,1324.0
The Outrun,2024-10-04,,131402.0,105847.0,77924.0,315173.0,315173.0,2.3985,2.3985,0.7362,508.0
The Penguin Lessons,2025-03-28,,451931.0,406015.0,330596.0,1188542.0,1188542.0,2.6299,2.6299,0.8142,1017.0
The Personal History of David Copperfield,2020-08-28,,174275.0,198637.0,102888.0,475800.0,475800.0,2.7302,2.7302,0.518,1360.0
The Phoenician Scheme,2025-05-30,,271758.0,155549.0,133192.0,560499.0,560499.0,2.0625,2.0625,0.8563,6.0
The Photograph,2020-02-14,,6287485.0,3731360.0,2163020.0,12181865.0,12181865.0,1.9375,1.9375,0.5797,2516.0
The Plague,2025-12-24,,7355.0,7913.0,7170.0,22438.0,22438.0,3.0507,3.0507,0.9061,2.0
The Pod Generation,2023-08-11,,7815.0,6896.0,5238.0,19949.0,19949.0,2.5527,2.5527,0.7596,101.0
The Pope’s Exorcist,2023-04-14,,3465715.0,3299217.0,2241436.0,9006368.0,9006368.0,2.5987,2.5987,0.6794,3178.0
The Pout-Pout Fish,2026-03-20,,496956.0,450637.0,377770.0,1325363.0,1325363.0,2.667,2.667,0.8383,1860.0
The President’s Cake,2026-02-06,,2097.0,3283.0,1354.0,6734.0,6734.0,3.2113,3.2113,0.4124,3.0
The Protégé,2021-08-20,,1140407.0,1030222.0,737592.0,2908221.0,2908221.0,2.5502,2.5502,0.716,2577.0
The Quintessential Quintuplets Movie,2022-12-02,,266000.0,143000.0,93000.0,502000.0,502000.0,1.8872,1.8872,0.6503,910.0
The Rental,2020-07-24,,182686.0,122666.0,98500.0,403852.0,403852.0,2.2106,2.2106,0.803,250.0
The Resort,2021-04-30,,26739.0,42676.0,19416.0,88831.0,88831.0,3.3222,3.3222,0.455,114.0
The Retirement Plan,2023-09-15,,266126.0,279486.0,211681.0,757293.0,757293.0,2.8456,2.8456,0.7574,1175.0
The Return,2024-12-06,,130318.0,130861.0,100328.0,361507.0,361507.0,2.774,2.774,0.7667,629.0
The Rhythm Section,2020-01-31,,1151793.0,1157770.0,405821.0,2715384.0,2715384.0,2.3575,2.3575,0.3505,3049.0
The Roads Not Taken,2020-03-13,,1077.0,1588.0,645.0,3310.0,3310.0,3.0734,3.0734,0.4062,3.0
The Room Next Door,2024-12-20,,49000.0,30000.0,26000.0,105000.0,105000.0,2.1429,2.1429,0.8667,6.0
The Roses,2025-08-29,,2420182.0,1970220.0,1874862.0,6265264.0,6265264.0,2.5888,2.5888,0.9516,2700.0
The Royal Hotel,2023-10-06,,121347.0,128628.0,81036.0,331011.0,331011.0,2.7278,2.7278,0.63,267.0
The Rule of Jenny Pen,2025-03-07,,103894.0,87121.0,63938.0,254953.0,254953.0,2.454,2.454,0.7339,878.0
The Running Man,2025-11-14,,6558938.0,6191078.0,3745548.0,16495564.0,16495564.0,2.515,2.515,0.605,3534.0
The Secret Agent,2025-11-26,,15593.0,8956.0,15667.0,40216.0,40216.0,2.5791,2.5791,1.7493,2.0
The Secrets We Keep,2020-09-16,,10730.0,13237.0,28645.0,52612.0,52612.0,4.9033,4.9033,2.164,470.0
The Seed of the Sacred Fig,2024-11-27,,10586.0,6460.0,9621.0,26667.0,26667.0,2.5191,2.5191,1.4893,3.0
The Senior,2025-09-19,,1251790.0,859744.0,517132.0,2628666.0,2628666.0,2.0999,2.0999,0.6015,2405.0
The Sheep Detectives,2026-05-08,,4010418.0,5187014.0,5890364.0,15087796.0,15087796.0,3.7622,3.7622,1.1356,3457.0
The Shift,2023-12-01,,1750398.0,1424674.0,1125093.0,4300165.0,4300165.0,2.4567,2.4567,0.7897,2450.0
The Silent Twins,2022-09-16,,36585.0,38990.0,28285.0,103860.0,103860.0,2.8389,2.8389,0.7254,279.0
The Smashing Machine,2025-10-03,,2719555.0,1843042.0,1279065.0,5841662.0,5841662.0,2.148,2.148,0.694,3345.0
The Sound of Violet,2022-04-29,,9645.0,7762.0,4781.0,22188.0,22188.0,2.3005,2.3005,0.6159,29.0
The Souvenir Part II,2021-10-29,,10436.0,9171.0,6878.0,26485.0,26485.0,2.5378,2.5378,0.75,3.0
The Sparks Brothers,2021-06-18,,107225.0,89650.0,76655.0,273530.0,273530.0,2.551,2.551,0.855,534.0
The SpongeBob Movie: Search for Squarepants,2025-12-19,,6003950.0,5303890.0,4303504.0,15611344.0,15611344.0,2.6002,2.6002,0.8114,3557.0
The SpongeBob Movie: Sponge on the Run,2020-08-14,,338084.0,295755.0,231985.0,865824.0,865824.0,2.561,2.561,0.7844,300.0
The Starling Girl,2023-05-12,,15261.0,5743.0,2839.0,23843.0,23843.0,1.5623,1.5623,0.4943,4.0
The Storied Life of A.J. Fikry,2022-10-07,,44000.0,44000.0,33000.0,121000.0,121000.0,2.75,2.75,0.75,332.0
The Story of Everything,2026-04-30,220109.0,214901.0,334737.0,343708.0,1113455.0,893346.0,5.1812,4.157,1.0268,513.0
The Strangers: Chapter 1,2024-05-17,,5098780.0,4069567.0,2656711.0,11825058.0,11825058.0,2.3192,2.3192,0.6528,2856.0
The Strangers: Chapter 2,2025-09-26,,2395262.0,2121602.0,1289328.0,5806192.0,5806192.0,2.424,2.424,0.6077,2690.0
The Strangers: Chapter 3,2026-02-06,,1590421.0,1395006.0,487127.0,3472554.0,3472554.0,2.1834,2.1834,0.3492,2565.0
The Substance,2024-09-20,,1331864.0,1041735.0,831613.0,3205212.0,3205212.0,2.4066,2.4066,0.7983,1949.0
The Suicide Squad,2021-08-06,,12150000.0,,,12150000.0,12150000.0,1.0,1.0,,4002.0
The Super Mario Bros. Movie,2023-04-05,,31702735.0,26566130.0,54804460.0,113073325.0,113073325.0,3.5667,3.5667,2.0629,4025.0
The Super Mario Galaxy Movie,2026-04-01,,34502265.0,24611190.0,48401505.0,107514960.0,107514960.0,3.1162,3.1162,1.9666,3821.0
The Surfer,2025-05-02,,323615.0,206629.0,167870.0,698114.0,698114.0,2.1572,2.1572,0.8124,884.0
The Tale of Silyan,2025-11-28,,2682.0,2541.0,1032.0,6255.0,6255.0,2.3322,2.3322,0.4061,1.0
The Tax Collector,2020-08-07,,115000.0,,,115000.0,115000.0,1.0,1.0,,129.0
The Teacher’s Lounge,2023-12-25,,6332.0,3483.0,3269.0,13084.0,13084.0,2.0663,2.0663,0.9386,3.0
The Territory,2022-08-19,,9198.0,9883.0,7135.0,26216.0,26216.0,2.8502,2.8502,0.7219,7.0
The Testament of Ann Lee,2025-12-25,39552.0,22212.0,25841.0,26743.0,114348.0,74796.0,5.148,3.3674,1.0349,4.0
The Thing with Feathers,2025-11-28,,44683.0,34852.0,30669.0,110204.0,110204.0,2.4664,2.4664,0.88,400.0
The Threesome,2025-09-05,,476854.0,63539.0,50239.0,590632.0,590632.0,1.2386,1.2386,0.7907,402.0
The Times of Bill Cunningham,2020-02-14,,13578.0,15331.0,13036.0,41945.0,41945.0,3.0892,3.0892,0.8503,2.0
The Toxic Avenger Unrated,2025-08-29,,754578.0,505573.0,474208.0,1734359.0,1734359.0,2.2984,2.2984,0.938,1995.0
The Trip to Greece,2020-05-22,,496.0,308.0,306.0,1110.0,1110.0,2.2379,2.2379,0.9935,3.0
The Truth,2020-07-03,,855.0,654.0,691.0,2200.0,2200.0,2.5731,2.5731,1.0566,10.0
The Turning,2020-01-24,,2519605.0,2910120.0,1520320.0,6950045.0,6950045.0,2.7584,2.7584,0.5224,2571.0
The Ugly Stepsister,2025-04-18,,89127.0,49998.0,35805.0,174930.0,174930.0,1.9627,1.9627,0.7161,501.0
The Unbearable Weight of Massive Talent,2022-04-22,,2901370.0,2520014.0,1710319.0,7131703.0,7131703.0,2.458,2.458,0.6787,3036.0
The Unbreakable Boy,2025-02-21,,888666.0,934476.0,562899.0,2386041.0,2386041.0,2.685,2.685,0.6024,1687.0
The Unholy,2021-04-02,,1221214.0,1202075.0,730167.0,3153456.0,3153456.0,2.5822,2.5822,0.6074,1850.0
The Unholy Trinity,2025-06-13,,194570.0,177338.0,200054.0,571962.0,571962.0,2.9396,2.9396,1.1281,771.0
The Vigil,2021-02-26,,7806.0,10832.0,4544.0,23182.0,23182.0,2.9698,2.9698,0.4195,55.0
The Violent Heart,2021-02-19,,3984.0,6000.0,3822.0,13806.0,13806.0,3.4654,3.4654,0.637,93.0
The War with Grandpa,2020-10-09,,1102100.0,1563319.0,958461.0,3623880.0,3623880.0,3.2882,3.2882,0.6131,2250.0
The Wasp,2024-08-30,,6013.0,6950.0,7155.0,20118.0,20118.0,3.3458,3.3458,1.0295,98.0
The Watchers,2024-06-07,,2903381.0,2361744.0,1738412.0,7003537.0,7003537.0,2.4122,2.4122,0.7361,3351.0
The Way Back,2020-03-06,,2617147.0,3504426.0,2048742.0,8170315.0,8170315.0,3.1218,3.1218,0.5846,2718.0
The Way I See it,2020-09-18,,7355.0,10745.0,7050.0,25150.0,25150.0,3.4194,3.4194,0.6561,124.0
The Wedding Banquet,2025-04-18,,361595.0,321924.0,235080.0,918599.0,918599.0,2.5404,2.5404,0.7302,1142.0
The Whale,2022-12-09,,159150.0,111789.0,61213.0,332152.0,332152.0,2.087,2.087,0.5476,6.0
The Wild Robot,2024-09-27,,11197075.0,14405440.0,10187635.0,35790150.0,35790150.0,3.1964,3.1964,0.7072,3962.0
The Wizard of the Kremlin,2026-05-15,,310719.0,96441.0,78819.0,485979.0,485979.0,1.564,1.564,0.8173,582.0
The Wolf and the Lion,2022-02-04,,160000.0,,,160000.0,160000.0,1.0,1.0,,1005.0
The Wolf of Snow Hollow,2020-10-09,,33237.0,38650.0,20056.0,91943.0,91943.0,2.7663,2.7663,0.5189,112.0
The Woman King,2022-09-16,,6818682.0,7121993.0,5110767.0,19051442.0,19051442.0,2.794,2.794,0.7176,3765.0
The Woman in the Yard,2025-03-28,,3669845.0,3525595.0,2199815.0,9395255.0,9395255.0,2.5601,2.5601,0.624,2842.0
The World to Come,2021-02-12,,12508.0,17262.0,20614.0,50384.0,50384.0,4.0281,4.0281,1.1942,277.0
The Worst Person in the World,2022-02-04,,54526.0,46010.0,37888.0,138424.0,138424.0,2.5387,2.5387,0.8235,4.0
The Wrath of Becky,2023-05-26,,54814.0,49842.0,42504.0,147160.0,147160.0,2.6847,2.6847,0.8528,274.0
The Wretched,2020-05-01,,26506.0,26797.0,12605.0,65908.0,65908.0,2.4865,2.4865,0.4704,12.0
The Year of the Everlasting Storm,2021-09-03,,1337.0,639.0,648.0,2624.0,2624.0,1.9626,1.9626,1.0141,3.0
The Yeti,2026-04-04,,31923.0,20766.0,,52689.0,52689.0,1.6505,1.6505,,144.0
The Youngest Evangelist And The Ministry Of Music,2021-11-19,,10500.0,10100.0,6700.0,27300.0,27300.0,2.6,2.6,0.6634,223.0
The Zone of Interest,2023-12-15,,58096.0,37469.0,34369.0,129934.0,129934.0,2.2365,2.2365,0.9173,4.0
Theater Camp,2023-07-14,,110336.0,96677.0,94207.0,301220.0,301220.0,2.73,2.73,0.9745,6.0
There’s Still Tomorrow,2025-02-28,,1268.0,1496.0,1172.0,3936.0,3936.0,3.1041,3.1041,0.7834,1.0
They Call Him OG,2025-09-25,3800000.0,570000.0,540000.0,290000.0,5200000.0,1400000.0,9.1228,2.4561,0.537,800.0
They Will Kill You,2026-03-27,,2260527.0,1610219.0,1100192.0,4970938.0,4970938.0,2.199,2.199,0.6833,2778.0
This Is Not a Test,2026-02-20,,60706.0,53000.0,29361.0,143067.0,143067.0,2.3567,2.3567,0.554,450.0
Thor: Love and Thunder,2022-07-08,,69554073.0,42112494.0,32498540.0,144165107.0,144165107.0,2.0727,2.0727,0.7717,4375.0
Three Christs,2020-01-10,,3927.0,6282.0,4411.0,14620.0,14620.0,3.7229,3.7229,0.7022,31.0
Three Minutes - A Lengthening,2022-08-19,,3769.0,2703.0,1590.0,8062.0,8062.0,2.139,2.139,0.5882,2.0
Three Thousand Years of Longing,2022-08-26,,1164348.0,1011464.0,743905.0,2919717.0,2919717.0,2.5076,2.5076,0.7355,2436.0
Thunderbolts*,2025-05-02,,31813091.0,24683098.0,17804419.0,74300608.0,74300608.0,2.3355,2.3355,0.7213,4330.0
Ticket to Paradise,2022-10-21,,6404995.0,6113530.0,3990570.0,16509095.0,16509095.0,2.5775,2.5775,0.6527,3543.0
Tiger 3,2023-11-11,,1008781.0,904265.0,520313.0,2433359.0,2433359.0,2.4122,2.4122,0.5754,779.0
Till,2022-10-14,,95583.0,83061.0,63625.0,242269.0,242269.0,2.5346,2.5346,0.766,16.0
Tim Travers & the Time Traveler’s Paradox,2025-05-30,,981.0,1140.0,604.0,2725.0,2725.0,2.7778,2.7778,0.5298,4.0
Time And Water,2026-05-29,,3284.0,2680.0,2084.0,8048.0,8048.0,2.4507,2.4507,0.7776,1.0
Titane,2021-10-01,,228086.0,170983.0,134328.0,533397.0,533397.0,2.3386,2.3386,0.7856,562.0
To the End,2022-12-09,,4593.0,3076.0,2025.0,9694.0,9694.0,2.1106,2.1106,0.6583,120.0
Together,2021-08-27,,35406.0,39379.0,25281.0,100066.0,100066.0,2.8262,2.8262,0.642,250.0
Together Together,2021-04-23,,182712.0,212925.0,137136.0,532773.0,532773.0,2.9159,2.9159,0.6441,665.0
Tokyo Cowboy,2024-08-30,,7449.0,9561.0,2519.0,19529.0,19529.0,2.6217,2.6217,0.2635,2.0
Tom and Jerry,2021-02-26,,4000000.0,,,4000000.0,4000000.0,1.0,1.0,,2475.0
Top Gun: Maverick,2022-05-27,,52012661.0,38017701.0,36677097.0,126707459.0,126707459.0,2.4361,2.4361,0.9647,4735.0
Tornado,2025-05-30,,62577.0,40601.0,35101.0,138279.0,138279.0,2.2097,2.2097,0.8645,412.0
Touch,2024-07-12,,147095.0,179810.0,119685.0,446590.0,446590.0,3.0361,3.0361,0.6656,316.0
Tow,2026-03-20,,45569.0,47026.0,34966.0,127561.0,127561.0,2.7993,2.7993,0.7435,180.0
Transformers One,2024-09-20,,9559726.0,9151714.0,5902530.0,24613970.0,24613970.0,2.5748,2.5748,0.645,3978.0
Transformers: Rise of the Beasts,2023-06-09,,25649418.0,19365981.0,16030065.0,61045464.0,61045464.0,2.38,2.38,0.8277,3678.0
Trap,2024-08-02,,6614368.0,5058581.0,3781197.0,15454146.0,15454146.0,2.3365,2.3365,0.7475,3181.0
Trapezium,2024-09-18,,32541.0,,,32541.0,32541.0,1.0,1.0,,103.0
Treasure,2024-06-14,,87927.0,92536.0,87599.0,268062.0,268062.0,3.0487,3.0487,0.9466,650.0
Triangle of Sadness,2022-10-07,,91700.0,68374.0,54528.0,214602.0,214602.0,2.3403,2.3403,0.7975,10.0
Triumph Over Evil: Battle of the Exorcists,2025-10-30,227674.0,,,,227674.0,,,,,612.0
Trolls Band Together,2023-11-17,,9397780.0,12333090.0,8271655.0,30002525.0,30002525.0,3.1925,3.1925,0.6707,3870.0
Tron: Ares,2025-10-10,,14405054.0,10923092.0,7913287.0,33241433.0,33241433.0,2.3076,2.3076,0.7245,4000.0
True History Of The Kelly Gang,2020-04-24,,3065.0,4868.0,1906.0,9839.0,9839.0,3.2101,3.2101,0.3915,5.0
True To The Game 3,2021-12-03,,200513.0,227806.0,144712.0,573031.0,573031.0,2.8578,2.8578,0.6352,440.0
Trust,2025-08-22,,104322.0,79176.0,57137.0,240635.0,240635.0,2.3067,2.3067,0.7216,432.0
Truth & Treason,2025-10-17,,1156866.0,859560.0,611314.0,2627740.0,2627740.0,2.2714,2.2714,0.7112,2106.0
Tu Jhoothi Main Makkaar,2023-03-08,,171909.0,130587.0,253377.0,555873.0,555873.0,3.2335,3.2335,1.9403,365.0
Tuesday,2024-06-07,,9910.0,9003.0,6752.0,25665.0,25665.0,2.5898,2.5898,0.75,2.0
Tulsa,2020-08-21,,28424.0,28662.0,21306.0,78392.0,78392.0,2.758,2.758,0.7434,191.0
Tuner,2026-05-22,,49996.0,28713.0,25711.0,104420.0,104420.0,2.0886,2.0886,0.8954,4.0
Turning Red,2024-02-09,,160433.0,276072.0,141542.0,578047.0,578047.0,3.603,3.603,0.5127,1560.0
Turno Nocturno,2025-04-18,,242.0,105.0,90.0,437.0,437.0,1.8058,1.8058,0.8571,3.0
Turnstile: Never Enough,2025-06-05,324146.0,,,,324146.0,,,,,338.0
Twenty One Pilots: Cinema Experience,2022-05-19,875000.0,,,,875000.0,,,,,763.0
Twiceborn,2020-10-16,,1414.0,1802.0,2001.0,5217.0,5217.0,3.6895,3.6895,1.1104,7.0
Twinless,2025-09-05,,175457.0,183549.0,147747.0,506753.0,506753.0,2.8882,2.8882,0.8049,568.0
Twisters,2024-07-19,,32139880.0,27516920.0,21594615.0,81251415.0,81251415.0,2.5281,2.5281,0.7848,4151.0
Two Tickets to Greece,2023-07-14,,1539.0,2723.0,2790.0,7052.0,7052.0,4.5822,4.5822,1.0246,16.0
Tyson’s Run,2022-03-11,,74700.0,88000.0,50100.0,212800.0,212800.0,2.8487,2.8487,0.5693,428.0
TÁR,2022-10-07,,65981.0,53185.0,39454.0,158620.0,158620.0,2.404,2.404,0.7418,4.0
UFC 273: Volkanovski vs. The Korean Zombie,2022-04-09,,180000.0,,,180000.0,180000.0,1.0,1.0,,350.0
UFC 281: Adesanya vs. Pereia,2022-11-12,,138000.0,,,138000.0,138000.0,1.0,1.0,,180.0
UFC 286,2023-03-18,,132634.0,,,132634.0,132634.0,1.0,1.0,,347.0
UFC 291: Poirier vs. Gaethje 2,2023-07-29,,308825.0,,,308825.0,308825.0,1.0,1.0,,347.0
UFC 311: Makhachev vs. Tsarukyan 2,2025-01-18,,334988.0,,,334988.0,334988.0,1.0,1.0,,440.0
UFC 316: Dvalishvili vs. O’Malley 2,2025-06-07,,265986.0,,,265986.0,265986.0,1.0,1.0,,439.0
UFC 319: du Plessis vs. Chimaev,2025-08-16,,478675.0,,,478675.0,478675.0,1.0,1.0,,472.0
Uma Musume: Pretty Derby — Beginning of a New Era,2026-02-27,,386396.0,303662.0,206235.0,896293.0,896293.0,2.3196,2.3196,0.6792,600.0
Umma,2022-03-18,,339301.0,352052.0,223937.0,915290.0,915290.0,2.6976,2.6976,0.6361,805.0
UnFavorable Odds,2022-09-09,,20374.0,22110.0,15500.0,57984.0,57984.0,2.846,2.846,0.701,445.0
Uncharted,2022-02-18,,15376642.0,16275559.0,12357954.0,44010155.0,44010155.0,2.8621,2.8621,0.7593,4275.0
Underwater,2020-01-10,,2497331.0,2767282.0,1743684.0,7008297.0,7008297.0,2.8063,2.8063,0.6301,2791.0
Undine,2021-06-04,,7601.0,11154.0,8310.0,27065.0,27065.0,3.5607,3.5607,0.745,56.0
Unhinged,2020-08-14,,230000.0,,,230000.0,230000.0,1.0,1.0,,299.0
Unholy Song,2025-02-28,,7105.0,9380.0,3860.0,20345.0,20345.0,2.8635,2.8635,0.4115,20.0
Unplugging,2022-04-22,,7000.0,8000.0,5500.0,20500.0,20500.0,2.9286,2.9286,0.6875,101.0
Unsubscribe,2020-06-10,,25488.0,,,25488.0,25488.0,1.0,1.0,,1.0
Unsung Hero,2024-04-26,,3623796.0,2332710.0,1775033.0,7731539.0,7731539.0,2.1335,2.1335,0.7609,2832.0
Until Dawn,2025-04-25,,3255906.0,2943837.0,1803659.0,8003402.0,8003402.0,2.4581,2.4581,0.6127,3055.0
Urchin,2025-10-10,,9233.0,17054.0,17138.0,43425.0,43425.0,4.7032,4.7032,1.0049,3.0
Valiant One,2025-01-31,,260198.0,291973.0,182928.0,735099.0,735099.0,2.8252,2.8252,0.6265,1275.0
Vanguard,2020-11-20,,127665.0,155111.0,97652.0,380428.0,380428.0,2.9799,2.9799,0.6296,1375.0
Veneciafrenia,2022-08-12,,154.0,169.0,173.0,496.0,496.0,3.2208,3.2208,1.0237,10.0
Vengeance,2022-07-29,,658425.0,631440.0,465460.0,1755325.0,1755325.0,2.6659,2.6659,0.7371,998.0
Venom: Let There be Carnage,2021-10-01,,37417184.0,31630397.0,20985629.0,90033210.0,90033210.0,2.4062,2.4062,0.6635,4225.0
Venom: The Last Dance,2024-10-25,,22023587.0,16820420.0,12168397.0,51012404.0,51012404.0,2.3163,2.3163,0.7234,4131.0
Venus,2023-03-31,,136.0,378.0,252.0,766.0,766.0,5.6324,5.6324,0.6667,10.0
"Veteran 2: I, The Executioner",2024-09-27,,36354.0,46171.0,40000.0,122525.0,122525.0,3.3703,3.3703,0.8663,51.0
Vettaiyan,2024-10-10,1100000.0,,,,1100000.0,,,,,0.0
Vindicating Trump,2024-09-27,,335881.0,249407.0,189586.0,774874.0,774874.0,2.307,2.307,0.7601,813.0
Violent Ends,2025-10-31,,52181.0,39234.0,26398.0,117813.0,117813.0,2.2578,2.2578,0.6728,700.0
Violent Night,2022-12-02,,4869770.0,5336925.0,3243545.0,13450240.0,13450240.0,2.762,2.762,0.6078,3682.0
Voyagers,2021-04-09,,518397.0,536045.0,325546.0,1379988.0,1379988.0,2.662,2.662,0.6073,1972.0
Waiting for Rain (비와 당신의 이야기),2021-04-30,,793.0,941.0,929.0,2663.0,2663.0,3.3581,3.3581,0.9872,14.0
Waitress: The Musical,2023-12-07,672105.0,1416231.0,1010851.0,1092444.0,4191631.0,3519526.0,2.9597,2.4851,1.0807,1214.0
Wake Up Dead Man: A Knives Out Mystery,2025-11-26,,600000.0,400000.0,600000.0,1600000.0,1600000.0,2.6667,2.6667,1.5,600.0
Waltair Veerayya,2023-01-13,,318000.0,,,318000.0,318000.0,1.0,1.0,,350.0
War 2,2025-08-14,1409230.0,578044.0,637204.0,462587.0,3087065.0,1677835.0,5.3405,2.9026,0.726,875.0
Warfare,2025-04-11,,3555000.0,2737350.0,2025639.0,8317989.0,8317989.0,2.3398,2.3398,0.74,2670.0
Watcher,2022-06-03,,303843.0,309870.0,213062.0,826775.0,826775.0,2.7211,2.7211,0.6876,764.0
Waterman,2022-04-01,,19199.0,24999.0,21555.0,65753.0,65753.0,3.4248,3.4248,0.8622,13.0
We Broke Up,2021-04-16,,3805.0,4720.0,2478.0,11003.0,11003.0,2.8917,2.8917,0.525,35.0
We Bury the Dead,2026-01-02,,1340103.0,694844.0,467128.0,2502075.0,2502075.0,1.8671,1.8671,0.6723,1172.0
We Live in Time,2024-10-11,,101652.0,71005.0,59958.0,232615.0,232615.0,2.2883,2.2883,0.8444,5.0
We Need to Do Something,2021-09-03,,1979.0,2035.0,1995.0,6009.0,6009.0,3.0364,3.0364,0.9803,27.0
Weak Layers,2024-01-05,,15547.0,14293.0,10961.0,40801.0,40801.0,2.6244,2.6244,0.7669,65.0
Weapons,2025-08-08,,18170479.0,14010307.0,11320431.0,43501217.0,43501217.0,2.3941,2.3941,0.808,3202.0
Weathering With You,2020-01-15,,1594427.0,1451823.0,578982.0,3625232.0,3625232.0,2.2737,2.2737,0.3988,1020.0
Weekend in Taipei,2024-11-08,,141248.0,142981.0,95828.0,380057.0,380057.0,2.6907,2.6907,0.6702,1031.0
Wendy,2020-02-28,,9754.0,11670.0,4790.0,26214.0,26214.0,2.6875,2.6875,0.4105,4.0
Werewolves,2024-12-06,,410307.0,383272.0,259419.0,1052998.0,1052998.0,2.5664,2.5664,0.6769,1351.0
Werewolves Within,2021-06-25,,93879.0,91482.0,65450.0,250811.0,250811.0,2.6716,2.6716,0.7154,270.0
West Side Story,2021-12-10,,4133219.0,3759798.0,2681601.0,10574618.0,10574618.0,2.5584,2.5584,0.7132,2820.0
What Happens Later,2023-11-03,,601372.0,566252.0,355126.0,1522750.0,1522750.0,2.5321,2.5321,0.6272,1492.0
What We Found,2020-07-31,,585.0,1160.0,975.0,2720.0,2720.0,4.6496,4.6496,0.8405,8.0
When Evil Lurks,2023-10-06,,69172.0,76608.0,59972.0,205752.0,205752.0,2.9745,2.9745,0.7828,659.0
When I’m Ready,2025-02-07,,3976.0,3484.0,760.0,8220.0,8220.0,2.0674,2.0674,0.2181,8.0
When You Finish Saving the World,2023-01-20,,45942.0,52793.0,34658.0,133393.0,133393.0,2.9035,2.9035,0.6565,403.0
Where the Crawdads Sing,2022-07-15,,7264581.0,5353712.0,4634934.0,17253227.0,17253227.0,2.375,2.375,0.8657,3650.0
Whistle,2026-02-06,,346436.0,254491.0,104153.0,705080.0,705080.0,2.0352,2.0352,0.4093,1200.0
White Bird: A Wonder Story,2024-10-04,,687007.0,510307.0,360579.0,1557893.0,1557893.0,2.2677,2.2677,0.7066,1018.0
White as Snow,2021-08-13,,378.0,355.0,265.0,998.0,998.0,2.6402,2.6402,0.7465,1.0
Whitney Houston I Wanna Dance With Somebody,2022-12-23,,1979797.0,817263.0,1903390.0,4700450.0,4700450.0,2.3742,2.3742,2.329,3625.0
Who You Think I Am,2021-09-03,,2584.0,4657.0,3982.0,11223.0,11223.0,4.3433,4.3433,0.8551,15.0
Wicked,2024-11-22,,46210430.0,35492555.0,30805905.0,112508890.0,112508890.0,2.4347,2.4347,0.868,3888.0
Wicked: For Good,2025-11-21,,69117615.0,43415440.0,34471585.0,147004640.0,147004640.0,2.1269,2.1269,0.794,4115.0
Widow Clicquot,2024-07-19,,69264.0,65706.0,50561.0,185531.0,185531.0,2.6786,2.6786,0.7695,102.0
Wild Life,2023-04-14,,16571.0,23447.0,7595.0,47613.0,47613.0,2.8733,2.8733,0.3239,2.0
Wild Mountain Thyme,2020-12-11,,37030.0,36623.0,21336.0,94989.0,94989.0,2.5652,2.5652,0.5826,450.0
William Shatner: You Can Call Me Bill,2024-03-22,,179988.0,141827.0,122800.0,444615.0,444615.0,2.4702,2.4702,0.8658,285.0
William Tell,2025-04-04,,8771.0,8725.0,9059.0,26555.0,26555.0,3.0276,3.0276,1.0383,111.0
Winnie-The-Pooh: Blood and Honey,2023-02-15,,760954.0,78304.0,202476.0,1041734.0,1041734.0,1.369,1.369,2.5858,1652.0
Winnie-the-Pooh: Blood and Honey 2,2024-03-26,,203769.0,155365.0,174010.0,533144.0,533144.0,2.6164,2.6164,1.12,1481.0
Wisdom of Happiness,2025-10-17,,43900.0,6386.0,7729.0,58015.0,58015.0,1.3215,1.3215,1.2103,1.0
Wish,2023-11-22,,8117419.0,3793693.0,8095589.0,20006701.0,20006701.0,2.4647,2.4647,2.134,3900.0
Witchboard,2025-08-15,,74000.0,68000.0,55000.0,197000.0,197000.0,2.6622,2.6622,0.8088,580.0
Witnesses,2021-06-04,,72670.0,54896.0,6924.0,134490.0,134490.0,1.8507,1.8507,0.1261,84.0
Wolf,2021-12-03,,38095.0,25530.0,19015.0,82640.0,82640.0,2.1693,2.1693,0.7448,308.0
Wolf Man,2025-01-17,,4397315.0,3693235.0,2806945.0,10897495.0,10897495.0,2.4782,2.4782,0.76,3354.0
Women Talking,2022-12-23,,15650.0,8210.0,16670.0,40530.0,40530.0,2.5898,2.5898,2.0305,8.0
Women in Christ,2025-09-12,,7648.0,7478.0,182.0,15308.0,15308.0,2.0016,2.0016,0.0243,13.0
Wonka,2023-12-15,,14412706.0,14025741.0,10567353.0,39005800.0,39005800.0,2.7063,2.7063,0.7534,4203.0
Words on Bathroom Walls,2020-08-21,,148288.0,174743.0,109937.0,432968.0,432968.0,2.9198,2.9198,0.6291,924.0
Wrath of Man,2021-05-07,,2972375.0,3003411.0,2333221.0,8309007.0,8309007.0,2.7954,2.7954,0.7769,2875.0
X,2022-03-18,,1776300.0,1512450.0,986376.0,4275126.0,4275126.0,2.4068,2.4068,0.6522,2865.0
Y Como Es El,2022-04-22,,213967.0,205777.0,204633.0,624377.0,624377.0,2.9181,2.9181,0.9944,325.0
Y2K,2024-12-06,,923110.0,692333.0,498480.0,2113923.0,2113923.0,2.29,2.29,0.72,2108.0
YOLO,2024-03-08,,312820.0,294495.0,220317.0,827632.0,827632.0,2.6457,2.6457,0.7481,200.0
Yashoda,2022-11-11,,137000.0,,,137000.0,137000.0,1.0,1.0,,200.0
Yellow Rose,2020-10-08,19838.0,46249.0,63417.0,40664.0,170168.0,150330.0,3.6794,3.2504,0.6412,900.0
Yo no soy ésa,2025-04-11,,149.0,190.0,143.0,482.0,482.0,3.2349,3.2349,0.7526,10.0
You Hurt My Feelings,2023-05-26,,474240.0,482448.0,439760.0,1396448.0,1396448.0,2.9446,2.9446,0.9115,912.0
You Won’t Be Alone,2022-04-01,,44295.0,47290.0,33165.0,124750.0,124750.0,2.8163,2.8163,0.7013,147.0
"You, Me & Tuscany",2026-04-10,,3157140.0,2837785.0,1758225.0,7753150.0,7753150.0,2.4558,2.4558,0.6196,3151.0
Your Monster,2024-10-25,,365155.0,87564.0,70239.0,522958.0,522958.0,1.4322,1.4322,0.8021,651.0
Zola,2021-06-30,,504992.0,292260.0,454008.0,1251260.0,1251260.0,2.4778,2.4778,1.5534,1468.0
Zombie Land Saga: Yumeginga Paradise,2026-01-19,,87333.0,,,87333.0,87333.0,1.0,1.0,,274.0
Zootopia 2,2025-11-26,,38497734.0,20043787.0,39060332.0,97601853.0,97601853.0,2.5353,2.5353,1.9488,4000.0
given The Double Album: Hiiragi mix & To the Sea Double Feature,2025-06-16,,88988.0,,,88988.0,88988.0,1.0,1.0,,222.0
iMordecai,2023-02-10,,4039.0,3420.0,3186.0,10645.0,10645.0,2.6356,2.6356,0.9316,2.0
jackass forever,2022-02-04,,9612731.0,8393074.0,5148583.0,23154388.0,23154388.0,2.4087,2.4087,0.6134,3604.0
undertone,2026-03-13,,4374140.0,2886932.0,1808777.0,9069849.0,9069849.0,2.0735,2.0735,0.6265,2570.0
¡Que viva México!,2023-03-24,,23047.0,27104.0,29567.0,79718.0,79718.0,3.4589,3.4589,1.0909,90.0
“Wuthering Heights”,2026-02-13,,10800619.0,14000897.0,8000131.0,32801647.0,32801647.0,3.037,3.037,0.5714,3682.0
